iso3,district_id,district_name,region,year,precipitation_sum_mm,rainy_season_precip_mm,precip_anomaly_mm,temp_mean_c,temp_max_c,temp_min_c,relative_humidity_mean
TGO,TGO_TGO.1.1_2,Blitta,Centre,2000,1430.9,1319.1,109.13,25.57,31.39,20.96,69.43
TGO,TGO_TGO.1.1_2,Blitta,Centre,2001,1028.6,890.1,-293.17,25.73,31.44,21.2,69.42
TGO,TGO_TGO.1.1_2,Blitta,Centre,2002,1404.4,1155.8,82.63,25.56,31.13,21.25,71.59
TGO,TGO_TGO.1.1_2,Blitta,Centre,2003,1269.2,1064.7,-52.57,25.88,31.51,21.59,72.48
TGO,TGO_TGO.1.1_2,Blitta,Centre,2004,1265.9,993.7,-55.87,25.61,31.28,21.31,73.76
TGO,TGO_TGO.1.1_2,Blitta,Centre,2005,1267.4,1059.2,-54.37,25.79,31.41,21.56,72.67
TGO,TGO_TGO.1.1_2,Blitta,Centre,2006,1251.7,1105.0,-70.07,25.86,31.47,21.6,71.14
TGO,TGO_TGO.1.1_2,Blitta,Centre,2007,1394.0,1263.5,72.23,25.72,31.45,21.25,70.14
TGO,TGO_TGO.1.1_2,Blitta,Centre,2008,1061.6,969.9,-260.17,25.7,31.58,21.15,68.71
TGO,TGO_TGO.1.1_2,Blitta,Centre,2009,1198.7,1010.7,-123.07,25.78,31.44,21.52,73.48
TGO,TGO_TGO.1.1_2,Blitta,Centre,2010,1287.2,1154.8,-34.57,25.98,31.51,21.72,72.76
TGO,TGO_TGO.1.1_2,Blitta,Centre,2011,1258.2,1053.2,-63.57,25.56,31.21,21.21,71.78
TGO,TGO_TGO.1.1_2,Blitta,Centre,2012,1359.0,1116.4,37.23,25.4,30.94,21.17,72.9
TGO,TGO_TGO.1.1_2,Blitta,Centre,2013,1252.2,1020.7,-69.57,25.74,31.38,21.5,72.15
TGO,TGO_TGO.1.1_2,Blitta,Centre,2014,1293.0,1053.4,-28.77,25.63,31.17,21.55,74.7
TGO,TGO_TGO.1.1_2,Blitta,Centre,2015,1151.0,1002.7,-170.77,25.82,31.51,21.45,70.55
TGO,TGO_TGO.1.1_2,Blitta,Centre,2016,1536.7,1188.9,214.93,26.07,31.63,21.74,71.1
TGO,TGO_TGO.1.1_2,Blitta,Centre,2017,1357.8,1228.0,36.03,26.41,32.37,21.93,67.43
TGO,TGO_TGO.1.1_2,Blitta,Centre,2018,1476.4,1282.3,154.63,25.83,31.62,21.61,69.23
TGO,TGO_TGO.1.1_2,Blitta,Centre,2019,1758.4,1545.4,436.63,26.16,32.03,22.03,71.37
TGO,TGO_TGO.1.1_2,Blitta,Centre,2020,1262.1,1089.6,-59.67,26.1,32.07,21.57,67.95
TGO,TGO_TGO.1.1_2,Blitta,Centre,2021,1322.8,1163.8,1.03,26.17,32.23,21.59,68.65
TGO,TGO_TGO.1.1_2,Blitta,Centre,2022,1441.6,1217.6,119.83,25.5,31.65,20.89,67.72
TGO,TGO_TGO.1.1_2,Blitta,Centre,2023,1653.2,1497.7,331.43,25.81,32.15,21.28,69.71
TGO,TGO_TGO.1.1_2,Blitta,Centre,2024,1243.5,1115.2,-78.27,26.39,32.89,21.6,65.81
TGO,TGO_TGO.1.1_2,Blitta,Centre,2025,1140.4,970.3,-181.37,26.46,31.97,22.15,69.05
TGO,TGO_TGO.1.2_2,Mô,Centre,2000,1550.4,1374.1,100.95,26.85,32.95,22.28,69.31
TGO,TGO_TGO.1.2_2,Mô,Centre,2001,1096.2,933.7,-353.25,27.08,33.05,22.53,68.67
TGO,TGO_TGO.1.2_2,Mô,Centre,2002,1490.6,1223.1,41.15,26.98,32.8,22.65,70.45
TGO,TGO_TGO.1.2_2,Mô,Centre,2003,1548.3,1246.7,98.85,27.09,32.91,22.88,72.96
TGO,TGO_TGO.1.2_2,Mô,Centre,2004,1593.7,1289.3,144.25,26.92,32.75,22.72,73.86
TGO,TGO_TGO.1.2_2,Mô,Centre,2005,1444.7,1196.7,-4.75,27.1,32.92,22.96,72.71
TGO,TGO_TGO.1.2_2,Mô,Centre,2006,1423.5,1261.9,-25.95,27.14,32.89,22.89,71.25
TGO,TGO_TGO.1.2_2,Mô,Centre,2007,1647.9,1432.2,198.45,27.01,32.94,22.62,69.99
TGO,TGO_TGO.1.2_2,Mô,Centre,2008,1323.1,1200.1,-126.35,27.01,33.11,22.5,68.66
TGO,TGO_TGO.1.2_2,Mô,Centre,2009,1570.4,1213.0,120.95,27.06,32.87,22.88,73.51
TGO,TGO_TGO.1.2_2,Mô,Centre,2010,1569.4,1340.2,119.95,27.23,32.89,23.05,73.1
TGO,TGO_TGO.1.2_2,Mô,Centre,2011,1400.9,1229.3,-48.55,27.07,32.94,22.73,70.78
TGO,TGO_TGO.1.2_2,Mô,Centre,2012,1622.0,1255.8,172.55,26.7,32.32,22.58,73.01
TGO,TGO_TGO.1.2_2,Mô,Centre,2013,1539.1,1201.6,89.65,27.0,32.8,22.84,72.1
TGO,TGO_TGO.1.2_2,Mô,Centre,2014,1689.2,1401.0,239.75,27.02,32.73,22.96,73.67
TGO,TGO_TGO.1.2_2,Mô,Centre,2015,1391.5,1168.3,-57.95,27.11,32.98,22.81,70.27
TGO,TGO_TGO.1.2_2,Mô,Centre,2016,1761.9,1337.7,312.45,27.47,33.32,23.11,70.31
TGO,TGO_TGO.1.2_2,Mô,Centre,2017,1185.3,1098.3,-264.15,27.14,33.54,22.74,67.58
TGO,TGO_TGO.1.2_2,Mô,Centre,2018,1448.2,1236.7,-1.25,26.56,32.76,22.35,69.93
TGO,TGO_TGO.1.2_2,Mô,Centre,2019,1418.8,1244.3,-30.65,27.06,33.17,22.89,69.84
TGO,TGO_TGO.1.2_2,Mô,Centre,2020,1315.8,1152.3,-133.65,27.19,33.53,22.68,66.36
TGO,TGO_TGO.1.2_2,Mô,Centre,2021,1077.8,955.2,-371.65,27.3,33.93,22.76,66.15
TGO,TGO_TGO.1.2_2,Mô,Centre,2022,1453.6,1214.4,4.15,26.67,33.46,22.06,65.61
TGO,TGO_TGO.1.2_2,Mô,Centre,2023,1748.3,1533.6,298.85,26.96,33.85,22.48,68.08
TGO,TGO_TGO.1.2_2,Mô,Centre,2024,1290.6,1165.2,-158.85,27.54,34.39,22.82,63.87
TGO,TGO_TGO.1.2_2,Mô,Centre,2025,1084.4,952.4,-365.05,27.39,32.79,23.32,67.76
TGO,TGO_TGO.1.3_2,Sotouboua,Centre,2000,1552.9,1461.2,163.1,25.89,32.1,21.16,67.83
TGO,TGO_TGO.1.3_2,Sotouboua,Centre,2001,1136.0,981.1,-253.8,26.1,32.17,21.37,67.3
TGO,TGO_TGO.1.3_2,Sotouboua,Centre,2002,1466.6,1277.1,76.8,25.94,31.86,21.5,69.82
TGO,TGO_TGO.1.3_2,Sotouboua,Centre,2003,1429.4,1225.1,39.6,26.19,32.16,21.76,71.34
TGO,TGO_TGO.1.3_2,Sotouboua,Centre,2004,1349.7,1084.9,-40.1,25.96,31.92,21.6,72.57
TGO,TGO_TGO.1.3_2,Sotouboua,Centre,2005,1320.6,1119.3,-69.2,26.17,32.14,21.83,71.21
TGO,TGO_TGO.1.3_2,Sotouboua,Centre,2006,1397.6,1261.4,7.8,26.18,32.09,21.77,69.95
TGO,TGO_TGO.1.3_2,Sotouboua,Centre,2007,1485.7,1347.3,95.9,26.06,32.12,21.49,68.61
TGO,TGO_TGO.1.3_2,Sotouboua,Centre,2008,1256.4,1156.8,-133.4,26.05,32.24,21.38,67.25
TGO,TGO_TGO.1.3_2,Sotouboua,Centre,2009,1435.4,1229.1,45.6,26.15,32.14,21.79,72.03
TGO,TGO_TGO.1.3_2,Sotouboua,Centre,2010,1545.5,1395.7,155.7,26.29,32.1,21.94,71.65
TGO,TGO_TGO.1.3_2,Sotouboua,Centre,2011,1242.8,1070.2,-147.0,25.99,31.98,21.5,70.04
TGO,TGO_TGO.1.3_2,Sotouboua,Centre,2012,1388.1,1166.2,-1.7,25.71,31.52,21.42,72.13
TGO,TGO_TGO.1.3_2,Sotouboua,Centre,2013,1537.3,1282.3,147.5,26.03,32.03,21.73,71.35
TGO,TGO_TGO.1.3_2,Sotouboua,Centre,2014,1610.2,1322.4,220.4,25.97,31.87,21.75,73.29
TGO,TGO_TGO.1.3_2,Sotouboua,Centre,2015,1320.2,1169.1,-69.6,26.12,32.06,21.7,69.58
TGO,TGO_TGO.1.3_2,Sotouboua,Centre,2016,1639.4,1311.8,249.6,26.49,32.41,22.01,69.33
TGO,TGO_TGO.1.3_2,Sotouboua,Centre,2017,1271.9,1137.1,-117.9,26.04,32.48,21.48,67.21
TGO,TGO_TGO.1.3_2,Sotouboua,Centre,2018,1494.4,1259.1,104.6,25.38,31.61,21.15,70.34
TGO,TGO_TGO.1.3_2,Sotouboua,Centre,2019,1537.7,1315.2,147.9,25.8,32.03,21.65,71.12
TGO,TGO_TGO.1.3_2,Sotouboua,Centre,2020,1284.0,1156.2,-105.8,25.8,32.16,21.19,67.47
TGO,TGO_TGO.1.3_2,Sotouboua,Centre,2021,1198.8,1094.5,-191.0,25.77,32.24,21.2,68.54
TGO,TGO_TGO.1.3_2,Sotouboua,Centre,2022,1345.6,1178.8,-44.2,25.25,31.88,20.63,66.91
TGO,TGO_TGO.1.3_2,Sotouboua,Centre,2023,1540.5,1402.7,150.7,25.63,32.44,21.1,68.95
TGO,TGO_TGO.1.3_2,Sotouboua,Centre,2024,1153.4,1016.3,-236.4,26.16,32.94,21.48,65.42
TGO,TGO_TGO.1.3_2,Sotouboua,Centre,2025,1194.8,1055.5,-195.0,26.1,31.52,21.8,68.59
TGO,TGO_TGO.1.4_2,Tchamba,Centre,2000,1553.9,1463.0,180.18,26.32,32.75,21.5,65.38
TGO,TGO_TGO.1.4_2,Tchamba,Centre,2001,1251.4,1091.3,-122.32,26.43,32.72,21.65,65.85
TGO,TGO_TGO.1.4_2,Tchamba,Centre,2002,1581.0,1386.7,207.28,26.36,32.5,21.85,67.93
TGO,TGO_TGO.1.4_2,Tchamba,Centre,2003,1487.8,1300.5,114.08,26.6,32.83,22.02,68.93
TGO,TGO_TGO.1.4_2,Tchamba,Centre,2004,1325.3,1070.6,-48.42,26.37,32.52,21.81,70.15
TGO,TGO_TGO.1.4_2,Tchamba,Centre,2005,1264.4,1073.6,-109.32,26.59,32.76,22.06,68.59
TGO,TGO_TGO.1.4_2,Tchamba,Centre,2006,1431.7,1320.1,57.98,26.54,32.7,21.97,68.11
TGO,TGO_TGO.1.4_2,Tchamba,Centre,2007,1405.5,1252.5,31.78,26.43,32.69,21.78,66.75
TGO,TGO_TGO.1.4_2,Tchamba,Centre,2008,1292.4,1201.2,-81.32,26.48,32.82,21.74,64.77
TGO,TGO_TGO.1.4_2,Tchamba,Centre,2009,1425.7,1213.5,51.98,26.62,32.86,22.05,69.48
TGO,TGO_TGO.1.4_2,Tchamba,Centre,2010,1491.2,1358.8,117.48,26.65,32.74,22.21,69.62
TGO,TGO_TGO.1.4_2,Tchamba,Centre,2011,1239.4,1086.7,-134.32,26.42,32.66,21.81,67.2
TGO,TGO_TGO.1.4_2,Tchamba,Centre,2012,1487.5,1297.3,113.78,26.16,32.22,21.76,70.19
TGO,TGO_TGO.1.4_2,Tchamba,Centre,2013,1365.7,1153.2,-8.02,26.59,32.79,22.08,68.57
TGO,TGO_TGO.1.4_2,Tchamba,Centre,2014,1482.6,1247.3,108.88,26.52,32.65,22.09,70.42
TGO,TGO_TGO.1.4_2,Tchamba,Centre,2015,1332.1,1183.2,-41.62,26.62,32.76,22.1,66.97
TGO,TGO_TGO.1.4_2,Tchamba,Centre,2016,1572.1,1261.5,198.38,26.85,33.0,22.38,67.78
TGO,TGO_TGO.1.4_2,Tchamba,Centre,2017,1138.0,1058.1,-235.72,26.63,33.32,21.85,66.87
TGO,TGO_TGO.1.4_2,Tchamba,Centre,2018,1549.2,1335.6,175.48,25.91,32.4,21.52,69.99
TGO,TGO_TGO.1.4_2,Tchamba,Centre,2019,1639.5,1501.6,265.78,26.29,32.66,21.96,70.86
TGO,TGO_TGO.1.4_2,Tchamba,Centre,2020,1255.9,1137.9,-117.82,26.28,32.76,21.64,67.1
TGO,TGO_TGO.1.4_2,Tchamba,Centre,2021,1036.5,961.0,-337.22,26.44,33.1,21.72,67.16
TGO,TGO_TGO.1.4_2,Tchamba,Centre,2022,1407.1,1193.5,33.38,25.92,32.72,21.16,65.48
TGO,TGO_TGO.1.4_2,Tchamba,Centre,2023,1365.0,1181.0,-8.72,26.36,33.3,21.68,67.61
TGO,TGO_TGO.1.4_2,Tchamba,Centre,2024,1244.5,1111.8,-129.22,26.68,33.57,21.91,64.86
TGO,TGO_TGO.1.4_2,Tchamba,Centre,2025,1091.2,955.5,-282.52,26.68,32.23,22.32,68.74
TGO,TGO_TGO.1.5_2,Tchaudjo,Centre,2000,1530.3,1454.9,145.22,26.25,32.69,21.28,64.47
TGO,TGO_TGO.1.5_2,Tchaudjo,Centre,2001,1223.1,1064.3,-161.98,26.37,32.69,21.35,64.38
TGO,TGO_TGO.1.5_2,Tchaudjo,Centre,2002,1524.7,1360.6,139.62,26.25,32.41,21.62,67.3
TGO,TGO_TGO.1.5_2,Tchaudjo,Centre,2003,1520.5,1326.0,135.42,26.46,32.7,21.72,68.15
TGO,TGO_TGO.1.5_2,Tchaudjo,Centre,2004,1353.0,1064.3,-32.08,26.21,32.37,21.51,69.89
TGO,TGO_TGO.1.5_2,Tchaudjo,Centre,2005,1257.8,1080.2,-127.28,26.51,32.71,21.86,67.9
TGO,TGO_TGO.1.5_2,Tchaudjo,Centre,2006,1496.0,1398.7,110.92,26.44,32.64,21.7,67.28
TGO,TGO_TGO.1.5_2,Tchaudjo,Centre,2007,1399.5,1255.3,14.42,26.32,32.59,21.55,65.99
TGO,TGO_TGO.1.5_2,Tchaudjo,Centre,2008,1325.7,1240.5,-59.38,26.35,32.73,21.49,64.16
TGO,TGO_TGO.1.5_2,Tchaudjo,Centre,2009,1436.8,1224.7,51.72,26.43,32.68,21.79,69.36
TGO,TGO_TGO.1.5_2,Tchaudjo,Centre,2010,1591.4,1450.6,206.32,26.49,32.54,21.92,69.47
TGO,TGO_TGO.1.5_2,Tchaudjo,Centre,2011,1242.2,1089.4,-142.88,26.28,32.5,21.56,67.28
TGO,TGO_TGO.1.5_2,Tchaudjo,Centre,2012,1493.2,1279.8,108.12,26.0,32.02,21.5,69.87
TGO,TGO_TGO.1.5_2,Tchaudjo,Centre,2013,1474.8,1260.1,89.72,26.36,32.57,21.82,68.78
TGO,TGO_TGO.1.5_2,Tchaudjo,Centre,2014,1527.0,1297.4,141.92,26.33,32.46,21.78,70.08
TGO,TGO_TGO.1.5_2,Tchaudjo,Centre,2015,1335.2,1202.7,-49.88,26.45,32.6,21.82,66.73
TGO,TGO_TGO.1.5_2,Tchaudjo,Centre,2016,1533.7,1256.8,148.62,26.77,32.92,22.16,66.92
TGO,TGO_TGO.1.5_2,Tchaudjo,Centre,2017,1104.0,1011.8,-281.08,26.12,32.8,21.36,65.37
TGO,TGO_TGO.1.5_2,Tchaudjo,Centre,2018,1543.4,1334.1,158.32,25.41,31.8,21.05,69.5
TGO,TGO_TGO.1.5_2,Tchaudjo,Centre,2019,1477.6,1334.3,92.52,25.78,32.08,21.52,70.19
TGO,TGO_TGO.1.5_2,Tchaudjo,Centre,2020,1228.0,1104.0,-157.08,25.74,32.11,21.18,66.68
TGO,TGO_TGO.1.5_2,Tchaudjo,Centre,2021,1204.6,1121.8,-180.48,25.76,32.38,21.06,66.84
TGO,TGO_TGO.1.5_2,Tchaudjo,Centre,2022,1354.1,1159.3,-30.98,25.32,32.04,20.64,65.13
TGO,TGO_TGO.1.5_2,Tchaudjo,Centre,2023,1407.1,1228.4,22.02,25.63,32.49,20.99,67.91
TGO,TGO_TGO.1.5_2,Tchaudjo,Centre,2024,1307.2,1166.8,-77.88,26.1,32.89,21.25,64.49
TGO,TGO_TGO.1.5_2,Tchaudjo,Centre,2025,1121.1,1052.2,-263.98,26.17,31.65,21.74,67.74
TGO,TGO_TGO.2.1_1,Assoli,Kara,2000,1473.2,1418.2,73.32,25.91,32.08,21.06,63.49
TGO,TGO_TGO.2.1_1,Assoli,Kara,2001,1167.4,1041.1,-232.48,26.02,32.12,21.07,63.1
TGO,TGO_TGO.2.1_1,Assoli,Kara,2002,1515.2,1366.7,115.32,25.92,31.82,21.37,66.51
TGO,TGO_TGO.2.1_1,Assoli,Kara,2003,1522.7,1336.8,122.82,26.03,32.02,21.4,67.62
TGO,TGO_TGO.2.1_1,Assoli,Kara,2004,1356.2,1070.1,-43.68,25.79,31.72,21.2,69.5
TGO,TGO_TGO.2.1_1,Assoli,Kara,2005,1248.4,1080.1,-151.48,26.05,32.01,21.51,67.89
TGO,TGO_TGO.2.1_1,Assoli,Kara,2006,1516.3,1441.5,116.42,26.05,32.01,21.41,66.56
TGO,TGO_TGO.2.1_1,Assoli,Kara,2007,1332.5,1204.1,-67.38,25.91,31.89,21.29,65.62
TGO,TGO_TGO.2.1_1,Assoli,Kara,2008,1377.6,1300.6,-22.28,25.91,32.06,21.18,63.68
TGO,TGO_TGO.2.1_1,Assoli,Kara,2009,1408.4,1233.1,8.52,26.02,31.98,21.53,69.2
TGO,TGO_TGO.2.1_1,Assoli,Kara,2010,1625.5,1482.8,225.62,26.06,31.84,21.59,69.31
TGO,TGO_TGO.2.1_1,Assoli,Kara,2011,1197.7,1062.4,-202.18,25.89,31.87,21.31,67.11
TGO,TGO_TGO.2.1_1,Assoli,Kara,2012,1513.3,1295.8,113.42,25.6,31.34,21.21,69.68
TGO,TGO_TGO.2.1_1,Assoli,Kara,2013,1500.9,1303.2,101.02,25.98,31.89,21.56,68.66
TGO,TGO_TGO.2.1_1,Assoli,Kara,2014,1548.1,1322.4,148.22,25.96,31.84,21.47,69.41
TGO,TGO_TGO.2.1_1,Assoli,Kara,2015,1334.8,1208.2,-65.08,26.01,31.94,21.48,66.36
TGO,TGO_TGO.2.1_1,Assoli,Kara,2016,1525.7,1274.0,125.82,26.39,32.32,21.87,66.58
TGO,TGO_TGO.2.1_1,Assoli,Kara,2017,1293.5,1240.2,-106.38,26.32,31.85,22.04,61.64
TGO,TGO_TGO.2.1_1,Assoli,Kara,2018,1671.5,1512.4,271.62,25.72,31.12,21.84,65.85
TGO,TGO_TGO.2.1_1,Assoli,Kara,2019,1635.7,1511.3,235.82,26.1,31.46,22.14,65.91
TGO,TGO_TGO.2.1_1,Assoli,Kara,2020,1210.4,1129.1,-189.48,26.17,31.75,21.93,61.78
TGO,TGO_TGO.2.1_1,Assoli,Kara,2021,1098.3,1016.7,-301.58,26.38,32.11,22.07,60.68
TGO,TGO_TGO.2.1_1,Assoli,Kara,2022,1452.9,1238.9,53.02,25.64,31.47,21.39,60.87
TGO,TGO_TGO.2.1_1,Assoli,Kara,2023,1490.9,1318.2,91.02,26.16,31.96,21.87,63.34
TGO,TGO_TGO.2.1_1,Assoli,Kara,2024,1366.1,1239.8,-33.78,26.6,32.47,22.13,60.63
TGO,TGO_TGO.2.1_1,Assoli,Kara,2025,1013.7,932.7,-386.18,26.5,31.71,22.32,64.49
TGO,TGO_TGO.2.2_1,Bassar,Kara,2000,1263.8,1181.8,-10.74,26.65,32.83,21.9,64.14
TGO,TGO_TGO.2.2_1,Bassar,Kara,2001,961.5,854.8,-313.04,26.85,33.0,21.99,62.8
TGO,TGO_TGO.2.2_1,Bassar,Kara,2002,1352.8,1199.7,78.26,26.8,32.72,22.29,65.64
TGO,TGO_TGO.2.2_1,Bassar,Kara,2003,1363.9,1139.7,89.36,26.85,32.84,22.3,67.52
TGO,TGO_TGO.2.2_1,Bassar,Kara,2004,1246.4,1041.4,-28.14,26.71,32.68,22.19,68.62
TGO,TGO_TGO.2.2_1,Bassar,Kara,2005,1099.0,945.7,-175.54,26.96,32.94,22.5,67.32
TGO,TGO_TGO.2.2_1,Bassar,Kara,2006,1345.1,1263.7,70.56,26.9,32.83,22.34,66.52
TGO,TGO_TGO.2.2_1,Bassar,Kara,2007,1306.8,1179.5,32.26,26.76,32.81,22.21,65.22
TGO,TGO_TGO.2.2_1,Bassar,Kara,2008,1281.2,1176.8,6.66,26.72,32.92,22.06,63.77
TGO,TGO_TGO.2.2_1,Bassar,Kara,2009,1327.0,1126.6,52.46,26.87,32.87,22.45,68.61
TGO,TGO_TGO.2.2_1,Bassar,Kara,2010,1379.0,1213.8,104.46,26.92,32.7,22.52,68.7
TGO,TGO_TGO.2.2_1,Bassar,Kara,2011,1070.2,932.1,-204.34,26.82,32.78,22.31,66.53
TGO,TGO_TGO.2.2_1,Bassar,Kara,2012,1307.9,1094.9,33.36,26.5,32.26,22.14,68.65
TGO,TGO_TGO.2.2_1,Bassar,Kara,2013,1313.9,1095.0,39.36,26.79,32.67,22.46,68.13
TGO,TGO_TGO.2.2_1,Bassar,Kara,2014,1439.1,1243.4,164.56,26.84,32.72,22.44,68.62
TGO,TGO_TGO.2.2_1,Bassar,Kara,2015,1250.0,1106.4,-24.54,26.88,32.81,22.4,65.93
TGO,TGO_TGO.2.2_1,Bassar,Kara,2016,1472.3,1217.0,197.76,27.22,33.18,22.72,66.1
TGO,TGO_TGO.2.2_1,Bassar,Kara,2017,1065.7,978.6,-208.84,26.85,33.47,22.27,64.22
TGO,TGO_TGO.2.2_1,Bassar,Kara,2018,1355.6,1166.4,81.06,26.22,32.49,22.04,68.56
TGO,TGO_TGO.2.2_1,Bassar,Kara,2019,1412.0,1252.9,137.46,26.65,32.94,22.45,68.18
TGO,TGO_TGO.2.2_1,Bassar,Kara,2020,1422.1,1274.5,147.56,26.77,33.21,22.27,64.36
TGO,TGO_TGO.2.2_1,Bassar,Kara,2021,1039.5,948.4,-235.04,26.74,33.38,22.13,64.8
TGO,TGO_TGO.2.2_1,Bassar,Kara,2022,1305.9,1128.8,31.36,26.23,32.96,21.66,63.76
TGO,TGO_TGO.2.2_1,Bassar,Kara,2023,1532.5,1346.1,257.96,26.58,33.44,22.09,66.4
TGO,TGO_TGO.2.2_1,Bassar,Kara,2024,1154.1,1013.3,-120.44,27.06,33.73,22.47,63.16
TGO,TGO_TGO.2.2_1,Bassar,Kara,2025,1070.8,966.9,-203.74,27.15,32.69,22.86,65.86
TGO,TGO_TGO.2.3_1,Bimah,Kara,2000,949.9,923.4,-107.79,26.27,32.04,21.1,59.97
TGO,TGO_TGO.2.3_1,Bimah,Kara,2001,908.1,816.2,-149.59,26.53,32.46,21.12,58.08
TGO,TGO_TGO.2.3_1,Bimah,Kara,2002,1253.5,1172.3,195.81,26.53,32.22,21.51,61.4
TGO,TGO_TGO.2.3_1,Bimah,Kara,2003,1077.7,949.9,20.01,26.56,32.28,21.43,62.4
TGO,TGO_TGO.2.3_1,Bimah,Kara,2004,971.4,802.9,-86.29,26.42,32.12,21.34,63.4
TGO,TGO_TGO.2.3_1,Bimah,Kara,2005,964.5,851.0,-93.19,26.67,32.36,21.67,62.69
TGO,TGO_TGO.2.3_1,Bimah,Kara,2006,1192.3,1158.3,134.61,26.63,32.26,21.56,61.54
TGO,TGO_TGO.2.3_1,Bimah,Kara,2007,930.1,836.1,-127.59,26.28,31.97,21.31,61.87
TGO,TGO_TGO.2.3_1,Bimah,Kara,2008,1105.2,1055.8,47.51,26.34,32.15,21.27,59.56
TGO,TGO_TGO.2.3_1,Bimah,Kara,2009,1073.7,977.2,16.01,26.52,32.16,21.65,64.47
TGO,TGO_TGO.2.3_1,Bimah,Kara,2010,1196.6,1098.7,138.91,26.58,32.11,21.71,64.38
TGO,TGO_TGO.2.3_1,Bimah,Kara,2011,815.5,746.1,-242.19,26.54,32.32,21.48,61.81
TGO,TGO_TGO.2.3_1,Bimah,Kara,2012,1263.7,1087.6,206.01,26.14,31.64,21.33,64.89
TGO,TGO_TGO.2.3_1,Bimah,Kara,2013,1086.8,976.1,29.11,26.49,32.01,21.67,64.54
TGO,TGO_TGO.2.3_1,Bimah,Kara,2014,1096.8,962.2,39.11,26.49,31.98,21.59,64.48
TGO,TGO_TGO.2.3_1,Bimah,Kara,2015,1045.1,962.0,-12.59,26.67,32.43,21.63,60.51
TGO,TGO_TGO.2.3_1,Bimah,Kara,2016,1132.2,979.7,74.51,26.9,32.56,21.95,62.15
TGO,TGO_TGO.2.3_1,Bimah,Kara,2017,824.6,753.1,-233.09,26.57,32.17,21.78,59.84
TGO,TGO_TGO.2.3_1,Bimah,Kara,2018,1096.0,969.0,38.31,25.98,31.51,21.54,64.37
TGO,TGO_TGO.2.3_1,Bimah,Kara,2019,1188.6,1118.6,130.91,26.26,31.65,21.79,64.95
TGO,TGO_TGO.2.3_1,Bimah,Kara,2020,917.5,852.3,-140.19,26.33,31.89,21.61,60.86
TGO,TGO_TGO.2.3_1,Bimah,Kara,2021,899.3,843.5,-158.39,26.71,32.45,21.8,58.85
TGO,TGO_TGO.2.3_1,Bimah,Kara,2022,1207.2,1035.6,149.51,25.87,31.58,21.11,59.99
TGO,TGO_TGO.2.3_1,Bimah,Kara,2023,1097.7,1028.9,40.01,26.2,31.98,21.52,62.95
TGO,TGO_TGO.2.3_1,Bimah,Kara,2024,1192.4,1061.3,134.71,26.71,32.43,21.99,59.53
TGO,TGO_TGO.2.3_1,Bimah,Kara,2025,1013.6,976.1,-44.09,27.05,32.54,22.49,61.76
TGO,TGO_TGO.2.7_1,Dankpen,Kara,2000,712.5,693.1,-175.58,27.38,33.23,22.33,60.79
TGO,TGO_TGO.2.7_1,Dankpen,Kara,2001,673.8,633.3,-214.28,27.69,33.71,22.44,58.22
TGO,TGO_TGO.2.7_1,Dankpen,Kara,2002,949.7,884.9,61.62,27.68,33.39,22.81,61.25
TGO,TGO_TGO.2.7_1,Dankpen,Kara,2003,1031.4,911.1,143.32,27.73,33.48,22.83,62.77
TGO,TGO_TGO.2.7_1,Dankpen,Kara,2004,659.0,537.7,-229.08,27.63,33.44,22.68,63.48
TGO,TGO_TGO.2.7_1,Dankpen,Kara,2005,789.3,720.3,-98.78,27.87,33.64,23.03,62.6
TGO,TGO_TGO.2.7_1,Dankpen,Kara,2006,919.9,892.8,31.82,27.87,33.65,22.9,61.1
TGO,TGO_TGO.2.7_1,Dankpen,Kara,2007,927.5,862.3,39.42,27.52,33.3,22.67,61.51
TGO,TGO_TGO.2.7_1,Dankpen,Kara,2008,857.9,806.9,-30.18,27.46,33.38,22.42,60.04
TGO,TGO_TGO.2.7_1,Dankpen,Kara,2009,844.5,780.9,-43.58,27.76,33.46,23.01,64.18
TGO,TGO_TGO.2.7_1,Dankpen,Kara,2010,879.4,818.8,-8.68,27.79,33.4,22.97,64.36
TGO,TGO_TGO.2.7_1,Dankpen,Kara,2011,623.1,574.4,-264.98,27.89,33.75,22.99,61.22
TGO,TGO_TGO.2.7_1,Dankpen,Kara,2012,916.5,759.3,28.42,27.41,33.02,22.7,64.21
TGO,TGO_TGO.2.7_1,Dankpen,Kara,2013,860.6,754.2,-27.48,27.67,33.32,23.01,63.9
TGO,TGO_TGO.2.7_1,Dankpen,Kara,2014,962.3,860.0,74.22,27.82,33.46,23.05,63.39
TGO,TGO_TGO.2.7_1,Dankpen,Kara,2015,936.0,857.5,47.92,27.76,33.56,22.86,61.11
TGO,TGO_TGO.2.7_1,Dankpen,Kara,2016,927.0,816.5,38.92,27.99,33.71,23.15,62.17
TGO,TGO_TGO.2.7_1,Dankpen,Kara,2017,639.2,610.3,-248.88,27.95,33.53,23.29,59.26
TGO,TGO_TGO.2.7_1,Dankpen,Kara,2018,919.4,844.2,31.32,27.39,32.79,22.98,63.17
TGO,TGO_TGO.2.7_1,Dankpen,Kara,2019,1109.5,1044.2,221.42,27.73,33.05,23.29,63.22
TGO,TGO_TGO.2.7_1,Dankpen,Kara,2020,966.5,907.7,78.42,27.72,33.19,23.15,60.37
TGO,TGO_TGO.2.7_1,Dankpen,Kara,2021,753.7,719.8,-134.38,27.93,33.48,23.19,59.51
TGO,TGO_TGO.2.7_1,Dankpen,Kara,2022,1064.5,915.4,176.42,27.13,32.78,22.48,59.74
TGO,TGO_TGO.2.7_1,Dankpen,Kara,2023,1183.4,1102.8,295.32,27.65,33.33,23.07,61.88
TGO,TGO_TGO.2.7_1,Dankpen,Kara,2024,1058.8,944.9,170.72,27.66,33.36,23.02,60.8
TGO,TGO_TGO.2.7_1,Dankpen,Kara,2025,924.7,896.1,36.62,28.31,33.91,23.77,60.64
TGO,TGO_TGO.2.4_1,Doufelgou,Kara,2000,940.2,913.8,-106.69,25.49,31.38,20.16,61.43
TGO,TGO_TGO.2.4_1,Doufelgou,Kara,2001,893.7,811.3,-153.19,25.62,31.66,20.13,60.0
TGO,TGO_TGO.2.4_1,Doufelgou,Kara,2002,1231.3,1161.2,184.41,25.77,31.52,20.68,62.36
TGO,TGO_TGO.2.4_1,Doufelgou,Kara,2003,1090.7,961.4,43.81,25.77,31.6,20.58,63.83
TGO,TGO_TGO.2.4_1,Doufelgou,Kara,2004,955.2,805.5,-91.69,25.69,31.49,20.53,64.6
TGO,TGO_TGO.2.4_1,Doufelgou,Kara,2005,923.0,819.9,-123.89,25.91,31.7,20.84,64.03
TGO,TGO_TGO.2.4_1,Doufelgou,Kara,2006,1229.9,1199.4,183.01,25.87,31.62,20.7,62.84
TGO,TGO_TGO.2.4_1,Doufelgou,Kara,2007,943.1,850.0,-103.79,25.52,31.32,20.45,63.15
TGO,TGO_TGO.2.4_1,Doufelgou,Kara,2008,1112.4,1065.3,65.51,25.54,31.47,20.34,61.1
TGO,TGO_TGO.2.4_1,Doufelgou,Kara,2009,1056.0,967.5,9.11,25.8,31.54,20.85,65.68
TGO,TGO_TGO.2.4_1,Doufelgou,Kara,2010,1191.2,1101.2,144.31,25.82,31.47,20.87,65.73
TGO,TGO_TGO.2.4_1,Doufelgou,Kara,2011,784.9,719.7,-261.99,25.8,31.7,20.66,62.99
TGO,TGO_TGO.2.4_1,Doufelgou,Kara,2012,1204.0,1028.8,157.11,25.45,31.07,20.52,65.62
TGO,TGO_TGO.2.4_1,Doufelgou,Kara,2013,1102.4,997.3,55.51,25.74,31.36,20.86,65.64
TGO,TGO_TGO.2.4_1,Doufelgou,Kara,2014,1063.8,934.0,16.91,25.8,31.39,20.79,65.28
TGO,TGO_TGO.2.4_1,Doufelgou,Kara,2015,1067.7,983.9,20.81,25.86,31.72,20.73,61.98
TGO,TGO_TGO.2.4_1,Doufelgou,Kara,2016,1142.8,1008.3,95.91,26.06,31.81,21.01,63.74
TGO,TGO_TGO.2.4_1,Doufelgou,Kara,2017,855.3,803.5,-191.59,26.95,32.04,22.75,57.9
TGO,TGO_TGO.2.4_1,Doufelgou,Kara,2018,1047.6,937.2,0.71,26.27,31.22,22.47,63.03
TGO,TGO_TGO.2.4_1,Doufelgou,Kara,2019,1218.9,1158.6,172.01,26.62,31.48,22.74,62.88
TGO,TGO_TGO.2.4_1,Doufelgou,Kara,2020,977.5,898.8,-69.39,26.62,31.58,22.6,59.72
TGO,TGO_TGO.2.4_1,Doufelgou,Kara,2021,823.7,778.7,-223.19,27.0,32.1,22.86,57.45
TGO,TGO_TGO.2.4_1,Doufelgou,Kara,2022,1183.2,994.3,136.31,26.16,31.29,22.13,58.45
TGO,TGO_TGO.2.4_1,Doufelgou,Kara,2023,1084.5,980.0,37.61,26.54,31.68,22.48,61.02
TGO,TGO_TGO.2.4_1,Doufelgou,Kara,2024,1178.3,1052.0,131.41,26.94,32.05,22.92,58.19
TGO,TGO_TGO.2.4_1,Doufelgou,Kara,2025,917.9,868.1,-128.99,27.23,32.41,23.12,59.51
TGO,TGO_TGO.2.5_1,Kéran,Kara,2000,769.5,756.2,-163.36,27.39,33.24,21.88,58.24
TGO,TGO_TGO.2.5_1,Kéran,Kara,2001,785.9,725.7,-146.96,27.65,33.74,21.93,55.87
TGO,TGO_TGO.2.5_1,Kéran,Kara,2002,1167.6,1126.7,234.74,27.79,33.57,22.49,58.32
TGO,TGO_TGO.2.5_1,Kéran,Kara,2003,1005.4,887.7,72.54,27.76,33.59,22.39,59.94
TGO,TGO_TGO.2.5_1,Kéran,Kara,2004,819.6,700.8,-113.26,27.66,33.52,22.29,60.66
TGO,TGO_TGO.2.5_1,Kéran,Kara,2005,769.2,690.9,-163.66,27.91,33.7,22.66,59.84
TGO,TGO_TGO.2.5_1,Kéran,Kara,2006,1013.7,990.4,80.84,27.9,33.71,22.54,58.64
TGO,TGO_TGO.2.5_1,Kéran,Kara,2007,834.5,756.9,-98.36,27.52,33.34,22.25,59.26
TGO,TGO_TGO.2.5_1,Kéran,Kara,2008,913.6,877.0,-19.26,27.35,33.26,21.99,58.2
TGO,TGO_TGO.2.5_1,Kéran,Kara,2009,986.3,893.3,53.44,27.8,33.55,22.67,61.61
TGO,TGO_TGO.2.5_1,Kéran,Kara,2010,988.4,913.9,55.54,27.74,33.41,22.59,62.19
TGO,TGO_TGO.2.5_1,Kéran,Kara,2011,667.9,628.0,-264.96,27.97,33.92,22.61,58.39
TGO,TGO_TGO.2.5_1,Kéran,Kara,2012,1033.6,897.9,100.74,27.47,33.16,22.34,61.43
TGO,TGO_TGO.2.5_1,Kéran,Kara,2013,945.3,857.7,12.44,27.74,33.4,22.73,61.52
TGO,TGO_TGO.2.5_1,Kéran,Kara,2014,966.1,850.7,33.24,27.81,33.44,22.65,61.13
TGO,TGO_TGO.2.5_1,Kéran,Kara,2015,1010.0,935.0,77.14,27.8,33.69,22.45,58.51
TGO,TGO_TGO.2.5_1,Kéran,Kara,2016,959.0,851.6,26.14,28.04,33.83,22.77,59.8
TGO,TGO_TGO.2.5_1,Kéran,Kara,2017,767.8,738.3,-165.06,27.86,33.91,22.84,57.12
TGO,TGO_TGO.2.5_1,Kéran,Kara,2018,1026.8,950.2,93.94,27.36,33.17,22.68,61.76
TGO,TGO_TGO.2.5_1,Kéran,Kara,2019,1055.0,1002.8,122.14,27.7,33.42,23.08,61.57
TGO,TGO_TGO.2.5_1,Kéran,Kara,2020,912.1,847.8,-20.76,27.72,33.54,22.91,58.44
TGO,TGO_TGO.2.5_1,Kéran,Kara,2021,815.6,778.6,-117.26,28.12,34.04,23.22,56.33
TGO,TGO_TGO.2.5_1,Kéran,Kara,2022,1130.2,966.6,197.34,27.32,33.29,22.51,57.01
TGO,TGO_TGO.2.5_1,Kéran,Kara,2023,1034.3,972.8,101.44,27.81,33.82,22.9,59.25
TGO,TGO_TGO.2.5_1,Kéran,Kara,2024,964.6,890.1,31.74,28.02,33.94,23.13,57.84
TGO,TGO_TGO.2.5_1,Kéran,Kara,2025,912.3,883.4,-20.56,28.49,34.3,23.72,58.21
TGO,TGO_TGO.2.6_1,Kozah,Kara,2000,1290.0,1250.5,52.28,26.79,32.83,21.52,62.14
TGO,TGO_TGO.2.6_1,Kozah,Kara,2001,1086.4,989.5,-151.32,26.91,33.02,21.49,61.41
TGO,TGO_TGO.2.6_1,Kozah,Kara,2002,1457.7,1335.5,219.98,26.92,32.76,21.91,64.27
TGO,TGO_TGO.2.6_1,Kozah,Kara,2003,1395.4,1234.6,157.68,26.98,32.91,21.86,65.44
TGO,TGO_TGO.2.6_1,Kozah,Kara,2004,1274.5,1053.1,36.78,26.81,32.69,21.71,66.72
TGO,TGO_TGO.2.6_1,Kozah,Kara,2005,1157.7,1005.5,-80.02,27.03,32.91,22.01,65.95
TGO,TGO_TGO.2.6_1,Kozah,Kara,2006,1443.0,1392.7,205.28,27.06,32.89,21.96,64.51
TGO,TGO_TGO.2.6_1,Kozah,Kara,2007,1191.0,1070.0,-46.72,26.71,32.61,21.68,64.59
TGO,TGO_TGO.2.6_1,Kozah,Kara,2008,1364.9,1302.1,127.18,26.82,32.86,21.67,62.08
TGO,TGO_TGO.2.6_1,Kozah,Kara,2009,1315.4,1182.2,77.68,26.94,32.79,22.0,67.47
TGO,TGO_TGO.2.6_1,Kozah,Kara,2010,1506.8,1382.7,269.08,27.01,32.73,22.09,67.27
TGO,TGO_TGO.2.6_1,Kozah,Kara,2011,1056.4,959.3,-181.32,26.9,32.88,21.8,64.96
TGO,TGO_TGO.2.6_1,Kozah,Kara,2012,1478.9,1267.6,241.18,26.55,32.24,21.68,67.72
TGO,TGO_TGO.2.6_1,Kozah,Kara,2013,1355.7,1217.0,117.98,26.92,32.7,22.05,67.08
TGO,TGO_TGO.2.6_1,Kozah,Kara,2014,1413.6,1218.6,175.88,26.96,32.69,22.0,67.1
TGO,TGO_TGO.2.6_1,Kozah,Kara,2015,1282.3,1169.9,44.58,27.04,32.97,21.98,63.73
TGO,TGO_TGO.2.6_1,Kozah,Kara,2016,1441.0,1247.1,203.28,27.3,33.15,22.31,64.99
TGO,TGO_TGO.2.6_1,Kozah,Kara,2017,876.5,840.0,-361.22,26.83,32.92,21.99,60.84
TGO,TGO_TGO.2.6_1,Kozah,Kara,2018,1079.8,959.2,-157.92,26.22,32.14,21.68,65.21
TGO,TGO_TGO.2.6_1,Kozah,Kara,2019,1253.1,1148.7,15.38,26.71,32.58,22.09,64.57
TGO,TGO_TGO.2.6_1,Kozah,Kara,2020,973.1,910.4,-264.62,26.76,32.76,21.93,60.77
TGO,TGO_TGO.2.6_1,Kozah,Kara,2021,874.4,823.6,-363.32,26.92,33.16,21.97,59.95
TGO,TGO_TGO.2.6_1,Kozah,Kara,2022,1223.4,1058.9,-14.32,26.25,32.58,21.33,59.94
TGO,TGO_TGO.2.6_1,Kozah,Kara,2023,1222.6,1101.8,-15.12,26.62,32.98,21.75,62.78
TGO,TGO_TGO.2.6_1,Kozah,Kara,2024,1256.1,1153.4,18.38,27.02,33.34,22.12,60.24
TGO,TGO_TGO.2.6_1,Kozah,Kara,2025,910.9,853.8,-326.82,27.34,33.23,22.63,61.8
TGO,TGO_TGO.3.1_2,Agoe-Nyive,Maritime,2000,868.1,665.1,-188.52,26.57,30.17,24.32,81.66
TGO,TGO_TGO.3.1_2,Agoe-Nyive,Maritime,2001,911.0,648.5,-145.62,26.52,29.9,24.38,82.11
TGO,TGO_TGO.3.1_2,Agoe-Nyive,Maritime,2002,987.8,691.9,-68.82,26.64,30.26,24.32,81.72
TGO,TGO_TGO.3.1_2,Agoe-Nyive,Maritime,2003,987.6,627.3,-69.02,26.85,30.32,24.59,82.46
TGO,TGO_TGO.3.1_2,Agoe-Nyive,Maritime,2004,1052.5,794.1,-4.12,26.69,30.16,24.45,82.59
TGO,TGO_TGO.3.1_2,Agoe-Nyive,Maritime,2005,865.2,589.6,-191.42,26.82,30.36,24.54,81.78
TGO,TGO_TGO.3.1_2,Agoe-Nyive,Maritime,2006,992.3,762.7,-64.32,26.86,30.33,24.68,82.28
TGO,TGO_TGO.3.1_2,Agoe-Nyive,Maritime,2007,1036.8,822.2,-19.82,26.77,30.54,24.3,80.82
TGO,TGO_TGO.3.1_2,Agoe-Nyive,Maritime,2008,927.3,692.2,-129.32,26.78,30.47,24.34,80.83
TGO,TGO_TGO.3.1_2,Agoe-Nyive,Maritime,2009,976.1,773.7,-80.52,26.91,30.48,24.63,81.34
TGO,TGO_TGO.3.1_2,Agoe-Nyive,Maritime,2010,1137.8,905.5,81.18,27.16,30.56,24.98,81.88
TGO,TGO_TGO.3.1_2,Agoe-Nyive,Maritime,2011,1067.4,843.8,10.78,26.66,30.18,24.38,82.15
TGO,TGO_TGO.3.1_2,Agoe-Nyive,Maritime,2012,1054.0,773.0,-2.62,26.58,30.06,24.41,82.5
TGO,TGO_TGO.3.1_2,Agoe-Nyive,Maritime,2013,702.6,456.1,-354.02,26.9,30.5,24.59,80.73
TGO,TGO_TGO.3.1_2,Agoe-Nyive,Maritime,2014,1255.8,931.3,199.18,26.7,30.05,24.59,83.19
TGO,TGO_TGO.3.1_2,Agoe-Nyive,Maritime,2015,954.3,710.8,-102.32,26.81,30.41,24.44,80.8
TGO,TGO_TGO.3.1_2,Agoe-Nyive,Maritime,2016,1098.9,850.0,42.28,27.1,30.75,24.83,81.9
TGO,TGO_TGO.3.1_2,Agoe-Nyive,Maritime,2017,1220.6,825.2,163.98,26.53,30.9,23.92,84.02
TGO,TGO_TGO.3.1_2,Agoe-Nyive,Maritime,2018,1232.4,897.9,175.78,26.57,31.1,23.79,83.22
TGO,TGO_TGO.3.1_2,Agoe-Nyive,Maritime,2019,1330.8,986.4,274.18,26.85,31.26,24.11,83.96
TGO,TGO_TGO.3.1_2,Agoe-Nyive,Maritime,2020,1017.9,797.0,-38.72,26.71,31.42,23.87,82.15
TGO,TGO_TGO.3.1_2,Agoe-Nyive,Maritime,2021,1220.7,951.8,164.08,26.9,31.51,24.1,82.36
TGO,TGO_TGO.3.1_2,Agoe-Nyive,Maritime,2022,1175.0,867.3,118.38,26.31,31.28,23.32,81.97
TGO,TGO_TGO.3.1_2,Agoe-Nyive,Maritime,2023,1267.4,925.8,210.78,26.83,31.79,23.82,81.86
TGO,TGO_TGO.3.1_2,Agoe-Nyive,Maritime,2024,1126.7,893.6,70.08,27.07,32.16,24.0,80.83
TGO,TGO_TGO.3.1_2,Agoe-Nyive,Maritime,2025,1005.0,729.4,-51.62,26.9,31.51,23.98,81.52
TGO,TGO_TGO.3.2_2,Avé,Maritime,2000,1185.8,954.6,-86.61,26.11,31.22,23.08,80.57
TGO,TGO_TGO.3.2_2,Avé,Maritime,2001,1069.7,770.1,-202.71,25.98,30.79,23.13,81.39
TGO,TGO_TGO.3.2_2,Avé,Maritime,2002,1304.5,934.1,32.09,26.09,31.05,23.08,81.35
TGO,TGO_TGO.3.2_2,Avé,Maritime,2003,1238.6,825.1,-33.81,26.31,31.23,23.37,82.08
TGO,TGO_TGO.3.2_2,Avé,Maritime,2004,1268.4,934.9,-4.01,26.21,31.13,23.22,81.78
TGO,TGO_TGO.3.2_2,Avé,Maritime,2005,1061.7,739.9,-210.71,26.29,31.17,23.35,81.15
TGO,TGO_TGO.3.2_2,Avé,Maritime,2006,1193.6,889.4,-78.81,26.33,31.16,23.44,81.7
TGO,TGO_TGO.3.2_2,Avé,Maritime,2007,1203.8,952.4,-68.61,26.29,31.53,23.05,79.75
TGO,TGO_TGO.3.2_2,Avé,Maritime,2008,1216.9,939.5,-55.51,26.25,31.4,23.05,79.89
TGO,TGO_TGO.3.2_2,Avé,Maritime,2009,1178.0,901.9,-94.41,26.42,31.38,23.41,80.51
TGO,TGO_TGO.3.2_2,Avé,Maritime,2010,1295.7,1003.8,23.29,26.62,31.37,23.73,81.51
TGO,TGO_TGO.3.2_2,Avé,Maritime,2011,1249.1,958.2,-23.31,26.18,31.21,23.13,81.07
TGO,TGO_TGO.3.2_2,Avé,Maritime,2012,1380.6,989.7,108.19,26.06,30.96,23.17,81.94
TGO,TGO_TGO.3.2_2,Avé,Maritime,2013,941.8,630.9,-330.61,26.36,31.31,23.34,80.08
TGO,TGO_TGO.3.2_2,Avé,Maritime,2014,1465.4,1046.5,192.99,26.14,30.83,23.39,82.87
TGO,TGO_TGO.3.2_2,Avé,Maritime,2015,1155.6,835.4,-116.81,26.3,31.26,23.22,79.94
TGO,TGO_TGO.3.2_2,Avé,Maritime,2016,1535.2,1192.4,262.79,26.62,31.71,23.66,81.05
TGO,TGO_TGO.3.2_2,Avé,Maritime,2017,1459.3,1016.4,186.89,26.44,31.7,23.41,82.59
TGO,TGO_TGO.3.2_2,Avé,Maritime,2018,1363.9,1068.6,91.49,26.46,31.83,23.28,81.85
TGO,TGO_TGO.3.2_2,Avé,Maritime,2019,1504.3,1209.7,231.89,26.73,32.1,23.61,82.83
TGO,TGO_TGO.3.2_2,Avé,Maritime,2020,1158.2,945.2,-114.21,26.74,32.36,23.41,79.93
TGO,TGO_TGO.3.2_2,Avé,Maritime,2021,1512.5,1201.0,240.09,26.87,32.54,23.6,80.72
TGO,TGO_TGO.3.2_2,Avé,Maritime,2022,1380.5,1045.1,108.09,26.4,32.67,22.82,79.18
TGO,TGO_TGO.3.2_2,Avé,Maritime,2023,1466.9,1135.7,194.49,26.76,32.88,23.21,80.08
TGO,TGO_TGO.3.2_2,Avé,Maritime,2024,1253.3,995.1,-19.11,27.02,33.16,23.39,78.86
TGO,TGO_TGO.3.2_2,Avé,Maritime,2025,1039.3,773.5,-233.11,26.82,31.86,23.65,80.46
TGO,TGO_TGO.3.3_2,Bas-Mono,Maritime,2000,1212.7,920.2,-73.43,26.33,30.4,23.92,82.25
TGO,TGO_TGO.3.3_2,Bas-Mono,Maritime,2001,1288.6,884.3,2.47,26.23,30.05,23.95,82.94
TGO,TGO_TGO.3.3_2,Bas-Mono,Maritime,2002,1367.0,956.1,80.87,26.34,30.33,23.88,82.61
TGO,TGO_TGO.3.3_2,Bas-Mono,Maritime,2003,1426.3,922.8,140.17,26.56,30.46,24.18,83.24
TGO,TGO_TGO.3.3_2,Bas-Mono,Maritime,2004,1504.5,1108.4,218.37,26.4,30.33,24.07,83.53
TGO,TGO_TGO.3.3_2,Bas-Mono,Maritime,2005,1190.8,834.9,-95.33,26.56,30.5,24.13,82.44
TGO,TGO_TGO.3.3_2,Bas-Mono,Maritime,2006,1394.9,1007.7,108.77,26.56,30.38,24.27,83.31
TGO,TGO_TGO.3.3_2,Bas-Mono,Maritime,2007,1287.5,992.7,1.37,26.52,30.77,23.85,81.24
TGO,TGO_TGO.3.3_2,Bas-Mono,Maritime,2008,1367.6,1042.2,81.47,26.5,30.67,23.87,81.5
TGO,TGO_TGO.3.3_2,Bas-Mono,Maritime,2009,1270.0,949.3,-16.13,26.63,30.59,24.22,82.17
TGO,TGO_TGO.3.3_2,Bas-Mono,Maritime,2010,1373.3,1038.4,87.17,26.88,30.7,24.52,82.83
TGO,TGO_TGO.3.3_2,Bas-Mono,Maritime,2011,1388.5,1047.2,102.37,26.41,30.44,23.93,82.58
TGO,TGO_TGO.3.3_2,Bas-Mono,Maritime,2012,1440.0,1024.8,153.87,26.32,30.23,23.98,83.11
TGO,TGO_TGO.3.3_2,Bas-Mono,Maritime,2013,1106.4,729.6,-179.73,26.56,30.48,24.15,81.92
TGO,TGO_TGO.3.3_2,Bas-Mono,Maritime,2014,1593.4,1176.8,307.27,26.43,30.19,24.17,83.94
TGO,TGO_TGO.3.3_2,Bas-Mono,Maritime,2015,1227.1,837.8,-59.03,26.51,30.54,23.98,81.49
TGO,TGO_TGO.3.3_2,Bas-Mono,Maritime,2016,1534.4,1126.5,248.27,26.86,30.95,24.4,82.38
TGO,TGO_TGO.3.3_2,Bas-Mono,Maritime,2017,1238.2,888.7,-47.93,26.7,31.27,24.02,82.97
TGO,TGO_TGO.3.3_2,Bas-Mono,Maritime,2018,1200.4,951.1,-85.73,26.7,31.38,23.86,82.42
TGO,TGO_TGO.3.3_2,Bas-Mono,Maritime,2019,1518.1,1202.0,231.97,26.91,31.43,24.18,83.71
TGO,TGO_TGO.3.3_2,Bas-Mono,Maritime,2020,948.8,788.6,-337.33,26.83,31.79,23.91,81.09
TGO,TGO_TGO.3.3_2,Bas-Mono,Maritime,2021,1339.1,1157.9,52.97,27.1,32.07,24.19,81.08
TGO,TGO_TGO.3.3_2,Bas-Mono,Maritime,2022,1108.6,892.6,-177.53,26.55,31.96,23.4,80.18
TGO,TGO_TGO.3.3_2,Bas-Mono,Maritime,2023,1247.9,1000.0,-38.23,27.01,32.33,23.85,80.54
TGO,TGO_TGO.3.3_2,Bas-Mono,Maritime,2024,1050.1,829.6,-236.03,27.23,32.62,24.05,79.84
TGO,TGO_TGO.3.3_2,Bas-Mono,Maritime,2025,815.2,601.2,-470.93,27.16,31.73,24.29,80.37
TGO,TGO_TGO.3.4_2,Golfe,Maritime,2000,868.1,665.1,-177.52,26.37,29.07,24.58,82.27
TGO,TGO_TGO.3.4_2,Golfe,Maritime,2001,911.0,648.5,-134.62,26.33,28.87,24.64,82.45
TGO,TGO_TGO.3.4_2,Golfe,Maritime,2002,987.8,691.9,-57.82,26.44,29.15,24.6,82.36
TGO,TGO_TGO.3.4_2,Golfe,Maritime,2003,987.6,627.3,-58.02,26.65,29.26,24.87,82.86
TGO,TGO_TGO.3.4_2,Golfe,Maritime,2004,1052.5,794.1,6.88,26.47,29.07,24.71,83.1
TGO,TGO_TGO.3.4_2,Golfe,Maritime,2005,865.2,589.6,-180.42,26.59,29.24,24.78,82.52
TGO,TGO_TGO.3.4_2,Golfe,Maritime,2006,992.3,762.7,-53.32,26.68,29.29,24.96,82.64
TGO,TGO_TGO.3.4_2,Golfe,Maritime,2007,1036.8,822.2,-8.82,26.57,29.4,24.6,81.49
TGO,TGO_TGO.3.4_2,Golfe,Maritime,2008,927.3,692.2,-118.32,26.59,29.36,24.66,81.28
TGO,TGO_TGO.3.4_2,Golfe,Maritime,2009,976.1,773.7,-69.52,26.65,29.34,24.86,82.12
TGO,TGO_TGO.3.4_2,Golfe,Maritime,2010,1137.8,905.5,92.18,26.96,29.48,25.23,82.31
TGO,TGO_TGO.3.4_2,Golfe,Maritime,2011,1067.4,843.8,21.78,26.48,29.11,24.7,82.54
TGO,TGO_TGO.3.4_2,Golfe,Maritime,2012,1054.0,773.0,8.38,26.38,29.01,24.67,82.88
TGO,TGO_TGO.3.4_2,Golfe,Maritime,2013,702.6,456.1,-343.02,26.61,29.31,24.81,81.78
TGO,TGO_TGO.3.4_2,Golfe,Maritime,2014,1255.8,931.3,210.18,26.49,29.01,24.83,83.63
TGO,TGO_TGO.3.4_2,Golfe,Maritime,2015,954.3,710.8,-91.32,26.57,29.28,24.69,81.67
TGO,TGO_TGO.3.4_2,Golfe,Maritime,2016,1098.9,850.0,53.28,26.82,29.55,25.04,82.93
TGO,TGO_TGO.3.4_2,Golfe,Maritime,2017,1231.8,799.8,186.18,26.57,30.46,24.1,84.43
TGO,TGO_TGO.3.4_2,Golfe,Maritime,2018,1231.3,875.1,185.68,26.59,30.61,23.94,83.73
TGO,TGO_TGO.3.4_2,Golfe,Maritime,2019,1267.4,919.1,221.78,26.87,30.79,24.26,84.35
TGO,TGO_TGO.3.4_2,Golfe,Maritime,2020,948.2,736.1,-97.42,26.69,30.84,23.98,82.8
TGO,TGO_TGO.3.4_2,Golfe,Maritime,2021,1216.4,939.3,170.78,26.88,30.92,24.24,82.91
TGO,TGO_TGO.3.4_2,Golfe,Maritime,2022,1156.8,827.4,111.18,26.28,30.6,23.44,82.63
TGO,TGO_TGO.3.4_2,Golfe,Maritime,2023,1233.6,857.1,187.98,26.81,31.26,23.86,82.4
TGO,TGO_TGO.3.4_2,Golfe,Maritime,2024,1073.2,844.4,27.58,27.13,31.81,24.1,81.01
TGO,TGO_TGO.3.4_2,Golfe,Maritime,2025,951.9,643.7,-93.72,27.03,31.3,24.23,81.25
TGO,TGO_TGO.3.5_2,Lacs,Maritime,2000,1087.6,753.5,-11.1,26.46,29.48,24.53,83.07
TGO,TGO_TGO.3.5_2,Lacs,Maritime,2001,1245.7,794.4,147.0,26.42,29.24,24.59,83.38
TGO,TGO_TGO.3.5_2,Lacs,Maritime,2002,1227.8,818.3,129.1,26.55,29.55,24.56,83.06
TGO,TGO_TGO.3.5_2,Lacs,Maritime,2003,1286.7,789.8,188.0,26.76,29.65,24.83,83.57
TGO,TGO_TGO.3.5_2,Lacs,Maritime,2004,1314.7,923.9,216.0,26.58,29.45,24.7,84.01
TGO,TGO_TGO.3.5_2,Lacs,Maritime,2005,1133.3,710.5,34.6,26.72,29.67,24.75,83.15
TGO,TGO_TGO.3.5_2,Lacs,Maritime,2006,1272.0,832.4,173.3,26.75,29.54,24.92,83.66
TGO,TGO_TGO.3.5_2,Lacs,Maritime,2007,1191.8,885.6,93.1,26.7,29.87,24.55,81.93
TGO,TGO_TGO.3.5_2,Lacs,Maritime,2008,1195.9,849.1,97.2,26.68,29.79,24.57,82.13
TGO,TGO_TGO.3.5_2,Lacs,Maritime,2009,1136.9,816.1,38.2,26.78,29.73,24.85,82.84
TGO,TGO_TGO.3.5_2,Lacs,Maritime,2010,1246.3,935.0,147.6,27.04,29.84,25.15,83.3
TGO,TGO_TGO.3.5_2,Lacs,Maritime,2011,1278.3,954.0,179.6,26.59,29.54,24.63,83.21
TGO,TGO_TGO.3.5_2,Lacs,Maritime,2012,1229.3,847.8,130.6,26.51,29.39,24.63,83.59
TGO,TGO_TGO.3.5_2,Lacs,Maritime,2013,1000.4,607.1,-98.3,26.67,29.57,24.73,82.93
TGO,TGO_TGO.3.5_2,Lacs,Maritime,2014,1478.1,1051.1,379.4,26.59,29.33,24.78,84.41
TGO,TGO_TGO.3.5_2,Lacs,Maritime,2015,1105.4,761.6,6.7,26.66,29.69,24.61,82.31
TGO,TGO_TGO.3.5_2,Lacs,Maritime,2016,1271.0,889.9,172.3,26.98,30.04,25.01,83.3
TGO,TGO_TGO.3.5_2,Lacs,Maritime,2017,904.7,634.2,-194.0,26.81,29.38,25.02,83.48
TGO,TGO_TGO.3.5_2,Lacs,Maritime,2018,729.2,546.1,-369.5,26.79,29.41,24.87,83.21
TGO,TGO_TGO.3.5_2,Lacs,Maritime,2019,1021.5,791.0,-77.2,27.0,29.52,25.15,84.05
TGO,TGO_TGO.3.5_2,Lacs,Maritime,2020,667.3,529.3,-431.4,26.81,29.58,24.84,82.35
TGO,TGO_TGO.3.5_2,Lacs,Maritime,2021,1176.9,976.5,78.2,27.08,29.74,25.18,82.13
TGO,TGO_TGO.3.5_2,Lacs,Maritime,2022,847.8,647.2,-250.9,26.51,29.39,24.38,81.8
TGO,TGO_TGO.3.5_2,Lacs,Maritime,2023,988.0,771.5,-110.7,27.03,29.92,24.87,81.75
TGO,TGO_TGO.3.5_2,Lacs,Maritime,2024,784.2,583.2,-314.5,27.21,30.23,25.08,81.19
TGO,TGO_TGO.3.5_2,Lacs,Maritime,2025,745.3,508.7,-353.4,27.07,29.84,25.08,81.64
TGO,TGO_TGO.3.6_2,Lomé,Maritime,2000,868.1,665.1,-141.92,26.4,29.07,24.58,82.27
TGO,TGO_TGO.3.6_2,Lomé,Maritime,2001,911.0,648.5,-99.02,26.37,28.87,24.64,82.46
TGO,TGO_TGO.3.6_2,Lomé,Maritime,2002,987.8,691.9,-22.22,26.48,29.15,24.6,82.36
TGO,TGO_TGO.3.6_2,Lomé,Maritime,2003,987.6,627.3,-22.42,26.69,29.26,24.87,82.86
TGO,TGO_TGO.3.6_2,Lomé,Maritime,2004,1052.5,794.1,42.48,26.52,29.07,24.71,83.1
TGO,TGO_TGO.3.6_2,Lomé,Maritime,2005,865.2,589.6,-144.82,26.63,29.24,24.78,82.53
TGO,TGO_TGO.3.6_2,Lomé,Maritime,2006,992.3,762.7,-17.72,26.72,29.29,24.96,82.64
TGO,TGO_TGO.3.6_2,Lomé,Maritime,2007,1036.8,822.2,26.78,26.61,29.4,24.6,81.5
TGO,TGO_TGO.3.6_2,Lomé,Maritime,2008,927.3,692.2,-82.72,26.63,29.36,24.66,81.29
TGO,TGO_TGO.3.6_2,Lomé,Maritime,2009,976.1,773.7,-33.92,26.69,29.34,24.86,82.13
TGO,TGO_TGO.3.6_2,Lomé,Maritime,2010,1137.8,905.5,127.78,26.99,29.48,25.23,82.31
TGO,TGO_TGO.3.6_2,Lomé,Maritime,2011,1067.4,843.8,57.38,26.52,29.11,24.7,82.54
TGO,TGO_TGO.3.6_2,Lomé,Maritime,2012,1054.0,773.0,43.98,26.43,29.01,24.67,82.89
TGO,TGO_TGO.3.6_2,Lomé,Maritime,2013,702.6,456.1,-307.42,26.65,29.31,24.81,81.79
TGO,TGO_TGO.3.6_2,Lomé,Maritime,2014,1255.8,931.3,245.78,26.53,29.01,24.83,83.63
TGO,TGO_TGO.3.6_2,Lomé,Maritime,2015,954.3,710.8,-55.72,26.61,29.28,24.69,81.68
TGO,TGO_TGO.3.6_2,Lomé,Maritime,2016,1098.9,850.0,88.88,26.86,29.55,25.04,82.93
TGO,TGO_TGO.3.6_2,Lomé,Maritime,2017,1313.8,857.3,303.78,26.59,29.35,24.67,85.89
TGO,TGO_TGO.3.6_2,Lomé,Maritime,2018,1071.0,810.3,60.98,26.63,29.5,24.54,85.09
TGO,TGO_TGO.3.6_2,Lomé,Maritime,2019,1106.4,795.9,96.38,26.9,29.7,24.86,85.62
TGO,TGO_TGO.3.6_2,Lomé,Maritime,2020,805.4,609.5,-204.62,26.67,29.57,24.57,84.43
TGO,TGO_TGO.3.6_2,Lomé,Maritime,2021,1150.2,888.7,140.18,26.93,29.77,24.86,84.1
TGO,TGO_TGO.3.6_2,Lomé,Maritime,2022,1090.8,803.1,80.78,26.34,29.37,24.12,83.9
TGO,TGO_TGO.3.6_2,Lomé,Maritime,2023,1160.6,827.1,150.58,26.94,30.27,24.51,82.7
TGO,TGO_TGO.3.6_2,Lomé,Maritime,2024,957.2,747.6,-52.82,27.21,30.8,24.7,81.1
TGO,TGO_TGO.3.6_2,Lomé,Maritime,2025,729.6,497.4,-280.42,27.14,30.5,24.84,80.82
TGO,TGO_TGO.3.7_2,Vo,Maritime,2000,1053.6,783.5,-148.98,26.45,30.12,24.21,81.96
TGO,TGO_TGO.3.7_2,Vo,Maritime,2001,1076.5,720.1,-126.08,26.4,29.84,24.28,82.37
TGO,TGO_TGO.3.7_2,Vo,Maritime,2002,1244.5,872.2,41.92,26.54,30.19,24.2,81.91
TGO,TGO_TGO.3.7_2,Vo,Maritime,2003,1271.9,820.1,69.32,26.75,30.29,24.49,82.52
TGO,TGO_TGO.3.7_2,Vo,Maritime,2004,1285.7,923.1,83.12,26.57,30.1,24.36,82.89
TGO,TGO_TGO.3.7_2,Vo,Maritime,2005,1133.6,751.4,-68.98,26.71,30.31,24.43,81.96
TGO,TGO_TGO.3.7_2,Vo,Maritime,2006,1301.4,926.2,98.82,26.74,30.23,24.58,82.61
TGO,TGO_TGO.3.7_2,Vo,Maritime,2007,1187.5,905.2,-15.08,26.69,30.54,24.18,80.83
TGO,TGO_TGO.3.7_2,Vo,Maritime,2008,1233.6,924.2,31.02,26.68,30.47,24.21,80.93
TGO,TGO_TGO.3.7_2,Vo,Maritime,2009,1106.3,836.0,-96.28,26.8,30.42,24.52,81.5
TGO,TGO_TGO.3.7_2,Vo,Maritime,2010,1275.1,983.1,72.52,27.04,30.47,24.84,82.26
TGO,TGO_TGO.3.7_2,Vo,Maritime,2011,1243.9,950.8,41.32,26.54,30.15,24.25,82.35
TGO,TGO_TGO.3.7_2,Vo,Maritime,2012,1300.2,911.0,97.62,26.47,30.01,24.29,82.71
TGO,TGO_TGO.3.7_2,Vo,Maritime,2013,969.0,624.9,-233.58,26.73,30.31,24.44,81.3
TGO,TGO_TGO.3.7_2,Vo,Maritime,2014,1491.7,1067.2,289.12,26.57,29.96,24.46,83.47
TGO,TGO_TGO.3.7_2,Vo,Maritime,2015,1144.4,786.2,-58.18,26.67,30.33,24.29,81.07
TGO,TGO_TGO.3.7_2,Vo,Maritime,2016,1404.1,1050.6,201.52,26.99,30.7,24.7,82.14
TGO,TGO_TGO.3.7_2,Vo,Maritime,2017,1251.8,816.4,49.22,26.65,30.5,24.22,83.83
TGO,TGO_TGO.3.7_2,Vo,Maritime,2018,1106.6,799.9,-95.98,26.65,30.65,24.05,83.27
TGO,TGO_TGO.3.7_2,Vo,Maritime,2019,1332.9,1012.3,130.32,26.9,30.76,24.4,84.07
TGO,TGO_TGO.3.7_2,Vo,Maritime,2020,952.5,764.1,-250.08,26.73,30.87,24.12,82.3
TGO,TGO_TGO.3.7_2,Vo,Maritime,2021,1323.2,1077.7,120.62,26.97,31.01,24.38,82.22
TGO,TGO_TGO.3.7_2,Vo,Maritime,2022,1197.1,905.4,-5.48,26.37,30.71,23.6,81.9
TGO,TGO_TGO.3.7_2,Vo,Maritime,2023,1295.6,966.0,93.02,26.89,31.21,24.11,81.88
TGO,TGO_TGO.3.7_2,Vo,Maritime,2024,1045.4,798.1,-157.18,27.1,31.55,24.33,81.25
TGO,TGO_TGO.3.7_2,Vo,Maritime,2025,1038.9,682.3,-163.68,27.09,31.32,24.36,80.88
TGO,TGO_TGO.3.8_2,Yoto,Maritime,2000,1021.0,849.5,-154.47,26.21,31.24,23.26,80.41
TGO,TGO_TGO.3.8_2,Yoto,Maritime,2001,984.6,732.7,-190.87,26.1,30.85,23.3,81.11
TGO,TGO_TGO.3.8_2,Yoto,Maritime,2002,1236.3,928.2,60.83,26.19,31.08,23.21,81.0
TGO,TGO_TGO.3.8_2,Yoto,Maritime,2003,1207.3,846.8,31.83,26.42,31.29,23.55,81.78
TGO,TGO_TGO.3.8_2,Yoto,Maritime,2004,1181.5,898.2,6.03,26.25,31.1,23.4,81.97
TGO,TGO_TGO.3.8_2,Yoto,Maritime,2005,1041.0,750.2,-134.47,26.4,31.21,23.51,80.92
TGO,TGO_TGO.3.8_2,Yoto,Maritime,2006,1275.8,1000.0,100.33,26.42,31.18,23.62,81.68
TGO,TGO_TGO.3.8_2,Yoto,Maritime,2007,1148.1,926.7,-27.37,26.35,31.52,23.17,79.59
TGO,TGO_TGO.3.8_2,Yoto,Maritime,2008,1154.7,909.4,-20.77,26.33,31.42,23.2,79.71
TGO,TGO_TGO.3.8_2,Yoto,Maritime,2009,1063.4,841.2,-112.07,26.5,31.38,23.55,80.53
TGO,TGO_TGO.3.8_2,Yoto,Maritime,2010,1223.1,990.2,47.63,26.73,31.42,23.9,81.2
TGO,TGO_TGO.3.8_2,Yoto,Maritime,2011,1132.3,890.1,-43.17,26.26,31.2,23.28,80.95
TGO,TGO_TGO.3.8_2,Yoto,Maritime,2012,1322.9,979.5,147.43,26.13,30.95,23.3,81.8
TGO,TGO_TGO.3.8_2,Yoto,Maritime,2013,925.9,651.3,-249.57,26.45,31.28,23.5,79.96
TGO,TGO_TGO.3.8_2,Yoto,Maritime,2014,1417.4,1068.8,241.93,26.26,30.93,23.54,82.55
TGO,TGO_TGO.3.8_2,Yoto,Maritime,2015,1044.5,744.9,-130.97,26.37,31.27,23.36,79.59
TGO,TGO_TGO.3.8_2,Yoto,Maritime,2016,1415.1,1093.4,239.63,26.71,31.68,23.76,80.76
TGO,TGO_TGO.3.8_2,Yoto,Maritime,2017,1259.3,893.9,83.83,26.41,31.78,23.31,81.92
TGO,TGO_TGO.3.8_2,Yoto,Maritime,2018,1084.3,848.6,-91.17,26.33,31.77,23.11,81.88
TGO,TGO_TGO.3.8_2,Yoto,Maritime,2019,1505.3,1130.2,329.83,26.58,31.88,23.51,83.1
TGO,TGO_TGO.3.8_2,Yoto,Maritime,2020,1049.4,913.9,-126.07,26.51,32.13,23.19,80.27
TGO,TGO_TGO.3.8_2,Yoto,Maritime,2021,1233.2,992.0,57.73,26.82,32.62,23.51,80.39
TGO,TGO_TGO.3.8_2,Yoto,Maritime,2022,1166.8,944.3,-8.67,26.27,32.47,22.73,79.23
TGO,TGO_TGO.3.8_2,Yoto,Maritime,2023,1352.8,1106.7,177.33,26.68,32.69,23.2,80.0
TGO,TGO_TGO.3.8_2,Yoto,Maritime,2024,1090.2,804.2,-85.27,26.92,33.03,23.42,79.02
TGO,TGO_TGO.3.8_2,Yoto,Maritime,2025,1026.0,781.5,-149.47,26.48,31.23,23.51,82.53
TGO,TGO_TGO.3.9_2,Zio,Maritime,2000,1070.8,840.1,-138.58,26.29,31.0,23.44,81.03
TGO,TGO_TGO.3.9_2,Zio,Maritime,2001,1043.6,737.1,-165.78,26.17,30.6,23.48,81.75
TGO,TGO_TGO.3.9_2,Zio,Maritime,2002,1256.3,896.8,46.92,26.29,30.92,23.4,81.52
TGO,TGO_TGO.3.9_2,Zio,Maritime,2003,1247.7,810.8,38.32,26.49,31.02,23.7,82.36
TGO,TGO_TGO.3.9_2,Zio,Maritime,2004,1275.0,935.0,65.62,26.35,30.87,23.55,82.37
TGO,TGO_TGO.3.9_2,Zio,Maritime,2005,1084.5,745.6,-124.88,26.49,31.01,23.68,81.49
TGO,TGO_TGO.3.9_2,Zio,Maritime,2006,1247.5,932.9,38.12,26.52,31.0,23.79,82.1
TGO,TGO_TGO.3.9_2,Zio,Maritime,2007,1196.0,935.2,-13.38,26.46,31.34,23.37,80.18
TGO,TGO_TGO.3.9_2,Zio,Maritime,2008,1209.8,921.9,0.42,26.44,31.22,23.4,80.27
TGO,TGO_TGO.3.9_2,Zio,Maritime,2009,1140.1,882.9,-69.28,26.6,31.2,23.74,80.92
TGO,TGO_TGO.3.9_2,Zio,Maritime,2010,1308.0,1020.6,98.62,26.83,31.22,24.09,81.65
TGO,TGO_TGO.3.9_2,Zio,Maritime,2011,1235.9,961.1,26.52,26.34,30.97,23.45,81.6
TGO,TGO_TGO.3.9_2,Zio,Maritime,2012,1336.8,960.4,127.42,26.25,30.76,23.5,82.25
TGO,TGO_TGO.3.9_2,Zio,Maritime,2013,930.3,620.8,-279.08,26.58,31.18,23.71,80.32
TGO,TGO_TGO.3.9_2,Zio,Maritime,2014,1499.4,1082.3,290.02,26.36,30.72,23.74,82.98
TGO,TGO_TGO.3.9_2,Zio,Maritime,2015,1171.2,826.6,-38.18,26.49,31.12,23.54,80.18
TGO,TGO_TGO.3.9_2,Zio,Maritime,2016,1447.4,1118.5,238.02,26.83,31.52,23.98,81.18
TGO,TGO_TGO.3.9_2,Zio,Maritime,2017,1215.1,853.1,5.72,26.53,31.71,23.49,81.8
TGO,TGO_TGO.3.9_2,Zio,Maritime,2018,1066.8,839.4,-142.58,26.54,31.83,23.33,81.24
TGO,TGO_TGO.3.9_2,Zio,Maritime,2019,1351.0,1049.9,141.62,26.77,31.98,23.67,82.51
TGO,TGO_TGO.3.9_2,Zio,Maritime,2020,1033.8,854.1,-175.58,26.76,32.28,23.44,79.51
TGO,TGO_TGO.3.9_2,Zio,Maritime,2021,1297.6,1040.8,88.22,26.98,32.61,23.69,80.02
TGO,TGO_TGO.3.9_2,Zio,Maritime,2022,1340.0,1000.7,130.62,26.43,32.49,22.89,78.98
TGO,TGO_TGO.3.9_2,Zio,Maritime,2023,1375.0,1104.9,165.62,26.81,32.65,23.36,79.87
TGO,TGO_TGO.3.9_2,Zio,Maritime,2024,1138.3,866.0,-71.08,27.14,33.11,23.6,78.25
TGO,TGO_TGO.3.9_2,Zio,Maritime,2025,926.1,713.4,-283.28,26.71,31.64,23.61,81.09
TGO,TGO_TGO.4.1_2,Agou,Plateaux,2000,1420.7,1198.7,18.61,26.27,31.63,23.01,79.93
TGO,TGO_TGO.4.1_2,Agou,Plateaux,2001,1159.4,881.6,-242.69,26.18,31.33,23.07,80.47
TGO,TGO_TGO.4.1_2,Agou,Plateaux,2002,1595.8,1206.7,193.71,26.2,31.37,23.0,81.08
TGO,TGO_TGO.4.1_2,Agou,Plateaux,2003,1464.2,1049.2,62.11,26.42,31.58,23.32,82.0
TGO,TGO_TGO.4.1_2,Agou,Plateaux,2004,1434.7,1083.0,32.61,26.33,31.48,23.17,81.59
TGO,TGO_TGO.4.1_2,Agou,Plateaux,2005,1189.3,865.2,-212.79,26.42,31.5,23.3,80.7
TGO,TGO_TGO.4.1_2,Agou,Plateaux,2006,1318.6,1001.9,-83.49,26.44,31.48,23.35,81.42
TGO,TGO_TGO.4.1_2,Agou,Plateaux,2007,1373.9,1100.4,-28.19,26.45,31.85,23.02,79.01
TGO,TGO_TGO.4.1_2,Agou,Plateaux,2008,1359.5,1065.3,-42.59,26.4,31.78,22.99,79.03
TGO,TGO_TGO.4.1_2,Agou,Plateaux,2009,1302.1,994.8,-99.99,26.48,31.61,23.3,80.94
TGO,TGO_TGO.4.1_2,Agou,Plateaux,2010,1386.3,1082.8,-15.79,26.71,31.67,23.65,81.43
TGO,TGO_TGO.4.1_2,Agou,Plateaux,2011,1378.3,1057.5,-23.79,26.31,31.54,23.07,80.62
TGO,TGO_TGO.4.1_2,Agou,Plateaux,2012,1626.6,1170.1,224.51,26.15,31.23,23.06,81.73
TGO,TGO_TGO.4.1_2,Agou,Plateaux,2013,1167.3,817.3,-234.79,26.45,31.55,23.24,79.94
TGO,TGO_TGO.4.1_2,Agou,Plateaux,2014,1594.2,1144.5,192.11,26.25,31.18,23.31,82.64
TGO,TGO_TGO.4.1_2,Agou,Plateaux,2015,1284.4,954.5,-117.69,26.46,31.67,23.18,79.14
TGO,TGO_TGO.4.1_2,Agou,Plateaux,2016,1797.1,1410.7,395.01,26.77,32.07,23.6,80.5
TGO,TGO_TGO.4.1_2,Agou,Plateaux,2017,1402.3,1030.6,0.21,26.4,32.2,23.14,81.42
TGO,TGO_TGO.4.1_2,Agou,Plateaux,2018,1501.2,1175.1,99.11,26.32,32.11,22.97,81.41
TGO,TGO_TGO.4.1_2,Agou,Plateaux,2019,1549.0,1221.5,146.91,26.64,32.3,23.42,82.32
TGO,TGO_TGO.4.1_2,Agou,Plateaux,2020,1204.1,960.9,-197.99,26.67,32.56,23.18,78.85
TGO,TGO_TGO.4.1_2,Agou,Plateaux,2021,1428.1,1146.0,26.01,26.74,32.7,23.37,80.56
TGO,TGO_TGO.4.1_2,Agou,Plateaux,2022,1501.3,1159.1,99.21,26.26,32.76,22.64,78.36
TGO,TGO_TGO.4.1_2,Agou,Plateaux,2023,1687.9,1295.0,285.81,26.61,33.02,23.02,79.52
TGO,TGO_TGO.4.1_2,Agou,Plateaux,2024,1319.7,965.5,-82.39,27.13,33.61,23.41,76.58
TGO,TGO_TGO.4.1_2,Agou,Plateaux,2025,1008.3,775.7,-393.79,27.1,32.68,23.61,77.56
TGO,TGO_TGO.4.2_2,Akébou,Plateaux,2000,1675.9,1499.9,66.81,24.05,29.26,20.06,73.25
TGO,TGO_TGO.4.2_2,Akébou,Plateaux,2001,1419.2,1170.1,-189.89,24.1,29.23,20.27,73.9
TGO,TGO_TGO.4.2_2,Akébou,Plateaux,2002,1907.5,1479.1,298.41,23.93,28.9,20.24,76.17
TGO,TGO_TGO.4.2_2,Akébou,Plateaux,2003,1654.2,1304.3,45.11,24.15,29.16,20.51,77.11
TGO,TGO_TGO.4.2_2,Akébou,Plateaux,2004,1883.2,1416.1,274.11,23.95,28.97,20.32,77.92
TGO,TGO_TGO.4.2_2,Akébou,Plateaux,2005,1627.7,1275.6,18.61,24.16,29.13,20.55,76.53
TGO,TGO_TGO.4.2_2,Akébou,Plateaux,2006,1753.1,1445.2,144.01,24.13,29.09,20.51,76.17
TGO,TGO_TGO.4.2_2,Akébou,Plateaux,2007,1838.7,1583.1,229.61,24.07,29.19,20.2,74.37
TGO,TGO_TGO.4.2_2,Akébou,Plateaux,2008,1527.4,1297.3,-81.69,24.1,29.32,20.13,72.74
TGO,TGO_TGO.4.2_2,Akébou,Plateaux,2009,1830.7,1390.6,221.61,24.08,29.09,20.49,78.13
TGO,TGO_TGO.4.2_2,Akébou,Plateaux,2010,1897.5,1604.4,288.41,24.3,29.19,20.67,77.37
TGO,TGO_TGO.4.2_2,Akébou,Plateaux,2011,2040.8,1640.3,431.71,23.93,28.99,20.19,75.93
TGO,TGO_TGO.4.2_2,Akébou,Plateaux,2012,1817.5,1400.8,208.41,23.73,28.63,20.09,77.08
TGO,TGO_TGO.4.2_2,Akébou,Plateaux,2013,1716.7,1281.5,107.61,24.07,29.07,20.43,76.33
TGO,TGO_TGO.4.2_2,Akébou,Plateaux,2014,1951.1,1467.9,342.01,23.93,28.82,20.5,79.09
TGO,TGO_TGO.4.2_2,Akébou,Plateaux,2015,1720.6,1410.3,111.51,24.17,29.25,20.41,74.61
TGO,TGO_TGO.4.2_2,Akébou,Plateaux,2016,1980.7,1561.7,371.61,24.52,29.55,20.75,74.73
TGO,TGO_TGO.4.2_2,Akébou,Plateaux,2017,1259.1,1050.3,-349.99,23.96,29.18,20.29,74.07
TGO,TGO_TGO.4.2_2,Akébou,Plateaux,2018,1339.0,1105.6,-270.09,23.54,28.62,20.0,75.11
TGO,TGO_TGO.4.2_2,Akébou,Plateaux,2019,1714.7,1424.1,105.61,23.91,29.0,20.43,76.56
TGO,TGO_TGO.4.2_2,Akébou,Plateaux,2020,1138.6,894.6,-470.49,23.99,29.31,20.11,72.18
TGO,TGO_TGO.4.2_2,Akébou,Plateaux,2021,1315.4,1156.3,-293.69,24.12,29.61,20.15,73.16
TGO,TGO_TGO.4.2_2,Akébou,Plateaux,2022,1305.1,1068.7,-303.99,23.51,29.02,19.59,71.38
TGO,TGO_TGO.4.2_2,Akébou,Plateaux,2023,1411.7,1173.1,-197.39,23.9,29.49,20.05,72.8
TGO,TGO_TGO.4.2_2,Akébou,Plateaux,2024,1006.7,800.9,-602.39,24.39,30.09,20.29,69.38
TGO,TGO_TGO.4.2_2,Akébou,Plateaux,2025,1103.5,874.0,-505.59,24.07,29.23,20.26,74.9
TGO,TGO_TGO.4.3_2,Amou,Plateaux,2000,1447.4,1345.9,30.62,24.13,29.48,20.16,72.5
TGO,TGO_TGO.4.3_2,Amou,Plateaux,2001,1171.7,996.4,-245.08,24.15,29.45,20.36,73.34
TGO,TGO_TGO.4.3_2,Amou,Plateaux,2002,1562.6,1260.7,145.82,24.0,29.1,20.28,75.22
TGO,TGO_TGO.4.3_2,Amou,Plateaux,2003,1394.9,1165.3,-21.88,24.33,29.55,20.64,75.33
TGO,TGO_TGO.4.3_2,Amou,Plateaux,2004,1365.5,1087.2,-51.28,24.1,29.28,20.41,76.14
TGO,TGO_TGO.4.3_2,Amou,Plateaux,2005,1291.5,1042.3,-125.28,24.3,29.41,20.61,74.86
TGO,TGO_TGO.4.3_2,Amou,Plateaux,2006,1334.9,1152.5,-81.88,24.28,29.41,20.57,74.47
TGO,TGO_TGO.4.3_2,Amou,Plateaux,2007,1456.8,1292.7,40.02,24.15,29.46,20.18,73.11
TGO,TGO_TGO.4.3_2,Amou,Plateaux,2008,1242.4,1104.6,-174.38,24.21,29.59,20.18,71.5
TGO,TGO_TGO.4.3_2,Amou,Plateaux,2009,1312.8,1070.0,-103.98,24.35,29.54,20.63,75.55
TGO,TGO_TGO.4.3_2,Amou,Plateaux,2010,1512.3,1338.4,95.52,24.53,29.61,20.83,75.23
TGO,TGO_TGO.4.3_2,Amou,Plateaux,2011,1594.2,1354.1,177.42,24.12,29.38,20.29,73.77
TGO,TGO_TGO.4.3_2,Amou,Plateaux,2012,1520.7,1246.9,103.92,23.9,29.04,20.2,75.47
TGO,TGO_TGO.4.3_2,Amou,Plateaux,2013,1285.6,1035.3,-131.18,24.33,29.55,20.55,73.79
TGO,TGO_TGO.4.3_2,Amou,Plateaux,2014,1498.7,1184.2,81.92,24.16,29.23,20.65,76.67
TGO,TGO_TGO.4.3_2,Amou,Plateaux,2015,1227.5,1040.5,-189.28,24.39,29.68,20.51,72.14
TGO,TGO_TGO.4.3_2,Amou,Plateaux,2016,1682.1,1367.0,265.32,24.61,29.8,20.83,73.71
TGO,TGO_TGO.4.3_2,Amou,Plateaux,2017,1325.5,1077.0,-91.28,24.05,29.29,20.36,72.82
TGO,TGO_TGO.4.3_2,Amou,Plateaux,2018,1603.1,1307.8,186.32,23.78,28.91,20.09,72.82
TGO,TGO_TGO.4.3_2,Amou,Plateaux,2019,1625.0,1376.0,208.22,24.04,29.14,20.5,75.41
TGO,TGO_TGO.4.3_2,Amou,Plateaux,2020,1343.0,1155.3,-73.78,24.09,29.34,20.26,71.58
TGO,TGO_TGO.4.3_2,Amou,Plateaux,2021,1381.4,1215.6,-35.38,24.11,29.55,20.25,73.34
TGO,TGO_TGO.4.3_2,Amou,Plateaux,2022,1393.2,1173.0,-23.58,23.44,28.95,19.56,71.93
TGO,TGO_TGO.4.3_2,Amou,Plateaux,2023,1679.7,1417.7,262.92,23.87,29.4,20.07,72.14
TGO,TGO_TGO.4.3_2,Amou,Plateaux,2024,1406.8,1111.7,-9.98,24.12,29.73,20.23,70.34
TGO,TGO_TGO.4.3_2,Amou,Plateaux,2025,1176.9,981.8,-239.88,23.72,28.74,20.04,75.73
TGO,TGO_TGO.4.4_2,Anié,Plateaux,2000,1333.2,1235.8,129.99,26.53,31.99,22.48,73.58
TGO,TGO_TGO.4.4_2,Anié,Plateaux,2001,987.0,851.2,-216.21,26.55,31.89,22.69,74.24
TGO,TGO_TGO.4.4_2,Anié,Plateaux,2002,1544.4,1264.9,341.19,26.34,31.54,22.51,75.84
TGO,TGO_TGO.4.4_2,Anié,Plateaux,2003,1177.9,975.7,-25.31,26.76,32.05,23.0,76.05
TGO,TGO_TGO.4.4_2,Anié,Plateaux,2004,1200.9,984.6,-2.31,26.56,31.8,22.8,76.39
TGO,TGO_TGO.4.4_2,Anié,Plateaux,2005,1039.9,858.9,-163.31,26.69,31.89,22.89,75.23
TGO,TGO_TGO.4.4_2,Anié,Plateaux,2006,1238.4,1111.7,35.19,26.75,31.97,22.94,75.17
TGO,TGO_TGO.4.4_2,Anié,Plateaux,2007,1255.7,1110.9,52.49,26.55,31.96,22.47,73.76
TGO,TGO_TGO.4.4_2,Anié,Plateaux,2008,1097.2,971.1,-106.01,26.58,32.05,22.48,72.6
TGO,TGO_TGO.4.4_2,Anié,Plateaux,2009,1134.8,986.6,-68.41,26.94,32.27,23.12,74.94
TGO,TGO_TGO.4.4_2,Anié,Plateaux,2010,1313.3,1156.4,110.09,26.98,32.17,23.24,75.73
TGO,TGO_TGO.4.4_2,Anié,Plateaux,2011,1136.3,1008.1,-66.91,26.56,32.0,22.56,74.05
TGO,TGO_TGO.4.4_2,Anié,Plateaux,2012,1590.6,1301.9,387.39,26.27,31.49,22.51,76.52
TGO,TGO_TGO.4.4_2,Anié,Plateaux,2013,973.6,753.1,-229.61,26.76,32.1,22.85,74.17
TGO,TGO_TGO.4.4_2,Anié,Plateaux,2014,1307.4,1098.6,104.19,26.73,31.93,23.06,75.94
TGO,TGO_TGO.4.4_2,Anié,Plateaux,2015,1067.6,911.9,-135.61,26.81,32.36,22.72,72.15
TGO,TGO_TGO.4.4_2,Anié,Plateaux,2016,1656.8,1276.1,453.59,26.9,32.18,23.04,75.19
TGO,TGO_TGO.4.4_2,Anié,Plateaux,2017,925.5,767.7,-277.71,27.41,33.13,23.43,72.15
TGO,TGO_TGO.4.4_2,Anié,Plateaux,2018,1356.7,1156.7,153.49,26.96,32.56,23.01,73.28
TGO,TGO_TGO.4.4_2,Anié,Plateaux,2019,1387.5,1196.4,184.29,27.22,32.67,23.5,75.18
TGO,TGO_TGO.4.4_2,Anié,Plateaux,2020,853.1,689.7,-350.11,27.28,32.96,23.06,70.73
TGO,TGO_TGO.4.4_2,Anié,Plateaux,2021,1024.8,852.6,-178.41,27.58,33.39,23.47,71.77
TGO,TGO_TGO.4.4_2,Anié,Plateaux,2022,1163.7,972.8,-39.51,26.76,32.76,22.55,71.07
TGO,TGO_TGO.4.4_2,Anié,Plateaux,2023,1375.7,1134.9,172.49,27.05,33.11,22.85,72.41
TGO,TGO_TGO.4.4_2,Anié,Plateaux,2024,1187.6,973.2,-15.61,27.36,33.57,22.99,70.06
TGO,TGO_TGO.4.4_2,Anié,Plateaux,2025,953.9,784.9,-249.31,27.29,32.76,23.39,73.99
TGO,TGO_TGO.4.5_2,Danyi,Plateaux,2000,1556.5,1364.5,-84.86,22.98,27.99,19.51,79.16
TGO,TGO_TGO.4.5_2,Danyi,Plateaux,2001,1309.4,1046.8,-331.96,22.97,27.81,19.69,79.92
TGO,TGO_TGO.4.5_2,Danyi,Plateaux,2002,1673.8,1270.9,32.44,22.92,27.68,19.59,80.74
TGO,TGO_TGO.4.5_2,Danyi,Plateaux,2003,1588.4,1218.4,-52.96,23.06,27.84,19.87,82.41
TGO,TGO_TGO.4.5_2,Danyi,Plateaux,2004,1542.1,1183.3,-99.26,22.98,27.76,19.76,81.96
TGO,TGO_TGO.4.5_2,Danyi,Plateaux,2005,1378.3,1055.2,-263.06,23.11,27.82,19.9,81.03
TGO,TGO_TGO.4.5_2,Danyi,Plateaux,2006,1489.7,1214.0,-151.66,23.08,27.79,19.88,81.32
TGO,TGO_TGO.4.5_2,Danyi,Plateaux,2007,1634.7,1355.7,-6.66,23.09,28.06,19.56,78.81
TGO,TGO_TGO.4.5_2,Danyi,Plateaux,2008,1458.6,1164.2,-182.76,23.07,28.07,19.53,78.06
TGO,TGO_TGO.4.5_2,Danyi,Plateaux,2009,1459.5,1110.3,-181.86,23.1,27.87,19.88,81.9
TGO,TGO_TGO.4.5_2,Danyi,Plateaux,2010,1488.6,1225.4,-152.76,23.36,27.99,20.19,81.58
TGO,TGO_TGO.4.5_2,Danyi,Plateaux,2011,1681.9,1358.6,40.54,23.01,27.93,19.62,80.03
TGO,TGO_TGO.4.5_2,Danyi,Plateaux,2012,1690.3,1240.2,48.94,22.72,27.38,19.51,82.16
TGO,TGO_TGO.4.5_2,Danyi,Plateaux,2013,1399.7,1015.0,-241.66,23.09,27.83,19.76,80.23
TGO,TGO_TGO.4.5_2,Danyi,Plateaux,2014,1731.5,1282.5,90.14,22.91,27.51,19.89,83.02
TGO,TGO_TGO.4.5_2,Danyi,Plateaux,2015,1374.2,1061.2,-267.16,23.18,28.05,19.76,78.69
TGO,TGO_TGO.4.5_2,Danyi,Plateaux,2016,1947.2,1531.9,305.84,23.51,28.39,20.17,79.68
TGO,TGO_TGO.4.5_2,Danyi,Plateaux,2017,1970.3,1454.4,328.94,22.63,27.6,19.23,81.43
TGO,TGO_TGO.4.5_2,Danyi,Plateaux,2018,1994.9,1604.4,353.54,22.38,27.28,18.92,81.69
TGO,TGO_TGO.4.5_2,Danyi,Plateaux,2019,2007.8,1577.8,366.44,22.82,27.7,19.5,82.21
TGO,TGO_TGO.4.5_2,Danyi,Plateaux,2020,1773.2,1440.0,131.84,22.93,28.16,19.2,78.1
TGO,TGO_TGO.4.5_2,Danyi,Plateaux,2021,1780.4,1523.7,139.04,22.92,28.31,19.21,80.12
TGO,TGO_TGO.4.5_2,Danyi,Plateaux,2022,1678.2,1300.5,36.84,22.42,27.9,18.69,77.7
TGO,TGO_TGO.4.5_2,Danyi,Plateaux,2023,1975.1,1658.2,333.74,22.8,28.42,19.07,78.28
TGO,TGO_TGO.4.5_2,Danyi,Plateaux,2024,1731.8,1289.8,90.44,23.15,28.78,19.31,75.98
TGO,TGO_TGO.4.5_2,Danyi,Plateaux,2025,1359.3,1044.1,-282.06,22.91,27.65,19.62,80.58
TGO,TGO_TGO.4.6_2,Est-Mono,Plateaux,2000,1469.8,1337.3,150.7,26.42,32.11,21.97,72.07
TGO,TGO_TGO.4.6_2,Est-Mono,Plateaux,2001,1122.1,945.2,-197.0,26.58,32.17,22.28,72.32
TGO,TGO_TGO.4.6_2,Est-Mono,Plateaux,2002,1668.2,1352.1,349.1,26.32,31.72,22.18,74.4
TGO,TGO_TGO.4.6_2,Est-Mono,Plateaux,2003,1278.9,1042.0,-40.2,26.71,32.17,22.58,74.87
TGO,TGO_TGO.4.6_2,Est-Mono,Plateaux,2004,1280.2,1015.8,-38.9,26.51,31.95,22.4,75.43
TGO,TGO_TGO.4.6_2,Est-Mono,Plateaux,2005,1291.5,1057.5,-27.6,26.63,32.03,22.53,74.47
TGO,TGO_TGO.4.6_2,Est-Mono,Plateaux,2006,1324.1,1187.4,5.0,26.68,32.15,22.49,73.77
TGO,TGO_TGO.4.6_2,Est-Mono,Plateaux,2007,1421.8,1263.3,102.7,26.5,32.09,22.17,72.79
TGO,TGO_TGO.4.6_2,Est-Mono,Plateaux,2008,1169.2,1047.6,-149.9,26.51,32.18,22.08,71.19
TGO,TGO_TGO.4.6_2,Est-Mono,Plateaux,2009,1216.3,1050.3,-102.8,26.79,32.25,22.63,74.65
TGO,TGO_TGO.4.6_2,Est-Mono,Plateaux,2010,1362.4,1181.7,43.3,26.85,32.22,22.74,74.78
TGO,TGO_TGO.4.6_2,Est-Mono,Plateaux,2011,1270.1,1112.2,-49.0,26.51,32.12,22.2,72.86
TGO,TGO_TGO.4.6_2,Est-Mono,Plateaux,2012,1697.4,1382.0,378.3,26.23,31.7,22.11,75.11
TGO,TGO_TGO.4.6_2,Est-Mono,Plateaux,2013,1199.6,908.7,-119.5,26.67,32.16,22.49,73.78
TGO,TGO_TGO.4.6_2,Est-Mono,Plateaux,2014,1391.9,1136.8,72.8,26.69,32.09,22.69,75.13
TGO,TGO_TGO.4.6_2,Est-Mono,Plateaux,2015,1143.8,995.5,-175.3,26.78,32.38,22.47,71.49
TGO,TGO_TGO.4.6_2,Est-Mono,Plateaux,2016,1746.2,1338.7,427.1,26.89,32.38,22.7,73.63
TGO,TGO_TGO.4.6_2,Est-Mono,Plateaux,2017,1155.1,1025.8,-164.0,26.9,32.99,22.47,71.55
TGO,TGO_TGO.4.6_2,Est-Mono,Plateaux,2018,1562.8,1354.4,243.7,26.36,32.37,21.98,72.63
TGO,TGO_TGO.4.6_2,Est-Mono,Plateaux,2019,1501.8,1345.8,182.7,26.71,32.53,22.63,74.76
TGO,TGO_TGO.4.6_2,Est-Mono,Plateaux,2020,1025.4,875.8,-293.7,26.68,32.72,22.13,70.44
TGO,TGO_TGO.4.6_2,Est-Mono,Plateaux,2021,1078.3,939.3,-240.8,26.99,33.12,22.51,71.32
TGO,TGO_TGO.4.6_2,Est-Mono,Plateaux,2022,1284.3,1091.2,-34.8,26.16,32.53,21.49,70.51
TGO,TGO_TGO.4.6_2,Est-Mono,Plateaux,2023,1474.9,1275.1,155.8,26.57,33.03,21.99,71.56
TGO,TGO_TGO.4.6_2,Est-Mono,Plateaux,2024,1227.7,1081.9,-91.4,27.06,33.58,22.26,67.77
TGO,TGO_TGO.4.6_2,Est-Mono,Plateaux,2025,932.9,768.6,-386.2,27.27,33.11,22.87,70.98
TGO,TGO_TGO.4.7_2,Haho,Plateaux,2000,1056.9,946.7,-75.68,26.21,31.7,22.77,77.59
TGO,TGO_TGO.4.7_2,Haho,Plateaux,2001,883.5,701.5,-249.08,26.15,31.42,22.88,78.07
TGO,TGO_TGO.4.7_2,Haho,Plateaux,2002,1262.1,954.5,129.52,26.09,31.4,22.72,78.9
TGO,TGO_TGO.4.7_2,Haho,Plateaux,2003,1060.8,789.0,-71.78,26.4,31.74,23.11,79.51
TGO,TGO_TGO.4.7_2,Haho,Plateaux,2004,1110.9,839.9,-21.68,26.25,31.57,22.92,79.47
TGO,TGO_TGO.4.7_2,Haho,Plateaux,2005,978.9,750.0,-153.68,26.38,31.59,23.08,78.3
TGO,TGO_TGO.4.7_2,Haho,Plateaux,2006,1101.5,909.0,-31.08,26.4,31.59,23.14,79.03
TGO,TGO_TGO.4.7_2,Haho,Plateaux,2007,1056.2,880.4,-76.38,26.33,31.88,22.69,76.84
TGO,TGO_TGO.4.7_2,Haho,Plateaux,2008,1022.2,830.4,-110.38,26.28,31.81,22.7,76.73
TGO,TGO_TGO.4.7_2,Haho,Plateaux,2009,961.3,750.5,-171.28,26.46,31.79,23.08,78.44
TGO,TGO_TGO.4.7_2,Haho,Plateaux,2010,1087.8,901.5,-44.78,26.7,31.83,23.44,78.81
TGO,TGO_TGO.4.7_2,Haho,Plateaux,2011,1086.3,870.3,-46.28,26.24,31.64,22.81,78.09
TGO,TGO_TGO.4.7_2,Haho,Plateaux,2012,1260.0,942.3,127.42,26.05,31.32,22.8,79.64
TGO,TGO_TGO.4.7_2,Haho,Plateaux,2013,874.6,641.1,-257.98,26.41,31.69,23.01,77.47
TGO,TGO_TGO.4.7_2,Haho,Plateaux,2014,1318.5,1040.7,185.92,26.26,31.41,23.11,79.97
TGO,TGO_TGO.4.7_2,Haho,Plateaux,2015,912.2,715.5,-220.38,26.36,31.74,22.89,76.65
TGO,TGO_TGO.4.7_2,Haho,Plateaux,2016,1397.5,1092.8,264.92,26.64,32.03,23.32,78.42
TGO,TGO_TGO.4.7_2,Haho,Plateaux,2017,1207.6,885.5,75.02,26.51,32.48,22.97,79.71
TGO,TGO_TGO.4.7_2,Haho,Plateaux,2018,1294.3,1037.4,161.72,26.36,32.28,22.78,80.05
TGO,TGO_TGO.4.7_2,Haho,Plateaux,2019,1386.4,1068.3,253.82,26.63,32.43,23.2,81.27
TGO,TGO_TGO.4.7_2,Haho,Plateaux,2020,994.9,825.5,-137.68,26.66,32.73,22.88,77.45
TGO,TGO_TGO.4.7_2,Haho,Plateaux,2021,1234.5,968.7,101.92,26.98,33.34,23.21,77.95
TGO,TGO_TGO.4.7_2,Haho,Plateaux,2022,1300.8,998.3,168.22,26.31,32.98,22.34,76.97
TGO,TGO_TGO.4.7_2,Haho,Plateaux,2023,1410.7,1180.9,278.12,26.64,33.18,22.76,78.12
TGO,TGO_TGO.4.7_2,Haho,Plateaux,2024,1270.4,886.5,137.82,27.1,33.78,23.08,75.81
TGO,TGO_TGO.4.7_2,Haho,Plateaux,2025,916.2,702.1,-216.38,27.01,32.42,23.52,77.72
TGO,TGO_TGO.4.8_2,Kloto,Plateaux,2000,1472.1,1288.4,-11.92,25.91,30.92,22.62,80.5
TGO,TGO_TGO.4.8_2,Kloto,Plateaux,2001,1206.5,961.4,-277.52,25.86,30.71,22.7,80.97
TGO,TGO_TGO.4.8_2,Kloto,Plateaux,2002,1664.1,1283.1,180.08,25.89,30.7,22.68,81.42
TGO,TGO_TGO.4.8_2,Kloto,Plateaux,2003,1589.1,1210.2,105.08,25.99,30.75,22.92,83.13
TGO,TGO_TGO.4.8_2,Kloto,Plateaux,2004,1487.2,1150.1,3.18,25.96,30.73,22.82,82.37
TGO,TGO_TGO.4.8_2,Kloto,Plateaux,2005,1259.7,953.6,-224.32,26.07,30.79,22.93,81.55
TGO,TGO_TGO.4.8_2,Kloto,Plateaux,2006,1398.6,1116.2,-85.42,26.06,30.75,22.96,82.02
TGO,TGO_TGO.4.8_2,Kloto,Plateaux,2007,1490.4,1224.1,6.38,26.09,31.08,22.7,79.61
TGO,TGO_TGO.4.8_2,Kloto,Plateaux,2008,1386.6,1099.4,-97.42,26.06,31.07,22.64,79.37
TGO,TGO_TGO.4.8_2,Kloto,Plateaux,2009,1330.5,1033.3,-153.52,26.06,30.78,22.93,82.21
TGO,TGO_TGO.4.8_2,Kloto,Plateaux,2010,1384.5,1116.9,-99.52,26.3,30.9,23.27,82.28
TGO,TGO_TGO.4.8_2,Kloto,Plateaux,2011,1472.0,1178.1,-12.02,25.96,30.84,22.7,81.19
TGO,TGO_TGO.4.8_2,Kloto,Plateaux,2012,1645.2,1216.5,161.18,25.77,30.45,22.66,82.43
TGO,TGO_TGO.4.8_2,Kloto,Plateaux,2013,1265.3,926.4,-218.72,26.07,30.82,22.84,80.74
TGO,TGO_TGO.4.8_2,Kloto,Plateaux,2014,1650.4,1212.6,166.38,25.85,30.41,22.92,83.55
TGO,TGO_TGO.4.8_2,Kloto,Plateaux,2015,1330.6,1032.7,-153.42,26.13,31.0,22.82,79.79
TGO,TGO_TGO.4.8_2,Kloto,Plateaux,2016,1841.5,1469.4,357.48,26.49,31.46,23.27,80.61
TGO,TGO_TGO.4.8_2,Kloto,Plateaux,2017,1415.2,1059.6,-68.82,26.01,30.65,23.13,82.1
TGO,TGO_TGO.4.8_2,Kloto,Plateaux,2018,1648.8,1301.2,164.78,25.94,30.56,22.97,81.86
TGO,TGO_TGO.4.8_2,Kloto,Plateaux,2019,1718.2,1326.9,234.18,26.23,30.78,23.34,83.04
TGO,TGO_TGO.4.8_2,Kloto,Plateaux,2020,1342.1,1067.3,-141.92,26.27,31.22,23.07,79.7
TGO,TGO_TGO.4.8_2,Kloto,Plateaux,2021,1444.7,1166.9,-39.32,26.28,31.3,23.14,81.54
TGO,TGO_TGO.4.8_2,Kloto,Plateaux,2022,1577.7,1218.5,93.68,25.84,31.21,22.6,79.34
TGO,TGO_TGO.4.8_2,Kloto,Plateaux,2023,1749.2,1366.1,265.18,26.21,31.48,23.0,80.13
TGO,TGO_TGO.4.8_2,Kloto,Plateaux,2024,1511.7,1081.2,27.68,26.55,31.98,23.15,78.03
TGO,TGO_TGO.4.8_2,Kloto,Plateaux,2025,1302.5,987.2,-181.52,25.99,30.68,22.92,82.83
TGO,TGO_TGO.4.9_2,Kpélé,Plateaux,2000,1472.1,1288.4,69.93,24.75,30.16,21.22,79.09
TGO,TGO_TGO.4.9_2,Kpélé,Plateaux,2001,1206.5,961.4,-195.67,24.69,29.92,21.36,79.79
TGO,TGO_TGO.4.9_2,Kpélé,Plateaux,2002,1664.1,1283.1,261.93,24.64,29.8,21.26,80.65
TGO,TGO_TGO.4.9_2,Kpélé,Plateaux,2003,1589.1,1210.2,186.93,24.84,30.03,21.56,81.85
TGO,TGO_TGO.4.9_2,Kpélé,Plateaux,2004,1487.2,1150.1,85.03,24.75,29.93,21.41,81.47
TGO,TGO_TGO.4.9_2,Kpélé,Plateaux,2005,1259.7,953.6,-142.47,24.87,29.98,21.58,80.53
TGO,TGO_TGO.4.9_2,Kpélé,Plateaux,2006,1398.6,1116.2,-3.57,24.87,29.97,21.57,80.98
TGO,TGO_TGO.4.9_2,Kpélé,Plateaux,2007,1490.4,1224.1,88.23,24.87,30.24,21.24,78.58
TGO,TGO_TGO.4.9_2,Kpélé,Plateaux,2008,1386.6,1099.4,-15.57,24.84,30.26,21.2,78.04
TGO,TGO_TGO.4.9_2,Kpélé,Plateaux,2009,1330.5,1033.3,-71.67,24.89,30.06,21.55,81.22
TGO,TGO_TGO.4.9_2,Kpélé,Plateaux,2010,1384.5,1116.9,-17.67,25.13,30.16,21.87,81.13
TGO,TGO_TGO.4.9_2,Kpélé,Plateaux,2011,1472.0,1178.1,69.83,24.77,30.06,21.31,79.93
TGO,TGO_TGO.4.9_2,Kpélé,Plateaux,2012,1645.2,1216.5,243.03,24.51,29.6,21.23,81.71
TGO,TGO_TGO.4.9_2,Kpélé,Plateaux,2013,1265.3,926.4,-136.87,24.86,30.0,21.46,79.99
TGO,TGO_TGO.4.9_2,Kpélé,Plateaux,2014,1650.4,1212.6,248.23,24.68,29.68,21.58,82.56
TGO,TGO_TGO.4.9_2,Kpélé,Plateaux,2015,1330.6,1032.7,-71.57,24.91,30.16,21.42,78.7
TGO,TGO_TGO.4.9_2,Kpélé,Plateaux,2016,1841.5,1469.4,439.33,25.22,30.49,21.83,79.88
TGO,TGO_TGO.4.9_2,Kpélé,Plateaux,2017,1172.2,868.2,-229.97,24.8,30.81,20.86,78.32
TGO,TGO_TGO.4.9_2,Kpélé,Plateaux,2018,1370.5,1174.7,-31.67,24.58,30.42,20.58,78.63
TGO,TGO_TGO.4.9_2,Kpélé,Plateaux,2019,1447.7,1172.0,45.53,24.94,30.65,21.24,79.91
TGO,TGO_TGO.4.9_2,Kpélé,Plateaux,2020,1107.7,936.5,-294.47,24.96,30.94,20.97,76.19
TGO,TGO_TGO.4.9_2,Kpélé,Plateaux,2021,1168.0,964.4,-234.17,25.05,31.14,21.1,78.34
TGO,TGO_TGO.4.9_2,Kpélé,Plateaux,2022,1461.7,1146.1,59.53,24.47,30.84,20.41,76.15
TGO,TGO_TGO.4.9_2,Kpélé,Plateaux,2023,1496.0,1246.1,93.83,24.86,31.2,20.81,76.76
TGO,TGO_TGO.4.9_2,Kpélé,Plateaux,2024,1276.8,948.4,-125.37,25.43,31.83,21.36,73.66
TGO,TGO_TGO.4.9_2,Kpélé,Plateaux,2025,1081.6,812.2,-320.57,25.22,30.49,21.57,77.57
TGO,TGO_TGO.4.10_2,Moyen-Mono,Plateaux,2000,1150.2,1042.3,36.65,26.77,32.31,23.3,76.86
TGO,TGO_TGO.4.10_2,Moyen-Mono,Plateaux,2001,900.8,737.9,-212.75,26.69,32.09,23.36,77.52
TGO,TGO_TGO.4.10_2,Moyen-Mono,Plateaux,2002,1318.2,1011.5,204.65,26.62,31.98,23.23,78.33
TGO,TGO_TGO.4.10_2,Moyen-Mono,Plateaux,2003,1094.0,861.1,-19.55,26.93,32.34,23.62,78.92
TGO,TGO_TGO.4.10_2,Moyen-Mono,Plateaux,2004,1136.6,897.7,23.05,26.78,32.17,23.45,78.84
TGO,TGO_TGO.4.10_2,Moyen-Mono,Plateaux,2005,1014.8,786.8,-98.75,26.91,32.21,23.55,77.81
TGO,TGO_TGO.4.10_2,Moyen-Mono,Plateaux,2006,1205.6,1022.6,92.05,26.87,32.1,23.62,78.88
TGO,TGO_TGO.4.10_2,Moyen-Mono,Plateaux,2007,1163.1,986.2,49.55,26.82,32.38,23.2,76.5
TGO,TGO_TGO.4.10_2,Moyen-Mono,Plateaux,2008,1074.4,896.3,-39.15,26.81,32.38,23.22,76.16
TGO,TGO_TGO.4.10_2,Moyen-Mono,Plateaux,2009,1056.2,859.0,-57.35,27.02,32.45,23.59,77.71
TGO,TGO_TGO.4.10_2,Moyen-Mono,Plateaux,2010,1204.8,1027.4,91.25,27.23,32.51,23.94,78.32
TGO,TGO_TGO.4.10_2,Moyen-Mono,Plateaux,2011,1147.4,947.3,33.85,26.74,32.18,23.3,77.72
TGO,TGO_TGO.4.10_2,Moyen-Mono,Plateaux,2012,1369.6,1060.0,256.05,26.5,31.79,23.26,79.55
TGO,TGO_TGO.4.10_2,Moyen-Mono,Plateaux,2013,908.2,683.8,-205.35,26.95,32.33,23.5,77.02
TGO,TGO_TGO.4.10_2,Moyen-Mono,Plateaux,2014,1343.9,1107.0,230.35,26.76,31.94,23.6,79.68
TGO,TGO_TGO.4.10_2,Moyen-Mono,Plateaux,2015,898.0,720.6,-215.55,26.94,32.43,23.42,75.76
TGO,TGO_TGO.4.10_2,Moyen-Mono,Plateaux,2016,1464.6,1173.6,351.05,27.18,32.6,23.8,77.83
TGO,TGO_TGO.4.10_2,Moyen-Mono,Plateaux,2017,1044.2,741.2,-69.35,27.14,32.86,23.46,75.99
TGO,TGO_TGO.4.10_2,Moyen-Mono,Plateaux,2018,1111.5,884.3,-2.05,26.98,32.61,23.25,76.33
TGO,TGO_TGO.4.10_2,Moyen-Mono,Plateaux,2019,1295.8,1040.9,182.25,27.14,32.66,23.6,78.26
TGO,TGO_TGO.4.10_2,Moyen-Mono,Plateaux,2020,794.4,631.1,-319.15,27.24,33.11,23.28,73.88
TGO,TGO_TGO.4.10_2,Moyen-Mono,Plateaux,2021,988.4,826.0,-125.15,27.56,33.58,23.66,74.48
TGO,TGO_TGO.4.10_2,Moyen-Mono,Plateaux,2022,1147.9,931.3,34.35,27.01,33.33,22.92,72.92
TGO,TGO_TGO.4.10_2,Moyen-Mono,Plateaux,2023,1255.2,1039.7,141.65,27.24,33.39,23.22,74.59
TGO,TGO_TGO.4.10_2,Moyen-Mono,Plateaux,2024,1034.5,762.9,-79.05,27.54,33.94,23.46,73.0
TGO,TGO_TGO.4.10_2,Moyen-Mono,Plateaux,2025,829.9,665.7,-283.65,27.04,32.37,23.45,77.55
TGO,TGO_TGO.4.11_2,Ogou,Plateaux,2000,1147.4,1077.9,50.38,26.38,31.86,22.64,75.54
TGO,TGO_TGO.4.11_2,Ogou,Plateaux,2001,871.7,753.5,-225.32,26.37,31.75,22.82,76.09
TGO,TGO_TGO.4.11_2,Ogou,Plateaux,2002,1253.3,1038.7,156.28,26.26,31.54,22.67,77.14
TGO,TGO_TGO.4.11_2,Ogou,Plateaux,2003,1018.8,869.4,-78.22,26.66,32.06,23.12,77.14
TGO,TGO_TGO.4.11_2,Ogou,Plateaux,2004,952.1,787.5,-144.92,26.5,31.87,22.94,77.23
TGO,TGO_TGO.4.11_2,Ogou,Plateaux,2005,930.3,767.7,-166.72,26.57,31.83,23.01,76.53
TGO,TGO_TGO.4.11_2,Ogou,Plateaux,2006,1021.5,913.9,-75.52,26.59,31.85,23.06,76.84
TGO,TGO_TGO.4.11_2,Ogou,Plateaux,2007,1082.1,977.6,-14.92,26.46,31.99,22.58,75.15
TGO,TGO_TGO.4.11_2,Ogou,Plateaux,2008,972.5,866.8,-124.52,26.48,32.03,22.61,74.38
TGO,TGO_TGO.4.11_2,Ogou,Plateaux,2009,902.9,792.7,-194.12,26.77,32.21,23.12,76.22
TGO,TGO_TGO.4.11_2,Ogou,Plateaux,2010,1172.7,1056.3,75.68,26.91,32.18,23.39,76.77
TGO,TGO_TGO.4.11_2,Ogou,Plateaux,2011,1095.0,977.8,-2.02,26.42,31.86,22.74,75.89
TGO,TGO_TGO.4.11_2,Ogou,Plateaux,2012,1243.2,1048.8,146.18,26.2,31.48,22.71,77.71
TGO,TGO_TGO.4.11_2,Ogou,Plateaux,2013,875.4,715.3,-221.62,26.63,32.03,22.95,75.49
TGO,TGO_TGO.4.11_2,Ogou,Plateaux,2014,1103.8,934.3,6.78,26.54,31.76,23.11,77.59
TGO,TGO_TGO.4.11_2,Ogou,Plateaux,2015,843.5,710.7,-253.52,26.65,32.2,22.83,74.05
TGO,TGO_TGO.4.11_2,Ogou,Plateaux,2016,1437.0,1153.6,339.98,26.81,32.2,23.22,76.54
TGO,TGO_TGO.4.11_2,Ogou,Plateaux,2017,1056.3,846.9,-40.72,27.24,32.96,23.33,73.75
TGO,TGO_TGO.4.11_2,Ogou,Plateaux,2018,1391.7,1195.4,294.68,26.9,32.46,23.03,74.61
TGO,TGO_TGO.4.11_2,Ogou,Plateaux,2019,1587.7,1391.3,490.68,27.1,32.54,23.46,76.73
TGO,TGO_TGO.4.11_2,Ogou,Plateaux,2020,889.8,723.9,-207.22,27.13,32.79,23.08,72.63
TGO,TGO_TGO.4.11_2,Ogou,Plateaux,2021,1004.5,860.3,-92.52,27.43,33.21,23.42,73.49
TGO,TGO_TGO.4.11_2,Ogou,Plateaux,2022,1198.4,1037.1,101.38,26.67,32.64,22.62,72.61
TGO,TGO_TGO.4.11_2,Ogou,Plateaux,2023,1467.8,1173.5,370.78,26.97,32.99,22.93,73.81
TGO,TGO_TGO.4.11_2,Ogou,Plateaux,2024,1103.1,864.7,6.08,27.44,33.76,23.17,71.01
TGO,TGO_TGO.4.11_2,Ogou,Plateaux,2025,899.9,711.3,-197.12,27.33,32.83,23.5,74.6
TGO,TGO_TGO.4.12_2,Wawa,Plateaux,2000,1867.7,1654.6,153.93,24.38,29.34,20.6,76.91
TGO,TGO_TGO.4.12_2,Wawa,Plateaux,2001,1577.3,1277.4,-136.47,24.35,29.17,20.82,78.14
TGO,TGO_TGO.4.12_2,Wawa,Plateaux,2002,2024.4,1546.5,310.63,24.31,29.02,20.77,79.06
TGO,TGO_TGO.4.12_2,Wawa,Plateaux,2003,1846.3,1407.4,132.53,24.48,29.21,21.08,80.31
TGO,TGO_TGO.4.12_2,Wawa,Plateaux,2004,1926.5,1486.2,212.73,24.35,29.07,20.92,80.48
TGO,TGO_TGO.4.12_2,Wawa,Plateaux,2005,1735.0,1337.5,21.23,24.49,29.15,21.09,79.62
TGO,TGO_TGO.4.12_2,Wawa,Plateaux,2006,1752.3,1425.7,38.53,24.47,29.12,21.08,79.3
TGO,TGO_TGO.4.12_2,Wawa,Plateaux,2007,1941.4,1636.2,227.63,24.46,29.34,20.69,77.11
TGO,TGO_TGO.4.12_2,Wawa,Plateaux,2008,1677.1,1396.8,-36.67,24.42,29.37,20.63,76.22
TGO,TGO_TGO.4.12_2,Wawa,Plateaux,2009,1877.3,1413.1,163.53,24.47,29.2,21.06,80.54
TGO,TGO_TGO.4.12_2,Wawa,Plateaux,2010,1930.7,1622.4,216.93,24.71,29.3,21.31,80.01
TGO,TGO_TGO.4.12_2,Wawa,Plateaux,2011,2150.5,1726.9,436.73,24.36,29.16,20.75,78.37
TGO,TGO_TGO.4.12_2,Wawa,Plateaux,2012,2015.6,1504.7,301.83,24.09,28.67,20.63,80.11
TGO,TGO_TGO.4.12_2,Wawa,Plateaux,2013,1806.5,1348.0,92.73,24.46,29.13,20.95,78.68
TGO,TGO_TGO.4.12_2,Wawa,Plateaux,2014,2073.9,1549.8,360.13,24.31,28.9,21.06,81.41
TGO,TGO_TGO.4.12_2,Wawa,Plateaux,2015,1749.3,1392.3,35.53,24.54,29.35,20.86,77.07
TGO,TGO_TGO.4.12_2,Wawa,Plateaux,2016,2189.7,1713.1,475.93,24.86,29.64,21.28,77.98
TGO,TGO_TGO.4.12_2,Wawa,Plateaux,2017,1223.7,928.8,-490.07,24.1,28.79,20.6,76.72
TGO,TGO_TGO.4.12_2,Wawa,Plateaux,2018,1437.7,1148.5,-276.07,23.83,28.4,20.36,77.24
TGO,TGO_TGO.4.12_2,Wawa,Plateaux,2019,1540.9,1175.7,-172.87,24.21,28.84,20.81,78.12
TGO,TGO_TGO.4.12_2,Wawa,Plateaux,2020,1394.4,1107.9,-319.37,24.36,29.28,20.54,73.96
TGO,TGO_TGO.4.12_2,Wawa,Plateaux,2021,1325.3,1092.8,-388.47,24.38,29.56,20.52,75.35
TGO,TGO_TGO.4.12_2,Wawa,Plateaux,2022,1278.8,915.0,-434.97,23.9,29.09,20.09,73.01
TGO,TGO_TGO.4.12_2,Wawa,Plateaux,2023,1577.3,1236.4,-136.47,24.36,29.69,20.64,73.93
TGO,TGO_TGO.4.12_2,Wawa,Plateaux,2024,1330.0,1060.7,-383.77,24.85,30.19,21.02,70.8
TGO,TGO_TGO.4.12_2,Wawa,Plateaux,2025,1308.5,985.8,-405.27,24.23,29.2,20.76,77.67
TGO,TGO_TGO.5.1_2,Cinkassé,Savanes,2000,672.9,666.9,-28.91,27.81,33.61,22.55,50.17
TGO,TGO_TGO.5.1_2,Cinkassé,Savanes,2001,721.2,686.5,19.39,27.92,33.88,22.5,48.38
TGO,TGO_TGO.5.1_2,Cinkassé,Savanes,2002,754.0,737.2,52.19,28.13,33.89,22.96,50.57
TGO,TGO_TGO.5.1_2,Cinkassé,Savanes,2003,765.5,704.2,63.69,28.28,34.06,23.07,51.21
TGO,TGO_TGO.5.1_2,Cinkassé,Savanes,2004,490.2,439.3,-211.61,28.47,34.33,23.21,50.27
TGO,TGO_TGO.5.1_2,Cinkassé,Savanes,2005,639.8,593.8,-62.01,28.45,34.21,23.37,51.17
TGO,TGO_TGO.5.1_2,Cinkassé,Savanes,2006,680.8,668.9,-21.01,28.3,34.07,23.04,49.41
TGO,TGO_TGO.5.1_2,Cinkassé,Savanes,2007,643.6,592.9,-58.21,28.17,34.11,22.94,49.6
TGO,TGO_TGO.5.1_2,Cinkassé,Savanes,2008,614.6,605.3,-87.21,27.74,33.66,22.42,48.54
TGO,TGO_TGO.5.1_2,Cinkassé,Savanes,2009,698.5,681.2,-3.31,28.46,34.15,23.32,51.88
TGO,TGO_TGO.5.1_2,Cinkassé,Savanes,2010,810.6,771.5,108.79,28.18,33.79,23.15,54.03
TGO,TGO_TGO.5.1_2,Cinkassé,Savanes,2011,573.5,552.1,-128.31,28.47,34.32,23.19,49.85
TGO,TGO_TGO.5.1_2,Cinkassé,Savanes,2012,971.5,894.6,269.69,27.76,33.36,22.79,54.21
TGO,TGO_TGO.5.1_2,Cinkassé,Savanes,2013,647.1,569.4,-54.71,28.13,33.71,23.2,54.36
TGO,TGO_TGO.5.1_2,Cinkassé,Savanes,2014,700.6,658.5,-1.21,28.36,34.0,23.32,52.76
TGO,TGO_TGO.5.1_2,Cinkassé,Savanes,2015,831.3,821.4,129.49,28.32,34.17,23.1,48.96
TGO,TGO_TGO.5.1_2,Cinkassé,Savanes,2016,703.1,647.6,1.29,28.6,34.37,23.44,50.95
TGO,TGO_TGO.5.1_2,Cinkassé,Savanes,2017,398.2,390.5,-303.61,28.13,33.54,23.47,49.43
TGO,TGO_TGO.5.1_2,Cinkassé,Savanes,2018,580.3,551.5,-121.51,28.03,33.26,23.64,53.49
TGO,TGO_TGO.5.1_2,Cinkassé,Savanes,2019,769.5,757.0,67.69,28.29,33.49,23.86,53.35
TGO,TGO_TGO.5.1_2,Cinkassé,Savanes,2020,812.8,792.3,110.99,28.36,33.61,23.84,50.21
TGO,TGO_TGO.5.1_2,Cinkassé,Savanes,2021,565.8,562.0,-136.01,28.86,34.26,24.23,47.58
TGO,TGO_TGO.5.1_2,Cinkassé,Savanes,2022,863.9,816.5,162.09,27.82,33.22,23.2,49.48
TGO,TGO_TGO.5.1_2,Cinkassé,Savanes,2023,715.7,655.9,13.89,28.55,34.15,23.83,49.98
TGO,TGO_TGO.5.1_2,Cinkassé,Savanes,2024,786.0,779.2,84.19,28.59,34.29,23.96,48.88
TGO,TGO_TGO.5.1_2,Cinkassé,Savanes,2025,836.1,805.8,134.29,28.73,34.51,24.05,50.91
TGO,TGO_TGO.5.2_2,Kpendjal,Savanes,2000,560.7,549.4,-114.8,28.83,34.94,23.2,50.35
TGO,TGO_TGO.5.2_2,Kpendjal,Savanes,2001,623.6,586.4,-51.9,28.96,35.22,23.19,48.31
TGO,TGO_TGO.5.2_2,Kpendjal,Savanes,2002,796.3,769.9,120.8,29.04,35.01,23.57,51.35
TGO,TGO_TGO.5.2_2,Kpendjal,Savanes,2003,678.8,611.9,3.3,29.07,35.06,23.59,52.38
TGO,TGO_TGO.5.2_2,Kpendjal,Savanes,2004,471.4,415.3,-204.1,29.26,35.33,23.72,51.38
TGO,TGO_TGO.5.2_2,Kpendjal,Savanes,2005,562.2,496.4,-113.3,29.27,35.23,23.94,52.39
TGO,TGO_TGO.5.2_2,Kpendjal,Savanes,2006,534.8,522.6,-140.7,29.29,35.38,23.7,49.99
TGO,TGO_TGO.5.2_2,Kpendjal,Savanes,2007,538.3,504.3,-137.2,29.05,35.27,23.51,50.33
TGO,TGO_TGO.5.2_2,Kpendjal,Savanes,2008,654.7,637.3,-20.8,28.57,34.69,23.01,50.28
TGO,TGO_TGO.5.2_2,Kpendjal,Savanes,2009,675.3,639.2,-0.2,29.23,35.21,23.83,53.25
TGO,TGO_TGO.5.2_2,Kpendjal,Savanes,2010,723.4,685.2,47.9,29.09,34.98,23.77,54.45
TGO,TGO_TGO.5.2_2,Kpendjal,Savanes,2011,492.8,480.7,-182.7,29.46,35.57,23.94,50.3
TGO,TGO_TGO.5.2_2,Kpendjal,Savanes,2012,996.1,901.7,320.6,28.52,34.29,23.33,55.66
TGO,TGO_TGO.5.2_2,Kpendjal,Savanes,2013,567.9,511.8,-107.6,29.07,34.96,23.87,54.71
TGO,TGO_TGO.5.2_2,Kpendjal,Savanes,2014,723.6,662.7,48.1,29.07,34.87,23.81,54.38
TGO,TGO_TGO.5.2_2,Kpendjal,Savanes,2015,780.1,754.6,104.6,29.07,35.1,23.6,50.42
TGO,TGO_TGO.5.2_2,Kpendjal,Savanes,2016,599.3,553.8,-76.2,29.29,35.26,23.9,52.56
TGO,TGO_TGO.5.2_2,Kpendjal,Savanes,2017,460.4,452.1,-215.1,28.71,34.58,23.62,51.02
TGO,TGO_TGO.5.2_2,Kpendjal,Savanes,2018,632.7,599.5,-42.8,28.72,34.41,23.92,54.0
TGO,TGO_TGO.5.2_2,Kpendjal,Savanes,2019,755.0,733.4,79.5,28.88,34.48,24.02,54.65
TGO,TGO_TGO.5.2_2,Kpendjal,Savanes,2020,761.1,744.9,85.6,28.86,34.51,23.86,51.82
TGO,TGO_TGO.5.2_2,Kpendjal,Savanes,2021,572.3,561.2,-103.2,29.3,35.14,24.17,49.49
TGO,TGO_TGO.5.2_2,Kpendjal,Savanes,2022,898.5,835.2,223.0,28.22,34.05,23.14,51.58
TGO,TGO_TGO.5.2_2,Kpendjal,Savanes,2023,729.2,700.4,53.7,29.15,35.13,23.97,50.87
TGO,TGO_TGO.5.2_2,Kpendjal,Savanes,2024,910.4,876.6,234.9,28.98,34.91,23.89,51.39
TGO,TGO_TGO.5.2_2,Kpendjal,Savanes,2025,864.1,839.7,188.6,29.35,35.1,24.33,53.12
TGO,TGO_TGO.5.3_2,Naki-Ouest,Savanes,2000,584.5,574.9,-112.02,28.45,34.33,23.14,51.87
TGO,TGO_TGO.5.3_2,Naki-Ouest,Savanes,2001,659.8,625.3,-36.72,28.61,34.63,23.13,49.73
TGO,TGO_TGO.5.3_2,Naki-Ouest,Savanes,2002,801.9,772.4,105.38,28.79,34.58,23.55,52.22
TGO,TGO_TGO.5.3_2,Naki-Ouest,Savanes,2003,732.7,639.1,36.18,28.82,34.63,23.57,53.29
TGO,TGO_TGO.5.3_2,Naki-Ouest,Savanes,2004,485.8,421.8,-210.72,28.99,34.88,23.7,52.47
TGO,TGO_TGO.5.3_2,Naki-Ouest,Savanes,2005,605.7,526.3,-90.82,28.94,34.7,23.88,53.66
TGO,TGO_TGO.5.3_2,Naki-Ouest,Savanes,2006,592.9,578.3,-103.62,28.95,34.79,23.67,51.26
TGO,TGO_TGO.5.3_2,Naki-Ouest,Savanes,2007,556.7,515.7,-139.82,28.75,34.76,23.46,51.41
TGO,TGO_TGO.5.3_2,Naki-Ouest,Savanes,2008,700.8,679.1,4.28,28.33,34.28,22.97,50.82
TGO,TGO_TGO.5.3_2,Naki-Ouest,Savanes,2009,648.4,619.5,-48.12,29.06,34.86,23.87,53.75
TGO,TGO_TGO.5.3_2,Naki-Ouest,Savanes,2010,749.7,713.7,53.18,28.84,34.56,23.76,55.45
TGO,TGO_TGO.5.3_2,Naki-Ouest,Savanes,2011,495.0,484.1,-201.52,29.16,35.07,23.86,51.5
TGO,TGO_TGO.5.3_2,Naki-Ouest,Savanes,2012,986.2,884.3,289.68,28.35,33.96,23.34,56.04
TGO,TGO_TGO.5.3_2,Naki-Ouest,Savanes,2013,571.3,520.0,-125.22,28.78,34.44,23.83,55.82
TGO,TGO_TGO.5.3_2,Naki-Ouest,Savanes,2014,714.8,655.0,18.28,28.87,34.53,23.81,55.07
TGO,TGO_TGO.5.3_2,Naki-Ouest,Savanes,2015,772.4,751.1,75.88,28.85,34.7,23.62,51.22
TGO,TGO_TGO.5.3_2,Naki-Ouest,Savanes,2016,630.7,582.2,-65.82,29.03,34.81,23.88,53.47
TGO,TGO_TGO.5.3_2,Naki-Ouest,Savanes,2017,485.1,472.6,-211.42,28.36,34.11,23.39,50.96
TGO,TGO_TGO.5.3_2,Naki-Ouest,Savanes,2018,644.7,608.8,-51.82,28.36,33.95,23.66,54.3
TGO,TGO_TGO.5.3_2,Naki-Ouest,Savanes,2019,811.7,794.9,115.18,28.6,34.1,23.78,54.37
TGO,TGO_TGO.5.3_2,Naki-Ouest,Savanes,2020,797.1,774.5,100.58,28.54,34.13,23.62,51.73
TGO,TGO_TGO.5.3_2,Naki-Ouest,Savanes,2021,679.6,665.1,-16.92,29.15,34.92,24.0,48.45
TGO,TGO_TGO.5.3_2,Naki-Ouest,Savanes,2022,973.1,882.5,276.58,28.02,33.73,22.99,51.14
TGO,TGO_TGO.5.3_2,Naki-Ouest,Savanes,2023,723.4,695.1,26.88,28.77,34.62,23.66,51.31
TGO,TGO_TGO.5.3_2,Naki-Ouest,Savanes,2024,840.0,821.9,143.48,28.62,34.55,23.58,51.03
TGO,TGO_TGO.5.3_2,Naki-Ouest,Savanes,2025,865.4,846.6,168.88,28.56,34.41,23.8,54.39
TGO,TGO_TGO.5.4_2,Oti,Savanes,2000,529.7,523.4,-192.93,28.32,34.18,22.96,52.45
TGO,TGO_TGO.5.4_2,Oti,Savanes,2001,626.5,585.9,-96.13,28.55,34.57,23.06,50.13
TGO,TGO_TGO.5.4_2,Oti,Savanes,2002,839.1,817.2,116.47,28.66,34.49,23.43,52.93
TGO,TGO_TGO.5.4_2,Oti,Savanes,2003,742.2,639.5,19.57,28.58,34.36,23.33,54.46
TGO,TGO_TGO.5.4_2,Oti,Savanes,2004,498.1,435.6,-224.53,28.82,34.73,23.47,53.19
TGO,TGO_TGO.5.4_2,Oti,Savanes,2005,602.7,534.5,-119.93,28.75,34.49,23.68,54.49
TGO,TGO_TGO.5.4_2,Oti,Savanes,2006,638.8,616.3,-83.83,28.8,34.6,23.57,52.19
TGO,TGO_TGO.5.4_2,Oti,Savanes,2007,623.3,575.6,-99.33,28.53,34.47,23.27,52.79
TGO,TGO_TGO.5.4_2,Oti,Savanes,2008,733.2,709.2,10.57,28.2,34.12,22.87,51.93
TGO,TGO_TGO.5.4_2,Oti,Savanes,2009,635.8,606.3,-86.83,28.89,34.7,23.72,54.8
TGO,TGO_TGO.5.4_2,Oti,Savanes,2010,736.2,693.6,13.57,28.67,34.37,23.58,56.12
TGO,TGO_TGO.5.4_2,Oti,Savanes,2011,532.3,517.3,-190.33,29.01,34.89,23.74,52.39
TGO,TGO_TGO.5.4_2,Oti,Savanes,2012,897.5,778.3,174.87,28.27,33.91,23.22,56.26
TGO,TGO_TGO.5.4_2,Oti,Savanes,2013,615.4,551.1,-107.23,28.6,34.24,23.63,56.51
TGO,TGO_TGO.5.4_2,Oti,Savanes,2014,772.5,700.4,49.87,28.7,34.33,23.64,55.66
TGO,TGO_TGO.5.4_2,Oti,Savanes,2015,717.6,673.3,-5.03,28.69,34.5,23.46,52.19
TGO,TGO_TGO.5.4_2,Oti,Savanes,2016,722.9,649.3,0.27,28.86,34.63,23.7,54.22
TGO,TGO_TGO.5.4_2,Oti,Savanes,2017,468.0,450.7,-254.63,28.78,34.36,23.93,52.56
TGO,TGO_TGO.5.4_2,Oti,Savanes,2018,747.8,701.0,25.17,28.56,33.97,24.04,56.39
TGO,TGO_TGO.5.4_2,Oti,Savanes,2019,945.0,906.8,222.37,28.8,34.14,24.2,56.68
TGO,TGO_TGO.5.4_2,Oti,Savanes,2020,873.8,844.2,151.17,28.79,34.19,24.06,54.1
TGO,TGO_TGO.5.4_2,Oti,Savanes,2021,663.0,646.0,-59.63,29.26,34.85,24.39,51.69
TGO,TGO_TGO.5.4_2,Oti,Savanes,2022,936.0,850.9,213.37,28.16,33.76,23.35,53.72
TGO,TGO_TGO.5.4_2,Oti,Savanes,2023,895.9,830.5,173.27,28.88,34.59,24.04,54.47
TGO,TGO_TGO.5.4_2,Oti,Savanes,2024,922.0,862.6,199.37,29.03,34.74,24.2,52.7
TGO,TGO_TGO.5.4_2,Oti,Savanes,2025,873.2,853.3,150.57,29.24,34.78,24.53,55.46
TGO,TGO_TGO.5.5_2,Oti-Sud,Savanes,2000,660.6,650.8,-155.39,28.13,33.99,22.68,54.6
TGO,TGO_TGO.5.5_2,Oti-Sud,Savanes,2001,715.7,655.4,-100.29,28.31,34.35,22.72,52.54
TGO,TGO_TGO.5.5_2,Oti-Sud,Savanes,2002,1006.3,972.8,190.31,28.44,34.25,23.19,55.16
TGO,TGO_TGO.5.5_2,Oti-Sud,Savanes,2003,891.3,790.2,75.31,28.32,34.09,23.04,57.06
TGO,TGO_TGO.5.5_2,Oti-Sud,Savanes,2004,684.6,577.8,-131.39,28.37,34.23,22.99,56.83
TGO,TGO_TGO.5.5_2,Oti-Sud,Savanes,2005,665.6,605.2,-150.39,28.57,34.31,23.4,56.52
TGO,TGO_TGO.5.5_2,Oti-Sud,Savanes,2006,798.1,777.5,-17.89,28.64,34.44,23.35,54.45
TGO,TGO_TGO.5.5_2,Oti-Sud,Savanes,2007,768.9,722.0,-47.09,28.22,34.08,22.94,55.83
TGO,TGO_TGO.5.5_2,Oti-Sud,Savanes,2008,783.2,757.4,-32.79,28.01,33.91,22.62,54.54
TGO,TGO_TGO.5.5_2,Oti-Sud,Savanes,2009,836.6,785.9,20.61,28.58,34.35,23.39,57.63
TGO,TGO_TGO.5.5_2,Oti-Sud,Savanes,2010,820.9,767.8,4.91,28.42,34.1,23.29,58.59
TGO,TGO_TGO.5.5_2,Oti-Sud,Savanes,2011,596.0,567.0,-219.99,28.82,34.75,23.48,54.41
TGO,TGO_TGO.5.5_2,Oti-Sud,Savanes,2012,954.5,827.6,138.51,28.09,33.73,23.02,58.47
TGO,TGO_TGO.5.5_2,Oti-Sud,Savanes,2013,860.6,785.1,44.61,28.33,33.97,23.36,58.82
TGO,TGO_TGO.5.5_2,Oti-Sud,Savanes,2014,881.4,790.8,65.41,28.47,34.1,23.36,57.77
TGO,TGO_TGO.5.5_2,Oti-Sud,Savanes,2015,867.5,791.5,51.51,28.41,34.22,23.14,54.95
TGO,TGO_TGO.5.5_2,Oti-Sud,Savanes,2016,854.4,753.9,38.41,28.59,34.33,23.4,56.84
TGO,TGO_TGO.5.5_2,Oti-Sud,Savanes,2017,506.5,480.9,-309.49,28.47,34.11,23.54,54.9
TGO,TGO_TGO.5.5_2,Oti-Sud,Savanes,2018,787.2,721.0,-28.79,28.12,33.66,23.47,58.71
TGO,TGO_TGO.5.5_2,Oti-Sud,Savanes,2019,919.5,874.8,103.51,28.37,33.82,23.62,59.03
TGO,TGO_TGO.5.5_2,Oti-Sud,Savanes,2020,782.5,740.2,-33.49,28.31,33.74,23.48,56.7
TGO,TGO_TGO.5.5_2,Oti-Sud,Savanes,2021,687.8,672.8,-128.19,28.67,34.33,23.67,54.88
TGO,TGO_TGO.5.5_2,Oti-Sud,Savanes,2022,1004.9,909.3,188.91,27.67,33.31,22.79,56.33
TGO,TGO_TGO.5.5_2,Oti-Sud,Savanes,2023,969.0,899.9,153.01,28.28,33.97,23.4,57.58
TGO,TGO_TGO.5.5_2,Oti-Sud,Savanes,2024,1003.8,921.2,187.81,28.59,34.34,23.63,55.38
TGO,TGO_TGO.5.5_2,Oti-Sud,Savanes,2025,908.4,893.0,92.41,28.81,34.51,24.02,57.29
TGO,TGO_TGO.5.6_2,Tandjouaré,Savanes,2000,739.3,731.7,-50.69,26.95,32.67,21.79,53.28
TGO,TGO_TGO.5.6_2,Tandjouaré,Savanes,2001,753.3,711.2,-36.69,27.14,33.05,21.76,50.95
TGO,TGO_TGO.5.6_2,Tandjouaré,Savanes,2002,793.6,772.4,3.61,27.41,33.1,22.27,53.11
TGO,TGO_TGO.5.6_2,Tandjouaré,Savanes,2003,834.5,755.8,44.51,27.36,33.03,22.24,54.56
TGO,TGO_TGO.5.6_2,Tandjouaré,Savanes,2004,536.7,475.0,-253.29,27.51,33.26,22.3,53.88
TGO,TGO_TGO.5.6_2,Tandjouaré,Savanes,2005,754.3,691.4,-35.69,27.51,33.13,22.53,54.73
TGO,TGO_TGO.5.6_2,Tandjouaré,Savanes,2006,743.9,722.3,-46.09,27.53,33.25,22.35,52.23
TGO,TGO_TGO.5.6_2,Tandjouaré,Savanes,2007,768.1,713.7,-21.89,27.26,33.07,22.13,52.99
TGO,TGO_TGO.5.6_2,Tandjouaré,Savanes,2008,708.6,693.2,-81.39,26.94,32.79,21.7,51.72
TGO,TGO_TGO.5.6_2,Tandjouaré,Savanes,2009,759.9,730.4,-30.09,27.64,33.31,22.56,55.03
TGO,TGO_TGO.5.6_2,Tandjouaré,Savanes,2010,864.2,814.1,74.21,27.34,32.91,22.35,56.9
TGO,TGO_TGO.5.6_2,Tandjouaré,Savanes,2011,667.9,641.5,-122.09,27.59,33.3,22.45,53.47
TGO,TGO_TGO.5.6_2,Tandjouaré,Savanes,2012,995.0,898.4,205.01,27.01,32.51,22.1,56.53
TGO,TGO_TGO.5.6_2,Tandjouaré,Savanes,2013,703.6,612.4,-86.39,27.33,32.81,22.47,56.96
TGO,TGO_TGO.5.6_2,Tandjouaré,Savanes,2014,792.0,727.1,2.01,27.49,33.05,22.5,55.85
TGO,TGO_TGO.5.6_2,Tandjouaré,Savanes,2015,858.0,841.4,68.01,27.49,33.21,22.32,52.13
TGO,TGO_TGO.5.6_2,Tandjouaré,Savanes,2016,781.9,708.2,-8.09,27.61,33.27,22.58,54.44
TGO,TGO_TGO.5.6_2,Tandjouaré,Savanes,2017,531.1,519.1,-258.89,27.37,32.57,22.85,51.66
TGO,TGO_TGO.5.6_2,Tandjouaré,Savanes,2018,774.8,726.3,-15.19,27.08,32.18,22.79,56.22
TGO,TGO_TGO.5.6_2,Tandjouaré,Savanes,2019,958.3,925.6,168.31,27.4,32.44,22.98,56.16
TGO,TGO_TGO.5.6_2,Tandjouaré,Savanes,2020,959.9,915.5,169.91,27.31,32.36,22.82,53.82
TGO,TGO_TGO.5.6_2,Tandjouaré,Savanes,2021,672.8,658.0,-117.19,27.81,33.03,23.27,51.07
TGO,TGO_TGO.5.6_2,Tandjouaré,Savanes,2022,958.8,884.2,168.81,26.81,32.06,22.27,52.79
TGO,TGO_TGO.5.6_2,Tandjouaré,Savanes,2023,925.3,868.0,135.31,27.37,32.74,22.74,54.37
TGO,TGO_TGO.5.6_2,Tandjouaré,Savanes,2024,870.5,858.0,80.51,27.49,33.01,22.85,52.09
TGO,TGO_TGO.5.6_2,Tandjouaré,Savanes,2025,833.5,819.7,43.51,27.39,32.89,22.97,55.81
TGO,TGO_TGO.5.7_2,Tône,Savanes,2000,639.5,636.0,-47.78,27.73,33.47,22.58,51.71
TGO,TGO_TGO.5.7_2,Tône,Savanes,2001,661.5,632.3,-25.78,27.88,33.77,22.56,49.6
TGO,TGO_TGO.5.7_2,Tône,Savanes,2002,719.5,697.7,32.22,28.14,33.83,23.02,51.73
TGO,TGO_TGO.5.7_2,Tône,Savanes,2003,685.1,605.9,-2.18,28.21,33.92,23.09,52.66
TGO,TGO_TGO.5.7_2,Tône,Savanes,2004,426.3,386.4,-260.98,28.34,34.12,23.18,52.01
TGO,TGO_TGO.5.7_2,Tône,Savanes,2005,587.9,534.0,-99.38,28.29,33.95,23.35,53.14
TGO,TGO_TGO.5.7_2,Tône,Savanes,2006,581.0,571.1,-106.28,28.28,34.01,23.13,50.73
TGO,TGO_TGO.5.7_2,Tône,Savanes,2007,607.1,571.4,-80.18,28.07,33.95,22.92,51.17
TGO,TGO_TGO.5.7_2,Tône,Savanes,2008,583.8,574.9,-103.48,27.68,33.54,22.46,50.06
TGO,TGO_TGO.5.7_2,Tône,Savanes,2009,670.8,650.9,-16.48,28.42,34.11,23.35,53.18
TGO,TGO_TGO.5.7_2,Tône,Savanes,2010,759.0,723.1,71.72,28.14,33.72,23.2,55.33
TGO,TGO_TGO.5.7_2,Tône,Savanes,2011,509.8,488.6,-177.48,28.41,34.19,23.25,51.51
TGO,TGO_TGO.5.7_2,Tône,Savanes,2012,965.6,902.5,278.32,27.74,33.26,22.84,55.3
TGO,TGO_TGO.5.7_2,Tône,Savanes,2013,550.8,485.8,-136.48,28.11,33.63,23.25,55.49
TGO,TGO_TGO.5.7_2,Tône,Savanes,2014,641.9,599.1,-45.38,28.26,33.84,23.3,54.4
TGO,TGO_TGO.5.7_2,Tône,Savanes,2015,793.4,782.7,106.12,28.23,33.99,23.1,50.61
TGO,TGO_TGO.5.7_2,Tône,Savanes,2016,593.6,540.3,-93.68,28.44,34.13,23.4,52.71
TGO,TGO_TGO.5.7_2,Tône,Savanes,2017,461.2,452.1,-226.08,27.87,33.26,23.23,51.26
TGO,TGO_TGO.5.7_2,Tône,Savanes,2018,651.9,617.9,-35.38,27.72,32.94,23.35,55.44
TGO,TGO_TGO.5.7_2,Tône,Savanes,2019,859.6,834.6,172.32,28.02,33.22,23.59,55.28
TGO,TGO_TGO.5.7_2,Tône,Savanes,2020,914.3,881.1,227.02,28.05,33.26,23.54,52.23
TGO,TGO_TGO.5.7_2,Tône,Savanes,2021,653.0,644.4,-34.28,28.54,33.95,23.93,49.74
TGO,TGO_TGO.5.7_2,Tône,Savanes,2022,826.3,759.7,139.02,27.51,32.88,22.89,51.59
TGO,TGO_TGO.5.7_2,Tône,Savanes,2023,799.9,746.2,112.62,28.27,33.84,23.56,51.92
TGO,TGO_TGO.5.7_2,Tône,Savanes,2024,804.1,788.2,116.82,28.31,33.91,23.66,50.5
TGO,TGO_TGO.5.7_2,Tône,Savanes,2025,922.3,884.3,235.02,28.45,34.2,23.79,52.63
BEN,BEN_BEN.1.1_1,Banikoara,Alibori,2000,701.1,691.9,-42.88,27.91,34.06,22.24,47.79
BEN,BEN_BEN.1.1_1,Banikoara,Alibori,2001,750.9,738.7,6.92,28.14,34.5,22.29,45.58
BEN,BEN_BEN.1.1_1,Banikoara,Alibori,2002,798.7,785.1,54.72,28.2,34.34,22.56,49.02
BEN,BEN_BEN.1.1_1,Banikoara,Alibori,2003,762.3,721.4,18.32,28.32,34.37,22.77,49.89
BEN,BEN_BEN.1.1_1,Banikoara,Alibori,2004,579.7,543.2,-164.28,28.49,34.67,22.88,48.66
BEN,BEN_BEN.1.1_1,Banikoara,Alibori,2005,764.9,735.5,20.92,28.75,34.82,23.18,48.27
BEN,BEN_BEN.1.1_1,Banikoara,Alibori,2006,665.1,658.8,-78.88,28.76,35.0,23.06,46.08
BEN,BEN_BEN.1.1_1,Banikoara,Alibori,2007,604.5,580.3,-139.48,28.37,34.6,22.73,47.02
BEN,BEN_BEN.1.1_1,Banikoara,Alibori,2008,743.2,740.2,-0.78,27.86,34.04,22.16,47.17
BEN,BEN_BEN.1.1_1,Banikoara,Alibori,2009,727.6,720.4,-16.38,28.61,34.74,23.06,49.84
BEN,BEN_BEN.1.1_1,Banikoara,Alibori,2010,802.3,754.8,58.32,28.51,34.53,23.02,50.8
BEN,BEN_BEN.1.1_1,Banikoara,Alibori,2011,533.9,520.6,-210.08,28.75,35.04,22.94,46.42
BEN,BEN_BEN.1.1_1,Banikoara,Alibori,2012,1103.8,1077.5,359.82,27.93,33.86,22.55,52.52
BEN,BEN_BEN.1.1_1,Banikoara,Alibori,2013,655.7,614.4,-88.28,28.33,34.23,23.04,52.12
BEN,BEN_BEN.1.1_1,Banikoara,Alibori,2014,741.3,681.9,-2.68,28.42,34.41,22.96,50.78
BEN,BEN_BEN.1.1_1,Banikoara,Alibori,2015,782.8,763.3,38.82,28.43,34.52,22.86,47.07
BEN,BEN_BEN.1.1_1,Banikoara,Alibori,2016,737.2,673.7,-6.78,28.76,34.82,23.23,49.45
BEN,BEN_BEN.1.1_1,Banikoara,Alibori,2017,710.3,708.0,-33.68,28.22,34.17,23.12,47.16
BEN,BEN_BEN.1.1_1,Banikoara,Alibori,2018,694.2,660.6,-49.78,27.88,33.69,23.03,51.51
BEN,BEN_BEN.1.1_1,Banikoara,Alibori,2019,749.3,734.0,5.32,28.35,34.1,23.39,50.52
BEN,BEN_BEN.1.1_1,Banikoara,Alibori,2020,706.9,703.8,-37.08,28.2,33.81,23.26,49.07
BEN,BEN_BEN.1.1_1,Banikoara,Alibori,2021,517.1,514.9,-226.88,28.45,34.21,23.39,46.92
BEN,BEN_BEN.1.1_1,Banikoara,Alibori,2022,875.6,845.8,131.62,27.45,33.21,22.57,48.95
BEN,BEN_BEN.1.1_1,Banikoara,Alibori,2023,678.1,654.7,-65.88,28.49,34.37,23.36,47.45
BEN,BEN_BEN.1.1_1,Banikoara,Alibori,2024,1076.2,1043.2,332.22,27.99,33.81,23.18,49.56
BEN,BEN_BEN.1.1_1,Banikoara,Alibori,2025,880.8,875.6,136.82,27.77,33.63,23.09,54.1
BEN,BEN_BEN.1.2_1,Gogounou,Alibori,2000,874.6,862.3,12.95,27.42,33.5,21.83,51.84
BEN,BEN_BEN.1.2_1,Gogounou,Alibori,2001,915.6,888.6,53.95,27.73,34.05,21.8,49.1
BEN,BEN_BEN.1.2_1,Gogounou,Alibori,2002,991.2,970.9,129.55,27.72,33.81,22.22,52.88
BEN,BEN_BEN.1.2_1,Gogounou,Alibori,2003,983.7,925.6,122.05,28.01,34.09,22.45,52.73
BEN,BEN_BEN.1.2_1,Gogounou,Alibori,2004,744.5,687.6,-117.15,28.12,34.33,22.52,51.59
BEN,BEN_BEN.1.2_1,Gogounou,Alibori,2005,819.6,789.2,-42.05,28.44,34.57,22.89,51.36
BEN,BEN_BEN.1.2_1,Gogounou,Alibori,2006,772.0,766.0,-89.65,28.31,34.53,22.62,50.19
BEN,BEN_BEN.1.2_1,Gogounou,Alibori,2007,696.4,662.8,-165.25,28.0,34.28,22.4,50.07
BEN,BEN_BEN.1.2_1,Gogounou,Alibori,2008,877.0,874.3,15.35,27.6,33.83,21.9,50.18
BEN,BEN_BEN.1.2_1,Gogounou,Alibori,2009,913.5,907.6,51.85,28.37,34.58,22.74,52.34
BEN,BEN_BEN.1.2_1,Gogounou,Alibori,2010,937.6,890.1,75.95,28.04,34.06,22.65,54.41
BEN,BEN_BEN.1.2_1,Gogounou,Alibori,2011,651.8,629.4,-209.85,28.33,34.67,22.59,49.99
BEN,BEN_BEN.1.2_1,Gogounou,Alibori,2012,1302.2,1253.5,440.55,27.65,33.65,22.27,55.11
BEN,BEN_BEN.1.2_1,Gogounou,Alibori,2013,767.5,720.5,-94.15,28.02,33.98,22.72,54.76
BEN,BEN_BEN.1.2_1,Gogounou,Alibori,2014,866.0,791.5,4.35,28.1,34.03,22.68,53.69
BEN,BEN_BEN.1.2_1,Gogounou,Alibori,2015,848.7,817.7,-12.95,28.18,34.39,22.57,49.77
BEN,BEN_BEN.1.2_1,Gogounou,Alibori,2016,993.2,873.9,131.55,28.21,34.25,22.82,53.5
BEN,BEN_BEN.1.2_1,Gogounou,Alibori,2017,787.3,781.7,-74.35,27.81,33.74,22.77,50.37
BEN,BEN_BEN.1.2_1,Gogounou,Alibori,2018,833.3,791.6,-28.35,27.4,33.16,22.58,54.89
BEN,BEN_BEN.1.2_1,Gogounou,Alibori,2019,782.8,758.1,-78.85,27.66,33.3,22.88,55.1
BEN,BEN_BEN.1.2_1,Gogounou,Alibori,2020,700.0,677.4,-161.65,27.81,33.4,22.89,51.58
BEN,BEN_BEN.1.2_1,Gogounou,Alibori,2021,655.6,655.0,-206.05,28.08,33.83,23.02,50.01
BEN,BEN_BEN.1.2_1,Gogounou,Alibori,2022,928.0,910.1,66.35,27.02,32.78,22.23,51.74
BEN,BEN_BEN.1.2_1,Gogounou,Alibori,2023,709.1,695.5,-152.55,27.91,33.83,22.91,51.29
BEN,BEN_BEN.1.2_1,Gogounou,Alibori,2024,1089.0,1052.2,227.35,27.72,33.65,22.83,51.65
BEN,BEN_BEN.1.2_1,Gogounou,Alibori,2025,962.7,959.9,101.05,27.26,33.15,22.61,57.67
BEN,BEN_BEN.1.3_1,Kandi,Alibori,2000,778.9,768.9,32.25,27.92,34.06,22.2,48.57
BEN,BEN_BEN.1.3_1,Kandi,Alibori,2001,729.5,714.0,-17.15,28.15,34.48,22.21,46.42
BEN,BEN_BEN.1.3_1,Kandi,Alibori,2002,880.5,868.6,133.85,28.14,34.23,22.57,50.27
BEN,BEN_BEN.1.3_1,Kandi,Alibori,2003,759.1,727.3,12.45,28.46,34.49,22.87,49.83
BEN,BEN_BEN.1.3_1,Kandi,Alibori,2004,562.7,535.1,-183.95,28.67,34.83,23.03,48.45
BEN,BEN_BEN.1.3_1,Kandi,Alibori,2005,707.9,687.0,-38.75,28.87,34.97,23.24,48.55
BEN,BEN_BEN.1.3_1,Kandi,Alibori,2006,640.1,635.5,-106.55,28.78,34.99,23.04,46.93
BEN,BEN_BEN.1.3_1,Kandi,Alibori,2007,577.2,562.2,-169.45,28.5,34.76,22.84,47.12
BEN,BEN_BEN.1.3_1,Kandi,Alibori,2008,752.7,750.4,6.05,27.97,34.15,22.24,47.59
BEN,BEN_BEN.1.3_1,Kandi,Alibori,2009,730.7,725.1,-15.95,28.81,34.96,23.19,49.42
BEN,BEN_BEN.1.3_1,Kandi,Alibori,2010,787.3,755.8,40.65,28.55,34.55,23.04,51.46
BEN,BEN_BEN.1.3_1,Kandi,Alibori,2011,512.0,498.5,-234.65,28.9,35.25,23.03,46.44
BEN,BEN_BEN.1.3_1,Kandi,Alibori,2012,1043.6,1025.5,296.95,28.09,34.04,22.68,52.63
BEN,BEN_BEN.1.3_1,Kandi,Alibori,2013,599.0,557.9,-147.65,28.51,34.37,23.14,52.01
BEN,BEN_BEN.1.3_1,Kandi,Alibori,2014,766.8,708.9,20.15,28.52,34.47,23.06,50.94
BEN,BEN_BEN.1.3_1,Kandi,Alibori,2015,704.9,684.1,-41.75,28.58,34.69,22.95,47.13
BEN,BEN_BEN.1.3_1,Kandi,Alibori,2016,797.9,728.5,51.25,28.62,34.62,23.14,51.15
BEN,BEN_BEN.1.3_1,Kandi,Alibori,2017,655.8,648.4,-90.85,28.28,34.31,23.05,47.59
BEN,BEN_BEN.1.3_1,Kandi,Alibori,2018,758.5,719.0,11.85,27.82,33.63,22.93,52.49
BEN,BEN_BEN.1.3_1,Kandi,Alibori,2019,742.7,739.6,-3.95,28.28,34.06,23.3,51.46
BEN,BEN_BEN.1.3_1,Kandi,Alibori,2020,745.8,731.0,-0.85,28.27,33.88,23.28,49.31
BEN,BEN_BEN.1.3_1,Kandi,Alibori,2021,543.6,543.1,-203.05,28.54,34.32,23.38,47.28
BEN,BEN_BEN.1.3_1,Kandi,Alibori,2022,883.0,844.7,136.35,27.54,33.36,22.58,49.03
BEN,BEN_BEN.1.3_1,Kandi,Alibori,2023,740.4,719.1,-6.25,28.44,34.38,23.25,48.59
BEN,BEN_BEN.1.3_1,Kandi,Alibori,2024,1001.8,977.3,255.15,28.16,34.07,23.22,49.4
BEN,BEN_BEN.1.3_1,Kandi,Alibori,2025,1010.6,1006.2,263.95,27.94,33.94,23.18,53.91
BEN,BEN_BEN.1.4_1,Karimama,Alibori,2000,495.5,495.0,-80.7,28.74,35.22,22.7,42.92
BEN,BEN_BEN.1.4_1,Karimama,Alibori,2001,601.6,598.3,25.4,28.83,35.41,22.68,41.89
BEN,BEN_BEN.1.4_1,Karimama,Alibori,2002,639.1,633.4,62.9,28.93,35.29,23.06,45.05
BEN,BEN_BEN.1.4_1,Karimama,Alibori,2003,541.9,531.7,-34.3,29.17,35.5,23.27,45.12
BEN,BEN_BEN.1.4_1,Karimama,Alibori,2004,357.9,351.4,-218.3,29.33,35.73,23.42,44.02
BEN,BEN_BEN.1.4_1,Karimama,Alibori,2005,490.0,478.4,-86.2,29.63,36.01,23.72,43.23
BEN,BEN_BEN.1.4_1,Karimama,Alibori,2006,532.3,531.0,-43.9,29.45,35.92,23.44,41.98
BEN,BEN_BEN.1.4_1,Karimama,Alibori,2007,444.9,439.0,-131.3,29.12,35.58,23.21,42.84
BEN,BEN_BEN.1.4_1,Karimama,Alibori,2008,516.9,516.9,-59.3,28.52,34.88,22.57,43.02
BEN,BEN_BEN.1.4_1,Karimama,Alibori,2009,526.1,524.0,-50.1,29.39,35.7,23.57,45.63
BEN,BEN_BEN.1.4_1,Karimama,Alibori,2010,629.4,616.3,53.2,29.24,35.55,23.47,46.78
BEN,BEN_BEN.1.4_1,Karimama,Alibori,2011,390.5,381.8,-185.7,29.66,36.3,23.48,41.01
BEN,BEN_BEN.1.4_1,Karimama,Alibori,2012,787.4,775.5,211.2,28.81,34.92,23.19,48.05
BEN,BEN_BEN.1.4_1,Karimama,Alibori,2013,546.5,517.0,-29.7,29.36,35.52,23.66,47.1
BEN,BEN_BEN.1.4_1,Karimama,Alibori,2014,596.4,568.1,20.2,29.28,35.57,23.49,45.9
BEN,BEN_BEN.1.4_1,Karimama,Alibori,2015,640.0,632.7,63.8,29.12,35.41,23.26,43.24
BEN,BEN_BEN.1.4_1,Karimama,Alibori,2016,575.6,542.7,-0.6,29.55,35.81,23.76,45.23
BEN,BEN_BEN.1.4_1,Karimama,Alibori,2017,574.0,573.2,-2.2,28.72,35.1,23.22,43.97
BEN,BEN_BEN.1.4_1,Karimama,Alibori,2018,655.8,636.5,79.6,28.76,34.91,23.39,46.74
BEN,BEN_BEN.1.4_1,Karimama,Alibori,2019,589.5,588.1,13.3,29.09,35.23,23.73,46.15
BEN,BEN_BEN.1.4_1,Karimama,Alibori,2020,505.1,502.6,-71.1,28.91,34.84,23.56,45.39
BEN,BEN_BEN.1.4_1,Karimama,Alibori,2021,498.0,497.6,-78.2,29.33,35.48,23.77,41.75
BEN,BEN_BEN.1.4_1,Karimama,Alibori,2022,604.7,599.6,28.5,28.15,34.24,22.75,45.27
BEN,BEN_BEN.1.4_1,Karimama,Alibori,2023,579.6,565.2,3.4,29.33,35.54,23.71,43.05
BEN,BEN_BEN.1.4_1,Karimama,Alibori,2024,838.5,820.3,262.3,28.85,34.94,23.42,45.38
BEN,BEN_BEN.1.4_1,Karimama,Alibori,2025,824.0,822.9,247.8,29.51,35.4,24.04,46.96
BEN,BEN_BEN.1.5_1,Malanville,Alibori,2000,571.0,567.0,-77.0,28.61,35.02,22.58,44.62
BEN,BEN_BEN.1.5_1,Malanville,Alibori,2001,601.8,595.0,-46.2,28.71,35.27,22.46,43.46
BEN,BEN_BEN.1.5_1,Malanville,Alibori,2002,742.6,737.9,94.6,28.83,35.09,22.96,46.88
BEN,BEN_BEN.1.5_1,Malanville,Alibori,2003,605.1,590.5,-42.9,29.13,35.36,23.19,46.34
BEN,BEN_BEN.1.5_1,Malanville,Alibori,2004,466.6,461.2,-181.4,29.41,35.76,23.46,44.55
BEN,BEN_BEN.1.5_1,Malanville,Alibori,2005,615.0,598.4,-33.0,29.54,35.85,23.55,45.01
BEN,BEN_BEN.1.5_1,Malanville,Alibori,2006,502.6,500.7,-145.4,29.46,35.9,23.3,43.0
BEN,BEN_BEN.1.5_1,Malanville,Alibori,2007,526.3,516.3,-121.7,29.11,35.52,23.16,44.17
BEN,BEN_BEN.1.5_1,Malanville,Alibori,2008,675.1,675.0,27.1,28.52,34.85,22.51,44.44
BEN,BEN_BEN.1.5_1,Malanville,Alibori,2009,654.8,652.1,6.8,29.45,35.72,23.56,46.02
BEN,BEN_BEN.1.5_1,Malanville,Alibori,2010,642.2,628.5,-5.8,29.32,35.63,23.42,47.27
BEN,BEN_BEN.1.5_1,Malanville,Alibori,2011,443.0,432.7,-205.0,29.41,35.82,23.32,43.5
BEN,BEN_BEN.1.5_1,Malanville,Alibori,2012,885.1,881.2,237.1,28.78,34.81,23.12,49.32
BEN,BEN_BEN.1.5_1,Malanville,Alibori,2013,627.3,592.9,-20.7,29.25,35.31,23.55,48.93
BEN,BEN_BEN.1.5_1,Malanville,Alibori,2014,687.1,655.5,39.1,29.11,35.25,23.38,47.88
BEN,BEN_BEN.1.5_1,Malanville,Alibori,2015,625.9,612.4,-22.1,29.2,35.41,23.28,43.88
BEN,BEN_BEN.1.5_1,Malanville,Alibori,2016,684.8,655.0,36.8,29.37,35.52,23.63,47.46
BEN,BEN_BEN.1.5_1,Malanville,Alibori,2017,572.2,570.6,-75.8,28.68,34.98,23.21,45.23
BEN,BEN_BEN.1.5_1,Malanville,Alibori,2018,667.3,655.3,19.3,28.31,34.3,23.12,50.43
BEN,BEN_BEN.1.5_1,Malanville,Alibori,2019,727.8,726.3,79.8,28.74,34.68,23.55,49.24
BEN,BEN_BEN.1.5_1,Malanville,Alibori,2020,538.0,527.9,-110.0,28.67,34.55,23.39,47.76
BEN,BEN_BEN.1.5_1,Malanville,Alibori,2021,600.9,600.9,-47.1,29.09,35.16,23.63,44.09
BEN,BEN_BEN.1.5_1,Malanville,Alibori,2022,721.0,710.2,73.0,28.11,34.24,22.71,46.43
BEN,BEN_BEN.1.5_1,Malanville,Alibori,2023,596.3,587.1,-51.7,28.98,35.13,23.47,46.14
BEN,BEN_BEN.1.5_1,Malanville,Alibori,2024,1019.3,993.3,371.3,28.56,34.7,23.27,47.62
BEN,BEN_BEN.1.5_1,Malanville,Alibori,2025,849.0,848.7,201.0,28.65,34.84,23.42,51.18
BEN,BEN_BEN.1.6_1,Ségbana,Alibori,2000,821.7,818.5,17.84,27.46,33.48,21.82,49.62
BEN,BEN_BEN.1.6_1,Ségbana,Alibori,2001,855.2,834.6,51.34,27.64,33.85,21.76,47.64
BEN,BEN_BEN.1.6_1,Ségbana,Alibori,2002,938.8,921.8,134.94,27.71,33.69,22.19,51.31
BEN,BEN_BEN.1.6_1,Ségbana,Alibori,2003,851.6,818.6,47.74,28.02,33.99,22.48,50.56
BEN,BEN_BEN.1.6_1,Ségbana,Alibori,2004,640.2,603.4,-163.66,28.27,34.37,22.65,48.57
BEN,BEN_BEN.1.6_1,Ségbana,Alibori,2005,745.7,717.3,-58.16,28.53,34.54,22.87,48.96
BEN,BEN_BEN.1.6_1,Ségbana,Alibori,2006,732.7,730.0,-71.16,28.41,34.58,22.66,47.59
BEN,BEN_BEN.1.6_1,Ségbana,Alibori,2007,666.0,651.0,-137.86,28.08,34.23,22.44,47.98
BEN,BEN_BEN.1.6_1,Ségbana,Alibori,2008,856.9,853.9,53.04,27.7,33.82,21.95,47.8
BEN,BEN_BEN.1.6_1,Ségbana,Alibori,2009,825.8,823.3,21.94,28.3,34.31,22.73,50.48
BEN,BEN_BEN.1.6_1,Ségbana,Alibori,2010,888.0,864.2,84.14,28.13,34.07,22.65,52.02
BEN,BEN_BEN.1.6_1,Ségbana,Alibori,2011,568.6,555.5,-235.26,28.4,34.58,22.63,47.5
BEN,BEN_BEN.1.6_1,Ségbana,Alibori,2012,1052.6,1039.8,248.74,27.79,33.66,22.37,52.56
BEN,BEN_BEN.1.6_1,Ségbana,Alibori,2013,725.6,671.8,-78.26,28.2,34.03,22.82,52.34
BEN,BEN_BEN.1.6_1,Ségbana,Alibori,2014,858.3,804.5,54.44,28.16,34.01,22.72,51.52
BEN,BEN_BEN.1.6_1,Ségbana,Alibori,2015,772.8,751.8,-31.06,28.19,34.18,22.59,47.78
BEN,BEN_BEN.1.6_1,Ségbana,Alibori,2016,909.2,835.0,105.34,28.21,34.1,22.76,51.84
BEN,BEN_BEN.1.6_1,Ségbana,Alibori,2017,759.2,753.4,-44.66,28.08,33.97,23.01,48.23
BEN,BEN_BEN.1.6_1,Ségbana,Alibori,2018,744.3,721.2,-59.56,27.58,33.24,22.82,53.24
BEN,BEN_BEN.1.6_1,Ségbana,Alibori,2019,711.5,703.2,-92.36,27.85,33.43,23.15,53.53
BEN,BEN_BEN.1.6_1,Ségbana,Alibori,2020,651.6,629.0,-152.26,27.92,33.48,23.08,50.23
BEN,BEN_BEN.1.6_1,Ségbana,Alibori,2021,656.5,656.2,-147.36,28.14,33.86,23.21,48.63
BEN,BEN_BEN.1.6_1,Ségbana,Alibori,2022,831.0,791.9,27.14,27.23,32.91,22.49,50.02
BEN,BEN_BEN.1.6_1,Ségbana,Alibori,2023,759.1,723.0,-44.76,27.98,33.78,23.07,50.47
BEN,BEN_BEN.1.6_1,Ségbana,Alibori,2024,1075.9,1052.8,272.04,27.92,33.76,23.03,50.04
BEN,BEN_BEN.1.6_1,Ségbana,Alibori,2025,1001.5,997.3,197.64,28.34,34.1,23.41,52.35
BEN,BEN_BEN.2.1_1,Boukoumbé,Atakora,2000,993.2,973.1,-78.17,26.86,32.94,21.32,59.0
BEN,BEN_BEN.2.1_1,Boukoumbé,Atakora,2001,1007.1,933.8,-64.27,27.05,33.38,21.25,56.84
BEN,BEN_BEN.2.1_1,Boukoumbé,Atakora,2002,1346.2,1269.3,274.83,27.16,33.13,21.79,59.65
BEN,BEN_BEN.2.1_1,Boukoumbé,Atakora,2003,1211.8,1054.6,140.43,27.2,33.2,21.75,60.7
BEN,BEN_BEN.2.1_1,Boukoumbé,Atakora,2004,1012.3,847.7,-59.07,27.11,33.13,21.73,61.56
BEN,BEN_BEN.2.1_1,Boukoumbé,Atakora,2005,996.6,918.7,-74.77,27.37,33.31,22.07,60.76
BEN,BEN_BEN.2.1_1,Boukoumbé,Atakora,2006,1111.9,1064.2,40.53,27.37,33.38,21.93,59.13
BEN,BEN_BEN.2.1_1,Boukoumbé,Atakora,2007,993.5,910.0,-77.87,26.99,33.01,21.66,60.03
BEN,BEN_BEN.2.1_1,Boukoumbé,Atakora,2008,1088.3,1037.8,16.93,26.86,32.96,21.42,58.5
BEN,BEN_BEN.2.1_1,Boukoumbé,Atakora,2009,1328.2,1194.7,256.83,27.23,33.15,22.01,62.8
BEN,BEN_BEN.2.1_1,Boukoumbé,Atakora,2010,1204.8,1093.8,133.43,27.2,33.07,21.98,63.04
BEN,BEN_BEN.2.1_1,Boukoumbé,Atakora,2011,888.0,832.9,-183.37,27.32,33.46,21.89,59.88
BEN,BEN_BEN.2.1_1,Boukoumbé,Atakora,2012,1366.1,1189.2,294.73,26.8,32.59,21.68,62.87
BEN,BEN_BEN.2.1_1,Boukoumbé,Atakora,2013,1166.2,1047.7,94.83,27.16,32.93,22.14,63.0
BEN,BEN_BEN.2.1_1,Boukoumbé,Atakora,2014,1264.0,1102.8,192.63,27.17,32.92,21.96,62.7
BEN,BEN_BEN.2.1_1,Boukoumbé,Atakora,2015,1194.7,1114.7,123.33,27.26,33.34,21.82,58.83
BEN,BEN_BEN.2.1_1,Boukoumbé,Atakora,2016,1247.0,1109.0,175.63,27.42,33.38,22.17,61.38
BEN,BEN_BEN.2.1_1,Boukoumbé,Atakora,2017,672.0,646.3,-399.37,27.63,33.09,22.84,55.95
BEN,BEN_BEN.2.1_1,Boukoumbé,Atakora,2018,954.1,871.7,-117.27,27.12,32.39,22.7,61.1
BEN,BEN_BEN.2.1_1,Boukoumbé,Atakora,2019,997.3,947.4,-74.07,27.42,32.59,23.04,60.62
BEN,BEN_BEN.2.1_1,Boukoumbé,Atakora,2020,863.5,821.1,-207.87,27.58,32.73,23.13,57.44
BEN,BEN_BEN.2.1_1,Boukoumbé,Atakora,2021,879.3,831.4,-192.07,27.87,33.2,23.34,55.63
BEN,BEN_BEN.2.1_1,Boukoumbé,Atakora,2022,1054.1,934.9,-17.27,27.03,32.46,22.55,56.73
BEN,BEN_BEN.2.1_1,Boukoumbé,Atakora,2023,1043.2,960.5,-28.17,27.64,33.13,23.12,57.71
BEN,BEN_BEN.2.1_1,Boukoumbé,Atakora,2024,1102.7,1053.2,31.33,27.88,33.18,23.54,56.11
BEN,BEN_BEN.2.1_1,Boukoumbé,Atakora,2025,869.5,856.4,-201.87,28.42,33.86,23.96,55.75
BEN,BEN_BEN.2.2_1,Cobly,Atakora,2000,684.6,669.8,-107.93,28.13,34.17,22.52,52.63
BEN,BEN_BEN.2.2_1,Cobly,Atakora,2001,696.0,641.2,-96.53,28.29,34.51,22.51,50.54
BEN,BEN_BEN.2.2_1,Cobly,Atakora,2002,910.4,879.7,117.87,28.34,34.25,22.96,53.85
BEN,BEN_BEN.2.2_1,Cobly,Atakora,2003,832.5,750.5,39.97,28.36,34.27,22.94,54.95
BEN,BEN_BEN.2.2_1,Cobly,Atakora,2004,596.3,529.3,-196.23,28.42,34.42,22.95,54.72
BEN,BEN_BEN.2.2_1,Cobly,Atakora,2005,629.4,578.1,-163.13,28.57,34.47,23.24,54.63
BEN,BEN_BEN.2.2_1,Cobly,Atakora,2006,649.4,622.8,-143.13,28.66,34.66,23.2,52.3
BEN,BEN_BEN.2.2_1,Cobly,Atakora,2007,676.0,618.2,-116.53,28.28,34.33,22.84,53.67
BEN,BEN_BEN.2.2_1,Cobly,Atakora,2008,757.4,733.9,-35.13,27.93,33.96,22.45,53.01
BEN,BEN_BEN.2.2_1,Cobly,Atakora,2009,841.6,783.1,49.07,28.47,34.39,23.17,56.35
BEN,BEN_BEN.2.2_1,Cobly,Atakora,2010,841.6,780.4,49.07,28.35,34.15,23.1,57.23
BEN,BEN_BEN.2.2_1,Cobly,Atakora,2011,598.7,574.3,-193.83,28.66,34.7,23.22,53.22
BEN,BEN_BEN.2.2_1,Cobly,Atakora,2012,1019.7,911.0,227.17,27.91,33.62,22.77,57.5
BEN,BEN_BEN.2.2_1,Cobly,Atakora,2013,756.1,682.3,-36.43,28.32,34.1,23.22,57.2
BEN,BEN_BEN.2.2_1,Cobly,Atakora,2014,896.7,797.0,104.17,28.36,34.06,23.15,56.72
BEN,BEN_BEN.2.2_1,Cobly,Atakora,2015,904.0,852.5,111.47,28.33,34.25,22.94,53.42
BEN,BEN_BEN.2.2_1,Cobly,Atakora,2016,788.5,723.4,-4.03,28.56,34.45,23.26,55.37
BEN,BEN_BEN.2.2_1,Cobly,Atakora,2017,522.0,508.5,-270.53,28.2,33.83,23.35,53.88
BEN,BEN_BEN.2.2_1,Cobly,Atakora,2018,806.3,739.8,13.77,27.89,33.38,23.33,58.01
BEN,BEN_BEN.2.2_1,Cobly,Atakora,2019,950.5,911.8,157.97,28.18,33.6,23.57,57.95
BEN,BEN_BEN.2.2_1,Cobly,Atakora,2020,806.1,764.1,13.57,28.14,33.49,23.48,55.42
BEN,BEN_BEN.2.2_1,Cobly,Atakora,2021,698.8,672.7,-93.73,28.5,34.05,23.73,53.53
BEN,BEN_BEN.2.2_1,Cobly,Atakora,2022,963.5,833.8,170.97,27.55,33.14,22.82,54.97
BEN,BEN_BEN.2.2_1,Cobly,Atakora,2023,847.1,803.0,54.57,28.38,34.14,23.54,54.76
BEN,BEN_BEN.2.2_1,Cobly,Atakora,2024,1002.3,940.3,209.77,28.46,34.06,23.65,54.32
BEN,BEN_BEN.2.2_1,Cobly,Atakora,2025,930.2,910.5,137.67,28.77,34.47,23.97,55.42
BEN,BEN_BEN.2.3_1,Kérou,Atakora,2000,823.2,808.3,-42.23,27.32,33.5,21.83,51.33
BEN,BEN_BEN.2.3_1,Kérou,Atakora,2001,857.9,829.2,-7.53,27.58,33.95,21.8,48.78
BEN,BEN_BEN.2.3_1,Kérou,Atakora,2002,1049.1,1022.2,183.67,27.43,33.6,22.03,53.21
BEN,BEN_BEN.2.3_1,Kérou,Atakora,2003,1059.1,978.2,193.67,27.7,33.85,22.28,53.4
BEN,BEN_BEN.2.3_1,Kérou,Atakora,2004,867.1,799.6,1.67,27.6,33.8,22.29,53.79
BEN,BEN_BEN.2.3_1,Kérou,Atakora,2005,902.3,858.4,36.87,27.96,34.09,22.63,52.75
BEN,BEN_BEN.2.3_1,Kérou,Atakora,2006,803.8,796.9,-61.63,27.93,34.2,22.42,50.91
BEN,BEN_BEN.2.3_1,Kérou,Atakora,2007,692.2,656.0,-173.23,27.55,33.82,22.18,51.49
BEN,BEN_BEN.2.3_1,Kérou,Atakora,2008,804.2,792.3,-61.23,27.35,33.63,21.79,50.26
BEN,BEN_BEN.2.3_1,Kérou,Atakora,2009,928.0,900.7,62.57,27.89,34.13,22.51,54.05
BEN,BEN_BEN.2.3_1,Kérou,Atakora,2010,883.7,837.9,18.27,27.88,34.0,22.58,54.4
BEN,BEN_BEN.2.3_1,Kérou,Atakora,2011,631.6,616.9,-233.83,27.9,34.21,22.35,51.35
BEN,BEN_BEN.2.3_1,Kérou,Atakora,2012,1277.3,1225.3,411.87,27.33,33.42,22.1,55.45
BEN,BEN_BEN.2.3_1,Kérou,Atakora,2013,847.7,783.3,-17.73,27.64,33.61,22.52,55.98
BEN,BEN_BEN.2.3_1,Kérou,Atakora,2014,937.1,839.3,71.67,27.66,33.59,22.46,55.43
BEN,BEN_BEN.2.3_1,Kérou,Atakora,2015,921.6,882.2,56.17,27.86,34.07,22.42,50.38
BEN,BEN_BEN.2.3_1,Kérou,Atakora,2016,834.4,757.0,-31.03,28.05,34.16,22.78,53.22
BEN,BEN_BEN.2.3_1,Kérou,Atakora,2017,745.4,741.6,-120.03,27.46,33.76,22.24,50.37
BEN,BEN_BEN.2.3_1,Kérou,Atakora,2018,858.7,782.0,-6.73,27.06,33.2,22.05,55.35
BEN,BEN_BEN.2.3_1,Kérou,Atakora,2019,796.0,778.2,-69.43,27.23,33.42,22.24,55.86
BEN,BEN_BEN.2.3_1,Kérou,Atakora,2020,728.8,699.8,-136.63,27.13,33.23,22.01,53.59
BEN,BEN_BEN.2.3_1,Kérou,Atakora,2021,594.2,584.6,-271.23,27.4,33.55,22.15,51.55
BEN,BEN_BEN.2.3_1,Kérou,Atakora,2022,868.9,819.6,3.47,26.45,32.6,21.44,53.51
BEN,BEN_BEN.2.3_1,Kérou,Atakora,2023,723.1,675.0,-142.33,27.38,33.8,22.09,52.21
BEN,BEN_BEN.2.3_1,Kérou,Atakora,2024,1063.1,1040.7,197.67,27.24,33.57,22.04,52.51
BEN,BEN_BEN.2.3_1,Kérou,Atakora,2025,1002.8,988.5,137.37,27.28,33.02,22.58,56.25
BEN,BEN_BEN.2.4_1,Kouandé,Atakora,2000,1044.3,1026.7,35.99,26.62,32.92,21.63,56.35
BEN,BEN_BEN.2.4_1,Kouandé,Atakora,2001,982.1,931.3,-26.21,26.83,33.17,21.67,54.27
BEN,BEN_BEN.2.4_1,Kouandé,Atakora,2002,1186.7,1115.7,178.39,26.64,32.83,21.82,58.94
BEN,BEN_BEN.2.4_1,Kouandé,Atakora,2003,1044.4,935.7,36.09,26.87,33.04,22.02,59.15
BEN,BEN_BEN.2.4_1,Kouandé,Atakora,2004,1069.1,911.8,60.79,26.62,32.83,21.89,60.6
BEN,BEN_BEN.2.4_1,Kouandé,Atakora,2005,1030.8,938.9,22.49,27.01,33.18,22.23,59.2
BEN,BEN_BEN.2.4_1,Kouandé,Atakora,2006,1115.4,1079.8,107.09,26.99,33.21,22.1,57.75
BEN,BEN_BEN.2.4_1,Kouandé,Atakora,2007,880.5,830.4,-127.81,26.68,32.9,21.85,57.84
BEN,BEN_BEN.2.4_1,Kouandé,Atakora,2008,1005.5,993.7,-2.81,26.62,32.99,21.64,55.71
BEN,BEN_BEN.2.4_1,Kouandé,Atakora,2009,1130.9,1059.5,122.59,26.84,33.08,22.11,61.47
BEN,BEN_BEN.2.4_1,Kouandé,Atakora,2010,1143.8,1050.6,135.49,26.92,32.94,22.28,61.23
BEN,BEN_BEN.2.4_1,Kouandé,Atakora,2011,883.8,849.1,-124.51,26.83,33.09,21.94,58.77
BEN,BEN_BEN.2.4_1,Kouandé,Atakora,2012,1385.1,1277.1,376.79,26.39,32.42,21.75,61.96
BEN,BEN_BEN.2.4_1,Kouandé,Atakora,2013,1012.5,908.9,4.19,26.82,32.83,22.21,61.73
BEN,BEN_BEN.2.4_1,Kouandé,Atakora,2014,1167.7,1008.9,159.39,26.85,32.85,22.15,61.13
BEN,BEN_BEN.2.4_1,Kouandé,Atakora,2015,1140.2,1078.6,131.89,26.85,33.09,21.97,57.4
BEN,BEN_BEN.2.4_1,Kouandé,Atakora,2016,1040.5,900.3,32.19,27.15,33.23,22.42,59.38
BEN,BEN_BEN.2.4_1,Kouandé,Atakora,2017,800.8,774.0,-207.51,26.61,33.44,21.61,55.61
BEN,BEN_BEN.2.4_1,Kouandé,Atakora,2018,894.0,801.2,-114.31,26.09,32.69,21.44,61.24
BEN,BEN_BEN.2.4_1,Kouandé,Atakora,2019,998.0,953.0,-10.31,26.33,32.91,21.66,61.53
BEN,BEN_BEN.2.4_1,Kouandé,Atakora,2020,784.1,752.7,-224.21,26.02,32.55,21.26,60.15
BEN,BEN_BEN.2.4_1,Kouandé,Atakora,2021,673.5,667.8,-334.81,26.37,33.11,21.37,57.6
BEN,BEN_BEN.2.4_1,Kouandé,Atakora,2022,1005.5,889.2,-2.81,25.62,32.28,20.82,58.45
BEN,BEN_BEN.2.4_1,Kouandé,Atakora,2023,891.4,812.6,-116.91,26.35,33.21,21.39,58.92
BEN,BEN_BEN.2.4_1,Kouandé,Atakora,2024,994.6,927.4,-13.71,26.46,33.26,21.48,57.34
BEN,BEN_BEN.2.4_1,Kouandé,Atakora,2025,910.9,906.1,-97.41,27.13,32.55,22.56,57.48
BEN,BEN_BEN.2.5_1,Matéri,Atakora,2000,544.2,532.4,-117.91,28.33,34.58,22.55,49.77
BEN,BEN_BEN.2.5_1,Matéri,Atakora,2001,570.5,528.2,-91.61,28.5,34.9,22.49,47.38
BEN,BEN_BEN.2.5_1,Matéri,Atakora,2002,778.2,758.2,116.09,28.51,34.62,22.89,51.0
BEN,BEN_BEN.2.5_1,Matéri,Atakora,2003,664.7,600.1,2.59,28.6,34.69,22.99,51.88
BEN,BEN_BEN.2.5_1,Matéri,Atakora,2004,504.6,453.3,-157.51,28.72,34.9,23.05,51.26
BEN,BEN_BEN.2.5_1,Matéri,Atakora,2005,528.0,481.1,-134.11,28.8,34.85,23.3,51.81
BEN,BEN_BEN.2.5_1,Matéri,Atakora,2006,507.2,496.0,-154.91,28.85,35.1,23.1,49.21
BEN,BEN_BEN.2.5_1,Matéri,Atakora,2007,509.8,476.0,-152.31,28.54,34.84,22.84,50.15
BEN,BEN_BEN.2.5_1,Matéri,Atakora,2008,601.8,589.5,-60.31,28.11,34.32,22.42,49.91
BEN,BEN_BEN.2.5_1,Matéri,Atakora,2009,659.6,625.5,-2.51,28.66,34.75,23.14,53.31
BEN,BEN_BEN.2.5_1,Matéri,Atakora,2010,671.2,629.0,9.09,28.58,34.56,23.13,54.12
BEN,BEN_BEN.2.5_1,Matéri,Atakora,2011,468.1,453.3,-194.01,28.88,35.08,23.24,50.26
BEN,BEN_BEN.2.5_1,Matéri,Atakora,2012,926.1,846.5,263.99,28.0,33.87,22.68,55.23
BEN,BEN_BEN.2.5_1,Matéri,Atakora,2013,544.6,488.3,-117.51,28.54,34.54,23.23,54.41
BEN,BEN_BEN.2.5_1,Matéri,Atakora,2014,711.0,650.5,48.89,28.56,34.44,23.17,53.92
BEN,BEN_BEN.2.5_1,Matéri,Atakora,2015,760.2,725.6,98.09,28.48,34.57,22.88,50.59
BEN,BEN_BEN.2.5_1,Matéri,Atakora,2016,587.5,540.6,-74.61,28.78,34.86,23.27,52.4
BEN,BEN_BEN.2.5_1,Matéri,Atakora,2017,530.0,517.6,-132.11,28.41,34.25,23.41,50.96
BEN,BEN_BEN.2.5_1,Matéri,Atakora,2018,626.8,594.6,-35.31,28.19,33.82,23.5,54.91
BEN,BEN_BEN.2.5_1,Matéri,Atakora,2019,826.1,785.8,163.99,28.47,34.05,23.7,54.84
BEN,BEN_BEN.2.5_1,Matéri,Atakora,2020,759.6,738.0,97.49,28.51,34.06,23.67,51.99
BEN,BEN_BEN.2.5_1,Matéri,Atakora,2021,555.0,550.2,-107.11,28.73,34.48,23.81,50.76
BEN,BEN_BEN.2.5_1,Matéri,Atakora,2022,833.8,759.4,171.69,27.78,33.51,22.88,51.98
BEN,BEN_BEN.2.5_1,Matéri,Atakora,2023,728.4,700.4,66.29,28.66,34.53,23.66,51.82
BEN,BEN_BEN.2.5_1,Matéri,Atakora,2024,901.6,883.4,239.49,28.58,34.39,23.74,51.83
BEN,BEN_BEN.2.5_1,Matéri,Atakora,2025,916.2,897.4,254.09,28.95,34.74,24.07,52.77
BEN,BEN_BEN.2.6_1,Natitingou,Atakora,2000,1079.9,1057.5,-61.4,25.34,31.27,20.53,58.74
BEN,BEN_BEN.2.6_1,Natitingou,Atakora,2001,1045.9,964.7,-95.4,25.56,31.6,20.56,56.34
BEN,BEN_BEN.2.6_1,Natitingou,Atakora,2002,1410.9,1312.0,269.6,25.45,31.3,20.77,60.75
BEN,BEN_BEN.2.6_1,Natitingou,Atakora,2003,1215.6,1063.3,74.3,25.59,31.39,20.86,61.19
BEN,BEN_BEN.2.6_1,Natitingou,Atakora,2004,1118.0,913.5,-23.3,25.38,31.22,20.8,62.77
BEN,BEN_BEN.2.6_1,Natitingou,Atakora,2005,1034.6,959.2,-106.7,25.65,31.48,21.04,61.76
BEN,BEN_BEN.2.6_1,Natitingou,Atakora,2006,1210.3,1163.9,69.0,25.69,31.52,20.98,60.02
BEN,BEN_BEN.2.6_1,Natitingou,Atakora,2007,1039.5,966.3,-101.8,25.33,31.11,20.77,61.02
BEN,BEN_BEN.2.6_1,Natitingou,Atakora,2008,1127.4,1080.3,-13.9,25.28,31.31,20.48,58.42
BEN,BEN_BEN.2.6_1,Natitingou,Atakora,2009,1385.1,1235.4,243.8,25.52,31.33,21.0,63.93
BEN,BEN_BEN.2.6_1,Natitingou,Atakora,2010,1274.8,1157.7,133.5,25.61,31.3,21.14,63.5
BEN,BEN_BEN.2.6_1,Natitingou,Atakora,2011,952.7,885.0,-188.6,25.52,31.43,20.86,61.25
BEN,BEN_BEN.2.6_1,Natitingou,Atakora,2012,1452.8,1281.1,311.5,25.08,30.72,20.59,64.35
BEN,BEN_BEN.2.6_1,Natitingou,Atakora,2013,1162.6,1019.4,21.3,25.52,31.15,21.08,64.01
BEN,BEN_BEN.2.6_1,Natitingou,Atakora,2014,1302.2,1123.8,160.9,25.46,31.08,20.95,64.0
BEN,BEN_BEN.2.6_1,Natitingou,Atakora,2015,1214.7,1137.6,73.4,25.64,31.56,20.95,59.16
BEN,BEN_BEN.2.6_1,Natitingou,Atakora,2016,1295.2,1121.3,153.9,25.88,31.61,21.35,61.53
BEN,BEN_BEN.2.6_1,Natitingou,Atakora,2017,844.3,807.5,-297.0,25.68,31.62,21.24,57.22
BEN,BEN_BEN.2.6_1,Natitingou,Atakora,2018,1090.2,984.9,-51.1,25.12,30.83,21.1,63.07
BEN,BEN_BEN.2.6_1,Natitingou,Atakora,2019,1162.3,1077.7,21.0,25.45,31.13,21.33,62.42
BEN,BEN_BEN.2.6_1,Natitingou,Atakora,2020,933.9,861.5,-207.4,25.46,31.09,21.33,59.32
BEN,BEN_BEN.2.6_1,Natitingou,Atakora,2021,900.9,871.9,-240.4,25.64,31.52,21.36,57.69
BEN,BEN_BEN.2.6_1,Natitingou,Atakora,2022,1249.4,1066.8,108.1,25.0,30.81,20.81,57.84
BEN,BEN_BEN.2.6_1,Natitingou,Atakora,2023,1117.5,1016.8,-23.8,25.38,31.42,21.05,60.0
BEN,BEN_BEN.2.6_1,Natitingou,Atakora,2024,1117.5,1065.8,-23.8,25.75,31.63,21.43,57.7
BEN,BEN_BEN.2.6_1,Natitingou,Atakora,2025,935.6,924.1,-205.7,26.36,31.29,22.21,58.82
BEN,BEN_BEN.2.7_1,Péhunco,Atakora,2000,1058.7,1036.0,51.84,26.82,33.49,21.45,55.46
BEN,BEN_BEN.2.7_1,Péhunco,Atakora,2001,971.8,929.6,-35.06,26.96,33.67,21.43,53.91
BEN,BEN_BEN.2.7_1,Péhunco,Atakora,2002,1243.3,1189.8,236.44,26.94,33.54,21.73,57.55
BEN,BEN_BEN.2.7_1,Péhunco,Atakora,2003,1071.5,987.2,64.64,27.23,33.85,21.93,57.39
BEN,BEN_BEN.2.7_1,Péhunco,Atakora,2004,977.7,834.2,-29.16,27.06,33.7,21.84,58.28
BEN,BEN_BEN.2.7_1,Péhunco,Atakora,2005,1028.5,967.4,21.64,27.42,34.01,22.21,57.3
BEN,BEN_BEN.2.7_1,Péhunco,Atakora,2006,1208.0,1184.1,201.14,27.27,33.89,22.0,56.73
BEN,BEN_BEN.2.7_1,Péhunco,Atakora,2007,907.7,857.5,-99.16,26.98,33.65,21.73,56.37
BEN,BEN_BEN.2.7_1,Péhunco,Atakora,2008,1039.5,1018.9,32.64,26.93,33.68,21.54,54.43
BEN,BEN_BEN.2.7_1,Péhunco,Atakora,2009,1149.0,1100.1,142.14,27.28,34.0,22.09,59.34
BEN,BEN_BEN.2.7_1,Péhunco,Atakora,2010,1112.9,1042.4,106.04,27.26,33.73,22.22,59.46
BEN,BEN_BEN.2.7_1,Péhunco,Atakora,2011,865.4,838.4,-141.46,27.27,33.99,21.93,56.53
BEN,BEN_BEN.2.7_1,Péhunco,Atakora,2012,1269.9,1178.3,263.04,26.79,33.28,21.71,59.98
BEN,BEN_BEN.2.7_1,Péhunco,Atakora,2013,936.1,846.4,-70.76,27.2,33.64,22.18,59.72
BEN,BEN_BEN.2.7_1,Péhunco,Atakora,2014,1142.8,998.6,135.94,27.22,33.65,22.1,59.28
BEN,BEN_BEN.2.7_1,Péhunco,Atakora,2015,1096.0,1030.8,89.14,27.24,33.87,21.93,55.6
BEN,BEN_BEN.2.7_1,Péhunco,Atakora,2016,1046.1,915.2,39.24,27.41,33.91,22.3,58.11
BEN,BEN_BEN.2.7_1,Péhunco,Atakora,2017,898.1,881.9,-108.76,26.57,33.4,21.29,56.66
BEN,BEN_BEN.2.7_1,Péhunco,Atakora,2018,919.9,832.6,-86.96,26.11,32.74,21.21,61.62
BEN,BEN_BEN.2.7_1,Péhunco,Atakora,2019,997.2,951.5,-9.66,26.3,32.85,21.42,62.29
BEN,BEN_BEN.2.7_1,Péhunco,Atakora,2020,825.5,782.4,-181.36,26.14,32.76,21.16,59.74
BEN,BEN_BEN.2.7_1,Péhunco,Atakora,2021,706.9,702.2,-299.96,26.14,32.87,21.02,59.35
BEN,BEN_BEN.2.7_1,Péhunco,Atakora,2022,949.8,865.5,-57.06,25.55,32.34,20.51,59.01
BEN,BEN_BEN.2.7_1,Péhunco,Atakora,2023,891.9,838.6,-114.96,26.31,33.23,21.25,59.85
BEN,BEN_BEN.2.7_1,Péhunco,Atakora,2024,963.9,906.4,-42.96,26.76,33.68,21.53,56.94
BEN,BEN_BEN.2.7_1,Péhunco,Atakora,2025,900.2,892.4,-106.66,26.97,32.77,22.16,60.31
BEN,BEN_BEN.2.8_1,Tanguiéta,Atakora,2000,741.8,729.8,-0.87,28.14,34.51,22.32,49.59
BEN,BEN_BEN.2.8_1,Tanguiéta,Atakora,2001,720.6,680.1,-22.07,28.41,34.96,22.21,46.62
BEN,BEN_BEN.2.8_1,Tanguiéta,Atakora,2002,890.0,867.4,147.33,28.28,34.54,22.53,50.98
BEN,BEN_BEN.2.8_1,Tanguiéta,Atakora,2003,839.9,766.2,97.23,28.44,34.66,22.72,51.62
BEN,BEN_BEN.2.8_1,Tanguiéta,Atakora,2004,776.5,713.2,33.83,28.53,34.81,22.81,51.19
BEN,BEN_BEN.2.8_1,Tanguiéta,Atakora,2005,670.3,621.7,-72.37,28.73,34.9,23.08,51.03
BEN,BEN_BEN.2.8_1,Tanguiéta,Atakora,2006,667.2,660.2,-75.47,28.71,35.07,22.8,48.85
BEN,BEN_BEN.2.8_1,Tanguiéta,Atakora,2007,576.8,545.8,-165.87,28.36,34.73,22.62,49.87
BEN,BEN_BEN.2.8_1,Tanguiéta,Atakora,2008,680.9,672.3,-61.77,28.01,34.35,22.21,49.13
BEN,BEN_BEN.2.8_1,Tanguiéta,Atakora,2009,811.1,772.4,68.43,28.49,34.67,22.86,53.12
BEN,BEN_BEN.2.8_1,Tanguiéta,Atakora,2010,766.7,717.8,24.03,28.53,34.69,22.91,53.36
BEN,BEN_BEN.2.8_1,Tanguiéta,Atakora,2011,549.7,528.5,-192.97,28.72,35.11,22.91,49.59
BEN,BEN_BEN.2.8_1,Tanguiéta,Atakora,2012,1114.6,1049.5,371.93,27.91,33.97,22.44,54.52
BEN,BEN_BEN.2.8_1,Tanguiéta,Atakora,2013,632.3,579.4,-110.37,28.46,34.56,23.01,53.84
BEN,BEN_BEN.2.8_1,Tanguiéta,Atakora,2014,807.1,726.7,64.43,28.42,34.42,22.91,53.57
BEN,BEN_BEN.2.8_1,Tanguiéta,Atakora,2015,856.7,820.7,114.03,28.39,34.63,22.68,49.81
BEN,BEN_BEN.2.8_1,Tanguiéta,Atakora,2016,751.4,696.6,8.73,28.72,34.94,23.09,51.86
BEN,BEN_BEN.2.8_1,Tanguiéta,Atakora,2017,523.1,513.8,-219.57,28.68,34.72,23.59,48.12
BEN,BEN_BEN.2.8_1,Tanguiéta,Atakora,2018,706.7,667.9,-35.97,28.36,34.21,23.49,52.59
BEN,BEN_BEN.2.8_1,Tanguiéta,Atakora,2019,710.1,698.6,-32.57,28.54,34.33,23.65,52.88
BEN,BEN_BEN.2.8_1,Tanguiéta,Atakora,2020,808.4,790.4,65.73,28.74,34.36,23.81,49.72
BEN,BEN_BEN.2.8_1,Tanguiéta,Atakora,2021,511.0,510.2,-231.67,28.74,34.55,23.76,49.48
BEN,BEN_BEN.2.8_1,Tanguiéta,Atakora,2022,800.5,776.3,57.83,27.87,33.63,22.99,50.22
BEN,BEN_BEN.2.8_1,Tanguiéta,Atakora,2023,656.7,645.7,-85.97,28.84,34.88,23.68,49.25
BEN,BEN_BEN.2.8_1,Tanguiéta,Atakora,2024,875.4,848.8,132.73,28.64,34.48,23.73,50.28
BEN,BEN_BEN.2.8_1,Tanguiéta,Atakora,2025,863.9,861.4,121.23,28.96,34.63,24.05,52.49
BEN,BEN_BEN.2.9_1,Toucountouna,Atakora,2000,1201.7,1172.4,69.6,26.79,32.83,21.95,57.34
BEN,BEN_BEN.2.9_1,Toucountouna,Atakora,2001,1054.1,985.1,-78.0,27.06,33.23,22.01,54.65
BEN,BEN_BEN.2.9_1,Toucountouna,Atakora,2002,1397.2,1304.3,265.1,26.82,32.78,22.12,59.66
BEN,BEN_BEN.2.9_1,Toucountouna,Atakora,2003,1254.3,1120.3,122.2,27.06,32.99,22.33,59.81
BEN,BEN_BEN.2.9_1,Toucountouna,Atakora,2004,1235.4,1079.6,103.3,26.84,32.77,22.24,61.34
BEN,BEN_BEN.2.9_1,Toucountouna,Atakora,2005,1141.4,1053.8,9.3,27.13,33.07,22.51,60.29
BEN,BEN_BEN.2.9_1,Toucountouna,Atakora,2006,1194.6,1154.2,62.5,27.21,33.19,22.4,58.05
BEN,BEN_BEN.2.9_1,Toucountouna,Atakora,2007,1049.9,976.6,-82.2,26.77,32.71,22.16,59.33
BEN,BEN_BEN.2.9_1,Toucountouna,Atakora,2008,1122.3,1083.1,-9.8,26.73,32.87,21.88,56.88
BEN,BEN_BEN.2.9_1,Toucountouna,Atakora,2009,1343.0,1228.4,210.9,26.94,32.88,22.38,62.63
BEN,BEN_BEN.2.9_1,Toucountouna,Atakora,2010,1274.1,1164.5,142.0,27.08,32.87,22.56,62.23
BEN,BEN_BEN.2.9_1,Toucountouna,Atakora,2011,1017.8,973.4,-114.3,26.97,33.0,22.26,59.74
BEN,BEN_BEN.2.9_1,Toucountouna,Atakora,2012,1490.8,1342.0,358.7,26.49,32.25,21.98,63.06
BEN,BEN_BEN.2.9_1,Toucountouna,Atakora,2013,1119.4,993.9,-12.7,26.93,32.67,22.49,62.92
BEN,BEN_BEN.2.9_1,Toucountouna,Atakora,2014,1347.6,1164.8,215.5,26.92,32.63,22.39,62.63
BEN,BEN_BEN.2.9_1,Toucountouna,Atakora,2015,1387.5,1304.8,255.4,27.01,33.04,22.26,58.24
BEN,BEN_BEN.2.9_1,Toucountouna,Atakora,2016,1237.4,1102.8,105.3,27.3,33.17,22.72,60.23
BEN,BEN_BEN.2.9_1,Toucountouna,Atakora,2017,879.6,845.9,-252.5,26.36,32.77,21.75,55.81
BEN,BEN_BEN.2.9_1,Toucountouna,Atakora,2018,974.0,904.2,-158.1,25.82,31.99,21.57,61.4
BEN,BEN_BEN.2.9_1,Toucountouna,Atakora,2019,1054.2,1018.1,-77.9,26.13,32.33,21.86,61.04
BEN,BEN_BEN.2.9_1,Toucountouna,Atakora,2020,869.6,801.4,-262.5,25.95,32.04,21.64,59.1
BEN,BEN_BEN.2.9_1,Toucountouna,Atakora,2021,723.6,716.0,-408.5,26.1,32.43,21.71,57.66
BEN,BEN_BEN.2.9_1,Toucountouna,Atakora,2022,1153.9,1016.1,21.8,25.38,31.6,21.08,58.32
BEN,BEN_BEN.2.9_1,Toucountouna,Atakora,2023,1075.2,941.9,-56.9,25.97,32.45,21.53,59.89
BEN,BEN_BEN.2.9_1,Toucountouna,Atakora,2024,1056.4,999.2,-75.7,26.27,32.66,21.82,57.66
BEN,BEN_BEN.2.9_1,Toucountouna,Atakora,2025,779.5,765.4,-352.6,27.22,32.5,22.77,56.43
BEN,BEN_BEN.3.1_1,Abomey-Calavi,Atlantique,2000,1110.7,873.9,-90.82,26.21,29.28,24.31,83.14
BEN,BEN_BEN.3.1_1,Abomey-Calavi,Atlantique,2001,1234.3,900.7,32.78,26.16,29.07,24.34,83.69
BEN,BEN_BEN.3.1_1,Abomey-Calavi,Atlantique,2002,1219.4,895.5,17.88,26.25,29.27,24.3,83.49
BEN,BEN_BEN.3.1_1,Abomey-Calavi,Atlantique,2003,1210.7,766.0,9.18,26.51,29.48,24.62,83.77
BEN,BEN_BEN.3.1_1,Abomey-Calavi,Atlantique,2004,1231.9,909.7,30.38,26.32,29.31,24.49,84.17
BEN,BEN_BEN.3.1_1,Abomey-Calavi,Atlantique,2005,994.9,721.2,-206.62,26.47,29.43,24.57,83.28
BEN,BEN_BEN.3.1_1,Abomey-Calavi,Atlantique,2006,1267.8,955.9,66.28,26.53,29.39,24.72,83.8
BEN,BEN_BEN.3.1_1,Abomey-Calavi,Atlantique,2007,1180.1,932.2,-21.42,26.44,29.61,24.36,82.12
BEN,BEN_BEN.3.1_1,Abomey-Calavi,Atlantique,2008,1322.4,1014.2,120.88,26.39,29.52,24.35,82.45
BEN,BEN_BEN.3.1_1,Abomey-Calavi,Atlantique,2009,1056.6,796.0,-144.92,26.5,29.49,24.62,83.39
BEN,BEN_BEN.3.1_1,Abomey-Calavi,Atlantique,2010,1265.4,966.8,63.88,26.77,29.67,24.93,83.61
BEN,BEN_BEN.3.1_1,Abomey-Calavi,Atlantique,2011,1103.6,820.2,-97.92,26.34,29.35,24.41,83.31
BEN,BEN_BEN.3.1_1,Abomey-Calavi,Atlantique,2012,1348.9,991.8,147.38,26.25,29.19,24.4,83.89
BEN,BEN_BEN.3.1_1,Abomey-Calavi,Atlantique,2013,895.5,620.8,-306.02,26.42,29.34,24.54,83.21
BEN,BEN_BEN.3.1_1,Abomey-Calavi,Atlantique,2014,1516.8,1182.5,315.28,26.34,29.17,24.57,84.74
BEN,BEN_BEN.3.1_1,Abomey-Calavi,Atlantique,2015,1051.0,751.3,-150.52,26.38,29.4,24.39,82.48
BEN,BEN_BEN.3.1_1,Abomey-Calavi,Atlantique,2016,1249.3,937.7,47.78,26.7,29.78,24.79,83.72
BEN,BEN_BEN.3.1_1,Abomey-Calavi,Atlantique,2017,1231.4,898.7,29.88,26.66,30.48,24.39,84.6
BEN,BEN_BEN.3.1_1,Abomey-Calavi,Atlantique,2018,1231.9,989.6,30.38,26.63,30.53,24.26,84.24
BEN,BEN_BEN.3.1_1,Abomey-Calavi,Atlantique,2019,1405.0,1060.1,203.48,26.84,30.61,24.53,85.08
BEN,BEN_BEN.3.1_1,Abomey-Calavi,Atlantique,2020,1066.7,869.0,-134.82,26.64,30.73,24.19,83.47
BEN,BEN_BEN.3.1_1,Abomey-Calavi,Atlantique,2021,1286.5,1040.6,84.98,26.81,30.7,24.42,83.96
BEN,BEN_BEN.3.1_1,Abomey-Calavi,Atlantique,2022,1227.0,993.0,25.48,26.25,30.45,23.67,83.4
BEN,BEN_BEN.3.1_1,Abomey-Calavi,Atlantique,2023,1300.5,1009.3,98.98,26.73,31.06,24.05,83.32
BEN,BEN_BEN.3.1_1,Abomey-Calavi,Atlantique,2024,1148.4,836.9,-53.12,27.03,31.58,24.29,81.84
BEN,BEN_BEN.3.1_1,Abomey-Calavi,Atlantique,2025,1082.9,829.2,-118.62,26.93,30.49,24.45,82.57
BEN,BEN_BEN.3.2_1,Allada,Atlantique,2000,1251.0,1024.4,-48.98,26.0,30.51,23.36,82.24
BEN,BEN_BEN.3.2_1,Allada,Atlantique,2001,1351.7,1008.3,51.72,25.89,30.17,23.39,83.15
BEN,BEN_BEN.3.2_1,Allada,Atlantique,2002,1389.4,1037.0,89.42,25.97,30.38,23.32,82.89
BEN,BEN_BEN.3.2_1,Allada,Atlantique,2003,1365.0,921.3,65.02,26.2,30.53,23.63,83.52
BEN,BEN_BEN.3.2_1,Allada,Atlantique,2004,1492.9,1154.4,192.92,26.05,30.4,23.55,83.74
BEN,BEN_BEN.3.2_1,Allada,Atlantique,2005,1119.4,811.0,-180.58,26.23,30.58,23.61,82.53
BEN,BEN_BEN.3.2_1,Allada,Atlantique,2006,1466.1,1128.7,166.12,26.21,30.43,23.75,83.56
BEN,BEN_BEN.3.2_1,Allada,Atlantique,2007,1308.4,1052.7,8.42,26.17,30.83,23.32,81.34
BEN,BEN_BEN.3.2_1,Allada,Atlantique,2008,1362.2,1063.2,62.22,26.13,30.73,23.33,81.64
BEN,BEN_BEN.3.2_1,Allada,Atlantique,2009,1228.6,954.6,-71.38,26.29,30.68,23.67,82.48
BEN,BEN_BEN.3.2_1,Allada,Atlantique,2010,1350.0,1047.1,50.02,26.52,30.8,23.99,83.15
BEN,BEN_BEN.3.2_1,Allada,Atlantique,2011,1314.9,983.6,14.92,26.06,30.52,23.39,82.71
BEN,BEN_BEN.3.2_1,Allada,Atlantique,2012,1525.5,1112.7,225.52,25.95,30.25,23.41,83.54
BEN,BEN_BEN.3.2_1,Allada,Atlantique,2013,1148.2,819.8,-151.78,26.23,30.56,23.61,82.12
BEN,BEN_BEN.3.2_1,Allada,Atlantique,2014,1602.8,1201.1,302.82,26.05,30.22,23.62,84.47
BEN,BEN_BEN.3.2_1,Allada,Atlantique,2015,1194.4,844.4,-105.58,26.18,30.62,23.48,81.26
BEN,BEN_BEN.3.2_1,Allada,Atlantique,2016,1523.6,1121.6,223.62,26.54,31.02,23.89,82.41
BEN,BEN_BEN.3.2_1,Allada,Atlantique,2017,1208.1,809.5,-91.88,26.32,30.98,23.75,84.64
BEN,BEN_BEN.3.2_1,Allada,Atlantique,2018,1300.1,1042.1,0.12,26.28,30.99,23.6,84.29
BEN,BEN_BEN.3.2_1,Allada,Atlantique,2019,1454.0,1124.9,154.02,26.5,31.06,23.94,85.28
BEN,BEN_BEN.3.2_1,Allada,Atlantique,2020,1101.6,929.9,-198.38,26.37,31.29,23.58,83.0
BEN,BEN_BEN.3.2_1,Allada,Atlantique,2021,1333.3,1113.9,33.32,26.58,31.5,23.85,83.56
BEN,BEN_BEN.3.2_1,Allada,Atlantique,2022,1006.0,823.3,-293.98,26.07,31.47,23.07,82.4
BEN,BEN_BEN.3.2_1,Allada,Atlantique,2023,1346.8,1050.9,46.82,26.5,31.85,23.56,82.83
BEN,BEN_BEN.3.2_1,Allada,Atlantique,2024,1029.5,766.0,-270.48,26.79,32.23,23.85,81.54
BEN,BEN_BEN.3.2_1,Allada,Atlantique,2025,1025.9,765.6,-274.08,26.68,30.83,24.1,82.55
BEN,BEN_BEN.3.3_1,Kpomassè,Atlantique,2000,1261.7,1004.6,-10.92,26.4,30.27,24.07,82.26
BEN,BEN_BEN.3.3_1,Kpomassè,Atlantique,2001,1399.4,1012.5,126.78,26.31,29.97,24.1,83.01
BEN,BEN_BEN.3.3_1,Kpomassè,Atlantique,2002,1338.1,990.2,65.48,26.43,30.24,24.07,82.58
BEN,BEN_BEN.3.3_1,Kpomassè,Atlantique,2003,1411.9,919.7,139.28,26.64,30.34,24.36,83.25
BEN,BEN_BEN.3.3_1,Kpomassè,Atlantique,2004,1486.1,1113.7,213.48,26.47,30.17,24.26,83.68
BEN,BEN_BEN.3.3_1,Kpomassè,Atlantique,2005,1124.2,810.0,-148.42,26.64,30.36,24.32,82.46
BEN,BEN_BEN.3.3_1,Kpomassè,Atlantique,2006,1421.6,1083.4,148.98,26.66,30.25,24.48,83.22
BEN,BEN_BEN.3.3_1,Kpomassè,Atlantique,2007,1316.2,1040.3,43.58,26.58,30.55,24.07,81.54
BEN,BEN_BEN.3.3_1,Kpomassè,Atlantique,2008,1384.7,1067.2,112.08,26.54,30.46,24.07,81.77
BEN,BEN_BEN.3.3_1,Kpomassè,Atlantique,2009,1217.6,932.9,-55.02,26.74,30.53,24.4,82.03
BEN,BEN_BEN.3.3_1,Kpomassè,Atlantique,2010,1420.4,1088.8,147.78,26.93,30.56,24.69,83.07
BEN,BEN_BEN.3.3_1,Kpomassè,Atlantique,2011,1368.3,1033.2,95.68,26.48,30.28,24.14,82.7
BEN,BEN_BEN.3.3_1,Kpomassè,Atlantique,2012,1532.7,1120.0,260.08,26.38,30.05,24.15,83.39
BEN,BEN_BEN.3.3_1,Kpomassè,Atlantique,2013,1094.9,758.8,-177.72,26.67,30.41,24.31,81.83
BEN,BEN_BEN.3.3_1,Kpomassè,Atlantique,2014,1683.5,1255.1,410.88,26.48,30.02,24.34,84.22
BEN,BEN_BEN.3.3_1,Kpomassè,Atlantique,2015,1210.1,845.1,-62.52,26.59,30.39,24.17,81.51
BEN,BEN_BEN.3.3_1,Kpomassè,Atlantique,2016,1501.6,1116.8,228.98,26.92,30.77,24.58,82.61
BEN,BEN_BEN.3.3_1,Kpomassè,Atlantique,2017,1132.5,784.8,-140.12,26.69,30.07,24.6,84.08
BEN,BEN_BEN.3.3_1,Kpomassè,Atlantique,2018,996.7,726.6,-275.92,26.69,30.12,24.48,83.53
BEN,BEN_BEN.3.3_1,Kpomassè,Atlantique,2019,1227.3,941.4,-45.32,26.92,30.26,24.76,84.24
BEN,BEN_BEN.3.3_1,Kpomassè,Atlantique,2020,954.4,759.3,-318.22,26.7,30.35,24.48,82.79
BEN,BEN_BEN.3.3_1,Kpomassè,Atlantique,2021,1199.7,984.7,-72.92,26.93,30.4,24.69,82.8
BEN,BEN_BEN.3.3_1,Kpomassè,Atlantique,2022,1041.4,805.5,-231.22,26.4,30.18,23.95,81.93
BEN,BEN_BEN.3.3_1,Kpomassè,Atlantique,2023,1251.2,956.5,-21.42,26.82,30.63,24.38,82.66
BEN,BEN_BEN.3.3_1,Kpomassè,Atlantique,2024,1078.8,778.5,-193.82,27.07,31.04,24.68,81.97
BEN,BEN_BEN.3.3_1,Kpomassè,Atlantique,2025,1033.1,707.6,-239.52,26.99,30.3,24.8,82.19
BEN,BEN_BEN.3.4_1,Ouidah,Atlantique,2000,1110.7,873.9,-56.63,26.48,29.47,24.53,82.22
BEN,BEN_BEN.3.4_1,Ouidah,Atlantique,2001,1234.3,900.7,66.97,26.42,29.24,24.57,82.71
BEN,BEN_BEN.3.4_1,Ouidah,Atlantique,2002,1219.4,895.5,52.07,26.54,29.5,24.55,82.42
BEN,BEN_BEN.3.4_1,Ouidah,Atlantique,2003,1210.7,766.0,43.37,26.76,29.63,24.85,82.93
BEN,BEN_BEN.3.4_1,Ouidah,Atlantique,2004,1231.9,909.7,64.57,26.57,29.44,24.7,83.4
BEN,BEN_BEN.3.4_1,Ouidah,Atlantique,2005,994.9,721.2,-172.43,26.73,29.63,24.77,82.38
BEN,BEN_BEN.3.4_1,Ouidah,Atlantique,2006,1267.8,955.9,100.47,26.79,29.58,24.96,82.82
BEN,BEN_BEN.3.4_1,Ouidah,Atlantique,2007,1180.1,932.2,12.77,26.69,29.77,24.57,81.38
BEN,BEN_BEN.3.4_1,Ouidah,Atlantique,2008,1322.4,1014.2,155.07,26.64,29.67,24.59,81.61
BEN,BEN_BEN.3.4_1,Ouidah,Atlantique,2009,1056.6,796.0,-110.73,26.81,29.78,24.85,82.01
BEN,BEN_BEN.3.4_1,Ouidah,Atlantique,2010,1265.4,966.8,98.07,27.03,29.84,25.16,82.76
BEN,BEN_BEN.3.4_1,Ouidah,Atlantique,2011,1103.6,820.2,-63.73,26.6,29.52,24.64,82.49
BEN,BEN_BEN.3.4_1,Ouidah,Atlantique,2012,1348.9,991.8,181.57,26.49,29.34,24.63,83.12
BEN,BEN_BEN.3.4_1,Ouidah,Atlantique,2013,895.5,620.8,-271.83,26.71,29.61,24.76,81.98
BEN,BEN_BEN.3.4_1,Ouidah,Atlantique,2014,1516.8,1182.5,349.47,26.6,29.33,24.8,83.89
BEN,BEN_BEN.3.4_1,Ouidah,Atlantique,2015,1051.0,751.3,-116.33,26.64,29.6,24.61,81.62
BEN,BEN_BEN.3.4_1,Ouidah,Atlantique,2016,1249.3,937.7,81.97,26.96,29.96,25.0,82.8
BEN,BEN_BEN.3.4_1,Ouidah,Atlantique,2017,1144.2,791.6,-23.13,26.74,29.27,25.0,84.81
BEN,BEN_BEN.3.4_1,Ouidah,Atlantique,2018,1077.1,790.3,-90.23,26.74,29.28,24.9,84.38
BEN,BEN_BEN.3.4_1,Ouidah,Atlantique,2019,1400.0,1052.0,232.67,26.96,29.46,25.09,85.06
BEN,BEN_BEN.3.4_1,Ouidah,Atlantique,2020,958.4,756.4,-208.93,26.67,29.38,24.8,84.16
BEN,BEN_BEN.3.4_1,Ouidah,Atlantique,2021,1319.4,1053.9,152.07,26.93,29.45,25.1,84.03
BEN,BEN_BEN.3.4_1,Ouidah,Atlantique,2022,1071.0,778.6,-96.33,26.4,29.18,24.33,83.46
BEN,BEN_BEN.3.4_1,Ouidah,Atlantique,2023,1184.1,893.5,16.77,26.9,29.72,24.82,82.99
BEN,BEN_BEN.3.4_1,Ouidah,Atlantique,2024,982.6,706.9,-184.73,27.06,29.92,25.03,82.26
BEN,BEN_BEN.3.4_1,Ouidah,Atlantique,2025,954.6,690.1,-212.73,27.0,29.4,25.16,82.22
BEN,BEN_BEN.3.5_1,Sô-Ava,Atlantique,2000,1226.6,974.1,-77.15,26.38,29.39,24.51,83.35
BEN,BEN_BEN.3.5_1,Sô-Ava,Atlantique,2001,1272.0,888.8,-31.75,26.33,29.19,24.53,83.89
BEN,BEN_BEN.3.5_1,Sô-Ava,Atlantique,2002,1330.6,954.5,26.85,26.41,29.37,24.49,83.74
BEN,BEN_BEN.3.5_1,Sô-Ava,Atlantique,2003,1267.5,773.9,-36.25,26.68,29.57,24.82,84.01
BEN,BEN_BEN.3.5_1,Sô-Ava,Atlantique,2004,1246.7,865.1,-57.05,26.49,29.4,24.69,84.36
BEN,BEN_BEN.3.5_1,Sô-Ava,Atlantique,2005,1147.9,824.9,-155.85,26.62,29.51,24.77,83.59
BEN,BEN_BEN.3.5_1,Sô-Ava,Atlantique,2006,1342.3,990.0,38.55,26.69,29.47,24.92,84.02
BEN,BEN_BEN.3.5_1,Sô-Ava,Atlantique,2007,1273.3,980.8,-30.45,26.6,29.7,24.55,82.41
BEN,BEN_BEN.3.5_1,Sô-Ava,Atlantique,2008,1484.5,1147.6,180.75,26.55,29.63,24.54,82.68
BEN,BEN_BEN.3.5_1,Sô-Ava,Atlantique,2009,1157.6,887.5,-146.15,26.65,29.56,24.81,83.72
BEN,BEN_BEN.3.5_1,Sô-Ava,Atlantique,2010,1283.8,971.4,-19.95,26.94,29.77,25.13,83.83
BEN,BEN_BEN.3.5_1,Sô-Ava,Atlantique,2011,1194.2,912.2,-109.55,26.52,29.46,24.62,83.48
BEN,BEN_BEN.3.5_1,Sô-Ava,Atlantique,2012,1414.1,1036.3,110.35,26.41,29.29,24.6,84.08
BEN,BEN_BEN.3.5_1,Sô-Ava,Atlantique,2013,953.4,653.8,-350.35,26.57,29.4,24.74,83.58
BEN,BEN_BEN.3.5_1,Sô-Ava,Atlantique,2014,1552.5,1171.1,248.75,26.52,29.28,24.77,84.94
BEN,BEN_BEN.3.5_1,Sô-Ava,Atlantique,2015,1138.8,819.0,-164.95,26.54,29.49,24.59,82.75
BEN,BEN_BEN.3.5_1,Sô-Ava,Atlantique,2016,1298.5,985.7,-5.25,26.85,29.87,24.99,84.04
BEN,BEN_BEN.3.5_1,Sô-Ava,Atlantique,2017,1576.4,1097.9,272.65,26.81,30.21,24.74,85.49
BEN,BEN_BEN.3.5_1,Sô-Ava,Atlantique,2018,1520.6,1170.5,216.85,26.76,30.21,24.59,85.28
BEN,BEN_BEN.3.5_1,Sô-Ava,Atlantique,2019,1651.0,1255.0,347.25,26.97,30.27,24.86,86.08
BEN,BEN_BEN.3.5_1,Sô-Ava,Atlantique,2020,1225.5,991.4,-78.25,26.73,30.33,24.52,84.79
BEN,BEN_BEN.3.5_1,Sô-Ava,Atlantique,2021,1531.2,1236.7,227.45,26.93,30.3,24.8,85.22
BEN,BEN_BEN.3.5_1,Sô-Ava,Atlantique,2022,1295.2,1041.1,-8.55,26.41,30.07,24.07,84.62
BEN,BEN_BEN.3.5_1,Sô-Ava,Atlantique,2023,1426.5,1096.7,122.75,26.91,30.66,24.52,84.28
BEN,BEN_BEN.3.5_1,Sô-Ava,Atlantique,2024,1111.1,796.2,-192.65,27.22,31.16,24.78,82.41
BEN,BEN_BEN.3.5_1,Sô-Ava,Atlantique,2025,975.7,712.5,-328.05,27.13,30.27,24.95,82.64
BEN,BEN_BEN.3.6_1,Toffo,Atlantique,2000,1154.0,921.6,-17.8,25.98,30.74,23.07,79.81
BEN,BEN_BEN.3.6_1,Toffo,Atlantique,2001,1173.3,879.6,1.5,25.86,30.4,23.09,80.84
BEN,BEN_BEN.3.6_1,Toffo,Atlantique,2002,1282.6,921.5,110.8,25.88,30.5,22.95,80.88
BEN,BEN_BEN.3.6_1,Toffo,Atlantique,2003,1214.0,792.0,42.2,26.13,30.65,23.31,81.59
BEN,BEN_BEN.3.6_1,Toffo,Atlantique,2004,1323.2,983.5,151.4,25.99,30.55,23.21,81.67
BEN,BEN_BEN.3.6_1,Toffo,Atlantique,2005,1048.3,750.8,-123.5,26.15,30.71,23.28,80.52
BEN,BEN_BEN.3.6_1,Toffo,Atlantique,2006,1325.5,1014.5,153.7,26.14,30.57,23.4,81.53
BEN,BEN_BEN.3.6_1,Toffo,Atlantique,2007,1182.4,924.1,10.6,26.12,30.97,22.99,78.96
BEN,BEN_BEN.3.6_1,Toffo,Atlantique,2008,1328.7,1035.0,156.9,26.08,30.9,22.99,79.2
BEN,BEN_BEN.3.6_1,Toffo,Atlantique,2009,1098.4,830.0,-73.4,26.23,30.85,23.35,80.4
BEN,BEN_BEN.3.6_1,Toffo,Atlantique,2010,1201.1,917.2,29.3,26.49,31.03,23.69,80.88
BEN,BEN_BEN.3.6_1,Toffo,Atlantique,2011,1174.8,858.8,3.0,26.02,30.72,23.05,80.44
BEN,BEN_BEN.3.6_1,Toffo,Atlantique,2012,1335.9,952.3,164.1,25.86,30.39,23.08,81.55
BEN,BEN_BEN.3.6_1,Toffo,Atlantique,2013,971.6,673.4,-200.2,26.17,30.73,23.29,80.1
BEN,BEN_BEN.3.6_1,Toffo,Atlantique,2014,1456.4,1088.8,284.6,25.98,30.37,23.29,82.5
BEN,BEN_BEN.3.6_1,Toffo,Atlantique,2015,1130.1,807.4,-41.7,26.15,30.8,23.18,78.81
BEN,BEN_BEN.3.6_1,Toffo,Atlantique,2016,1358.5,1000.4,186.7,26.5,31.2,23.62,80.12
BEN,BEN_BEN.3.6_1,Toffo,Atlantique,2017,1108.9,777.0,-62.9,26.44,31.38,23.61,81.96
BEN,BEN_BEN.3.6_1,Toffo,Atlantique,2018,1082.2,845.3,-89.6,26.35,31.34,23.4,81.81
BEN,BEN_BEN.3.6_1,Toffo,Atlantique,2019,1458.9,1205.8,287.1,26.57,31.38,23.79,82.93
BEN,BEN_BEN.3.6_1,Toffo,Atlantique,2020,920.9,791.2,-250.9,26.55,31.75,23.45,79.8
BEN,BEN_BEN.3.6_1,Toffo,Atlantique,2021,1072.6,897.4,-99.2,26.81,32.17,23.75,80.26
BEN,BEN_BEN.3.6_1,Toffo,Atlantique,2022,1010.3,826.4,-161.5,26.37,32.16,23.06,78.66
BEN,BEN_BEN.3.6_1,Toffo,Atlantique,2023,1182.2,929.2,10.4,26.71,32.36,23.5,79.68
BEN,BEN_BEN.3.6_1,Toffo,Atlantique,2024,964.1,679.2,-207.7,26.97,32.69,23.71,78.62
BEN,BEN_BEN.3.6_1,Toffo,Atlantique,2025,907.9,709.8,-263.9,26.59,31.19,23.69,81.65
BEN,BEN_BEN.3.7_1,Tori-Bossito,Atlantique,2000,1110.7,873.9,-95.86,26.14,29.44,24.13,83.04
BEN,BEN_BEN.3.7_1,Tori-Bossito,Atlantique,2001,1234.3,900.7,27.74,26.08,29.22,24.15,83.63
BEN,BEN_BEN.3.7_1,Tori-Bossito,Atlantique,2002,1219.4,895.5,12.84,26.18,29.44,24.12,83.36
BEN,BEN_BEN.3.7_1,Tori-Bossito,Atlantique,2003,1210.7,766.0,4.14,26.43,29.62,24.43,83.72
BEN,BEN_BEN.3.7_1,Tori-Bossito,Atlantique,2004,1231.9,909.7,25.34,26.25,29.47,24.31,84.14
BEN,BEN_BEN.3.7_1,Tori-Bossito,Atlantique,2005,994.9,721.2,-211.66,26.4,29.6,24.37,83.14
BEN,BEN_BEN.3.7_1,Tori-Bossito,Atlantique,2006,1267.8,955.9,61.24,26.45,29.53,24.54,83.76
BEN,BEN_BEN.3.7_1,Tori-Bossito,Atlantique,2007,1180.1,932.2,-26.46,26.37,29.79,24.16,82.03
BEN,BEN_BEN.3.7_1,Tori-Bossito,Atlantique,2008,1322.4,1014.2,115.84,26.31,29.69,24.16,82.37
BEN,BEN_BEN.3.7_1,Tori-Bossito,Atlantique,2009,1056.6,796.0,-149.96,26.44,29.69,24.43,83.15
BEN,BEN_BEN.3.7_1,Tori-Bossito,Atlantique,2010,1265.4,966.8,58.84,26.7,29.81,24.75,83.58
BEN,BEN_BEN.3.7_1,Tori-Bossito,Atlantique,2011,1103.6,820.2,-102.96,26.26,29.5,24.22,83.27
BEN,BEN_BEN.3.7_1,Tori-Bossito,Atlantique,2012,1348.9,991.8,142.34,26.16,29.33,24.21,83.86
BEN,BEN_BEN.3.7_1,Tori-Bossito,Atlantique,2013,895.5,620.8,-311.06,26.37,29.55,24.35,82.92
BEN,BEN_BEN.3.7_1,Tori-Bossito,Atlantique,2014,1516.8,1182.5,310.24,26.26,29.31,24.39,84.71
BEN,BEN_BEN.3.7_1,Tori-Bossito,Atlantique,2015,1051.0,751.3,-155.56,26.32,29.59,24.21,82.29
BEN,BEN_BEN.3.7_1,Tori-Bossito,Atlantique,2016,1249.3,937.7,42.74,26.65,29.97,24.61,83.47
BEN,BEN_BEN.3.7_1,Tori-Bossito,Atlantique,2017,1258.3,834.8,51.74,26.45,30.77,24.06,84.47
BEN,BEN_BEN.3.7_1,Tori-Bossito,Atlantique,2018,1308.6,1033.6,102.04,26.43,30.78,23.92,84.08
BEN,BEN_BEN.3.7_1,Tori-Bossito,Atlantique,2019,1416.8,1098.2,210.24,26.64,30.86,24.24,85.03
BEN,BEN_BEN.3.7_1,Tori-Bossito,Atlantique,2020,1166.0,973.8,-40.56,26.49,31.1,23.89,82.93
BEN,BEN_BEN.3.7_1,Tori-Bossito,Atlantique,2021,1412.4,1196.2,205.84,26.69,31.2,24.16,83.49
BEN,BEN_BEN.3.7_1,Tori-Bossito,Atlantique,2022,1044.4,833.5,-162.16,26.17,31.09,23.39,82.46
BEN,BEN_BEN.3.7_1,Tori-Bossito,Atlantique,2023,1339.4,1044.9,132.84,26.62,31.56,23.89,82.8
BEN,BEN_BEN.3.7_1,Tori-Bossito,Atlantique,2024,1095.5,823.2,-111.06,26.89,31.97,24.16,81.65
BEN,BEN_BEN.3.7_1,Tori-Bossito,Atlantique,2025,1069.8,789.6,-136.76,26.82,30.77,24.36,82.14
BEN,BEN_BEN.3.8_1,Zè,Atlantique,2000,1154.0,921.6,-22.22,26.66,31.24,23.87,81.01
BEN,BEN_BEN.3.8_1,Zè,Atlantique,2001,1173.3,879.6,-2.92,26.54,30.91,23.9,81.97
BEN,BEN_BEN.3.8_1,Zè,Atlantique,2002,1282.6,921.5,106.38,26.59,31.06,23.79,81.84
BEN,BEN_BEN.3.8_1,Zè,Atlantique,2003,1214.0,792.0,37.78,26.85,31.22,24.14,82.44
BEN,BEN_BEN.3.8_1,Zè,Atlantique,2004,1323.2,983.5,146.98,26.69,31.09,24.04,82.64
BEN,BEN_BEN.3.8_1,Zè,Atlantique,2005,1048.3,750.8,-127.92,26.86,31.27,24.12,81.48
BEN,BEN_BEN.3.8_1,Zè,Atlantique,2006,1325.5,1014.5,149.28,26.85,31.12,24.25,82.5
BEN,BEN_BEN.3.8_1,Zè,Atlantique,2007,1182.4,924.1,6.18,26.81,31.51,23.82,80.1
BEN,BEN_BEN.3.8_1,Zè,Atlantique,2008,1328.7,1035.0,152.48,26.77,31.44,23.8,80.41
BEN,BEN_BEN.3.8_1,Zè,Atlantique,2009,1098.4,830.0,-77.82,26.92,31.37,24.17,81.51
BEN,BEN_BEN.3.8_1,Zè,Atlantique,2010,1201.1,917.2,24.88,27.18,31.54,24.5,81.96
BEN,BEN_BEN.3.8_1,Zè,Atlantique,2011,1174.8,858.8,-1.42,26.7,31.23,23.87,81.58
BEN,BEN_BEN.3.8_1,Zè,Atlantique,2012,1335.9,952.3,159.68,26.58,30.94,23.92,82.48
BEN,BEN_BEN.3.8_1,Zè,Atlantique,2013,971.6,673.4,-204.62,26.86,31.23,24.12,81.24
BEN,BEN_BEN.3.8_1,Zè,Atlantique,2014,1456.4,1088.8,280.18,26.69,30.91,24.12,83.46
BEN,BEN_BEN.3.8_1,Zè,Atlantique,2015,1130.1,807.4,-46.12,26.82,31.31,23.99,80.08
BEN,BEN_BEN.3.8_1,Zè,Atlantique,2016,1358.5,1000.4,182.28,27.18,31.72,24.42,81.35
BEN,BEN_BEN.3.8_1,Zè,Atlantique,2017,1109.9,791.6,-66.32,26.8,31.76,23.97,81.85
BEN,BEN_BEN.3.8_1,Zè,Atlantique,2018,1067.7,836.9,-108.52,26.74,31.76,23.8,81.59
BEN,BEN_BEN.3.8_1,Zè,Atlantique,2019,1409.0,1158.2,232.78,26.89,31.73,24.07,83.03
BEN,BEN_BEN.3.8_1,Zè,Atlantique,2020,962.7,811.6,-213.52,26.87,32.15,23.73,80.02
BEN,BEN_BEN.3.8_1,Zè,Atlantique,2021,1113.3,946.4,-62.92,27.11,32.46,24.06,80.44
BEN,BEN_BEN.3.8_1,Zè,Atlantique,2022,997.8,848.0,-178.42,26.61,32.41,23.32,79.3
BEN,BEN_BEN.3.8_1,Zè,Atlantique,2023,1188.6,940.8,12.38,27.03,32.79,23.76,79.8
BEN,BEN_BEN.3.8_1,Zè,Atlantique,2024,994.0,738.7,-182.22,27.26,32.97,23.99,78.93
BEN,BEN_BEN.3.8_1,Zè,Atlantique,2025,979.8,760.4,-196.42,27.0,31.43,24.16,81.14
BEN,BEN_BEN.4.1_1,Bembèrèkè,Borgou,2000,813.9,801.3,-91.55,26.93,33.45,21.71,55.03
BEN,BEN_BEN.4.1_1,Bembèrèkè,Borgou,2001,891.2,866.4,-14.25,27.02,33.6,21.69,53.91
BEN,BEN_BEN.4.1_1,Bembèrèkè,Borgou,2002,1083.6,1048.5,178.15,27.04,33.47,21.99,57.3
BEN,BEN_BEN.4.1_1,Bembèrèkè,Borgou,2003,956.3,900.3,50.85,27.34,33.81,22.2,56.96
BEN,BEN_BEN.4.1_1,Bembèrèkè,Borgou,2004,692.2,629.3,-213.25,27.32,33.81,22.13,56.71
BEN,BEN_BEN.4.1_1,Bembèrèkè,Borgou,2005,845.1,797.9,-60.35,27.61,34.04,22.5,56.46
BEN,BEN_BEN.4.1_1,Bembèrèkè,Borgou,2006,881.0,862.7,-24.45,27.55,34.03,22.3,55.34
BEN,BEN_BEN.4.1_1,Bembèrèkè,Borgou,2007,785.2,745.2,-120.25,27.25,33.78,22.12,54.85
BEN,BEN_BEN.4.1_1,Bembèrèkè,Borgou,2008,842.9,830.5,-62.55,27.01,33.57,21.78,54.18
BEN,BEN_BEN.4.1_1,Bembèrèkè,Borgou,2009,979.0,960.9,73.55,27.51,33.99,22.41,58.01
BEN,BEN_BEN.4.1_1,Bembèrèkè,Borgou,2010,994.6,961.4,89.15,27.42,33.75,22.42,58.52
BEN,BEN_BEN.4.1_1,Bembèrèkè,Borgou,2011,674.9,655.6,-230.55,27.38,33.91,22.22,55.71
BEN,BEN_BEN.4.1_1,Bembèrèkè,Borgou,2012,1145.2,1082.2,239.75,26.96,33.25,22.02,59.52
BEN,BEN_BEN.4.1_1,Bembèrèkè,Borgou,2013,895.4,834.5,-10.05,27.34,33.62,22.42,59.06
BEN,BEN_BEN.4.1_1,Bembèrèkè,Borgou,2014,1058.7,987.0,153.25,27.32,33.63,22.34,58.45
BEN,BEN_BEN.4.1_1,Bembèrèkè,Borgou,2015,992.7,949.1,87.25,27.35,33.76,22.21,55.23
BEN,BEN_BEN.4.1_1,Bembèrèkè,Borgou,2016,1054.7,939.0,149.25,27.49,33.85,22.52,57.92
BEN,BEN_BEN.4.1_1,Bembèrèkè,Borgou,2017,843.8,838.0,-61.65,26.91,33.95,21.68,56.33
BEN,BEN_BEN.4.1_1,Bembèrèkè,Borgou,2018,1020.5,941.1,115.05,26.44,33.2,21.54,60.84
BEN,BEN_BEN.4.1_1,Bembèrèkè,Borgou,2019,977.0,942.2,71.55,26.63,33.3,21.86,61.66
BEN,BEN_BEN.4.1_1,Bembèrèkè,Borgou,2020,739.1,712.5,-166.35,26.42,33.08,21.53,59.48
BEN,BEN_BEN.4.1_1,Bembèrèkè,Borgou,2021,739.4,738.3,-166.05,26.45,33.27,21.47,58.97
BEN,BEN_BEN.4.1_1,Bembèrèkè,Borgou,2022,983.3,949.4,77.85,25.9,32.73,20.96,58.41
BEN,BEN_BEN.4.1_1,Bembèrèkè,Borgou,2023,727.6,685.0,-177.85,26.72,33.67,21.71,58.6
BEN,BEN_BEN.4.1_1,Bembèrèkè,Borgou,2024,1029.5,994.6,124.05,26.82,33.71,21.78,56.75
BEN,BEN_BEN.4.1_1,Bembèrèkè,Borgou,2025,894.8,885.7,-10.65,26.67,32.38,22.18,61.92
BEN,BEN_BEN.4.2_1,Kalalé,Borgou,2000,980.6,964.3,69.5,27.31,33.07,22.2,52.91
BEN,BEN_BEN.4.2_1,Kalalé,Borgou,2001,967.4,935.8,56.3,27.45,33.26,22.24,51.71
BEN,BEN_BEN.4.2_1,Kalalé,Borgou,2002,1049.8,1016.0,138.7,27.46,33.14,22.51,55.17
BEN,BEN_BEN.4.2_1,Kalalé,Borgou,2003,981.6,947.7,70.5,27.81,33.53,22.78,54.3
BEN,BEN_BEN.4.2_1,Kalalé,Borgou,2004,748.1,690.6,-163.0,27.81,33.55,22.75,53.82
BEN,BEN_BEN.4.2_1,Kalalé,Borgou,2005,848.6,822.6,-62.5,28.19,33.93,23.13,53.35
BEN,BEN_BEN.4.2_1,Kalalé,Borgou,2006,883.0,875.0,-28.1,28.11,33.9,22.92,52.33
BEN,BEN_BEN.4.2_1,Kalalé,Borgou,2007,719.2,687.7,-191.9,27.76,33.57,22.72,52.15
BEN,BEN_BEN.4.2_1,Kalalé,Borgou,2008,870.3,861.5,-40.8,27.55,33.38,22.38,51.39
BEN,BEN_BEN.4.2_1,Kalalé,Borgou,2009,898.3,890.7,-12.8,28.02,33.79,22.99,54.98
BEN,BEN_BEN.4.2_1,Kalalé,Borgou,2010,986.1,948.7,75.0,27.92,33.54,23.01,55.78
BEN,BEN_BEN.4.2_1,Kalalé,Borgou,2011,653.7,642.6,-257.4,27.95,33.77,22.83,52.56
BEN,BEN_BEN.4.2_1,Kalalé,Borgou,2012,1254.0,1187.2,342.9,27.49,33.12,22.58,56.52
BEN,BEN_BEN.4.2_1,Kalalé,Borgou,2013,931.1,871.1,20.0,27.84,33.42,22.97,56.53
BEN,BEN_BEN.4.2_1,Kalalé,Borgou,2014,998.4,936.8,87.3,27.81,33.37,22.89,55.66
BEN,BEN_BEN.4.2_1,Kalalé,Borgou,2015,1059.9,1021.3,148.8,27.82,33.5,22.74,52.5
BEN,BEN_BEN.4.2_1,Kalalé,Borgou,2016,996.3,914.6,85.2,28.01,33.7,23.07,55.15
BEN,BEN_BEN.4.2_1,Kalalé,Borgou,2017,823.5,812.7,-87.6,27.27,33.46,22.43,53.87
BEN,BEN_BEN.4.2_1,Kalalé,Borgou,2018,907.4,863.5,-3.7,26.81,32.8,22.24,57.98
BEN,BEN_BEN.4.2_1,Kalalé,Borgou,2019,957.5,944.9,46.4,26.84,32.66,22.43,60.26
BEN,BEN_BEN.4.2_1,Kalalé,Borgou,2020,747.1,714.5,-164.0,26.69,32.52,22.19,57.28
BEN,BEN_BEN.4.2_1,Kalalé,Borgou,2021,661.6,653.9,-249.5,26.9,32.84,22.29,55.43
BEN,BEN_BEN.4.2_1,Kalalé,Borgou,2022,1081.2,1073.2,170.1,26.08,31.98,21.53,56.63
BEN,BEN_BEN.4.2_1,Kalalé,Borgou,2023,746.5,708.8,-164.6,26.78,32.8,22.16,57.38
BEN,BEN_BEN.4.2_1,Kalalé,Borgou,2024,1014.4,985.3,103.3,26.8,32.73,22.18,56.32
BEN,BEN_BEN.4.2_1,Kalalé,Borgou,2025,922.9,921.0,11.8,27.85,33.33,23.04,55.01
BEN,BEN_BEN.4.3_1,N'Dali,Borgou,2000,1053.9,1026.9,40.66,26.59,33.12,21.63,59.64
BEN,BEN_BEN.4.3_1,N'Dali,Borgou,2001,927.5,876.3,-85.74,26.67,33.26,21.63,59.08
BEN,BEN_BEN.4.3_1,N'Dali,Borgou,2002,1232.1,1145.5,218.86,26.67,33.06,21.95,62.12
BEN,BEN_BEN.4.3_1,N'Dali,Borgou,2003,1061.7,932.1,48.46,26.88,33.33,22.04,62.38
BEN,BEN_BEN.4.3_1,N'Dali,Borgou,2004,847.5,713.9,-165.74,26.7,33.14,21.87,63.08
BEN,BEN_BEN.4.3_1,N'Dali,Borgou,2005,959.9,869.6,-53.34,26.99,33.38,22.2,62.39
BEN,BEN_BEN.4.3_1,N'Dali,Borgou,2006,1007.3,983.7,-5.94,26.99,33.37,22.16,61.43
BEN,BEN_BEN.4.3_1,N'Dali,Borgou,2007,898.8,847.9,-114.44,26.73,33.24,21.87,60.31
BEN,BEN_BEN.4.3_1,N'Dali,Borgou,2008,1070.6,1016.6,57.36,26.69,33.25,21.76,59.07
BEN,BEN_BEN.4.3_1,N'Dali,Borgou,2009,1029.0,966.2,15.76,27.0,33.42,22.25,63.64
BEN,BEN_BEN.4.3_1,N'Dali,Borgou,2010,1060.2,991.3,46.96,26.93,33.23,22.26,63.7
BEN,BEN_BEN.4.3_1,N'Dali,Borgou,2011,787.3,748.2,-225.94,26.86,33.4,21.95,61.04
BEN,BEN_BEN.4.3_1,N'Dali,Borgou,2012,1222.0,1105.2,208.76,26.52,32.81,21.92,64.74
BEN,BEN_BEN.4.3_1,N'Dali,Borgou,2013,1056.6,954.5,43.36,26.9,33.18,22.25,63.79
BEN,BEN_BEN.4.3_1,N'Dali,Borgou,2014,1176.0,1058.5,162.76,26.85,33.17,22.17,63.78
BEN,BEN_BEN.4.3_1,N'Dali,Borgou,2015,1063.6,986.4,50.36,26.91,33.26,22.14,60.86
BEN,BEN_BEN.4.3_1,N'Dali,Borgou,2016,1228.3,1027.9,215.06,27.07,33.43,22.41,62.94
BEN,BEN_BEN.4.3_1,N'Dali,Borgou,2017,918.5,901.3,-94.74,26.83,33.98,21.65,60.42
BEN,BEN_BEN.4.3_1,N'Dali,Borgou,2018,1178.5,1096.1,165.26,26.29,33.06,21.51,64.58
BEN,BEN_BEN.4.3_1,N'Dali,Borgou,2019,1141.6,1092.4,128.36,26.47,33.16,21.77,65.88
BEN,BEN_BEN.4.3_1,N'Dali,Borgou,2020,932.6,872.8,-80.64,26.55,33.37,21.59,61.02
BEN,BEN_BEN.4.3_1,N'Dali,Borgou,2021,954.0,929.3,-59.24,26.61,33.66,21.55,60.67
BEN,BEN_BEN.4.3_1,N'Dali,Borgou,2022,1014.0,950.0,0.76,26.04,33.13,20.96,60.09
BEN,BEN_BEN.4.3_1,N'Dali,Borgou,2023,820.7,789.0,-192.54,26.6,33.74,21.61,61.78
BEN,BEN_BEN.4.3_1,N'Dali,Borgou,2024,876.1,839.5,-137.14,26.94,33.94,21.92,58.89
BEN,BEN_BEN.4.3_1,N'Dali,Borgou,2025,825.9,795.8,-187.34,26.47,32.37,21.96,65.71
BEN,BEN_BEN.4.4_1,Nikki,Borgou,2000,1062.1,1046.2,75.28,26.73,33.06,21.65,56.22
BEN,BEN_BEN.4.4_1,Nikki,Borgou,2001,973.0,936.8,-13.82,26.89,33.22,21.67,55.14
BEN,BEN_BEN.4.4_1,Nikki,Borgou,2002,1227.4,1176.7,240.58,26.85,33.09,21.92,58.79
BEN,BEN_BEN.4.4_1,Nikki,Borgou,2003,1097.6,1031.0,110.78,27.22,33.47,22.19,57.98
BEN,BEN_BEN.4.4_1,Nikki,Borgou,2004,881.6,813.6,-105.22,27.13,33.39,22.09,58.07
BEN,BEN_BEN.4.4_1,Nikki,Borgou,2005,977.1,922.5,-9.72,27.42,33.69,22.43,57.7
BEN,BEN_BEN.4.4_1,Nikki,Borgou,2006,1004.7,989.6,17.88,27.38,33.64,22.28,57.0
BEN,BEN_BEN.4.4_1,Nikki,Borgou,2007,865.5,823.7,-121.32,27.08,33.4,22.05,56.01
BEN,BEN_BEN.4.4_1,Nikki,Borgou,2008,952.3,927.7,-34.52,26.87,33.21,21.77,55.5
BEN,BEN_BEN.4.4_1,Nikki,Borgou,2009,1037.8,1021.1,50.98,27.34,33.62,22.37,59.32
BEN,BEN_BEN.4.4_1,Nikki,Borgou,2010,1137.8,1085.5,150.98,27.28,33.39,22.38,59.49
BEN,BEN_BEN.4.4_1,Nikki,Borgou,2011,753.8,737.6,-233.02,27.21,33.57,22.16,56.7
BEN,BEN_BEN.4.4_1,Nikki,Borgou,2012,1304.0,1220.8,317.18,26.88,32.99,22.0,60.33
BEN,BEN_BEN.4.4_1,Nikki,Borgou,2013,954.9,892.4,-31.92,27.29,33.42,22.44,59.62
BEN,BEN_BEN.4.4_1,Nikki,Borgou,2014,1177.3,1111.1,190.48,27.2,33.34,22.3,59.38
BEN,BEN_BEN.4.4_1,Nikki,Borgou,2015,1210.9,1168.6,224.08,27.2,33.36,22.17,56.42
BEN,BEN_BEN.4.4_1,Nikki,Borgou,2016,1197.4,1068.9,210.58,27.32,33.53,22.46,59.09
BEN,BEN_BEN.4.4_1,Nikki,Borgou,2017,903.8,891.4,-83.02,26.77,33.59,21.51,56.32
BEN,BEN_BEN.4.4_1,Nikki,Borgou,2018,1018.1,939.5,31.28,26.29,32.9,21.35,60.33
BEN,BEN_BEN.4.4_1,Nikki,Borgou,2019,1075.9,1033.0,89.08,26.39,32.85,21.59,62.1
BEN,BEN_BEN.4.4_1,Nikki,Borgou,2020,838.0,800.4,-148.82,26.45,33.07,21.44,57.24
BEN,BEN_BEN.4.4_1,Nikki,Borgou,2021,651.1,640.3,-335.72,26.55,33.31,21.39,55.99
BEN,BEN_BEN.4.4_1,Nikki,Borgou,2022,1000.7,974.4,13.88,25.83,32.52,20.82,56.76
BEN,BEN_BEN.4.4_1,Nikki,Borgou,2023,712.8,654.6,-274.02,26.42,33.22,21.39,58.0
BEN,BEN_BEN.4.4_1,Nikki,Borgou,2024,870.7,823.7,-116.12,26.48,33.15,21.53,56.8
BEN,BEN_BEN.4.4_1,Nikki,Borgou,2025,771.1,756.4,-215.72,26.71,32.7,22.02,60.12
BEN,BEN_BEN.4.5_1,Parakou,Borgou,2000,1315.2,1268.7,222.1,26.36,32.91,21.16,61.82
BEN,BEN_BEN.4.5_1,Parakou,Borgou,2001,989.1,891.4,-104.0,26.43,33.04,21.23,61.83
BEN,BEN_BEN.4.5_1,Parakou,Borgou,2002,1392.1,1273.3,299.0,26.47,32.85,21.56,64.03
BEN,BEN_BEN.4.5_1,Parakou,Borgou,2003,1214.6,1068.8,121.5,26.74,33.22,21.7,64.22
BEN,BEN_BEN.4.5_1,Parakou,Borgou,2004,946.5,773.3,-146.6,26.54,33.01,21.53,65.0
BEN,BEN_BEN.4.5_1,Parakou,Borgou,2005,1019.2,908.4,-73.9,26.8,33.26,21.83,64.12
BEN,BEN_BEN.4.5_1,Parakou,Borgou,2006,1190.8,1129.9,97.7,26.77,33.17,21.78,63.89
BEN,BEN_BEN.4.5_1,Parakou,Borgou,2007,1033.9,944.8,-59.2,26.52,33.06,21.46,62.34
BEN,BEN_BEN.4.5_1,Parakou,Borgou,2008,1136.2,1068.9,43.1,26.51,33.13,21.38,61.06
BEN,BEN_BEN.4.5_1,Parakou,Borgou,2009,1190.5,1090.8,97.4,26.81,33.25,21.87,65.44
BEN,BEN_BEN.4.5_1,Parakou,Borgou,2010,1189.7,1090.4,96.6,26.74,33.1,21.88,65.62
BEN,BEN_BEN.4.5_1,Parakou,Borgou,2011,906.0,842.6,-187.1,26.59,33.18,21.5,63.02
BEN,BEN_BEN.4.5_1,Parakou,Borgou,2012,1328.3,1179.7,235.2,26.35,32.64,21.61,66.47
BEN,BEN_BEN.4.5_1,Parakou,Borgou,2013,1223.7,1058.0,130.6,26.77,33.05,21.98,65.12
BEN,BEN_BEN.4.5_1,Parakou,Borgou,2014,1324.0,1153.1,230.9,26.68,33.02,21.87,65.75
BEN,BEN_BEN.4.5_1,Parakou,Borgou,2015,1108.5,1008.4,15.4,26.79,33.12,21.86,62.43
BEN,BEN_BEN.4.5_1,Parakou,Borgou,2016,1321.7,1084.1,228.6,26.89,33.27,22.06,64.67
BEN,BEN_BEN.4.5_1,Parakou,Borgou,2017,979.9,941.7,-113.2,26.83,33.12,21.87,61.43
BEN,BEN_BEN.4.5_1,Parakou,Borgou,2018,1194.7,1083.5,101.6,26.32,32.46,21.65,64.34
BEN,BEN_BEN.4.5_1,Parakou,Borgou,2019,1136.2,1054.9,43.1,26.48,32.49,21.9,65.85
BEN,BEN_BEN.4.5_1,Parakou,Borgou,2020,930.0,856.9,-163.1,26.51,32.69,21.57,61.3
BEN,BEN_BEN.4.5_1,Parakou,Borgou,2021,810.2,758.4,-282.9,26.62,33.02,21.58,60.82
BEN,BEN_BEN.4.5_1,Parakou,Borgou,2022,981.5,939.4,-111.6,26.08,32.64,20.99,59.59
BEN,BEN_BEN.4.5_1,Parakou,Borgou,2023,827.2,750.7,-265.9,26.65,33.11,21.69,61.51
BEN,BEN_BEN.4.5_1,Parakou,Borgou,2024,901.4,824.9,-191.7,27.05,33.58,21.97,58.41
BEN,BEN_BEN.4.5_1,Parakou,Borgou,2025,829.5,783.8,-263.6,26.54,32.39,21.96,65.38
BEN,BEN_BEN.4.6_1,Pèrèrè,Borgou,2000,1170.9,1150.7,122.18,26.32,32.8,21.49,60.12
BEN,BEN_BEN.4.6_1,Pèrèrè,Borgou,2001,991.9,913.3,-56.82,26.37,32.86,21.49,60.03
BEN,BEN_BEN.4.6_1,Pèrèrè,Borgou,2002,1300.4,1163.6,251.68,26.31,32.64,21.73,63.28
BEN,BEN_BEN.4.6_1,Pèrèrè,Borgou,2003,1176.0,1056.3,127.28,26.62,33.0,21.92,63.09
BEN,BEN_BEN.4.6_1,Pèrèrè,Borgou,2004,958.2,822.1,-90.52,26.51,32.88,21.79,63.37
BEN,BEN_BEN.4.6_1,Pèrèrè,Borgou,2005,1034.7,940.4,-14.02,26.71,33.06,22.04,62.98
BEN,BEN_BEN.4.6_1,Pèrèrè,Borgou,2006,1199.6,1156.2,150.88,26.73,33.05,22.04,62.28
BEN,BEN_BEN.4.6_1,Pèrèrè,Borgou,2007,967.3,898.3,-81.42,26.53,32.97,21.77,60.58
BEN,BEN_BEN.4.6_1,Pèrèrè,Borgou,2008,1109.2,1063.5,60.48,26.43,32.89,21.63,59.65
BEN,BEN_BEN.4.6_1,Pèrèrè,Borgou,2009,1092.6,1021.9,43.88,26.74,33.11,22.09,64.22
BEN,BEN_BEN.4.6_1,Pèrèrè,Borgou,2010,1221.6,1122.7,172.88,26.69,32.94,22.12,64.18
BEN,BEN_BEN.4.6_1,Pèrèrè,Borgou,2011,880.7,848.2,-168.02,26.54,33.0,21.77,61.56
BEN,BEN_BEN.4.6_1,Pèrèrè,Borgou,2012,1348.5,1218.1,299.78,26.28,32.47,21.78,65.22
BEN,BEN_BEN.4.6_1,Pèrèrè,Borgou,2013,1059.3,952.8,10.58,26.7,32.89,22.15,64.15
BEN,BEN_BEN.4.6_1,Pèrèrè,Borgou,2014,1163.2,1051.3,114.48,26.64,32.93,22.06,64.09
BEN,BEN_BEN.4.6_1,Pèrèrè,Borgou,2015,1103.7,1038.8,54.98,26.62,32.85,22.0,61.49
BEN,BEN_BEN.4.6_1,Pèrèrè,Borgou,2016,1324.4,1123.0,275.68,26.82,33.15,22.26,63.35
BEN,BEN_BEN.4.6_1,Pèrèrè,Borgou,2017,879.2,861.0,-169.52,26.57,33.43,21.67,61.18
BEN,BEN_BEN.4.6_1,Pèrèrè,Borgou,2018,1231.1,1132.3,182.38,26.07,32.58,21.53,64.8
BEN,BEN_BEN.4.6_1,Pèrèrè,Borgou,2019,1058.5,997.6,9.78,26.2,32.62,21.73,66.25
BEN,BEN_BEN.4.6_1,Pèrèrè,Borgou,2020,918.7,851.5,-130.02,26.35,32.93,21.62,60.75
BEN,BEN_BEN.4.6_1,Pèrèrè,Borgou,2021,756.6,733.7,-292.12,26.49,33.32,21.58,59.79
BEN,BEN_BEN.4.6_1,Pèrèrè,Borgou,2022,929.9,903.5,-118.82,25.9,32.72,21.02,59.25
BEN,BEN_BEN.4.6_1,Pèrèrè,Borgou,2023,760.4,717.4,-288.32,26.45,33.37,21.61,61.03
BEN,BEN_BEN.4.6_1,Pèrèrè,Borgou,2024,916.7,861.9,-132.02,26.82,33.63,21.91,58.1
BEN,BEN_BEN.4.6_1,Pèrèrè,Borgou,2025,713.4,691.2,-335.32,26.51,32.45,21.91,63.87
BEN,BEN_BEN.4.7_1,Sinendé,Borgou,2000,1006.6,993.6,-17.08,26.9,33.32,21.72,55.43
BEN,BEN_BEN.4.7_1,Sinendé,Borgou,2001,954.9,930.7,-68.78,27.02,33.5,21.7,54.06
BEN,BEN_BEN.4.7_1,Sinendé,Borgou,2002,1205.0,1141.6,181.32,26.98,33.3,21.99,57.82
BEN,BEN_BEN.4.7_1,Sinendé,Borgou,2003,1106.4,1026.1,82.72,27.27,33.65,22.17,57.68
BEN,BEN_BEN.4.7_1,Sinendé,Borgou,2004,945.9,827.2,-77.78,27.18,33.58,22.1,57.69
BEN,BEN_BEN.4.7_1,Sinendé,Borgou,2005,958.2,905.8,-65.48,27.52,33.84,22.49,57.17
BEN,BEN_BEN.4.7_1,Sinendé,Borgou,2006,1113.0,1083.9,89.32,27.39,33.77,22.27,56.49
BEN,BEN_BEN.4.7_1,Sinendé,Borgou,2007,910.9,874.5,-112.78,27.13,33.55,22.06,55.8
BEN,BEN_BEN.4.7_1,Sinendé,Borgou,2008,984.8,965.8,-38.88,26.96,33.43,21.77,54.63
BEN,BEN_BEN.4.7_1,Sinendé,Borgou,2009,1179.4,1147.7,155.72,27.44,33.88,22.4,58.62
BEN,BEN_BEN.4.7_1,Sinendé,Borgou,2010,1116.9,1069.8,93.22,27.34,33.55,22.42,59.3
BEN,BEN_BEN.4.7_1,Sinendé,Borgou,2011,809.9,784.2,-213.78,27.3,33.73,22.21,56.59
BEN,BEN_BEN.4.7_1,Sinendé,Borgou,2012,1311.7,1217.1,288.02,26.83,33.04,21.96,60.32
BEN,BEN_BEN.4.7_1,Sinendé,Borgou,2013,994.7,928.1,-28.98,27.23,33.41,22.38,59.84
BEN,BEN_BEN.4.7_1,Sinendé,Borgou,2014,1194.3,1075.1,170.62,27.3,33.48,22.36,58.92
BEN,BEN_BEN.4.7_1,Sinendé,Borgou,2015,1109.8,1048.4,86.12,27.25,33.59,22.17,56.04
BEN,BEN_BEN.4.7_1,Sinendé,Borgou,2016,1083.1,940.6,59.42,27.4,33.65,22.48,58.58
BEN,BEN_BEN.4.7_1,Sinendé,Borgou,2017,1058.6,1043.5,34.92,26.67,33.28,21.53,56.75
BEN,BEN_BEN.4.7_1,Sinendé,Borgou,2018,1112.9,1036.6,89.22,26.3,32.76,21.49,60.82
BEN,BEN_BEN.4.7_1,Sinendé,Borgou,2019,1105.4,1071.8,81.72,26.48,32.8,21.77,61.59
BEN,BEN_BEN.4.7_1,Sinendé,Borgou,2020,871.8,826.4,-151.88,26.38,32.71,21.54,58.62
BEN,BEN_BEN.4.7_1,Sinendé,Borgou,2021,689.2,687.4,-334.48,26.31,32.77,21.42,58.48
BEN,BEN_BEN.4.7_1,Sinendé,Borgou,2022,1007.3,942.2,-16.38,25.76,32.25,20.92,57.96
BEN,BEN_BEN.4.7_1,Sinendé,Borgou,2023,913.5,869.5,-110.18,26.46,33.06,21.58,58.65
BEN,BEN_BEN.4.7_1,Sinendé,Borgou,2024,916.3,873.4,-107.38,26.66,33.18,21.67,56.83
BEN,BEN_BEN.4.7_1,Sinendé,Borgou,2025,955.2,949.5,-68.48,26.42,32.13,21.93,63.03
BEN,BEN_BEN.4.8_1,Tchaourou,Borgou,2000,1315.2,1268.7,172.92,26.68,33.04,21.95,63.03
BEN,BEN_BEN.4.8_1,Tchaourou,Borgou,2001,989.1,891.4,-153.18,26.69,33.02,22.01,63.78
BEN,BEN_BEN.4.8_1,Tchaourou,Borgou,2002,1392.1,1273.3,249.82,26.72,32.84,22.25,65.56
BEN,BEN_BEN.4.8_1,Tchaourou,Borgou,2003,1214.6,1068.8,72.32,26.97,33.21,22.41,66.35
BEN,BEN_BEN.4.8_1,Tchaourou,Borgou,2004,946.5,773.3,-195.78,26.74,32.9,22.23,67.25
BEN,BEN_BEN.4.8_1,Tchaourou,Borgou,2005,1019.2,908.4,-123.08,26.97,33.13,22.48,66.21
BEN,BEN_BEN.4.8_1,Tchaourou,Borgou,2006,1190.8,1129.9,48.52,26.98,33.15,22.42,65.81
BEN,BEN_BEN.4.8_1,Tchaourou,Borgou,2007,1033.9,944.8,-108.38,26.77,33.07,22.16,64.02
BEN,BEN_BEN.4.8_1,Tchaourou,Borgou,2008,1136.2,1068.9,-6.08,26.79,33.13,22.1,62.6
BEN,BEN_BEN.4.8_1,Tchaourou,Borgou,2009,1190.5,1090.8,48.22,27.06,33.23,22.52,66.79
BEN,BEN_BEN.4.8_1,Tchaourou,Borgou,2010,1189.7,1090.4,47.42,26.97,33.08,22.55,67.56
BEN,BEN_BEN.4.8_1,Tchaourou,Borgou,2011,906.0,842.6,-236.28,26.78,33.08,22.17,64.74
BEN,BEN_BEN.4.8_1,Tchaourou,Borgou,2012,1328.3,1179.7,186.02,26.57,32.63,22.25,67.99
BEN,BEN_BEN.4.8_1,Tchaourou,Borgou,2013,1223.7,1058.0,81.42,27.0,33.06,22.6,66.7
BEN,BEN_BEN.4.8_1,Tchaourou,Borgou,2014,1324.0,1153.1,181.72,26.89,32.96,22.53,67.69
BEN,BEN_BEN.4.8_1,Tchaourou,Borgou,2015,1108.5,1008.4,-33.78,26.96,33.01,22.51,64.69
BEN,BEN_BEN.4.8_1,Tchaourou,Borgou,2016,1321.7,1084.1,179.42,27.12,33.26,22.74,66.2
BEN,BEN_BEN.4.8_1,Tchaourou,Borgou,2017,1060.4,1031.5,-81.88,26.74,33.34,21.93,64.32
BEN,BEN_BEN.4.8_1,Tchaourou,Borgou,2018,1398.2,1258.6,255.92,26.17,32.58,21.65,67.08
BEN,BEN_BEN.4.8_1,Tchaourou,Borgou,2019,1407.1,1281.3,264.82,26.41,32.67,22.02,68.17
BEN,BEN_BEN.4.8_1,Tchaourou,Borgou,2020,1112.8,1013.1,-29.48,26.49,32.9,21.74,63.4
BEN,BEN_BEN.4.8_1,Tchaourou,Borgou,2021,869.4,797.2,-272.88,26.6,33.23,21.78,63.33
BEN,BEN_BEN.4.8_1,Tchaourou,Borgou,2022,1128.6,1023.2,-13.68,26.15,32.98,21.22,61.41
BEN,BEN_BEN.4.8_1,Tchaourou,Borgou,2023,928.8,844.9,-213.48,26.72,33.52,21.87,63.01
BEN,BEN_BEN.4.8_1,Tchaourou,Borgou,2024,1013.3,910.1,-128.98,26.99,33.77,22.04,60.56
BEN,BEN_BEN.4.8_1,Tchaourou,Borgou,2025,950.6,881.1,-191.68,26.41,32.22,21.97,68.0
BEN,BEN_BEN.5.1_1,Bantè,Collines,2000,1434.7,1299.3,177.27,26.74,32.79,22.28,69.01
BEN,BEN_BEN.5.1_1,Bantè,Collines,2001,1040.7,864.2,-216.73,26.87,32.77,22.59,69.49
BEN,BEN_BEN.5.1_1,Bantè,Collines,2002,1567.3,1325.9,309.87,26.72,32.52,22.51,70.87
BEN,BEN_BEN.5.1_1,Bantè,Collines,2003,1332.8,1124.4,75.37,27.05,32.89,22.9,72.0
BEN,BEN_BEN.5.1_1,Bantè,Collines,2004,1232.5,980.1,-24.93,26.88,32.68,22.76,72.39
BEN,BEN_BEN.5.1_1,Bantè,Collines,2005,1217.3,990.2,-40.13,27.01,32.81,22.89,71.35
BEN,BEN_BEN.5.1_1,Bantè,Collines,2006,1296.5,1191.4,39.07,27.05,32.84,22.81,70.83
BEN,BEN_BEN.5.1_1,Bantè,Collines,2007,1375.9,1235.5,118.47,26.85,32.8,22.53,69.86
BEN,BEN_BEN.5.1_1,Bantè,Collines,2008,1225.1,1124.8,-32.33,26.91,32.94,22.48,67.9
BEN,BEN_BEN.5.1_1,Bantè,Collines,2009,1199.1,1054.9,-58.33,27.17,33.04,22.93,71.34
BEN,BEN_BEN.5.1_1,Bantè,Collines,2010,1313.7,1136.3,56.27,27.14,32.84,23.05,72.25
BEN,BEN_BEN.5.1_1,Bantè,Collines,2011,1104.2,964.6,-153.23,26.91,32.85,22.58,69.55
BEN,BEN_BEN.5.1_1,Bantè,Collines,2012,1575.9,1354.0,318.47,26.64,32.45,22.49,71.84
BEN,BEN_BEN.5.1_1,Bantè,Collines,2013,1164.8,904.0,-92.63,27.02,32.82,22.88,70.97
BEN,BEN_BEN.5.1_1,Bantè,Collines,2014,1341.0,1095.9,83.57,27.04,32.8,23.0,72.17
BEN,BEN_BEN.5.1_1,Bantè,Collines,2015,1130.2,1000.5,-127.23,27.12,32.94,22.88,68.66
BEN,BEN_BEN.5.1_1,Bantè,Collines,2016,1615.8,1220.6,358.37,27.26,33.09,23.13,70.65
BEN,BEN_BEN.5.1_1,Bantè,Collines,2017,1133.6,1047.7,-123.83,26.98,33.31,22.44,69.81
BEN,BEN_BEN.5.1_1,Bantè,Collines,2018,1543.2,1361.4,285.77,26.4,32.6,22.03,71.42
BEN,BEN_BEN.5.1_1,Bantè,Collines,2019,1525.1,1384.6,267.67,26.74,32.7,22.62,73.46
BEN,BEN_BEN.5.1_1,Bantè,Collines,2020,958.0,814.7,-299.43,26.81,33.02,22.18,68.43
BEN,BEN_BEN.5.1_1,Bantè,Collines,2021,891.7,786.4,-365.73,27.13,33.51,22.47,68.46
BEN,BEN_BEN.5.1_1,Bantè,Collines,2022,1236.5,1069.2,-20.93,26.52,33.18,21.72,66.53
BEN,BEN_BEN.5.1_1,Bantè,Collines,2023,1161.8,1031.2,-95.63,26.82,33.46,22.2,68.77
BEN,BEN_BEN.5.1_1,Bantè,Collines,2024,1112.2,949.5,-145.23,27.15,33.86,22.33,65.73
BEN,BEN_BEN.5.1_1,Bantè,Collines,2025,963.7,806.2,-293.73,26.81,32.26,22.59,72.64
BEN,BEN_BEN.5.2_1,Dassa-Zoumè,Collines,2000,978.4,876.6,-48.97,26.93,32.57,23.09,73.54
BEN,BEN_BEN.5.2_1,Dassa-Zoumè,Collines,2001,769.7,628.4,-257.67,27.01,32.55,23.32,73.87
BEN,BEN_BEN.5.2_1,Dassa-Zoumè,Collines,2002,1230.2,986.9,202.83,26.86,32.36,23.11,74.73
BEN,BEN_BEN.5.2_1,Dassa-Zoumè,Collines,2003,991.1,811.5,-36.27,27.21,32.64,23.61,75.78
BEN,BEN_BEN.5.2_1,Dassa-Zoumè,Collines,2004,907.6,741.3,-119.77,27.08,32.51,23.48,75.48
BEN,BEN_BEN.5.2_1,Dassa-Zoumè,Collines,2005,966.5,795.0,-60.87,27.21,32.57,23.59,74.49
BEN,BEN_BEN.5.2_1,Dassa-Zoumè,Collines,2006,1101.6,989.4,74.23,27.18,32.6,23.58,75.43
BEN,BEN_BEN.5.2_1,Dassa-Zoumè,Collines,2007,1084.9,929.6,57.53,26.99,32.63,23.06,73.27
BEN,BEN_BEN.5.2_1,Dassa-Zoumè,Collines,2008,1065.5,933.8,38.13,26.98,32.7,23.04,72.63
BEN,BEN_BEN.5.2_1,Dassa-Zoumè,Collines,2009,901.9,790.9,-125.47,27.32,32.82,23.6,74.71
BEN,BEN_BEN.5.2_1,Dassa-Zoumè,Collines,2010,1114.6,977.7,87.23,27.47,32.86,23.86,75.3
BEN,BEN_BEN.5.2_1,Dassa-Zoumè,Collines,2011,885.5,732.1,-141.87,26.97,32.53,23.14,73.97
BEN,BEN_BEN.5.2_1,Dassa-Zoumè,Collines,2012,1299.6,1089.2,272.23,26.79,32.22,23.21,75.88
BEN,BEN_BEN.5.2_1,Dassa-Zoumè,Collines,2013,819.6,620.7,-207.77,27.25,32.72,23.52,73.61
BEN,BEN_BEN.5.2_1,Dassa-Zoumè,Collines,2014,1097.4,892.1,70.03,27.19,32.54,23.65,75.61
BEN,BEN_BEN.5.2_1,Dassa-Zoumè,Collines,2015,811.1,675.9,-216.27,27.27,32.89,23.45,71.37
BEN,BEN_BEN.5.2_1,Dassa-Zoumè,Collines,2016,1207.4,940.7,180.03,27.46,32.94,23.75,74.22
BEN,BEN_BEN.5.2_1,Dassa-Zoumè,Collines,2017,937.8,782.8,-89.57,27.15,33.11,23.16,74.19
BEN,BEN_BEN.5.2_1,Dassa-Zoumè,Collines,2018,1343.0,1168.3,315.63,26.74,32.57,22.84,75.39
BEN,BEN_BEN.5.2_1,Dassa-Zoumè,Collines,2019,1414.2,1202.8,386.83,26.97,32.66,23.29,77.05
BEN,BEN_BEN.5.2_1,Dassa-Zoumè,Collines,2020,712.6,606.9,-314.77,27.21,33.2,22.9,71.09
BEN,BEN_BEN.5.2_1,Dassa-Zoumè,Collines,2021,896.2,789.1,-131.17,27.52,33.59,23.32,72.36
BEN,BEN_BEN.5.2_1,Dassa-Zoumè,Collines,2022,1151.2,948.2,123.83,26.98,33.4,22.51,70.21
BEN,BEN_BEN.5.2_1,Dassa-Zoumè,Collines,2023,1271.4,1023.2,244.03,27.11,33.49,22.85,72.61
BEN,BEN_BEN.5.2_1,Dassa-Zoumè,Collines,2024,982.2,834.0,-45.17,27.5,33.85,23.09,69.96
BEN,BEN_BEN.5.2_1,Dassa-Zoumè,Collines,2025,770.3,619.8,-257.07,27.32,32.78,23.46,74.52
BEN,BEN_BEN.5.3_1,Glazoué,Collines,2000,1110.8,1035.1,22.48,26.93,32.86,22.72,70.5
BEN,BEN_BEN.5.3_1,Glazoué,Collines,2001,911.4,748.7,-176.92,27.03,32.86,23.03,71.12
BEN,BEN_BEN.5.3_1,Glazoué,Collines,2002,1353.9,1124.8,265.58,26.92,32.67,22.91,72.17
BEN,BEN_BEN.5.3_1,Glazoué,Collines,2003,1136.8,968.5,48.48,27.22,32.96,23.33,73.57
BEN,BEN_BEN.5.3_1,Glazoué,Collines,2004,927.5,726.2,-160.82,27.08,32.75,23.19,73.54
BEN,BEN_BEN.5.3_1,Glazoué,Collines,2005,995.6,825.0,-92.72,27.23,32.91,23.35,72.48
BEN,BEN_BEN.5.3_1,Glazoué,Collines,2006,1201.1,1121.0,112.78,27.23,32.95,23.26,72.51
BEN,BEN_BEN.5.3_1,Glazoué,Collines,2007,1215.9,1080.8,127.58,27.03,32.93,22.89,71.24
BEN,BEN_BEN.5.3_1,Glazoué,Collines,2008,1098.9,1001.6,10.58,27.08,33.04,22.87,69.44
BEN,BEN_BEN.5.3_1,Glazoué,Collines,2009,1024.3,902.6,-64.02,27.34,33.11,23.34,72.81
BEN,BEN_BEN.5.3_1,Glazoué,Collines,2010,1106.2,953.9,17.88,27.36,32.99,23.49,73.51
BEN,BEN_BEN.5.3_1,Glazoué,Collines,2011,876.9,759.0,-211.42,27.07,32.94,22.96,71.03
BEN,BEN_BEN.5.3_1,Glazoué,Collines,2012,1275.7,1084.9,187.38,26.83,32.55,22.91,73.27
BEN,BEN_BEN.5.3_1,Glazoué,Collines,2013,897.2,687.7,-191.12,27.25,32.94,23.32,72.03
BEN,BEN_BEN.5.3_1,Glazoué,Collines,2014,1119.1,922.3,30.78,27.26,32.93,23.44,73.27
BEN,BEN_BEN.5.3_1,Glazoué,Collines,2015,941.7,820.5,-146.62,27.31,33.09,23.26,69.72
BEN,BEN_BEN.5.3_1,Glazoué,Collines,2016,1312.6,1014.0,224.28,27.45,33.22,23.51,72.02
BEN,BEN_BEN.5.3_1,Glazoué,Collines,2017,971.4,883.1,-116.92,27.37,33.51,23.02,70.54
BEN,BEN_BEN.5.3_1,Glazoué,Collines,2018,1413.6,1235.9,325.28,26.76,32.87,22.49,71.93
BEN,BEN_BEN.5.3_1,Glazoué,Collines,2019,1410.6,1249.3,322.28,27.11,32.95,23.08,73.6
BEN,BEN_BEN.5.3_1,Glazoué,Collines,2020,773.2,651.5,-315.12,27.28,33.47,22.65,67.61
BEN,BEN_BEN.5.3_1,Glazoué,Collines,2021,947.8,871.1,-140.52,27.62,33.88,23.05,68.41
BEN,BEN_BEN.5.3_1,Glazoué,Collines,2022,1148.9,1022.8,60.58,27.01,33.6,22.24,66.57
BEN,BEN_BEN.5.3_1,Glazoué,Collines,2023,1169.1,1023.7,80.78,27.27,33.81,22.66,68.71
BEN,BEN_BEN.5.3_1,Glazoué,Collines,2024,1083.0,921.3,-5.32,27.65,34.27,22.79,65.29
BEN,BEN_BEN.5.3_1,Glazoué,Collines,2025,873.2,760.2,-215.12,27.43,33.21,23.07,71.31
BEN,BEN_BEN.5.4_1,Ouèssè,Collines,2000,1108.9,1038.7,-7.84,26.77,32.92,22.35,67.77
BEN,BEN_BEN.5.4_1,Ouèssè,Collines,2001,909.1,777.0,-207.64,26.84,32.87,22.66,68.83
BEN,BEN_BEN.5.4_1,Ouèssè,Collines,2002,1408.7,1202.7,291.96,26.76,32.64,22.62,69.77
BEN,BEN_BEN.5.4_1,Ouèssè,Collines,2003,1252.2,1041.9,135.46,27.08,32.99,22.97,71.36
BEN,BEN_BEN.5.4_1,Ouèssè,Collines,2004,1046.5,835.8,-70.24,26.91,32.72,22.85,71.58
BEN,BEN_BEN.5.4_1,Ouèssè,Collines,2005,1006.6,842.0,-110.14,27.07,32.91,23.01,70.49
BEN,BEN_BEN.5.4_1,Ouèssè,Collines,2006,1228.3,1164.2,111.56,27.09,32.95,22.9,70.08
BEN,BEN_BEN.5.4_1,Ouèssè,Collines,2007,1142.1,1026.6,25.36,26.9,32.92,22.61,68.92
BEN,BEN_BEN.5.4_1,Ouèssè,Collines,2008,1087.6,1002.5,-29.14,26.93,33.05,22.55,66.98
BEN,BEN_BEN.5.4_1,Ouèssè,Collines,2009,953.8,842.0,-162.94,27.19,33.13,22.98,70.59
BEN,BEN_BEN.5.4_1,Ouèssè,Collines,2010,1204.2,1070.8,87.46,27.2,33.0,23.14,71.28
BEN,BEN_BEN.5.4_1,Ouèssè,Collines,2011,885.1,756.5,-231.64,26.88,32.92,22.6,68.88
BEN,BEN_BEN.5.4_1,Ouèssè,Collines,2012,1378.2,1203.5,261.46,26.71,32.54,22.63,71.15
BEN,BEN_BEN.5.4_1,Ouèssè,Collines,2013,969.0,750.1,-147.74,27.13,32.92,23.06,70.19
BEN,BEN_BEN.5.4_1,Ouèssè,Collines,2014,1280.2,1053.0,163.46,27.05,32.83,23.09,71.7
BEN,BEN_BEN.5.4_1,Ouèssè,Collines,2015,979.5,860.6,-137.24,27.17,32.98,23.06,67.92
BEN,BEN_BEN.5.4_1,Ouèssè,Collines,2016,1450.2,1179.0,333.46,27.27,33.17,23.2,70.0
BEN,BEN_BEN.5.4_1,Ouèssè,Collines,2017,1082.8,1002.5,-33.94,27.22,33.4,22.74,68.21
BEN,BEN_BEN.5.4_1,Ouèssè,Collines,2018,1382.8,1248.8,266.06,26.54,32.6,22.22,70.24
BEN,BEN_BEN.5.4_1,Ouèssè,Collines,2019,1576.2,1435.3,459.46,26.77,32.54,22.7,72.51
BEN,BEN_BEN.5.4_1,Ouèssè,Collines,2020,807.4,722.1,-309.34,26.96,33.04,22.41,66.54
BEN,BEN_BEN.5.4_1,Ouèssè,Collines,2021,957.8,873.8,-158.94,27.21,33.5,22.69,67.02
BEN,BEN_BEN.5.4_1,Ouèssè,Collines,2022,1044.7,909.1,-72.04,26.72,33.3,21.96,64.77
BEN,BEN_BEN.5.4_1,Ouèssè,Collines,2023,1021.9,911.6,-94.84,26.98,33.52,22.35,67.12
BEN,BEN_BEN.5.4_1,Ouèssè,Collines,2024,979.8,849.0,-136.94,27.2,33.7,22.33,64.56
BEN,BEN_BEN.5.4_1,Ouèssè,Collines,2025,891.7,777.3,-225.04,27.07,32.73,22.79,70.86
BEN,BEN_BEN.5.5_1,Savalou,Collines,2000,1181.4,1088.9,17.18,26.87,32.68,22.8,71.7
BEN,BEN_BEN.5.5_1,Savalou,Collines,2001,971.4,810.5,-192.82,26.92,32.6,23.03,72.32
BEN,BEN_BEN.5.5_1,Savalou,Collines,2002,1466.5,1173.1,302.28,26.74,32.34,22.88,73.7
BEN,BEN_BEN.5.5_1,Savalou,Collines,2003,1154.4,965.8,-9.82,27.11,32.74,23.33,74.42
BEN,BEN_BEN.5.5_1,Savalou,Collines,2004,1174.9,955.9,10.68,26.93,32.51,23.16,74.73
BEN,BEN_BEN.5.5_1,Savalou,Collines,2005,1024.1,829.4,-140.12,27.08,32.64,23.3,73.45
BEN,BEN_BEN.5.5_1,Savalou,Collines,2006,1215.5,1098.9,51.28,27.11,32.68,23.29,73.66
BEN,BEN_BEN.5.5_1,Savalou,Collines,2007,1213.0,1058.7,48.78,26.92,32.68,22.85,72.0
BEN,BEN_BEN.5.5_1,Savalou,Collines,2008,1030.5,931.7,-133.72,27.0,32.84,22.88,70.39
BEN,BEN_BEN.5.5_1,Savalou,Collines,2009,1059.9,912.2,-104.32,27.26,32.94,23.36,73.48
BEN,BEN_BEN.5.5_1,Savalou,Collines,2010,1286.3,1112.2,122.08,27.3,32.79,23.53,74.26
BEN,BEN_BEN.5.5_1,Savalou,Collines,2011,1084.8,960.8,-79.42,26.96,32.74,22.96,72.12
BEN,BEN_BEN.5.5_1,Savalou,Collines,2012,1530.9,1255.9,366.68,26.67,32.28,22.87,74.55
BEN,BEN_BEN.5.5_1,Savalou,Collines,2013,948.8,724.7,-215.42,27.1,32.73,23.22,72.88
BEN,BEN_BEN.5.5_1,Savalou,Collines,2014,1212.1,992.5,47.88,27.09,32.64,23.37,74.37
BEN,BEN_BEN.5.5_1,Savalou,Collines,2015,978.2,840.2,-186.02,27.16,32.88,23.17,70.66
BEN,BEN_BEN.5.5_1,Savalou,Collines,2016,1505.6,1170.6,341.38,27.33,32.98,23.46,73.07
BEN,BEN_BEN.5.5_1,Savalou,Collines,2017,1002.7,886.5,-161.52,27.39,33.49,23.15,71.9
BEN,BEN_BEN.5.5_1,Savalou,Collines,2018,1321.0,1128.4,156.78,26.9,32.83,22.78,73.34
BEN,BEN_BEN.5.5_1,Savalou,Collines,2019,1703.4,1448.2,539.18,27.13,32.93,23.25,75.24
BEN,BEN_BEN.5.5_1,Savalou,Collines,2020,815.6,671.6,-348.62,27.3,33.4,22.86,69.66
BEN,BEN_BEN.5.5_1,Savalou,Collines,2021,946.3,845.8,-217.92,27.58,33.76,23.24,71.11
BEN,BEN_BEN.5.5_1,Savalou,Collines,2022,1177.8,1008.1,13.58,26.97,33.45,22.43,69.28
BEN,BEN_BEN.5.5_1,Savalou,Collines,2023,1234.8,1042.1,70.58,27.21,33.7,22.76,70.94
BEN,BEN_BEN.5.5_1,Savalou,Collines,2024,1089.9,933.6,-74.32,27.52,34.06,22.93,68.5
BEN,BEN_BEN.5.5_1,Savalou,Collines,2025,939.9,719.5,-224.32,27.53,33.01,23.45,72.52
BEN,BEN_BEN.5.6_1,Savè,Collines,2000,984.8,873.5,-20.85,26.59,32.42,22.67,71.96
BEN,BEN_BEN.5.6_1,Savè,Collines,2001,765.3,628.0,-240.35,26.69,32.41,22.96,72.53
BEN,BEN_BEN.5.6_1,Savè,Collines,2002,1231.7,1004.7,226.05,26.6,32.26,22.81,73.28
BEN,BEN_BEN.5.6_1,Savè,Collines,2003,995.6,822.7,-10.05,26.92,32.57,23.27,74.6
BEN,BEN_BEN.5.6_1,Savè,Collines,2004,877.2,711.1,-128.45,26.74,32.33,23.12,74.72
BEN,BEN_BEN.5.6_1,Savè,Collines,2005,937.1,785.3,-68.55,26.9,32.46,23.26,73.59
BEN,BEN_BEN.5.6_1,Savè,Collines,2006,1144.8,1037.9,139.15,26.86,32.44,23.2,74.27
BEN,BEN_BEN.5.6_1,Savè,Collines,2007,1133.3,1011.6,127.65,26.72,32.53,22.78,72.13
BEN,BEN_BEN.5.6_1,Savè,Collines,2008,1065.0,938.3,59.35,26.73,32.63,22.73,70.95
BEN,BEN_BEN.5.6_1,Savè,Collines,2009,912.1,784.4,-93.55,26.99,32.65,23.24,74.03
BEN,BEN_BEN.5.6_1,Savè,Collines,2010,1062.6,934.5,56.95,27.12,32.66,23.47,74.36
BEN,BEN_BEN.5.6_1,Savè,Collines,2011,823.2,677.2,-182.45,26.71,32.49,22.83,72.45
BEN,BEN_BEN.5.6_1,Savè,Collines,2012,1193.3,972.8,187.65,26.45,32.06,22.82,74.92
BEN,BEN_BEN.5.6_1,Savè,Collines,2013,838.9,606.3,-166.75,26.91,32.49,23.2,73.17
BEN,BEN_BEN.5.6_1,Savè,Collines,2014,1081.0,869.5,75.35,26.89,32.42,23.31,74.66
BEN,BEN_BEN.5.6_1,Savè,Collines,2015,848.4,709.0,-157.25,26.99,32.71,23.14,70.65
BEN,BEN_BEN.5.6_1,Savè,Collines,2016,1158.4,920.7,152.75,27.18,32.85,23.42,72.93
BEN,BEN_BEN.5.6_1,Savè,Collines,2017,909.0,805.1,-96.65,27.26,33.49,23.12,72.91
BEN,BEN_BEN.5.6_1,Savè,Collines,2018,1340.9,1160.9,335.25,26.74,32.81,22.73,74.18
BEN,BEN_BEN.5.6_1,Savè,Collines,2019,1341.1,1155.8,335.45,27.0,32.87,23.22,75.8
BEN,BEN_BEN.5.6_1,Savè,Collines,2020,678.1,588.4,-327.55,27.31,33.52,22.91,68.85
BEN,BEN_BEN.5.6_1,Savè,Collines,2021,906.7,824.2,-98.95,27.59,33.89,23.28,70.83
BEN,BEN_BEN.5.6_1,Savè,Collines,2022,987.0,876.8,-18.65,27.06,33.67,22.48,68.42
BEN,BEN_BEN.5.6_1,Savè,Collines,2023,1195.3,993.4,189.65,27.29,33.88,22.85,70.15
BEN,BEN_BEN.5.6_1,Savè,Collines,2024,906.8,787.7,-98.85,27.61,34.13,23.06,67.63
BEN,BEN_BEN.5.6_1,Savè,Collines,2025,829.2,691.2,-176.45,27.47,32.81,23.48,72.94
BEN,BEN_BEN.6.1_1,Bassila,Donga,2000,1498.5,1451.2,154.4,26.53,32.96,21.68,63.78
BEN,BEN_BEN.6.1_1,Bassila,Donga,2001,1298.3,1176.7,-45.8,26.59,32.93,21.81,64.35
BEN,BEN_BEN.6.1_1,Bassila,Donga,2002,1521.4,1322.0,177.3,26.57,32.69,22.04,66.32
BEN,BEN_BEN.6.1_1,Bassila,Donga,2003,1566.3,1373.3,222.2,26.81,33.02,22.22,67.22
BEN,BEN_BEN.6.1_1,Bassila,Donga,2004,1309.0,1087.1,-35.1,26.62,32.79,22.04,68.07
BEN,BEN_BEN.6.1_1,Bassila,Donga,2005,1191.5,1035.2,-152.6,26.82,32.98,22.26,66.83
BEN,BEN_BEN.6.1_1,Bassila,Donga,2006,1525.6,1416.6,181.5,26.84,32.98,22.23,66.29
BEN,BEN_BEN.6.1_1,Bassila,Donga,2007,1318.0,1173.0,-26.1,26.65,32.93,21.96,64.83
BEN,BEN_BEN.6.1_1,Bassila,Donga,2008,1355.7,1279.1,11.6,26.72,33.1,21.93,62.84
BEN,BEN_BEN.6.1_1,Bassila,Donga,2009,1444.9,1278.2,100.8,26.92,33.17,22.34,67.47
BEN,BEN_BEN.6.1_1,Bassila,Donga,2010,1467.6,1348.0,123.5,26.86,32.92,22.38,68.12
BEN,BEN_BEN.6.1_1,Bassila,Donga,2011,1307.1,1186.8,-37.0,26.66,32.94,22.01,65.42
BEN,BEN_BEN.6.1_1,Bassila,Donga,2012,1502.8,1330.5,158.7,26.42,32.52,22.0,68.54
BEN,BEN_BEN.6.1_1,Bassila,Donga,2013,1388.6,1186.9,44.5,26.86,33.02,22.36,66.87
BEN,BEN_BEN.6.1_1,Bassila,Donga,2014,1532.0,1295.5,187.9,26.76,32.9,22.31,68.41
BEN,BEN_BEN.6.1_1,Bassila,Donga,2015,1406.0,1278.5,61.9,26.79,32.88,22.26,65.63
BEN,BEN_BEN.6.1_1,Bassila,Donga,2016,1584.7,1289.0,240.6,27.0,33.14,22.55,66.66
BEN,BEN_BEN.6.1_1,Bassila,Donga,2017,1028.9,958.4,-315.2,26.58,33.26,21.71,65.6
BEN,BEN_BEN.6.1_1,Bassila,Donga,2018,1554.9,1369.1,210.8,25.93,32.37,21.39,69.01
BEN,BEN_BEN.6.1_1,Bassila,Donga,2019,1399.7,1284.7,55.6,26.23,32.57,21.83,70.23
BEN,BEN_BEN.6.1_1,Bassila,Donga,2020,1063.5,979.3,-280.6,26.2,32.69,21.44,65.82
BEN,BEN_BEN.6.1_1,Bassila,Donga,2021,1091.4,1005.7,-252.7,26.46,33.11,21.59,64.98
BEN,BEN_BEN.6.1_1,Bassila,Donga,2022,1259.9,1086.3,-84.2,25.91,32.73,21.03,63.84
BEN,BEN_BEN.6.1_1,Bassila,Donga,2023,1163.1,1049.0,-181.0,26.47,33.36,21.62,65.33
BEN,BEN_BEN.6.1_1,Bassila,Donga,2024,1119.2,995.6,-224.9,26.78,33.7,21.8,62.58
BEN,BEN_BEN.6.1_1,Bassila,Donga,2025,1048.1,973.3,-296.0,26.31,31.75,22.01,69.47
BEN,BEN_BEN.6.2_1,Copargo,Donga,2000,813.3,797.7,-205.04,25.75,31.53,20.69,58.89
BEN,BEN_BEN.6.2_1,Copargo,Donga,2001,863.0,777.2,-155.34,26.02,31.95,20.7,56.83
BEN,BEN_BEN.6.2_1,Copargo,Donga,2002,1207.8,1137.3,189.46,25.98,31.75,21.01,60.5
BEN,BEN_BEN.6.2_1,Copargo,Donga,2003,977.7,870.5,-40.64,26.07,31.78,21.02,61.11
BEN,BEN_BEN.6.2_1,Copargo,Donga,2004,875.8,721.1,-142.54,25.83,31.55,20.86,62.67
BEN,BEN_BEN.6.2_1,Copargo,Donga,2005,843.5,771.2,-174.84,26.17,31.88,21.25,61.49
BEN,BEN_BEN.6.2_1,Copargo,Donga,2006,993.5,957.7,-24.84,26.08,31.74,21.14,60.65
BEN,BEN_BEN.6.2_1,Copargo,Donga,2007,807.9,750.3,-210.44,25.76,31.46,20.9,60.88
BEN,BEN_BEN.6.2_1,Copargo,Donga,2008,964.9,922.9,-53.44,25.8,31.66,20.8,58.49
BEN,BEN_BEN.6.2_1,Copargo,Donga,2009,1058.3,956.6,39.96,25.96,31.59,21.22,63.79
BEN,BEN_BEN.6.2_1,Copargo,Donga,2010,1036.6,942.7,18.26,26.04,31.58,21.29,63.52
BEN,BEN_BEN.6.2_1,Copargo,Donga,2011,765.7,709.5,-252.64,25.98,31.78,21.03,60.93
BEN,BEN_BEN.6.2_1,Copargo,Donga,2012,1171.3,1028.0,152.96,25.58,31.11,20.86,64.21
BEN,BEN_BEN.6.2_1,Copargo,Donga,2013,958.5,850.7,-59.84,25.95,31.47,21.24,63.79
BEN,BEN_BEN.6.2_1,Copargo,Donga,2014,1063.5,932.0,45.16,25.89,31.4,21.12,63.94
BEN,BEN_BEN.6.2_1,Copargo,Donga,2015,979.1,900.6,-39.24,26.13,31.91,21.16,59.43
BEN,BEN_BEN.6.2_1,Copargo,Donga,2016,979.3,845.1,-39.04,26.36,31.99,21.52,61.42
BEN,BEN_BEN.6.2_1,Copargo,Donga,2017,1125.8,1089.6,107.46,26.4,32.18,21.79,58.39
BEN,BEN_BEN.6.2_1,Copargo,Donga,2018,1254.0,1144.7,235.66,25.78,31.37,21.53,63.61
BEN,BEN_BEN.6.2_1,Copargo,Donga,2019,1296.7,1238.7,278.36,26.11,31.61,21.77,63.49
BEN,BEN_BEN.6.2_1,Copargo,Donga,2020,1044.7,959.6,26.36,26.19,31.86,21.61,59.5
BEN,BEN_BEN.6.2_1,Copargo,Donga,2021,897.9,852.3,-120.44,26.44,32.34,21.72,57.92
BEN,BEN_BEN.6.2_1,Copargo,Donga,2022,1270.8,1098.4,252.46,25.65,31.49,21.08,58.75
BEN,BEN_BEN.6.2_1,Copargo,Donga,2023,1106.1,1033.2,87.76,26.14,32.09,21.58,60.71
BEN,BEN_BEN.6.2_1,Copargo,Donga,2024,1158.4,1062.5,140.06,26.51,32.46,21.82,58.09
BEN,BEN_BEN.6.2_1,Copargo,Donga,2025,962.8,942.4,-55.54,26.79,32.07,22.32,60.9
BEN,BEN_BEN.6.5_1,DjougouRural,Donga,2000,1301.2,1267.9,70.35,26.66,33.05,21.7,59.12
BEN,BEN_BEN.6.5_1,DjougouRural,Donga,2001,1136.0,1029.5,-94.85,26.76,33.16,21.72,58.59
BEN,BEN_BEN.6.5_1,DjougouRural,Donga,2002,1619.5,1515.3,388.65,26.66,32.86,21.97,62.41
BEN,BEN_BEN.6.5_1,DjougouRural,Donga,2003,1373.2,1238.2,142.35,26.9,33.14,22.1,62.15
BEN,BEN_BEN.6.5_1,DjougouRural,Donga,2004,1302.2,1109.8,71.35,26.6,32.84,21.81,64.06
BEN,BEN_BEN.6.5_1,DjougouRural,Donga,2005,1191.5,1068.8,-39.35,26.96,33.19,22.23,62.63
BEN,BEN_BEN.6.5_1,DjougouRural,Donga,2006,1373.3,1334.4,142.45,26.97,33.2,22.2,61.42
BEN,BEN_BEN.6.5_1,DjougouRural,Donga,2007,1189.8,1097.5,-41.05,26.69,32.99,21.9,60.85
BEN,BEN_BEN.6.5_1,DjougouRural,Donga,2008,1296.8,1227.9,65.95,26.62,33.01,21.75,59.54
BEN,BEN_BEN.6.5_1,DjougouRural,Donga,2009,1390.2,1248.3,159.35,26.79,33.02,22.16,64.88
BEN,BEN_BEN.6.5_1,DjougouRural,Donga,2010,1440.8,1326.0,209.95,26.91,32.95,22.3,64.24
BEN,BEN_BEN.6.5_1,DjougouRural,Donga,2011,1045.2,972.6,-185.65,26.73,33.04,21.95,62.26
BEN,BEN_BEN.6.5_1,DjougouRural,Donga,2012,1500.6,1356.0,269.75,26.37,32.44,21.84,65.44
BEN,BEN_BEN.6.5_1,DjougouRural,Donga,2013,1269.3,1133.2,38.45,26.85,32.96,22.27,64.03
BEN,BEN_BEN.6.5_1,DjougouRural,Donga,2014,1444.4,1247.2,213.55,26.75,32.88,22.12,64.61
BEN,BEN_BEN.6.5_1,DjougouRural,Donga,2015,1164.4,1048.1,-66.45,26.84,33.04,22.08,61.51
BEN,BEN_BEN.6.5_1,DjougouRural,Donga,2016,1458.5,1249.0,227.65,27.11,33.28,22.44,62.75
BEN,BEN_BEN.6.5_1,DjougouRural,Donga,2017,1118.3,1084.6,-112.55,26.48,33.35,21.42,61.29
BEN,BEN_BEN.6.5_1,DjougouRural,Donga,2018,1170.1,1030.7,-60.75,25.93,32.55,21.25,65.55
BEN,BEN_BEN.6.5_1,DjougouRural,Donga,2019,1138.3,1056.6,-92.55,26.16,32.67,21.54,66.44
BEN,BEN_BEN.6.5_1,DjougouRural,Donga,2020,979.5,911.0,-251.35,25.98,32.62,21.1,63.61
BEN,BEN_BEN.6.5_1,DjougouRural,Donga,2021,950.5,891.3,-280.35,26.18,33.08,21.16,62.45
BEN,BEN_BEN.6.5_1,DjougouRural,Donga,2022,1180.7,1055.9,-50.15,25.6,32.47,20.7,61.94
BEN,BEN_BEN.6.5_1,DjougouRural,Donga,2023,1025.8,969.0,-205.05,26.22,33.23,21.28,63.16
BEN,BEN_BEN.6.5_1,DjougouRural,Donga,2024,1016.7,934.2,-214.15,26.5,33.46,21.51,60.82
BEN,BEN_BEN.6.5_1,DjougouRural,Donga,2025,925.4,898.2,-305.45,27.11,32.92,22.36,60.58
BEN,BEN_BEN.6.6_1,DjougouUrbain,Donga,2000,1301.2,1267.9,82.05,26.31,32.45,21.22,59.53
BEN,BEN_BEN.6.6_1,DjougouUrbain,Donga,2001,1136.0,1029.5,-83.15,26.45,32.61,21.25,58.74
BEN,BEN_BEN.6.6_1,DjougouUrbain,Donga,2002,1619.5,1515.3,400.35,26.31,32.29,21.49,62.72
BEN,BEN_BEN.6.6_1,DjougouUrbain,Donga,2003,1373.2,1238.2,154.05,26.56,32.54,21.62,62.46
BEN,BEN_BEN.6.6_1,DjougouUrbain,Donga,2004,1302.2,1109.8,83.05,26.23,32.21,21.36,64.56
BEN,BEN_BEN.6.6_1,DjougouUrbain,Donga,2005,1191.5,1068.8,-27.65,26.55,32.53,21.72,63.36
BEN,BEN_BEN.6.6_1,DjougouUrbain,Donga,2006,1373.3,1334.4,154.15,26.53,32.47,21.67,62.27
BEN,BEN_BEN.6.6_1,DjougouUrbain,Donga,2007,1189.8,1097.5,-29.35,26.18,32.19,21.35,62.42
BEN,BEN_BEN.6.6_1,DjougouUrbain,Donga,2008,1296.8,1227.9,77.65,26.21,32.33,21.26,60.2
BEN,BEN_BEN.6.6_1,DjougouUrbain,Donga,2009,1390.2,1248.3,171.05,26.32,32.24,21.65,65.81
BEN,BEN_BEN.6.6_1,DjougouUrbain,Donga,2010,1440.8,1326.0,221.65,26.54,32.33,21.85,64.66
BEN,BEN_BEN.6.6_1,DjougouUrbain,Donga,2011,1045.2,972.6,-173.95,26.36,32.42,21.47,62.83
BEN,BEN_BEN.6.6_1,DjougouUrbain,Donga,2012,1500.6,1356.0,281.45,25.99,31.78,21.36,65.95
BEN,BEN_BEN.6.6_1,DjougouUrbain,Donga,2013,1269.3,1133.2,50.15,26.45,32.28,21.78,64.76
BEN,BEN_BEN.6.6_1,DjougouUrbain,Donga,2014,1444.4,1247.2,225.25,26.35,32.18,21.65,65.34
BEN,BEN_BEN.6.6_1,DjougouUrbain,Donga,2015,1164.4,1048.1,-54.75,26.57,32.61,21.65,61.07
BEN,BEN_BEN.6.6_1,DjougouUrbain,Donga,2016,1458.5,1249.0,239.35,26.77,32.69,21.99,63.05
BEN,BEN_BEN.6.6_1,DjougouUrbain,Donga,2017,1006.0,967.9,-213.15,26.48,32.08,21.8,59.16
BEN,BEN_BEN.6.6_1,DjougouUrbain,Donga,2018,1059.2,911.0,-159.95,25.92,31.44,21.53,63.54
BEN,BEN_BEN.6.6_1,DjougouUrbain,Donga,2019,1122.2,1077.7,-96.95,26.2,31.61,21.76,63.97
BEN,BEN_BEN.6.6_1,DjougouUrbain,Donga,2020,920.4,847.0,-298.75,26.35,31.93,21.57,59.55
BEN,BEN_BEN.6.6_1,DjougouUrbain,Donga,2021,826.9,779.4,-392.25,26.66,32.56,21.67,57.67
BEN,BEN_BEN.6.6_1,DjougouUrbain,Donga,2022,1144.6,1001.2,-74.55,25.84,31.62,21.05,58.69
BEN,BEN_BEN.6.6_1,DjougouUrbain,Donga,2023,1008.5,937.5,-210.65,26.36,32.39,21.57,60.33
BEN,BEN_BEN.6.6_1,DjougouUrbain,Donga,2024,1110.3,1006.9,-108.85,26.79,32.86,21.88,57.45
BEN,BEN_BEN.6.6_1,DjougouUrbain,Donga,2025,1002.8,974.2,-216.35,26.98,32.34,22.48,60.56
BEN,BEN_BEN.6.4_1,Ouaké,Donga,2000,1366.1,1333.9,100.32,26.18,32.08,21.04,60.54
BEN,BEN_BEN.6.4_1,Ouaké,Donga,2001,1117.1,1024.1,-148.68,26.39,32.38,21.04,59.34
BEN,BEN_BEN.6.4_1,Ouaké,Donga,2002,1540.7,1406.5,274.92,26.27,32.03,21.36,63.1
BEN,BEN_BEN.6.4_1,Ouaké,Donga,2003,1463.3,1316.3,197.52,26.38,32.21,21.33,63.72
BEN,BEN_BEN.6.4_1,Ouaké,Donga,2004,1337.7,1106.9,71.92,26.16,31.92,21.15,65.2
BEN,BEN_BEN.6.4_1,Ouaké,Donga,2005,1194.7,1042.3,-71.08,26.41,32.2,21.49,64.29
BEN,BEN_BEN.6.4_1,Ouaké,Donga,2006,1437.3,1379.2,171.52,26.41,32.16,21.4,63.0
BEN,BEN_BEN.6.4_1,Ouaké,Donga,2007,1217.0,1109.5,-48.78,26.08,31.87,21.14,63.1
BEN,BEN_BEN.6.4_1,Ouaké,Donga,2008,1377.6,1304.7,111.82,26.17,32.07,21.15,60.63
BEN,BEN_BEN.6.4_1,Ouaké,Donga,2009,1360.2,1216.3,94.42,26.27,32.02,21.46,65.98
BEN,BEN_BEN.6.4_1,Ouaké,Donga,2010,1547.0,1429.2,281.22,26.4,32.02,21.57,65.53
BEN,BEN_BEN.6.4_1,Ouaké,Donga,2011,1100.1,1005.9,-165.68,26.26,32.13,21.28,63.36
BEN,BEN_BEN.6.4_1,Ouaké,Donga,2012,1502.5,1309.3,236.72,25.89,31.47,21.16,66.5
BEN,BEN_BEN.6.4_1,Ouaké,Donga,2013,1358.8,1217.3,93.02,26.29,31.96,21.52,65.62
BEN,BEN_BEN.6.4_1,Ouaké,Donga,2014,1498.1,1280.7,232.32,26.26,31.9,21.43,65.89
BEN,BEN_BEN.6.4_1,Ouaké,Donga,2015,1265.4,1149.1,-0.38,26.42,32.24,21.49,62.19
BEN,BEN_BEN.6.4_1,Ouaké,Donga,2016,1500.6,1291.7,234.82,26.72,32.47,21.82,63.34
BEN,BEN_BEN.6.4_1,Ouaké,Donga,2017,950.9,920.2,-314.88,26.34,32.17,21.57,61.47
BEN,BEN_BEN.6.4_1,Ouaké,Donga,2018,1107.5,991.7,-158.28,25.81,31.48,21.43,65.53
BEN,BEN_BEN.6.4_1,Ouaké,Donga,2019,1166.6,1081.7,-99.18,26.22,31.79,21.85,65.42
BEN,BEN_BEN.6.4_1,Ouaké,Donga,2020,987.6,890.6,-278.18,26.34,32.01,21.67,61.31
BEN,BEN_BEN.6.4_1,Ouaké,Donga,2021,917.7,829.8,-348.08,26.59,32.53,21.69,59.97
BEN,BEN_BEN.6.4_1,Ouaké,Donga,2022,1264.2,1098.7,-1.58,25.92,31.83,21.19,59.96
BEN,BEN_BEN.6.4_1,Ouaké,Donga,2023,1137.8,1043.2,-127.98,26.31,32.28,21.65,62.55
BEN,BEN_BEN.6.4_1,Ouaké,Donga,2024,1188.3,1080.7,-77.48,26.91,32.88,22.17,58.7
BEN,BEN_BEN.6.4_1,Ouaké,Donga,2025,1005.4,972.1,-260.38,26.86,32.38,22.4,62.77
BEN,BEN_BEN.7.1_1,Aplahoué,Kouffo,2000,1124.4,1020.7,23.54,26.47,31.95,23.05,77.13
BEN,BEN_BEN.7.1_1,Aplahoué,Kouffo,2001,939.8,765.2,-161.06,26.39,31.73,23.11,77.81
BEN,BEN_BEN.7.1_1,Aplahoué,Kouffo,2002,1252.2,976.6,151.34,26.33,31.64,22.97,78.45
BEN,BEN_BEN.7.1_1,Aplahoué,Kouffo,2003,1139.3,890.5,38.44,26.62,31.96,23.37,79.22
BEN,BEN_BEN.7.1_1,Aplahoué,Kouffo,2004,1099.8,871.3,-1.06,26.48,31.79,23.21,79.1
BEN,BEN_BEN.7.1_1,Aplahoué,Kouffo,2005,997.8,744.4,-103.06,26.62,31.86,23.3,78.05
BEN,BEN_BEN.7.1_1,Aplahoué,Kouffo,2006,1269.7,1053.0,168.84,26.56,31.72,23.38,79.24
BEN,BEN_BEN.7.1_1,Aplahoué,Kouffo,2007,1112.4,935.8,11.54,26.52,32.02,22.95,76.66
BEN,BEN_BEN.7.1_1,Aplahoué,Kouffo,2008,1134.5,935.7,33.64,26.51,32.01,22.96,76.36
BEN,BEN_BEN.7.1_1,Aplahoué,Kouffo,2009,1092.0,902.0,-8.86,26.71,32.08,23.34,77.98
BEN,BEN_BEN.7.1_1,Aplahoué,Kouffo,2010,1302.3,1086.2,201.44,26.93,32.15,23.69,78.6
BEN,BEN_BEN.7.1_1,Aplahoué,Kouffo,2011,1091.7,896.9,-9.16,26.44,31.81,23.05,77.97
BEN,BEN_BEN.7.1_1,Aplahoué,Kouffo,2012,1353.7,1043.9,252.84,26.22,31.46,23.03,79.66
BEN,BEN_BEN.7.1_1,Aplahoué,Kouffo,2013,899.3,668.4,-201.56,26.64,31.96,23.26,77.32
BEN,BEN_BEN.7.1_1,Aplahoué,Kouffo,2014,1339.9,1066.4,239.04,26.45,31.57,23.34,80.0
BEN,BEN_BEN.7.1_1,Aplahoué,Kouffo,2015,925.5,734.7,-175.36,26.64,32.07,23.17,75.99
BEN,BEN_BEN.7.1_1,Aplahoué,Kouffo,2016,1406.5,1116.4,305.64,26.91,32.27,23.56,77.91
BEN,BEN_BEN.7.1_1,Aplahoué,Kouffo,2017,1055.1,725.0,-45.76,26.87,32.39,23.43,77.26
BEN,BEN_BEN.7.1_1,Aplahoué,Kouffo,2018,1050.9,846.4,-49.96,26.74,32.23,23.23,77.45
BEN,BEN_BEN.7.1_1,Aplahoué,Kouffo,2019,1276.0,1045.2,175.14,26.91,32.27,23.6,79.21
BEN,BEN_BEN.7.1_1,Aplahoué,Kouffo,2020,743.9,597.4,-356.96,27.03,32.76,23.3,74.78
BEN,BEN_BEN.7.1_1,Aplahoué,Kouffo,2021,893.9,757.1,-206.96,27.3,33.19,23.66,75.52
BEN,BEN_BEN.7.1_1,Aplahoué,Kouffo,2022,1091.9,880.7,-8.96,26.79,32.98,22.94,73.94
BEN,BEN_BEN.7.1_1,Aplahoué,Kouffo,2023,1222.5,978.1,121.64,27.05,33.05,23.3,75.54
BEN,BEN_BEN.7.1_1,Aplahoué,Kouffo,2024,946.0,697.3,-154.86,27.33,33.53,23.51,73.95
BEN,BEN_BEN.7.1_1,Aplahoué,Kouffo,2025,861.3,667.6,-239.56,26.92,32.16,23.49,78.0
BEN,BEN_BEN.7.2_1,Djakotomey,Kouffo,2000,1093.3,916.6,-79.99,26.15,31.23,23.05,79.68
BEN,BEN_BEN.7.2_1,Djakotomey,Kouffo,2001,1114.0,842.5,-59.29,25.99,30.83,23.06,80.77
BEN,BEN_BEN.7.2_1,Djakotomey,Kouffo,2002,1268.0,950.2,94.71,26.03,30.94,22.95,80.84
BEN,BEN_BEN.7.2_1,Djakotomey,Kouffo,2003,1269.2,883.4,95.91,26.26,31.15,23.3,81.75
BEN,BEN_BEN.7.2_1,Djakotomey,Kouffo,2004,1284.4,996.2,111.11,26.16,31.06,23.18,81.52
BEN,BEN_BEN.7.2_1,Djakotomey,Kouffo,2005,1030.8,774.8,-142.49,26.29,31.15,23.28,80.5
BEN,BEN_BEN.7.2_1,Djakotomey,Kouffo,2006,1326.9,1047.4,153.61,26.27,31.08,23.39,81.56
BEN,BEN_BEN.7.2_1,Djakotomey,Kouffo,2007,1164.8,957.0,-8.49,26.21,31.39,22.93,79.18
BEN,BEN_BEN.7.2_1,Djakotomey,Kouffo,2008,1205.6,954.0,32.31,26.2,31.33,22.95,79.11
BEN,BEN_BEN.7.2_1,Djakotomey,Kouffo,2009,1128.3,885.6,-44.99,26.39,31.35,23.32,80.23
BEN,BEN_BEN.7.2_1,Djakotomey,Kouffo,2010,1237.4,988.0,64.11,26.65,31.45,23.67,80.74
BEN,BEN_BEN.7.2_1,Djakotomey,Kouffo,2011,1211.4,936.3,38.11,26.15,31.16,23.04,80.34
BEN,BEN_BEN.7.2_1,Djakotomey,Kouffo,2012,1364.0,1017.4,190.71,25.99,30.84,23.05,81.63
BEN,BEN_BEN.7.2_1,Djakotomey,Kouffo,2013,997.1,709.6,-176.19,26.33,31.22,23.26,79.72
BEN,BEN_BEN.7.2_1,Djakotomey,Kouffo,2014,1432.8,1099.9,259.51,26.15,30.87,23.31,82.26
BEN,BEN_BEN.7.2_1,Djakotomey,Kouffo,2015,1055.1,749.4,-118.19,26.29,31.25,23.16,78.69
BEN,BEN_BEN.7.2_1,Djakotomey,Kouffo,2016,1444.1,1098.6,270.81,26.61,31.6,23.55,80.24
BEN,BEN_BEN.7.2_1,Djakotomey,Kouffo,2017,1126.7,796.8,-46.59,26.73,31.94,23.54,80.37
BEN,BEN_BEN.7.2_1,Djakotomey,Kouffo,2018,1079.8,885.0,-93.49,26.61,31.79,23.35,80.71
BEN,BEN_BEN.7.2_1,Djakotomey,Kouffo,2019,1274.6,1048.4,101.31,26.83,31.86,23.73,82.09
BEN,BEN_BEN.7.2_1,Djakotomey,Kouffo,2020,929.7,792.7,-243.59,26.88,32.34,23.45,78.22
BEN,BEN_BEN.7.2_1,Djakotomey,Kouffo,2021,1132.9,962.5,-40.39,27.21,32.82,23.8,78.45
BEN,BEN_BEN.7.2_1,Djakotomey,Kouffo,2022,1030.9,854.3,-142.39,26.66,32.7,23.02,77.19
BEN,BEN_BEN.7.2_1,Djakotomey,Kouffo,2023,1205.7,978.6,32.41,26.98,32.91,23.41,78.45
BEN,BEN_BEN.7.2_1,Djakotomey,Kouffo,2024,1117.8,808.5,-55.49,27.27,33.35,23.7,77.06
BEN,BEN_BEN.7.2_1,Djakotomey,Kouffo,2025,980.2,739.8,-193.09,27.18,32.52,23.89,78.66
BEN,BEN_BEN.9.6_1,Dogbo,Kouffo,2000,1093.3,916.6,-83.72,26.58,31.4,23.69,80.84
BEN,BEN_BEN.9.6_1,Dogbo,Kouffo,2001,1114.0,842.5,-63.02,26.43,30.98,23.7,81.88
BEN,BEN_BEN.9.6_1,Dogbo,Kouffo,2002,1268.0,950.2,90.98,26.48,31.15,23.59,81.85
BEN,BEN_BEN.9.6_1,Dogbo,Kouffo,2003,1269.2,883.4,92.18,26.71,31.33,23.92,82.69
BEN,BEN_BEN.9.6_1,Dogbo,Kouffo,2004,1284.4,996.2,107.38,26.6,31.23,23.82,82.57
BEN,BEN_BEN.9.6_1,Dogbo,Kouffo,2005,1030.8,774.8,-146.22,26.75,31.37,23.9,81.5
BEN,BEN_BEN.9.6_1,Dogbo,Kouffo,2006,1326.9,1047.4,149.88,26.73,31.27,24.03,82.54
BEN,BEN_BEN.9.6_1,Dogbo,Kouffo,2007,1164.8,957.0,-12.22,26.68,31.64,23.57,80.18
BEN,BEN_BEN.9.6_1,Dogbo,Kouffo,2008,1205.6,954.0,28.58,26.67,31.56,23.61,80.23
BEN,BEN_BEN.9.6_1,Dogbo,Kouffo,2009,1128.3,885.6,-48.72,26.84,31.55,23.96,81.25
BEN,BEN_BEN.9.6_1,Dogbo,Kouffo,2010,1237.4,988.0,60.38,27.08,31.64,24.29,81.84
BEN,BEN_BEN.9.6_1,Dogbo,Kouffo,2011,1211.4,936.3,34.38,26.6,31.36,23.67,81.46
BEN,BEN_BEN.9.6_1,Dogbo,Kouffo,2012,1364.0,1017.4,186.98,26.46,31.06,23.69,82.52
BEN,BEN_BEN.9.6_1,Dogbo,Kouffo,2013,997.1,709.6,-179.92,26.77,31.4,23.91,80.85
BEN,BEN_BEN.9.6_1,Dogbo,Kouffo,2014,1432.8,1099.9,255.78,26.59,31.04,23.93,83.3
BEN,BEN_BEN.9.6_1,Dogbo,Kouffo,2015,1055.1,749.4,-121.92,26.74,31.45,23.79,79.86
BEN,BEN_BEN.9.6_1,Dogbo,Kouffo,2016,1444.1,1098.6,267.08,27.07,31.83,24.19,81.18
BEN,BEN_BEN.9.6_1,Dogbo,Kouffo,2017,1140.9,855.4,-36.12,26.74,32.07,23.64,81.73
BEN,BEN_BEN.9.6_1,Dogbo,Kouffo,2018,1154.5,950.9,-22.52,26.68,32.05,23.46,81.54
BEN,BEN_BEN.9.6_1,Dogbo,Kouffo,2019,1301.8,1065.4,124.78,26.89,32.09,23.82,82.88
BEN,BEN_BEN.9.6_1,Dogbo,Kouffo,2020,951.9,827.2,-225.12,26.94,32.59,23.54,79.26
BEN,BEN_BEN.9.6_1,Dogbo,Kouffo,2021,1198.1,1012.2,21.08,27.24,33.02,23.9,79.42
BEN,BEN_BEN.9.6_1,Dogbo,Kouffo,2022,1049.1,865.5,-127.92,26.67,32.87,23.09,78.49
BEN,BEN_BEN.9.6_1,Dogbo,Kouffo,2023,1231.3,994.6,54.28,26.99,33.12,23.42,79.48
BEN,BEN_BEN.9.6_1,Dogbo,Kouffo,2024,1071.2,796.7,-105.82,27.17,33.34,23.57,78.64
BEN,BEN_BEN.9.6_1,Dogbo,Kouffo,2025,876.4,680.5,-300.62,27.04,32.03,23.87,80.21
BEN,BEN_BEN.7.4_1,Klouékanmè,Kouffo,2000,972.1,865.6,-53.82,26.38,31.43,23.22,78.81
BEN,BEN_BEN.7.4_1,Klouékanmè,Kouffo,2001,888.3,709.4,-137.62,26.25,31.09,23.25,79.83
BEN,BEN_BEN.7.4_1,Klouékanmè,Kouffo,2002,1133.9,873.1,107.98,26.24,31.12,23.12,80.08
BEN,BEN_BEN.7.4_1,Klouékanmè,Kouffo,2003,1069.3,799.1,43.38,26.49,31.36,23.49,80.94
BEN,BEN_BEN.7.4_1,Klouékanmè,Kouffo,2004,1019.0,807.4,-6.92,26.38,31.26,23.37,80.72
BEN,BEN_BEN.7.4_1,Klouékanmè,Kouffo,2005,906.9,680.4,-119.02,26.52,31.34,23.45,79.69
BEN,BEN_BEN.7.4_1,Klouékanmè,Kouffo,2006,1225.8,996.1,199.88,26.48,31.24,23.55,80.83
BEN,BEN_BEN.7.4_1,Klouékanmè,Kouffo,2007,1016.5,856.4,-9.42,26.43,31.56,23.11,78.34
BEN,BEN_BEN.7.4_1,Klouékanmè,Kouffo,2008,1029.7,826.9,3.78,26.42,31.5,23.13,78.25
BEN,BEN_BEN.7.4_1,Klouékanmè,Kouffo,2009,966.1,781.4,-59.82,26.61,31.56,23.5,79.46
BEN,BEN_BEN.7.4_1,Klouékanmè,Kouffo,2010,1102.2,918.5,76.28,26.86,31.67,23.84,80.11
BEN,BEN_BEN.7.4_1,Klouékanmè,Kouffo,2011,1010.1,799.5,-15.82,26.37,31.32,23.21,79.54
BEN,BEN_BEN.7.4_1,Klouékanmè,Kouffo,2012,1195.3,904.0,169.38,26.19,31.02,23.22,80.98
BEN,BEN_BEN.7.4_1,Klouékanmè,Kouffo,2013,850.9,622.3,-175.02,26.54,31.41,23.43,79.0
BEN,BEN_BEN.7.4_1,Klouékanmè,Kouffo,2014,1249.3,979.5,223.38,26.36,31.07,23.48,81.55
BEN,BEN_BEN.7.4_1,Klouékanmè,Kouffo,2015,853.0,645.5,-172.92,26.53,31.48,23.35,77.7
BEN,BEN_BEN.7.4_1,Klouékanmè,Kouffo,2016,1276.7,992.5,250.78,26.84,31.79,23.75,79.43
BEN,BEN_BEN.7.4_1,Klouékanmè,Kouffo,2017,951.6,662.9,-74.32,26.78,32.29,23.38,78.43
BEN,BEN_BEN.7.4_1,Klouékanmè,Kouffo,2018,1066.7,855.1,40.78,26.67,32.15,23.17,78.45
BEN,BEN_BEN.7.4_1,Klouékanmè,Kouffo,2019,1241.5,1014.0,215.58,26.84,32.13,23.54,80.16
BEN,BEN_BEN.7.4_1,Klouékanmè,Kouffo,2020,772.2,635.4,-253.72,26.91,32.66,23.19,76.11
BEN,BEN_BEN.7.4_1,Klouékanmè,Kouffo,2021,891.2,750.2,-134.72,27.23,33.15,23.59,76.69
BEN,BEN_BEN.7.4_1,Klouékanmè,Kouffo,2022,1084.4,887.7,58.48,26.7,32.97,22.78,75.24
BEN,BEN_BEN.7.4_1,Klouékanmè,Kouffo,2023,1131.0,915.1,105.08,26.97,33.05,23.18,76.76
BEN,BEN_BEN.7.4_1,Klouékanmè,Kouffo,2024,959.2,689.8,-66.72,27.38,33.72,23.48,74.69
BEN,BEN_BEN.7.4_1,Klouékanmè,Kouffo,2025,810.9,607.4,-215.02,27.37,33.05,23.78,75.63
BEN,BEN_BEN.7.5_1,Lalo,Kouffo,2000,1251.0,1024.4,36.71,26.68,31.57,23.7,79.97
BEN,BEN_BEN.7.5_1,Lalo,Kouffo,2001,1351.7,1008.3,137.41,26.52,31.15,23.69,81.15
BEN,BEN_BEN.7.5_1,Lalo,Kouffo,2002,1389.4,1037.0,175.11,26.55,31.27,23.58,81.24
BEN,BEN_BEN.7.5_1,Lalo,Kouffo,2003,1365.0,921.3,150.71,26.77,31.42,23.92,82.09
BEN,BEN_BEN.7.5_1,Lalo,Kouffo,2004,1492.9,1154.4,278.61,26.68,31.36,23.83,81.85
BEN,BEN_BEN.7.5_1,Lalo,Kouffo,2005,1119.4,811.0,-94.89,26.82,31.47,23.9,80.85
BEN,BEN_BEN.7.5_1,Lalo,Kouffo,2006,1466.1,1128.7,251.81,26.8,31.37,24.02,81.87
BEN,BEN_BEN.7.5_1,Lalo,Kouffo,2007,1308.4,1052.7,94.11,26.78,31.76,23.59,79.4
BEN,BEN_BEN.7.5_1,Lalo,Kouffo,2008,1362.2,1063.2,147.91,26.76,31.69,23.62,79.48
BEN,BEN_BEN.7.5_1,Lalo,Kouffo,2009,1228.6,954.6,14.31,26.92,31.69,23.97,80.55
BEN,BEN_BEN.7.5_1,Lalo,Kouffo,2010,1350.0,1047.1,135.71,27.16,31.82,24.29,81.25
BEN,BEN_BEN.7.5_1,Lalo,Kouffo,2011,1314.9,983.6,100.61,26.67,31.46,23.65,80.82
BEN,BEN_BEN.7.5_1,Lalo,Kouffo,2012,1525.5,1112.7,311.21,26.51,31.15,23.68,82.08
BEN,BEN_BEN.7.5_1,Lalo,Kouffo,2013,1148.2,819.8,-66.09,26.84,31.51,23.91,80.38
BEN,BEN_BEN.7.5_1,Lalo,Kouffo,2014,1602.8,1201.1,388.51,26.65,31.14,23.91,82.84
BEN,BEN_BEN.7.5_1,Lalo,Kouffo,2015,1194.4,844.4,-19.89,26.82,31.59,23.79,79.09
BEN,BEN_BEN.7.5_1,Lalo,Kouffo,2016,1523.6,1121.6,309.31,27.16,31.94,24.22,80.49
BEN,BEN_BEN.7.5_1,Lalo,Kouffo,2017,920.9,637.4,-293.39,27.21,32.45,24.04,79.3
BEN,BEN_BEN.7.5_1,Lalo,Kouffo,2018,980.8,780.3,-233.49,27.06,32.35,23.81,79.61
BEN,BEN_BEN.7.5_1,Lalo,Kouffo,2019,1165.7,968.3,-48.59,27.24,32.32,24.14,81.14
BEN,BEN_BEN.7.5_1,Lalo,Kouffo,2020,724.1,608.5,-490.19,27.28,32.83,23.82,77.49
BEN,BEN_BEN.7.5_1,Lalo,Kouffo,2021,980.4,818.3,-233.89,27.57,33.22,24.2,77.84
BEN,BEN_BEN.7.5_1,Lalo,Kouffo,2022,918.4,731.9,-295.89,27.08,33.23,23.41,76.5
BEN,BEN_BEN.7.5_1,Lalo,Kouffo,2023,1044.7,864.7,-169.59,27.42,33.34,23.88,77.53
BEN,BEN_BEN.7.5_1,Lalo,Kouffo,2024,873.8,627.0,-340.49,27.75,33.83,24.16,75.99
BEN,BEN_BEN.7.5_1,Lalo,Kouffo,2025,968.7,748.6,-245.59,27.38,32.45,24.18,79.04
BEN,BEN_BEN.7.6_1,Toviklin,Kouffo,2000,972.1,865.6,-113.68,25.96,30.94,22.91,79.68
BEN,BEN_BEN.7.6_1,Toviklin,Kouffo,2001,888.3,709.4,-197.48,25.8,30.54,22.92,80.82
BEN,BEN_BEN.7.6_1,Toviklin,Kouffo,2002,1133.9,873.1,48.12,25.83,30.65,22.81,80.9
BEN,BEN_BEN.7.6_1,Toviklin,Kouffo,2003,1069.3,799.1,-16.48,26.07,30.84,23.16,81.78
BEN,BEN_BEN.7.6_1,Toviklin,Kouffo,2004,1019.0,807.4,-66.78,25.97,30.77,23.05,81.53
BEN,BEN_BEN.7.6_1,Toviklin,Kouffo,2005,906.9,680.4,-178.88,26.1,30.85,23.14,80.52
BEN,BEN_BEN.7.6_1,Toviklin,Kouffo,2006,1225.8,996.1,140.02,26.08,30.78,23.25,81.59
BEN,BEN_BEN.7.6_1,Toviklin,Kouffo,2007,1016.5,856.4,-69.28,26.02,31.1,22.8,79.21
BEN,BEN_BEN.7.6_1,Toviklin,Kouffo,2008,1029.7,826.9,-56.08,26.02,31.04,22.83,79.13
BEN,BEN_BEN.7.6_1,Toviklin,Kouffo,2009,966.1,781.4,-119.68,26.2,31.07,23.18,80.22
BEN,BEN_BEN.7.6_1,Toviklin,Kouffo,2010,1102.2,918.5,16.42,26.45,31.19,23.53,80.82
BEN,BEN_BEN.7.6_1,Toviklin,Kouffo,2011,1010.1,799.5,-75.68,25.95,30.85,22.9,80.4
BEN,BEN_BEN.7.6_1,Toviklin,Kouffo,2012,1195.3,904.0,109.52,25.79,30.54,22.91,81.7
BEN,BEN_BEN.7.6_1,Toviklin,Kouffo,2013,850.9,622.3,-234.88,26.13,30.91,23.12,79.83
BEN,BEN_BEN.7.6_1,Toviklin,Kouffo,2014,1249.3,979.5,163.52,25.95,30.56,23.16,82.37
BEN,BEN_BEN.7.6_1,Toviklin,Kouffo,2015,853.0,645.5,-232.78,26.1,30.96,23.03,78.67
BEN,BEN_BEN.7.6_1,Toviklin,Kouffo,2016,1276.7,992.5,190.92,26.42,31.3,23.43,80.24
BEN,BEN_BEN.7.6_1,Toviklin,Kouffo,2017,1266.6,943.6,180.82,26.39,31.74,23.25,81.38
BEN,BEN_BEN.7.6_1,Toviklin,Kouffo,2018,1293.0,1053.8,207.22,26.3,31.67,23.1,81.31
BEN,BEN_BEN.7.6_1,Toviklin,Kouffo,2019,1428.8,1175.0,343.02,26.49,31.65,23.46,82.94
BEN,BEN_BEN.7.6_1,Toviklin,Kouffo,2020,1001.9,865.4,-83.88,26.58,32.23,23.13,78.75
BEN,BEN_BEN.7.6_1,Toviklin,Kouffo,2021,1191.3,1034.9,105.52,26.86,32.6,23.52,79.37
BEN,BEN_BEN.7.6_1,Toviklin,Kouffo,2022,1124.6,937.9,38.82,26.32,32.47,22.75,77.99
BEN,BEN_BEN.7.6_1,Toviklin,Kouffo,2023,1180.8,965.7,95.02,26.61,32.59,23.12,79.27
BEN,BEN_BEN.7.6_1,Toviklin,Kouffo,2024,1000.1,768.3,-85.68,26.96,33.15,23.34,77.37
BEN,BEN_BEN.7.6_1,Toviklin,Kouffo,2025,978.2,745.1,-107.58,26.72,31.86,23.62,80.05
BEN,BEN_BEN.8.1_1,Cotonou,Littoral,2000,1226.6,974.1,30.34,26.45,28.25,25.04,82.96
BEN,BEN_BEN.8.1_1,Cotonou,Littoral,2001,1272.0,888.8,75.74,26.41,28.11,25.07,83.27
BEN,BEN_BEN.8.1_1,Cotonou,Littoral,2002,1330.6,954.5,134.34,26.48,28.25,25.04,83.33
BEN,BEN_BEN.8.1_1,Cotonou,Littoral,2003,1267.5,773.9,71.24,26.76,28.48,25.36,83.53
BEN,BEN_BEN.8.1_1,Cotonou,Littoral,2004,1246.7,865.1,50.44,26.56,28.28,25.22,83.86
BEN,BEN_BEN.8.1_1,Cotonou,Littoral,2005,1147.9,824.9,-48.36,26.68,28.43,25.3,83.27
BEN,BEN_BEN.8.1_1,Cotonou,Littoral,2006,1342.3,990.0,146.04,26.8,28.48,25.46,83.22
BEN,BEN_BEN.8.1_1,Cotonou,Littoral,2007,1273.3,980.8,77.04,26.69,28.56,25.15,81.96
BEN,BEN_BEN.8.1_1,Cotonou,Littoral,2008,1484.5,1147.6,288.24,26.64,28.46,25.14,82.17
BEN,BEN_BEN.8.1_1,Cotonou,Littoral,2009,1157.6,887.5,-38.66,26.73,28.51,25.37,83.16
BEN,BEN_BEN.8.1_1,Cotonou,Littoral,2010,1283.8,971.4,87.54,27.03,28.72,25.66,83.06
BEN,BEN_BEN.8.1_1,Cotonou,Littoral,2011,1194.2,912.2,-2.06,26.61,28.37,25.2,82.97
BEN,BEN_BEN.8.1_1,Cotonou,Littoral,2012,1414.1,1036.3,217.84,26.5,28.22,25.15,83.5
BEN,BEN_BEN.8.1_1,Cotonou,Littoral,2013,953.4,653.8,-242.86,26.59,28.31,25.24,83.42
BEN,BEN_BEN.8.1_1,Cotonou,Littoral,2014,1552.5,1171.1,356.24,26.6,28.23,25.3,84.3
BEN,BEN_BEN.8.1_1,Cotonou,Littoral,2015,1138.8,819.0,-57.46,26.56,28.34,25.11,82.79
BEN,BEN_BEN.8.1_1,Cotonou,Littoral,2016,1298.5,985.7,102.24,26.86,28.66,25.49,84.11
BEN,BEN_BEN.8.1_1,Cotonou,Littoral,2017,1178.9,862.6,-17.36,27.07,28.87,25.69,83.97
BEN,BEN_BEN.8.1_1,Cotonou,Littoral,2018,1084.3,849.0,-111.96,27.04,28.87,25.55,83.74
BEN,BEN_BEN.8.1_1,Cotonou,Littoral,2019,1397.3,1035.2,201.04,27.2,28.91,25.76,84.68
BEN,BEN_BEN.8.1_1,Cotonou,Littoral,2020,984.0,780.4,-212.26,26.95,28.82,25.48,83.62
BEN,BEN_BEN.8.1_1,Cotonou,Littoral,2021,1163.5,900.5,-32.76,27.22,28.96,25.76,83.35
BEN,BEN_BEN.8.1_1,Cotonou,Littoral,2022,1011.7,757.1,-184.56,26.7,28.65,25.07,82.93
BEN,BEN_BEN.8.1_1,Cotonou,Littoral,2023,1043.5,795.7,-152.76,27.31,29.38,25.58,81.56
BEN,BEN_BEN.8.1_1,Cotonou,Littoral,2024,832.4,604.6,-363.86,27.71,30.1,25.93,78.91
BEN,BEN_BEN.8.1_1,Cotonou,Littoral,2025,822.8,614.4,-373.46,27.41,29.52,25.83,79.86
BEN,BEN_BEN.9.1_1,Athiémè,Mono,2000,1212.7,920.2,-73.03,26.55,30.6,24.12,82.27
BEN,BEN_BEN.9.1_1,Athiémè,Mono,2001,1288.6,884.3,2.87,26.45,30.26,24.16,82.96
BEN,BEN_BEN.9.1_1,Athiémè,Mono,2002,1367.0,956.1,81.27,26.56,30.54,24.08,82.65
BEN,BEN_BEN.9.1_1,Athiémè,Mono,2003,1426.3,922.8,140.57,26.78,30.66,24.38,83.27
BEN,BEN_BEN.9.1_1,Athiémè,Mono,2004,1504.5,1108.4,218.77,26.62,30.53,24.27,83.54
BEN,BEN_BEN.9.1_1,Athiémè,Mono,2005,1190.8,834.9,-94.93,26.78,30.7,24.33,82.47
BEN,BEN_BEN.9.1_1,Athiémè,Mono,2006,1394.9,1007.7,109.17,26.78,30.58,24.47,83.34
BEN,BEN_BEN.9.1_1,Athiémè,Mono,2007,1287.5,992.7,1.77,26.74,30.97,24.06,81.27
BEN,BEN_BEN.9.1_1,Athiémè,Mono,2008,1367.6,1042.2,81.87,26.72,30.87,24.07,81.51
BEN,BEN_BEN.9.1_1,Athiémè,Mono,2009,1270.0,949.3,-15.73,26.86,30.8,24.42,82.21
BEN,BEN_BEN.9.1_1,Athiémè,Mono,2010,1373.3,1038.4,87.57,27.1,30.9,24.72,82.82
BEN,BEN_BEN.9.1_1,Athiémè,Mono,2011,1388.5,1047.2,102.77,26.63,30.64,24.14,82.64
BEN,BEN_BEN.9.1_1,Athiémè,Mono,2012,1440.0,1024.8,154.27,26.54,30.43,24.19,83.16
BEN,BEN_BEN.9.1_1,Athiémè,Mono,2013,1106.4,729.6,-179.33,26.78,30.68,24.35,81.96
BEN,BEN_BEN.9.1_1,Athiémè,Mono,2014,1593.4,1176.8,307.67,26.65,30.39,24.37,83.96
BEN,BEN_BEN.9.1_1,Athiémè,Mono,2015,1227.1,837.8,-58.63,26.73,30.74,24.19,81.49
BEN,BEN_BEN.9.1_1,Athiémè,Mono,2016,1534.4,1126.5,248.67,27.08,31.15,24.6,82.4
BEN,BEN_BEN.9.1_1,Athiémè,Mono,2017,1303.4,874.0,17.67,26.71,31.55,23.84,82.72
BEN,BEN_BEN.9.1_1,Athiémè,Mono,2018,1209.4,976.6,-76.33,26.67,31.6,23.68,82.5
BEN,BEN_BEN.9.1_1,Athiémè,Mono,2019,1392.3,1100.1,106.57,26.91,31.69,24.01,83.51
BEN,BEN_BEN.9.1_1,Athiémè,Mono,2020,995.2,854.8,-290.53,26.85,32.1,23.7,80.87
BEN,BEN_BEN.9.1_1,Athiémè,Mono,2021,1315.3,1145.7,29.57,27.14,32.45,24.0,80.8
BEN,BEN_BEN.9.1_1,Athiémè,Mono,2022,1037.9,839.3,-247.83,26.61,32.46,23.15,79.71
BEN,BEN_BEN.9.1_1,Athiémè,Mono,2023,1237.4,1011.2,-48.33,27.02,32.68,23.69,80.55
BEN,BEN_BEN.9.1_1,Athiémè,Mono,2024,1046.1,804.9,-239.63,27.22,32.88,23.99,80.02
BEN,BEN_BEN.9.1_1,Athiémè,Mono,2025,919.1,671.1,-366.63,27.01,31.53,24.15,81.71
BEN,BEN_BEN.9.2_1,Bopa,Mono,2000,1251.0,1024.4,12.51,26.46,31.16,23.68,81.99
BEN,BEN_BEN.9.2_1,Bopa,Mono,2001,1351.7,1008.3,113.21,26.33,30.78,23.69,82.93
BEN,BEN_BEN.9.2_1,Bopa,Mono,2002,1389.4,1037.0,150.91,26.41,30.99,23.61,82.73
BEN,BEN_BEN.9.2_1,Bopa,Mono,2003,1365.0,921.3,126.51,26.64,31.14,23.94,83.45
BEN,BEN_BEN.9.2_1,Bopa,Mono,2004,1492.9,1154.4,254.41,26.5,31.02,23.83,83.57
BEN,BEN_BEN.9.2_1,Bopa,Mono,2005,1119.4,811.0,-119.09,26.67,31.2,23.91,82.36
BEN,BEN_BEN.9.2_1,Bopa,Mono,2006,1466.1,1128.7,227.61,26.65,31.06,24.05,83.42
BEN,BEN_BEN.9.2_1,Bopa,Mono,2007,1308.4,1052.7,69.91,26.61,31.47,23.6,81.19
BEN,BEN_BEN.9.2_1,Bopa,Mono,2008,1362.2,1063.2,123.71,26.58,31.37,23.6,81.43
BEN,BEN_BEN.9.2_1,Bopa,Mono,2009,1228.6,954.6,-9.89,26.76,31.35,23.97,82.14
BEN,BEN_BEN.9.2_1,Bopa,Mono,2010,1350.0,1047.1,111.51,26.97,31.43,24.28,82.91
BEN,BEN_BEN.9.2_1,Bopa,Mono,2011,1314.9,983.6,76.41,26.5,31.14,23.69,82.55
BEN,BEN_BEN.9.2_1,Bopa,Mono,2012,1525.5,1112.7,287.01,26.39,30.88,23.71,83.36
BEN,BEN_BEN.9.2_1,Bopa,Mono,2013,1148.2,819.8,-90.29,26.7,31.23,23.92,81.77
BEN,BEN_BEN.9.2_1,Bopa,Mono,2014,1602.8,1201.1,364.31,26.5,30.84,23.93,84.22
BEN,BEN_BEN.9.2_1,Bopa,Mono,2015,1194.4,844.4,-44.09,26.64,31.25,23.79,81.05
BEN,BEN_BEN.9.2_1,Bopa,Mono,2016,1523.6,1121.6,285.11,27.0,31.65,24.2,82.13
BEN,BEN_BEN.9.2_1,Bopa,Mono,2017,1057.3,779.4,-181.19,26.79,31.35,24.1,82.94
BEN,BEN_BEN.9.2_1,Bopa,Mono,2018,1053.8,845.1,-184.69,26.72,31.38,23.89,82.86
BEN,BEN_BEN.9.2_1,Bopa,Mono,2019,1190.9,967.4,-47.59,26.94,31.41,24.22,83.92
BEN,BEN_BEN.9.2_1,Bopa,Mono,2020,877.4,757.1,-361.09,26.84,31.73,23.91,81.47
BEN,BEN_BEN.9.2_1,Bopa,Mono,2021,1104.4,943.0,-134.09,27.06,31.88,24.17,81.89
BEN,BEN_BEN.9.2_1,Bopa,Mono,2022,941.7,761.6,-296.79,26.57,31.91,23.41,80.64
BEN,BEN_BEN.9.2_1,Bopa,Mono,2023,1111.9,883.0,-126.59,26.96,32.18,23.82,81.42
BEN,BEN_BEN.9.2_1,Bopa,Mono,2024,962.9,728.9,-275.59,27.22,32.71,24.09,80.41
BEN,BEN_BEN.9.2_1,Bopa,Mono,2025,906.4,688.9,-332.09,27.09,31.34,24.4,81.38
BEN,BEN_BEN.9.3_1,Comè,Mono,2000,1261.7,1004.6,-39.56,26.41,30.1,24.14,82.03
BEN,BEN_BEN.9.3_1,Comè,Mono,2001,1399.4,1012.5,98.14,26.32,29.78,24.18,82.72
BEN,BEN_BEN.9.3_1,Comè,Mono,2002,1338.1,990.2,36.84,26.46,30.09,24.15,82.24
BEN,BEN_BEN.9.3_1,Comè,Mono,2003,1411.9,919.7,110.64,26.66,30.16,24.43,82.98
BEN,BEN_BEN.9.3_1,Comè,Mono,2004,1486.1,1113.7,184.84,26.48,29.98,24.32,83.44
BEN,BEN_BEN.9.3_1,Comè,Mono,2005,1124.2,810.0,-177.06,26.64,30.2,24.37,82.23
BEN,BEN_BEN.9.3_1,Comè,Mono,2006,1421.6,1083.4,120.34,26.68,30.08,24.55,82.94
BEN,BEN_BEN.9.3_1,Comè,Mono,2007,1316.2,1040.3,14.94,26.6,30.4,24.14,81.24
BEN,BEN_BEN.9.3_1,Comè,Mono,2008,1384.7,1067.2,83.44,26.56,30.3,24.15,81.51
BEN,BEN_BEN.9.3_1,Comè,Mono,2009,1217.6,932.9,-83.66,26.75,30.37,24.46,81.71
BEN,BEN_BEN.9.3_1,Comè,Mono,2010,1420.4,1088.8,119.14,26.94,30.39,24.75,82.79
BEN,BEN_BEN.9.3_1,Comè,Mono,2011,1368.3,1033.2,67.04,26.49,30.1,24.21,82.48
BEN,BEN_BEN.9.3_1,Comè,Mono,2012,1532.7,1120.0,231.44,26.39,29.87,24.23,83.15
BEN,BEN_BEN.9.3_1,Comè,Mono,2013,1094.9,758.8,-206.36,26.66,30.22,24.37,81.6
BEN,BEN_BEN.9.3_1,Comè,Mono,2014,1683.5,1255.1,382.24,26.5,29.85,24.41,83.92
BEN,BEN_BEN.9.3_1,Comè,Mono,2015,1210.1,845.1,-91.16,26.59,30.23,24.22,81.28
BEN,BEN_BEN.9.3_1,Comè,Mono,2016,1501.6,1116.8,200.34,26.93,30.62,24.62,82.35
BEN,BEN_BEN.9.3_1,Comè,Mono,2017,1318.9,944.3,17.64,26.68,30.66,24.27,84.27
BEN,BEN_BEN.9.3_1,Comè,Mono,2018,1174.7,905.5,-126.56,26.67,30.71,24.12,83.88
BEN,BEN_BEN.9.3_1,Comè,Mono,2019,1463.3,1121.1,162.04,26.92,30.86,24.45,84.63
BEN,BEN_BEN.9.3_1,Comè,Mono,2020,1001.5,815.5,-299.76,26.71,30.94,24.15,83.12
BEN,BEN_BEN.9.3_1,Comè,Mono,2021,1306.4,1105.3,5.14,26.93,31.02,24.39,83.18
BEN,BEN_BEN.9.3_1,Comè,Mono,2022,1088.6,854.9,-212.66,26.36,30.74,23.66,82.74
BEN,BEN_BEN.9.3_1,Comè,Mono,2023,1262.7,974.6,-38.56,26.83,31.3,24.06,82.79
BEN,BEN_BEN.9.3_1,Comè,Mono,2024,1074.1,820.1,-227.16,27.09,31.7,24.35,81.89
BEN,BEN_BEN.9.3_1,Comè,Mono,2025,969.5,712.9,-331.76,26.94,30.66,24.45,82.57
BEN,BEN_BEN.9.4_1,Grand-Popo,Mono,2000,1087.6,753.5,-150.18,26.58,29.67,24.61,82.32
BEN,BEN_BEN.9.4_1,Grand-Popo,Mono,2001,1245.7,794.4,7.92,26.53,29.41,24.68,82.74
BEN,BEN_BEN.9.4_1,Grand-Popo,Mono,2002,1227.8,818.3,-9.98,26.66,29.73,24.66,82.37
BEN,BEN_BEN.9.4_1,Grand-Popo,Mono,2003,1286.7,789.8,48.92,26.87,29.79,24.93,82.98
BEN,BEN_BEN.9.4_1,Grand-Popo,Mono,2004,1314.7,923.9,76.92,26.68,29.61,24.79,83.45
BEN,BEN_BEN.9.4_1,Grand-Popo,Mono,2005,1133.3,710.5,-104.48,26.82,29.82,24.84,82.49
BEN,BEN_BEN.9.4_1,Grand-Popo,Mono,2006,1272.0,832.4,34.22,26.87,29.71,25.02,83.0
BEN,BEN_BEN.9.4_1,Grand-Popo,Mono,2007,1191.8,885.6,-45.98,26.81,30.0,24.64,81.39
BEN,BEN_BEN.9.4_1,Grand-Popo,Mono,2008,1195.9,849.1,-41.88,26.78,29.91,24.66,81.59
BEN,BEN_BEN.9.4_1,Grand-Popo,Mono,2009,1136.9,816.1,-100.88,26.91,29.93,24.94,82.05
BEN,BEN_BEN.9.4_1,Grand-Popo,Mono,2010,1246.3,935.0,8.52,27.15,30.02,25.24,82.7
BEN,BEN_BEN.9.4_1,Grand-Popo,Mono,2011,1278.3,954.0,40.52,26.7,29.7,24.72,82.56
BEN,BEN_BEN.9.4_1,Grand-Popo,Mono,2012,1229.3,847.8,-8.48,26.6,29.53,24.71,83.07
BEN,BEN_BEN.9.4_1,Grand-Popo,Mono,2013,1000.4,607.1,-237.38,26.8,29.77,24.82,82.11
BEN,BEN_BEN.9.4_1,Grand-Popo,Mono,2014,1478.1,1051.1,240.32,26.7,29.51,24.86,83.86
BEN,BEN_BEN.9.4_1,Grand-Popo,Mono,2015,1105.4,761.6,-132.38,26.77,29.84,24.7,81.66
BEN,BEN_BEN.9.4_1,Grand-Popo,Mono,2016,1271.0,889.9,33.22,27.08,30.19,25.08,82.72
BEN,BEN_BEN.9.4_1,Grand-Popo,Mono,2017,1478.8,964.4,241.02,26.72,30.51,24.19,83.91
BEN,BEN_BEN.9.4_1,Grand-Popo,Mono,2018,1202.9,893.8,-34.88,26.69,30.57,24.04,83.54
BEN,BEN_BEN.9.4_1,Grand-Popo,Mono,2019,1560.2,1161.6,322.42,26.92,30.72,24.35,84.34
BEN,BEN_BEN.9.4_1,Grand-Popo,Mono,2020,1019.5,798.1,-218.28,26.68,30.72,23.97,83.06
BEN,BEN_BEN.9.4_1,Grand-Popo,Mono,2021,1412.2,1137.4,174.42,26.94,30.86,24.24,82.88
BEN,BEN_BEN.9.4_1,Grand-Popo,Mono,2022,1133.6,807.5,-104.18,26.31,30.53,23.39,82.74
BEN,BEN_BEN.9.4_1,Grand-Popo,Mono,2023,1526.7,1130.2,288.92,26.82,31.0,23.89,82.72
BEN,BEN_BEN.9.4_1,Grand-Popo,Mono,2024,1094.8,848.2,-142.98,27.06,31.23,24.29,82.04
BEN,BEN_BEN.9.4_1,Grand-Popo,Mono,2025,1052.3,748.4,-185.48,26.95,30.42,24.53,82.6
BEN,BEN_BEN.9.5_1,Houéyogbé,Mono,2000,1212.7,920.2,-50.52,26.33,30.43,23.85,82.22
BEN,BEN_BEN.9.5_1,Houéyogbé,Mono,2001,1288.6,884.3,25.38,26.23,30.1,23.88,82.99
BEN,BEN_BEN.9.5_1,Houéyogbé,Mono,2002,1367.0,956.1,103.78,26.35,30.38,23.84,82.59
BEN,BEN_BEN.9.5_1,Houéyogbé,Mono,2003,1426.3,922.8,163.08,26.56,30.5,24.12,83.25
BEN,BEN_BEN.9.5_1,Houéyogbé,Mono,2004,1504.5,1108.4,241.28,26.39,30.32,24.02,83.66
BEN,BEN_BEN.9.5_1,Houéyogbé,Mono,2005,1190.8,834.9,-72.42,26.56,30.52,24.09,82.41
BEN,BEN_BEN.9.5_1,Houéyogbé,Mono,2006,1394.9,1007.7,131.68,26.57,30.38,24.25,83.27
BEN,BEN_BEN.9.5_1,Houéyogbé,Mono,2007,1287.5,992.7,24.28,26.5,30.74,23.81,81.42
BEN,BEN_BEN.9.5_1,Houéyogbé,Mono,2008,1367.6,1042.2,104.38,26.46,30.64,23.81,81.71
BEN,BEN_BEN.9.5_1,Houéyogbé,Mono,2009,1270.0,949.3,6.78,26.66,30.68,24.17,82.02
BEN,BEN_BEN.9.5_1,Houéyogbé,Mono,2010,1373.3,1038.4,110.08,26.86,30.72,24.46,82.99
BEN,BEN_BEN.9.5_1,Houéyogbé,Mono,2011,1388.5,1047.2,125.28,26.4,30.45,23.9,82.68
BEN,BEN_BEN.9.5_1,Houéyogbé,Mono,2012,1440.0,1024.8,176.78,26.31,30.21,23.93,83.3
BEN,BEN_BEN.9.5_1,Houéyogbé,Mono,2013,1106.4,729.6,-156.82,26.59,30.55,24.09,81.75
BEN,BEN_BEN.9.5_1,Houéyogbé,Mono,2014,1593.4,1176.8,330.18,26.41,30.16,24.12,84.15
BEN,BEN_BEN.9.5_1,Houéyogbé,Mono,2015,1227.1,837.8,-36.12,26.51,30.54,23.93,81.45
BEN,BEN_BEN.9.5_1,Houéyogbé,Mono,2016,1534.4,1126.5,271.18,26.86,30.94,24.35,82.45
BEN,BEN_BEN.9.5_1,Houéyogbé,Mono,2017,1138.1,822.4,-125.12,26.67,31.0,24.15,82.68
BEN,BEN_BEN.9.5_1,Houéyogbé,Mono,2018,1177.5,962.5,-85.72,26.63,31.07,23.98,82.39
BEN,BEN_BEN.9.5_1,Houéyogbé,Mono,2019,1315.3,1065.3,52.08,26.85,31.1,24.31,83.53
BEN,BEN_BEN.9.5_1,Houéyogbé,Mono,2020,940.2,808.7,-323.02,26.74,31.41,24.03,81.23
BEN,BEN_BEN.9.5_1,Houéyogbé,Mono,2021,1174.3,1022.9,-88.92,26.96,31.5,24.29,81.48
BEN,BEN_BEN.9.5_1,Houéyogbé,Mono,2022,972.4,807.4,-290.82,26.43,31.43,23.53,80.52
BEN,BEN_BEN.9.5_1,Houéyogbé,Mono,2023,1169.3,941.7,-93.92,26.85,31.82,23.95,81.05
BEN,BEN_BEN.9.5_1,Houéyogbé,Mono,2024,1042.6,822.2,-220.62,27.08,32.32,24.15,80.34
BEN,BEN_BEN.9.5_1,Houéyogbé,Mono,2025,940.9,687.3,-322.32,26.81,30.78,24.32,82.45
BEN,BEN_BEN.9.7_1,Lokossa,Mono,2000,1093.3,916.6,-103.63,26.47,31.29,23.55,80.82
BEN,BEN_BEN.9.7_1,Lokossa,Mono,2001,1114.0,842.5,-82.93,26.33,30.85,23.57,81.82
BEN,BEN_BEN.9.7_1,Lokossa,Mono,2002,1268.0,950.2,71.07,26.41,31.08,23.48,81.66
BEN,BEN_BEN.9.7_1,Lokossa,Mono,2003,1269.2,883.4,72.27,26.63,31.25,23.81,82.45
BEN,BEN_BEN.9.7_1,Lokossa,Mono,2004,1284.4,996.2,87.47,26.5,31.15,23.68,82.44
BEN,BEN_BEN.9.7_1,Lokossa,Mono,2005,1030.8,774.8,-166.13,26.66,31.29,23.79,81.29
BEN,BEN_BEN.9.7_1,Lokossa,Mono,2006,1326.9,1047.4,129.97,26.65,31.21,23.92,82.29
BEN,BEN_BEN.9.7_1,Lokossa,Mono,2007,1164.8,957.0,-32.13,26.59,31.57,23.44,80.13
BEN,BEN_BEN.9.7_1,Lokossa,Mono,2008,1205.6,954.0,8.67,26.58,31.48,23.45,80.25
BEN,BEN_BEN.9.7_1,Lokossa,Mono,2009,1128.3,885.6,-68.63,26.75,31.45,23.83,81.03
BEN,BEN_BEN.9.7_1,Lokossa,Mono,2010,1237.4,988.0,40.47,27.0,31.54,24.16,81.63
BEN,BEN_BEN.9.7_1,Lokossa,Mono,2011,1211.4,936.3,14.47,26.51,31.27,23.55,81.39
BEN,BEN_BEN.9.7_1,Lokossa,Mono,2012,1364.0,1017.4,167.07,26.39,30.99,23.59,82.28
BEN,BEN_BEN.9.7_1,Lokossa,Mono,2013,997.1,709.6,-199.83,26.7,31.33,23.79,80.61
BEN,BEN_BEN.9.7_1,Lokossa,Mono,2014,1432.8,1099.9,235.87,26.53,31.0,23.82,82.95
BEN,BEN_BEN.9.7_1,Lokossa,Mono,2015,1055.1,749.4,-141.83,26.62,31.33,23.62,80.04
BEN,BEN_BEN.9.7_1,Lokossa,Mono,2016,1444.1,1098.6,247.17,26.97,31.73,24.05,81.19
BEN,BEN_BEN.9.7_1,Lokossa,Mono,2017,1304.7,973.8,107.77,26.86,32.14,23.79,82.01
BEN,BEN_BEN.9.7_1,Lokossa,Mono,2018,1236.7,996.9,39.77,26.82,32.18,23.61,81.72
BEN,BEN_BEN.9.7_1,Lokossa,Mono,2019,1318.0,1059.4,121.07,27.05,32.24,23.96,82.84
BEN,BEN_BEN.9.7_1,Lokossa,Mono,2020,970.9,833.6,-226.03,27.07,32.71,23.67,79.54
BEN,BEN_BEN.9.7_1,Lokossa,Mono,2021,1267.2,1083.5,70.27,27.37,33.1,24.02,79.66
BEN,BEN_BEN.9.7_1,Lokossa,Mono,2022,1046.9,865.5,-150.03,26.81,33.03,23.2,78.71
BEN,BEN_BEN.9.7_1,Lokossa,Mono,2023,1352.7,1093.2,155.77,27.17,33.3,23.57,79.69
BEN,BEN_BEN.9.7_1,Lokossa,Mono,2024,1178.3,902.8,-18.63,27.37,33.59,23.74,78.71
BEN,BEN_BEN.9.7_1,Lokossa,Mono,2025,817.6,633.0,-379.33,27.23,32.25,23.99,79.82
BEN,BEN_BEN.10.1_1,Adjarra,Ouémé,2000,1381.9,1106.2,-145.55,26.26,29.18,24.37,82.61
BEN,BEN_BEN.10.1_1,Adjarra,Ouémé,2001,1344.7,928.2,-182.75,26.2,28.98,24.43,83.2
BEN,BEN_BEN.10.1_1,Adjarra,Ouémé,2002,1473.4,1062.3,-54.05,26.25,29.08,24.34,83.21
BEN,BEN_BEN.10.1_1,Adjarra,Ouémé,2003,1386.2,859.0,-141.25,26.53,29.27,24.69,83.55
BEN,BEN_BEN.10.1_1,Adjarra,Ouémé,2004,1382.6,960.1,-144.85,26.34,29.11,24.56,83.82
BEN,BEN_BEN.10.1_1,Adjarra,Ouémé,2005,1279.1,927.1,-248.35,26.48,29.23,24.67,83.08
BEN,BEN_BEN.10.1_1,Adjarra,Ouémé,2006,1533.3,1140.8,5.85,26.55,29.18,24.81,83.46
BEN,BEN_BEN.10.1_1,Adjarra,Ouémé,2007,1463.1,1163.9,-64.35,26.45,29.44,24.39,81.74
BEN,BEN_BEN.10.1_1,Adjarra,Ouémé,2008,1626.6,1255.7,99.15,26.39,29.37,24.36,82.07
BEN,BEN_BEN.10.1_1,Adjarra,Ouémé,2009,1319.6,1027.2,-207.85,26.5,29.26,24.71,83.29
BEN,BEN_BEN.10.1_1,Adjarra,Ouémé,2010,1430.2,1088.8,-97.25,26.8,29.52,24.99,83.17
BEN,BEN_BEN.10.1_1,Adjarra,Ouémé,2011,1316.3,1002.9,-211.15,26.36,29.2,24.48,82.86
BEN,BEN_BEN.10.1_1,Adjarra,Ouémé,2012,1592.7,1177.9,65.25,26.27,28.98,24.48,83.53
BEN,BEN_BEN.10.1_1,Adjarra,Ouémé,2013,1102.5,761.8,-424.95,26.39,29.09,24.61,83.25
BEN,BEN_BEN.10.1_1,Adjarra,Ouémé,2014,1608.7,1197.4,81.25,26.37,29.01,24.67,84.43
BEN,BEN_BEN.10.1_1,Adjarra,Ouémé,2015,1266.4,919.3,-261.05,26.37,29.21,24.45,82.22
BEN,BEN_BEN.10.1_1,Adjarra,Ouémé,2016,1504.4,1164.1,-23.05,26.69,29.6,24.86,83.69
BEN,BEN_BEN.10.1_1,Adjarra,Ouémé,2017,2055.3,1447.4,527.85,26.66,30.45,24.23,84.77
BEN,BEN_BEN.10.1_1,Adjarra,Ouémé,2018,1967.4,1484.9,439.95,26.56,30.34,24.06,84.84
BEN,BEN_BEN.10.1_1,Adjarra,Ouémé,2019,2147.3,1583.8,619.85,26.75,30.45,24.25,85.52
BEN,BEN_BEN.10.1_1,Adjarra,Ouémé,2020,1707.0,1400.4,179.55,26.61,30.72,23.87,83.56
BEN,BEN_BEN.10.1_1,Adjarra,Ouémé,2021,1766.9,1391.6,239.45,26.79,30.71,24.16,84.06
BEN,BEN_BEN.10.1_1,Adjarra,Ouémé,2022,1503.9,1174.7,-23.55,26.24,30.53,23.33,83.27
BEN,BEN_BEN.10.1_1,Adjarra,Ouémé,2023,1725.0,1287.3,197.55,26.68,31.12,23.7,83.35
BEN,BEN_BEN.10.1_1,Adjarra,Ouémé,2024,1406.5,1031.6,-120.95,26.91,31.43,23.97,82.43
BEN,BEN_BEN.10.1_1,Adjarra,Ouémé,2025,1422.8,1016.5,-104.65,26.69,30.54,24.09,83.95
BEN,BEN_BEN.10.2_1,Adjohoun,Ouémé,2000,1257.9,1007.7,-28.11,26.04,30.44,23.42,82.39
BEN,BEN_BEN.10.2_1,Adjohoun,Ouémé,2001,1249.8,891.8,-36.21,25.94,30.15,23.47,83.17
BEN,BEN_BEN.10.2_1,Adjohoun,Ouémé,2002,1381.9,983.0,95.89,26.01,30.3,23.38,82.99
BEN,BEN_BEN.10.2_1,Adjohoun,Ouémé,2003,1284.3,805.6,-1.71,26.27,30.48,23.73,83.47
BEN,BEN_BEN.10.2_1,Adjohoun,Ouémé,2004,1301.5,919.5,15.49,26.1,30.31,23.63,83.69
BEN,BEN_BEN.10.2_1,Adjohoun,Ouémé,2005,1167.1,832.9,-118.91,26.26,30.46,23.71,82.74
BEN,BEN_BEN.10.2_1,Adjohoun,Ouémé,2006,1382.1,1034.9,96.09,26.27,30.32,23.86,83.66
BEN,BEN_BEN.10.2_1,Adjohoun,Ouémé,2007,1250.6,959.2,-35.41,26.21,30.72,23.39,81.54
BEN,BEN_BEN.10.2_1,Adjohoun,Ouémé,2008,1512.0,1172.3,225.99,26.14,30.65,23.35,81.94
BEN,BEN_BEN.10.2_1,Adjohoun,Ouémé,2009,1166.3,904.4,-119.71,26.3,30.52,23.76,82.87
BEN,BEN_BEN.10.2_1,Adjohoun,Ouémé,2010,1258.3,951.4,-27.71,26.55,30.73,24.06,83.2
BEN,BEN_BEN.10.2_1,Adjohoun,Ouémé,2011,1255.3,952.6,-30.71,26.11,30.44,23.47,82.8
BEN,BEN_BEN.10.2_1,Adjohoun,Ouémé,2012,1443.3,1014.4,157.29,26.02,30.2,23.53,83.49
BEN,BEN_BEN.10.2_1,Adjohoun,Ouémé,2013,1025.4,711.9,-260.61,26.23,30.36,23.69,82.64
BEN,BEN_BEN.10.2_1,Adjohoun,Ouémé,2014,1492.8,1097.8,206.79,26.13,30.17,23.73,84.4
BEN,BEN_BEN.10.2_1,Adjohoun,Ouémé,2015,1212.3,879.1,-73.71,26.2,30.5,23.54,81.54
BEN,BEN_BEN.10.2_1,Adjohoun,Ouémé,2016,1464.0,1105.7,177.99,26.55,30.93,23.96,82.84
BEN,BEN_BEN.10.2_1,Adjohoun,Ouémé,2017,1318.9,933.6,32.89,26.62,31.61,23.68,83.52
BEN,BEN_BEN.10.2_1,Adjohoun,Ouémé,2018,1416.7,1108.5,130.69,26.51,31.54,23.44,83.61
BEN,BEN_BEN.10.2_1,Adjohoun,Ouémé,2019,1562.6,1240.8,276.59,26.71,31.56,23.76,84.64
BEN,BEN_BEN.10.2_1,Adjohoun,Ouémé,2020,1228.2,1016.7,-57.81,26.61,31.81,23.4,82.26
BEN,BEN_BEN.10.2_1,Adjohoun,Ouémé,2021,1295.3,1096.2,9.29,26.84,32.06,23.7,82.62
BEN,BEN_BEN.10.2_1,Adjohoun,Ouémé,2022,1065.9,910.1,-220.11,26.28,31.92,22.89,81.76
BEN,BEN_BEN.10.2_1,Adjohoun,Ouémé,2023,1302.1,1019.1,16.09,26.72,32.39,23.34,82.19
BEN,BEN_BEN.10.2_1,Adjohoun,Ouémé,2024,1137.1,817.7,-148.91,26.98,32.59,23.63,81.14
BEN,BEN_BEN.10.2_1,Adjohoun,Ouémé,2025,1004.5,774.7,-281.51,26.89,31.44,23.88,82.2
BEN,BEN_BEN.10.3_1,Aguégués,Ouémé,2000,1226.6,974.1,-105.45,26.35,29.25,24.52,83.33
BEN,BEN_BEN.10.3_1,Aguégués,Ouémé,2001,1272.0,888.8,-60.05,26.3,29.06,24.56,83.86
BEN,BEN_BEN.10.3_1,Aguégués,Ouémé,2002,1330.6,954.5,-1.45,26.36,29.19,24.5,83.77
BEN,BEN_BEN.10.3_1,Aguégués,Ouémé,2003,1267.5,773.9,-64.55,26.64,29.41,24.85,84.04
BEN,BEN_BEN.10.3_1,Aguégués,Ouémé,2004,1246.7,865.1,-85.35,26.46,29.22,24.71,84.34
BEN,BEN_BEN.10.3_1,Aguégués,Ouémé,2005,1147.9,824.9,-184.15,26.58,29.34,24.79,83.68
BEN,BEN_BEN.10.3_1,Aguégués,Ouémé,2006,1342.3,990.0,10.25,26.66,29.32,24.94,84.0
BEN,BEN_BEN.10.3_1,Aguégués,Ouémé,2007,1273.3,980.8,-58.75,26.56,29.54,24.57,82.42
BEN,BEN_BEN.10.3_1,Aguégués,Ouémé,2008,1484.5,1147.6,152.45,26.51,29.47,24.55,82.66
BEN,BEN_BEN.10.3_1,Aguégués,Ouémé,2009,1157.6,887.5,-174.45,26.6,29.37,24.84,83.83
BEN,BEN_BEN.10.3_1,Aguégués,Ouémé,2010,1283.8,971.4,-48.25,26.9,29.62,25.15,83.81
BEN,BEN_BEN.10.3_1,Aguégués,Ouémé,2011,1194.2,912.2,-137.85,26.48,29.32,24.64,83.43
BEN,BEN_BEN.10.3_1,Aguégués,Ouémé,2012,1414.1,1036.3,82.05,26.38,29.12,24.63,84.05
BEN,BEN_BEN.10.3_1,Aguégués,Ouémé,2013,953.4,653.8,-378.65,26.51,29.2,24.75,83.75
BEN,BEN_BEN.10.3_1,Aguégués,Ouémé,2014,1552.5,1171.1,220.45,26.49,29.15,24.79,84.91
BEN,BEN_BEN.10.3_1,Aguégués,Ouémé,2015,1138.8,819.0,-193.25,26.49,29.32,24.61,82.81
BEN,BEN_BEN.10.3_1,Aguégués,Ouémé,2016,1298.5,985.7,-33.55,26.81,29.7,25.0,84.15
BEN,BEN_BEN.10.3_1,Aguégués,Ouémé,2017,1661.3,1150.4,329.25,26.91,30.16,24.89,85.33
BEN,BEN_BEN.10.3_1,Aguégués,Ouémé,2018,1546.5,1140.2,214.45,26.85,30.11,24.71,85.25
BEN,BEN_BEN.10.3_1,Aguégués,Ouémé,2019,1737.2,1281.6,405.15,27.05,30.2,24.97,85.96
BEN,BEN_BEN.10.3_1,Aguégués,Ouémé,2020,1363.8,1096.0,31.75,26.83,30.28,24.65,84.6
BEN,BEN_BEN.10.3_1,Aguégués,Ouémé,2021,1557.5,1191.9,225.45,27.03,30.26,24.94,85.05
BEN,BEN_BEN.10.3_1,Aguégués,Ouémé,2022,1376.7,1084.3,44.65,26.53,30.03,24.25,84.21
BEN,BEN_BEN.10.3_1,Aguégués,Ouémé,2023,1609.9,1243.7,277.85,27.03,30.63,24.68,84.09
BEN,BEN_BEN.10.3_1,Aguégués,Ouémé,2024,1245.3,906.3,-86.75,27.33,31.07,24.98,82.56
BEN,BEN_BEN.10.3_1,Aguégués,Ouémé,2025,950.9,685.3,-381.15,27.23,30.28,25.18,82.72
BEN,BEN_BEN.10.4_1,Akpro-Missérété,Ouémé,2000,1226.6,974.1,-21.49,26.11,30.1,23.73,83.2
BEN,BEN_BEN.10.4_1,Akpro-Missérété,Ouémé,2001,1272.0,888.8,23.91,26.03,29.83,23.79,83.95
BEN,BEN_BEN.10.4_1,Akpro-Missérété,Ouémé,2002,1330.6,954.5,82.51,26.09,29.94,23.71,83.79
BEN,BEN_BEN.10.4_1,Akpro-Missérété,Ouémé,2003,1267.5,773.9,19.41,26.35,30.13,24.05,84.23
BEN,BEN_BEN.10.4_1,Akpro-Missérété,Ouémé,2004,1246.7,865.1,-1.39,26.18,29.97,23.94,84.49
BEN,BEN_BEN.10.4_1,Akpro-Missérété,Ouémé,2005,1147.9,824.9,-100.19,26.32,30.1,24.01,83.62
BEN,BEN_BEN.10.4_1,Akpro-Missérété,Ouémé,2006,1342.3,990.0,94.21,26.36,29.98,24.18,84.36
BEN,BEN_BEN.10.4_1,Akpro-Missérété,Ouémé,2007,1273.3,980.8,25.21,26.29,30.38,23.72,82.31
BEN,BEN_BEN.10.4_1,Akpro-Missérété,Ouémé,2008,1484.5,1147.6,236.41,26.21,30.29,23.68,82.77
BEN,BEN_BEN.10.4_1,Akpro-Missérété,Ouémé,2009,1157.6,887.5,-90.49,26.36,30.12,24.09,83.8
BEN,BEN_BEN.10.4_1,Akpro-Missérété,Ouémé,2010,1283.8,971.4,35.71,26.63,30.37,24.37,83.96
BEN,BEN_BEN.10.4_1,Akpro-Missérété,Ouémé,2011,1194.2,912.2,-53.89,26.19,30.08,23.81,83.54
BEN,BEN_BEN.10.4_1,Akpro-Missérété,Ouémé,2012,1414.1,1036.3,166.01,26.1,29.84,23.86,84.21
BEN,BEN_BEN.10.4_1,Akpro-Missérété,Ouémé,2013,953.4,653.8,-294.69,26.28,29.98,23.99,83.6
BEN,BEN_BEN.10.4_1,Akpro-Missérété,Ouémé,2014,1552.5,1171.1,304.41,26.21,29.84,24.06,85.11
BEN,BEN_BEN.10.4_1,Akpro-Missérété,Ouémé,2015,1138.8,819.0,-109.29,26.26,30.15,23.83,82.48
BEN,BEN_BEN.10.4_1,Akpro-Missérété,Ouémé,2016,1298.5,985.7,50.41,26.6,30.59,24.26,83.78
BEN,BEN_BEN.10.4_1,Akpro-Missérété,Ouémé,2017,1214.2,876.0,-33.89,26.76,30.83,24.32,83.91
BEN,BEN_BEN.10.4_1,Akpro-Missérété,Ouémé,2018,1204.9,934.0,-43.19,26.68,30.78,24.12,83.74
BEN,BEN_BEN.10.4_1,Akpro-Missérété,Ouémé,2019,1358.6,1000.5,110.51,26.88,30.88,24.33,84.57
BEN,BEN_BEN.10.4_1,Akpro-Missérété,Ouémé,2020,1176.6,982.1,-71.49,26.76,31.15,24.0,82.46
BEN,BEN_BEN.10.4_1,Akpro-Missérété,Ouémé,2021,1150.5,911.9,-97.59,26.93,31.14,24.29,83.0
BEN,BEN_BEN.10.4_1,Akpro-Missérété,Ouémé,2022,1157.7,931.8,-90.39,26.39,30.97,23.48,82.23
BEN,BEN_BEN.10.4_1,Akpro-Missérété,Ouémé,2023,1372.7,1054.5,124.61,26.87,31.56,23.94,82.33
BEN,BEN_BEN.10.4_1,Akpro-Missérété,Ouémé,2024,1109.8,788.1,-138.29,27.1,31.8,24.2,81.37
BEN,BEN_BEN.10.4_1,Akpro-Missérété,Ouémé,2025,1121.0,823.5,-127.09,26.88,30.71,24.31,82.89
BEN,BEN_BEN.10.5_1,Avrankou,Ouémé,2000,1381.9,1106.2,-38.3,26.2,30.19,23.83,83.21
BEN,BEN_BEN.10.5_1,Avrankou,Ouémé,2001,1344.7,928.2,-75.5,26.12,29.92,23.88,83.96
BEN,BEN_BEN.10.5_1,Avrankou,Ouémé,2002,1473.4,1062.3,53.2,26.18,30.03,23.8,83.8
BEN,BEN_BEN.10.5_1,Avrankou,Ouémé,2003,1386.2,859.0,-34.0,26.44,30.22,24.14,84.24
BEN,BEN_BEN.10.5_1,Avrankou,Ouémé,2004,1382.6,960.1,-37.6,26.27,30.06,24.03,84.5
BEN,BEN_BEN.10.5_1,Avrankou,Ouémé,2005,1279.1,927.1,-141.1,26.42,30.19,24.1,83.62
BEN,BEN_BEN.10.5_1,Avrankou,Ouémé,2006,1533.3,1140.8,113.1,26.45,30.07,24.27,84.37
BEN,BEN_BEN.10.5_1,Avrankou,Ouémé,2007,1463.1,1163.9,42.9,26.38,30.47,23.81,82.32
BEN,BEN_BEN.10.5_1,Avrankou,Ouémé,2008,1626.6,1255.7,206.4,26.3,30.39,23.77,82.78
BEN,BEN_BEN.10.5_1,Avrankou,Ouémé,2009,1319.6,1027.2,-100.6,26.45,30.21,24.18,83.81
BEN,BEN_BEN.10.5_1,Avrankou,Ouémé,2010,1430.2,1088.8,10.0,26.72,30.46,24.46,83.97
BEN,BEN_BEN.10.5_1,Avrankou,Ouémé,2011,1316.3,1002.9,-103.9,26.28,30.17,23.9,83.55
BEN,BEN_BEN.10.5_1,Avrankou,Ouémé,2012,1592.7,1177.9,172.5,26.19,29.93,23.95,84.22
BEN,BEN_BEN.10.5_1,Avrankou,Ouémé,2013,1102.5,761.8,-317.7,26.37,30.07,24.08,83.61
BEN,BEN_BEN.10.5_1,Avrankou,Ouémé,2014,1608.7,1197.4,188.5,26.3,29.93,24.15,85.12
BEN,BEN_BEN.10.5_1,Avrankou,Ouémé,2015,1266.4,919.3,-153.8,26.35,30.24,23.92,82.49
BEN,BEN_BEN.10.5_1,Avrankou,Ouémé,2016,1504.4,1164.1,84.2,26.7,30.69,24.35,83.79
BEN,BEN_BEN.10.5_1,Avrankou,Ouémé,2017,1484.4,1051.5,64.2,26.58,30.82,23.99,84.31
BEN,BEN_BEN.10.5_1,Avrankou,Ouémé,2018,1563.0,1203.8,142.8,26.47,30.72,23.8,84.39
BEN,BEN_BEN.10.5_1,Avrankou,Ouémé,2019,1683.0,1238.0,262.8,26.67,30.85,24.02,85.17
BEN,BEN_BEN.10.5_1,Avrankou,Ouémé,2020,1510.5,1268.2,90.3,26.56,31.12,23.68,83.07
BEN,BEN_BEN.10.5_1,Avrankou,Ouémé,2021,1436.1,1158.8,15.9,26.71,31.1,23.92,83.74
BEN,BEN_BEN.10.5_1,Avrankou,Ouémé,2022,1322.1,1077.1,-98.1,26.17,30.99,23.06,82.74
BEN,BEN_BEN.10.5_1,Avrankou,Ouémé,2023,1512.0,1198.4,91.8,26.63,31.57,23.5,82.97
BEN,BEN_BEN.10.5_1,Avrankou,Ouémé,2024,1243.6,909.6,-176.6,26.9,31.88,23.82,81.83
BEN,BEN_BEN.10.5_1,Avrankou,Ouémé,2025,1158.8,849.2,-261.4,26.72,30.79,24.06,83.39
BEN,BEN_BEN.10.6_1,Bonou,Ouémé,2000,1257.9,1007.7,19.92,26.26,31.18,23.23,80.16
BEN,BEN_BEN.10.6_1,Bonou,Ouémé,2001,1249.8,891.8,11.82,26.17,30.89,23.3,81.0
BEN,BEN_BEN.10.6_1,Bonou,Ouémé,2002,1381.9,983.0,143.92,26.2,31.02,23.17,80.94
BEN,BEN_BEN.10.6_1,Bonou,Ouémé,2003,1284.3,805.6,46.32,26.48,31.19,23.57,81.51
BEN,BEN_BEN.10.6_1,Bonou,Ouémé,2004,1301.5,919.5,63.52,26.32,31.05,23.47,81.61
BEN,BEN_BEN.10.6_1,Bonou,Ouémé,2005,1167.1,832.9,-70.88,26.49,31.21,23.56,80.51
BEN,BEN_BEN.10.6_1,Bonou,Ouémé,2006,1382.1,1034.9,144.12,26.47,31.05,23.68,81.68
BEN,BEN_BEN.10.6_1,Bonou,Ouémé,2007,1250.6,959.2,12.62,26.4,31.43,23.16,79.3
BEN,BEN_BEN.10.6_1,Bonou,Ouémé,2008,1512.0,1172.3,274.02,26.34,31.37,23.11,79.63
BEN,BEN_BEN.10.6_1,Bonou,Ouémé,2009,1166.3,904.4,-71.68,26.53,31.33,23.59,80.69
BEN,BEN_BEN.10.6_1,Bonou,Ouémé,2010,1258.3,951.4,20.32,26.79,31.51,23.91,81.05
BEN,BEN_BEN.10.6_1,Bonou,Ouémé,2011,1255.3,952.6,17.32,26.31,31.17,23.26,80.65
BEN,BEN_BEN.10.6_1,Bonou,Ouémé,2012,1443.3,1014.4,205.32,26.2,30.86,23.34,81.6
BEN,BEN_BEN.10.6_1,Bonou,Ouémé,2013,1025.4,711.9,-212.58,26.48,31.19,23.55,80.34
BEN,BEN_BEN.10.6_1,Bonou,Ouémé,2014,1492.8,1097.8,254.82,26.33,30.88,23.57,82.45
BEN,BEN_BEN.10.6_1,Bonou,Ouémé,2015,1212.3,879.1,-25.68,26.45,31.27,23.4,78.97
BEN,BEN_BEN.10.6_1,Bonou,Ouémé,2016,1464.0,1105.7,226.02,26.8,31.68,23.83,80.51
BEN,BEN_BEN.10.6_1,Bonou,Ouémé,2017,1201.9,876.7,-36.08,26.61,31.77,23.57,82.45
BEN,BEN_BEN.10.6_1,Bonou,Ouémé,2018,1257.6,1002.0,19.62,26.5,31.72,23.32,82.5
BEN,BEN_BEN.10.6_1,Bonou,Ouémé,2019,1421.7,1100.0,183.72,26.69,31.71,23.61,83.69
BEN,BEN_BEN.10.6_1,Bonou,Ouémé,2020,986.7,830.5,-251.28,26.67,32.16,23.23,80.62
BEN,BEN_BEN.10.6_1,Bonou,Ouémé,2021,1060.7,878.3,-177.28,26.9,32.46,23.56,81.2
BEN,BEN_BEN.10.6_1,Bonou,Ouémé,2022,981.5,831.1,-256.48,26.36,32.29,22.78,80.11
BEN,BEN_BEN.10.6_1,Bonou,Ouémé,2023,1247.8,999.8,9.82,26.77,32.66,23.28,80.78
BEN,BEN_BEN.10.6_1,Bonou,Ouémé,2024,1028.5,795.0,-209.48,26.99,32.83,23.51,79.97
BEN,BEN_BEN.10.6_1,Bonou,Ouémé,2025,896.2,697.5,-341.78,26.71,31.19,23.72,82.65
BEN,BEN_BEN.10.7_1,Dangbo,Ouémé,2000,1226.6,974.1,-20.56,26.38,30.33,24.08,83.37
BEN,BEN_BEN.10.7_1,Dangbo,Ouémé,2001,1272.0,888.8,24.84,26.3,30.07,24.14,84.1
BEN,BEN_BEN.10.7_1,Dangbo,Ouémé,2002,1330.6,954.5,83.44,26.37,30.21,24.07,83.89
BEN,BEN_BEN.10.7_1,Dangbo,Ouémé,2003,1267.5,773.9,20.34,26.63,30.41,24.41,84.28
BEN,BEN_BEN.10.7_1,Dangbo,Ouémé,2004,1246.7,865.1,-0.46,26.46,30.23,24.29,84.57
BEN,BEN_BEN.10.7_1,Dangbo,Ouémé,2005,1147.9,824.9,-99.26,26.6,30.36,24.35,83.72
BEN,BEN_BEN.10.7_1,Dangbo,Ouémé,2006,1342.3,990.0,95.14,26.64,30.25,24.53,84.43
BEN,BEN_BEN.10.7_1,Dangbo,Ouémé,2007,1273.3,980.8,26.14,26.57,30.63,24.09,82.47
BEN,BEN_BEN.10.7_1,Dangbo,Ouémé,2008,1484.5,1147.6,237.34,26.5,30.55,24.05,82.87
BEN,BEN_BEN.10.7_1,Dangbo,Ouémé,2009,1157.6,887.5,-89.56,26.63,30.39,24.42,83.85
BEN,BEN_BEN.10.7_1,Dangbo,Ouémé,2010,1283.8,971.4,36.64,26.9,30.63,24.72,84.09
BEN,BEN_BEN.10.7_1,Dangbo,Ouémé,2011,1194.2,912.2,-52.96,26.47,30.34,24.16,83.65
BEN,BEN_BEN.10.7_1,Dangbo,Ouémé,2012,1414.1,1036.3,166.94,26.38,30.12,24.2,84.29
BEN,BEN_BEN.10.7_1,Dangbo,Ouémé,2013,953.4,653.8,-293.76,26.56,30.24,24.34,83.65
BEN,BEN_BEN.10.7_1,Dangbo,Ouémé,2014,1552.5,1171.1,305.34,26.49,30.1,24.4,85.19
BEN,BEN_BEN.10.7_1,Dangbo,Ouémé,2015,1138.8,819.0,-108.36,26.53,30.4,24.18,82.63
BEN,BEN_BEN.10.7_1,Dangbo,Ouémé,2016,1298.5,985.7,51.34,26.88,30.82,24.6,83.87
BEN,BEN_BEN.10.7_1,Dangbo,Ouémé,2017,1209.3,871.2,-37.86,26.77,30.77,24.42,84.11
BEN,BEN_BEN.10.7_1,Dangbo,Ouémé,2018,1182.4,942.1,-64.76,26.69,30.72,24.24,83.98
BEN,BEN_BEN.10.7_1,Dangbo,Ouémé,2019,1410.4,1078.5,163.24,26.9,30.78,24.5,84.89
BEN,BEN_BEN.10.7_1,Dangbo,Ouémé,2020,1105.5,942.7,-141.66,26.71,30.93,24.14,83.12
BEN,BEN_BEN.10.7_1,Dangbo,Ouémé,2021,1267.9,1011.0,20.74,26.91,30.96,24.44,83.5
BEN,BEN_BEN.10.7_1,Dangbo,Ouémé,2022,1150.7,938.2,-96.46,26.35,30.73,23.63,82.84
BEN,BEN_BEN.10.7_1,Dangbo,Ouémé,2023,1379.6,1068.5,132.44,26.83,31.3,24.09,83.07
BEN,BEN_BEN.10.7_1,Dangbo,Ouémé,2024,1182.7,862.4,-64.46,27.1,31.63,24.34,81.93
BEN,BEN_BEN.10.7_1,Dangbo,Ouémé,2025,953.4,709.1,-293.76,27.02,30.64,24.57,82.51
BEN,BEN_BEN.10.8_1,Porto-Novo,Ouémé,2000,1226.6,974.1,-149.0,26.38,29.34,24.49,82.61
BEN,BEN_BEN.10.8_1,Porto-Novo,Ouémé,2001,1272.0,888.8,-103.6,26.32,29.14,24.54,83.19
BEN,BEN_BEN.10.8_1,Porto-Novo,Ouémé,2002,1330.6,954.5,-45.0,26.37,29.23,24.46,83.2
BEN,BEN_BEN.10.8_1,Porto-Novo,Ouémé,2003,1267.5,773.9,-108.1,26.65,29.44,24.81,83.5
BEN,BEN_BEN.10.8_1,Porto-Novo,Ouémé,2004,1246.7,865.1,-128.9,26.47,29.27,24.68,83.76
BEN,BEN_BEN.10.8_1,Porto-Novo,Ouémé,2005,1147.9,824.9,-227.7,26.59,29.4,24.76,83.08
BEN,BEN_BEN.10.8_1,Porto-Novo,Ouémé,2006,1342.3,990.0,-33.3,26.67,29.35,24.92,83.42
BEN,BEN_BEN.10.8_1,Porto-Novo,Ouémé,2007,1273.3,980.8,-102.3,26.57,29.61,24.5,81.74
BEN,BEN_BEN.10.8_1,Porto-Novo,Ouémé,2008,1484.5,1147.6,108.9,26.51,29.53,24.48,82.05
BEN,BEN_BEN.10.8_1,Porto-Novo,Ouémé,2009,1157.6,887.5,-218.0,26.62,29.42,24.82,83.22
BEN,BEN_BEN.10.8_1,Porto-Novo,Ouémé,2010,1283.8,971.4,-91.8,26.93,29.7,25.11,83.11
BEN,BEN_BEN.10.8_1,Porto-Novo,Ouémé,2011,1194.2,912.2,-181.4,26.49,29.37,24.59,82.83
BEN,BEN_BEN.10.8_1,Porto-Novo,Ouémé,2012,1414.1,1036.3,38.5,26.4,29.16,24.6,83.46
BEN,BEN_BEN.10.8_1,Porto-Novo,Ouémé,2013,953.4,653.8,-422.2,26.52,29.26,24.71,83.19
BEN,BEN_BEN.10.8_1,Porto-Novo,Ouémé,2014,1552.5,1171.1,176.9,26.5,29.17,24.79,84.36
BEN,BEN_BEN.10.8_1,Porto-Novo,Ouémé,2015,1138.8,819.0,-236.8,26.49,29.37,24.56,82.24
BEN,BEN_BEN.10.8_1,Porto-Novo,Ouémé,2016,1298.5,985.7,-77.1,26.82,29.76,24.97,83.62
BEN,BEN_BEN.10.8_1,Porto-Novo,Ouémé,2017,1768.3,1223.9,392.7,26.73,30.48,24.33,84.51
BEN,BEN_BEN.10.8_1,Porto-Novo,Ouémé,2018,1712.1,1329.5,336.5,26.63,30.37,24.16,84.61
BEN,BEN_BEN.10.8_1,Porto-Novo,Ouémé,2019,1865.9,1366.9,490.3,26.83,30.52,24.35,85.21
BEN,BEN_BEN.10.8_1,Porto-Novo,Ouémé,2020,1672.3,1382.7,296.7,26.67,30.75,23.95,83.43
BEN,BEN_BEN.10.8_1,Porto-Novo,Ouémé,2021,1621.2,1276.6,245.6,26.86,30.74,24.26,83.89
BEN,BEN_BEN.10.8_1,Porto-Novo,Ouémé,2022,1451.5,1139.1,75.9,26.31,30.57,23.45,83.11
BEN,BEN_BEN.10.8_1,Porto-Novo,Ouémé,2023,1645.7,1266.7,270.1,26.75,31.2,23.79,83.14
BEN,BEN_BEN.10.8_1,Porto-Novo,Ouémé,2024,1297.0,937.8,-78.6,27.05,31.61,24.09,81.81
BEN,BEN_BEN.10.8_1,Porto-Novo,Ouémé,2025,1147.4,764.5,-228.2,26.87,30.62,24.38,83.5
BEN,BEN_BEN.10.9_1,Sèmè-Kpodji,Ouémé,2000,1226.6,974.1,-16.13,26.48,28.64,24.94,82.11
BEN,BEN_BEN.10.9_1,Sèmè-Kpodji,Ouémé,2001,1272.0,888.8,29.27,26.44,28.5,25.0,82.49
BEN,BEN_BEN.10.9_1,Sèmè-Kpodji,Ouémé,2002,1330.6,954.5,87.87,26.49,28.59,24.92,82.62
BEN,BEN_BEN.10.9_1,Sèmè-Kpodji,Ouémé,2003,1267.5,773.9,24.77,26.77,28.81,25.28,82.82
BEN,BEN_BEN.10.9_1,Sèmè-Kpodji,Ouémé,2004,1246.7,865.1,3.97,26.58,28.63,25.15,83.08
BEN,BEN_BEN.10.9_1,Sèmè-Kpodji,Ouémé,2005,1147.9,824.9,-94.83,26.69,28.75,25.22,82.57
BEN,BEN_BEN.10.9_1,Sèmè-Kpodji,Ouémé,2006,1342.3,990.0,99.57,26.81,28.77,25.37,82.56
BEN,BEN_BEN.10.9_1,Sèmè-Kpodji,Ouémé,2007,1273.3,980.8,30.57,26.7,28.92,25.02,81.14
BEN,BEN_BEN.10.9_1,Sèmè-Kpodji,Ouémé,2008,1484.5,1147.6,241.77,26.65,28.85,25.01,81.34
BEN,BEN_BEN.10.9_1,Sèmè-Kpodji,Ouémé,2009,1157.6,887.5,-85.13,26.72,28.79,25.27,82.68
BEN,BEN_BEN.10.9_1,Sèmè-Kpodji,Ouémé,2010,1283.8,971.4,41.07,27.05,29.07,25.56,82.38
BEN,BEN_BEN.10.9_1,Sèmè-Kpodji,Ouémé,2011,1194.2,912.2,-48.53,26.62,28.73,25.09,82.16
BEN,BEN_BEN.10.9_1,Sèmè-Kpodji,Ouémé,2012,1414.1,1036.3,171.37,26.52,28.54,25.05,82.78
BEN,BEN_BEN.10.9_1,Sèmè-Kpodji,Ouémé,2013,953.4,653.8,-289.33,26.6,28.59,25.15,82.79
BEN,BEN_BEN.10.9_1,Sèmè-Kpodji,Ouémé,2014,1552.5,1171.1,309.77,26.61,28.58,25.21,83.66
BEN,BEN_BEN.10.9_1,Sèmè-Kpodji,Ouémé,2015,1138.8,819.0,-103.93,26.58,28.68,25.02,81.9
BEN,BEN_BEN.10.9_1,Sèmè-Kpodji,Ouémé,2016,1298.5,985.7,55.77,26.88,29.02,25.4,83.38
BEN,BEN_BEN.10.9_1,Sèmè-Kpodji,Ouémé,2017,1211.9,866.4,-30.83,27.0,29.87,25.12,83.25
BEN,BEN_BEN.10.9_1,Sèmè-Kpodji,Ouémé,2018,1056.9,770.6,-185.83,26.94,29.78,24.93,83.12
BEN,BEN_BEN.10.9_1,Sèmè-Kpodji,Ouémé,2019,1262.7,929.3,19.97,27.13,29.89,25.12,83.79
BEN,BEN_BEN.10.9_1,Sèmè-Kpodji,Ouémé,2020,1231.2,1035.7,-11.53,26.97,30.09,24.82,82.04
BEN,BEN_BEN.10.9_1,Sèmè-Kpodji,Ouémé,2021,1157.6,868.5,-85.13,27.2,30.16,25.13,82.19
BEN,BEN_BEN.10.9_1,Sèmè-Kpodji,Ouémé,2022,1113.2,836.6,-129.53,26.65,29.8,24.38,81.67
BEN,BEN_BEN.10.9_1,Sèmè-Kpodji,Ouémé,2023,1378.9,996.3,136.17,27.11,30.52,24.73,81.82
BEN,BEN_BEN.10.9_1,Sèmè-Kpodji,Ouémé,2024,1082.3,727.2,-160.43,27.3,30.94,24.87,81.21
BEN,BEN_BEN.10.9_1,Sèmè-Kpodji,Ouémé,2025,1231.9,834.6,-10.83,27.05,30.25,24.82,82.13
BEN,BEN_BEN.11.1_1,Adja-Ouèrè,Plateau,2000,1026.0,866.2,1.08,26.54,31.51,23.45,79.06
BEN,BEN_BEN.11.1_1,Adja-Ouèrè,Plateau,2001,986.6,749.6,-38.32,26.43,31.21,23.53,80.07
BEN,BEN_BEN.11.1_1,Adja-Ouèrè,Plateau,2002,1152.3,863.7,127.38,26.43,31.28,23.38,80.04
BEN,BEN_BEN.11.1_1,Adja-Ouèrè,Plateau,2003,1011.9,703.7,-13.02,26.72,31.45,23.82,80.71
BEN,BEN_BEN.11.1_1,Adja-Ouèrè,Plateau,2004,1035.3,792.6,10.38,26.59,31.35,23.7,80.65
BEN,BEN_BEN.11.1_1,Adja-Ouèrè,Plateau,2005,918.6,686.2,-106.32,26.74,31.49,23.77,79.6
BEN,BEN_BEN.11.1_1,Adja-Ouèrè,Plateau,2006,1139.0,917.2,114.08,26.71,31.34,23.87,80.77
BEN,BEN_BEN.11.1_1,Adja-Ouèrè,Plateau,2007,1008.9,813.3,-16.02,26.65,31.7,23.37,78.24
BEN,BEN_BEN.11.1_1,Adja-Ouèrè,Plateau,2008,1156.8,933.1,131.88,26.59,31.62,23.34,78.57
BEN,BEN_BEN.11.1_1,Adja-Ouèrè,Plateau,2009,926.8,756.8,-98.12,26.77,31.59,23.79,79.92
BEN,BEN_BEN.11.1_1,Adja-Ouèrè,Plateau,2010,978.6,780.6,-46.32,27.07,31.82,24.14,80.02
BEN,BEN_BEN.11.1_1,Adja-Ouèrè,Plateau,2011,1001.6,774.5,-23.32,26.57,31.47,23.46,79.54
BEN,BEN_BEN.11.1_1,Adja-Ouèrè,Plateau,2012,1172.2,865.2,147.28,26.43,31.1,23.56,80.78
BEN,BEN_BEN.11.1_1,Adja-Ouèrè,Plateau,2013,833.5,597.6,-191.42,26.76,31.55,23.77,79.15
BEN,BEN_BEN.11.1_1,Adja-Ouèrè,Plateau,2014,1147.4,893.9,122.48,26.59,31.16,23.81,81.58
BEN,BEN_BEN.11.1_1,Adja-Ouèrè,Plateau,2015,981.9,751.0,-43.02,26.72,31.59,23.58,77.73
BEN,BEN_BEN.11.1_1,Adja-Ouèrè,Plateau,2016,1243.8,958.6,218.88,27.08,31.97,24.07,79.41
BEN,BEN_BEN.11.1_1,Adja-Ouèrè,Plateau,2017,1052.8,784.3,27.88,26.87,32.13,23.76,80.56
BEN,BEN_BEN.11.1_1,Adja-Ouèrè,Plateau,2018,1085.4,876.2,60.48,26.74,32.0,23.51,80.62
BEN,BEN_BEN.11.1_1,Adja-Ouèrè,Plateau,2019,1210.5,955.1,185.58,26.91,31.98,23.83,81.88
BEN,BEN_BEN.11.1_1,Adja-Ouèrè,Plateau,2020,749.6,628.7,-275.32,26.97,32.55,23.46,78.18
BEN,BEN_BEN.11.1_1,Adja-Ouèrè,Plateau,2021,822.7,684.5,-202.22,27.25,33.02,23.81,78.76
BEN,BEN_BEN.11.1_1,Adja-Ouèrè,Plateau,2022,899.2,733.9,-125.72,26.73,32.79,23.05,77.4
BEN,BEN_BEN.11.1_1,Adja-Ouèrè,Plateau,2023,1133.2,936.0,108.28,27.09,33.09,23.52,78.46
BEN,BEN_BEN.11.1_1,Adja-Ouèrè,Plateau,2024,921.7,726.8,-103.22,27.4,33.5,23.67,77.08
BEN,BEN_BEN.11.1_1,Adja-Ouèrè,Plateau,2025,1051.6,800.7,26.68,26.83,31.51,23.73,81.81
BEN,BEN_BEN.11.2_1,Ifangni,Plateau,2000,1351.8,1093.8,-74.08,26.36,30.83,23.64,82.71
BEN,BEN_BEN.11.2_1,Ifangni,Plateau,2001,1274.2,884.2,-151.68,26.27,30.53,23.69,83.58
BEN,BEN_BEN.11.2_1,Ifangni,Plateau,2002,1436.0,1017.8,10.12,26.3,30.62,23.61,83.44
BEN,BEN_BEN.11.2_1,Ifangni,Plateau,2003,1378.2,868.4,-47.68,26.57,30.78,23.98,84.01
BEN,BEN_BEN.11.2_1,Ifangni,Plateau,2004,1415.5,976.4,-10.38,26.41,30.64,23.87,84.2
BEN,BEN_BEN.11.2_1,Ifangni,Plateau,2005,1299.5,953.1,-126.38,26.57,30.78,23.95,83.18
BEN,BEN_BEN.11.2_1,Ifangni,Plateau,2006,1519.3,1127.7,93.42,26.57,30.62,24.09,84.17
BEN,BEN_BEN.11.2_1,Ifangni,Plateau,2007,1421.1,1111.7,-4.78,26.5,31.05,23.57,81.95
BEN,BEN_BEN.11.2_1,Ifangni,Plateau,2008,1629.4,1258.8,203.52,26.42,30.97,23.53,82.4
BEN,BEN_BEN.11.2_1,Ifangni,Plateau,2009,1279.2,987.2,-146.68,26.6,30.84,24.02,83.43
BEN,BEN_BEN.11.2_1,Ifangni,Plateau,2010,1340.4,1002.9,-85.48,26.87,31.07,24.29,83.62
BEN,BEN_BEN.11.2_1,Ifangni,Plateau,2011,1361.2,1032.9,-64.68,26.4,30.74,23.67,83.24
BEN,BEN_BEN.11.2_1,Ifangni,Plateau,2012,1609.2,1148.5,183.32,26.31,30.47,23.77,84.05
BEN,BEN_BEN.11.2_1,Ifangni,Plateau,2013,1114.9,773.6,-310.98,26.53,30.69,23.93,83.15
BEN,BEN_BEN.11.2_1,Ifangni,Plateau,2014,1640.2,1204.2,214.32,26.44,30.48,24.0,84.92
BEN,BEN_BEN.11.2_1,Ifangni,Plateau,2015,1317.4,955.6,-108.48,26.5,30.84,23.74,81.88
BEN,BEN_BEN.11.2_1,Ifangni,Plateau,2016,1614.3,1219.5,188.42,26.86,31.29,24.19,83.32
BEN,BEN_BEN.11.2_1,Ifangni,Plateau,2017,1650.4,1230.5,224.52,26.45,31.02,23.75,84.38
BEN,BEN_BEN.11.2_1,Ifangni,Plateau,2018,1786.8,1406.6,360.92,26.32,30.91,23.56,84.59
BEN,BEN_BEN.11.2_1,Ifangni,Plateau,2019,1728.6,1294.7,302.72,26.52,31.01,23.82,85.44
BEN,BEN_BEN.11.2_1,Ifangni,Plateau,2020,1479.4,1276.4,53.52,26.44,31.36,23.49,82.9
BEN,BEN_BEN.11.2_1,Ifangni,Plateau,2021,1441.5,1211.9,15.62,26.61,31.42,23.73,83.61
BEN,BEN_BEN.11.2_1,Ifangni,Plateau,2022,1266.2,1034.4,-159.68,26.1,31.41,22.92,82.37
BEN,BEN_BEN.11.2_1,Ifangni,Plateau,2023,1435.7,1154.7,9.82,26.53,31.82,23.4,82.87
BEN,BEN_BEN.11.2_1,Ifangni,Plateau,2024,1177.6,880.6,-248.28,26.78,32.0,23.72,81.95
BEN,BEN_BEN.11.2_1,Ifangni,Plateau,2025,1104.8,852.7,-321.08,26.6,30.87,23.89,83.55
BEN,BEN_BEN.11.3_1,Kétou,Plateau,2000,1012.4,901.2,-11.57,26.6,31.91,23.22,76.2
BEN,BEN_BEN.11.3_1,Kétou,Plateau,2001,851.2,674.6,-172.77,26.55,31.7,23.35,77.11
BEN,BEN_BEN.11.3_1,Kétou,Plateau,2002,1183.2,927.1,159.23,26.46,31.61,23.12,77.54
BEN,BEN_BEN.11.3_1,Kétou,Plateau,2003,1045.5,814.1,21.53,26.78,31.85,23.63,78.43
BEN,BEN_BEN.11.3_1,Kétou,Plateau,2004,989.4,789.7,-34.57,26.67,31.76,23.49,78.14
BEN,BEN_BEN.11.3_1,Kétou,Plateau,2005,1005.0,793.9,-18.97,26.79,31.84,23.56,77.23
BEN,BEN_BEN.11.3_1,Kétou,Plateau,2006,1154.4,997.8,130.43,26.76,31.78,23.61,78.35
BEN,BEN_BEN.11.3_1,Kétou,Plateau,2007,1110.2,952.6,86.23,26.69,32.03,23.14,75.42
BEN,BEN_BEN.11.3_1,Kétou,Plateau,2008,1164.1,988.4,140.13,26.61,31.95,23.1,75.74
BEN,BEN_BEN.11.3_1,Kétou,Plateau,2009,989.6,833.1,-34.37,26.82,31.95,23.55,77.64
BEN,BEN_BEN.11.3_1,Kétou,Plateau,2010,1160.2,999.9,136.23,27.12,32.18,23.93,77.7
BEN,BEN_BEN.11.3_1,Kétou,Plateau,2011,975.3,768.2,-48.67,26.62,31.84,23.22,76.7
BEN,BEN_BEN.11.3_1,Kétou,Plateau,2012,1217.8,949.0,193.83,26.42,31.45,23.28,78.69
BEN,BEN_BEN.11.3_1,Kétou,Plateau,2013,798.2,567.5,-225.77,26.85,31.97,23.56,76.3
BEN,BEN_BEN.11.3_1,Kétou,Plateau,2014,1236.4,987.4,212.43,26.68,31.64,23.61,79.04
BEN,BEN_BEN.11.3_1,Kétou,Plateau,2015,880.4,719.4,-143.57,26.83,32.09,23.4,74.54
BEN,BEN_BEN.11.3_1,Kétou,Plateau,2016,1268.8,999.1,244.83,27.11,32.28,23.82,76.91
BEN,BEN_BEN.11.3_1,Kétou,Plateau,2017,1008.9,757.5,-15.07,26.85,32.23,23.44,77.23
BEN,BEN_BEN.11.3_1,Kétou,Plateau,2018,1183.0,1001.1,159.03,26.55,31.85,23.1,78.3
BEN,BEN_BEN.11.3_1,Kétou,Plateau,2019,1166.8,912.6,142.83,26.74,31.8,23.48,79.68
BEN,BEN_BEN.11.3_1,Kétou,Plateau,2020,678.8,583.6,-345.17,26.97,32.47,23.22,74.38
BEN,BEN_BEN.11.3_1,Kétou,Plateau,2021,778.3,682.4,-245.67,27.33,33.09,23.63,74.99
BEN,BEN_BEN.11.3_1,Kétou,Plateau,2022,971.3,867.3,-52.67,26.71,32.61,22.85,73.63
BEN,BEN_BEN.11.3_1,Kétou,Plateau,2023,1184.8,986.1,160.83,26.99,32.91,23.17,75.23
BEN,BEN_BEN.11.3_1,Kétou,Plateau,2024,849.5,710.3,-174.47,27.4,33.43,23.41,72.89
BEN,BEN_BEN.11.3_1,Kétou,Plateau,2025,759.7,610.2,-264.27,27.24,32.84,23.6,75.74
BEN,BEN_BEN.11.4_1,Pobè,Plateau,2000,1109.5,942.4,14.53,26.75,31.64,23.66,78.0
BEN,BEN_BEN.11.4_1,Pobè,Plateau,2001,1010.5,744.3,-84.47,26.64,31.34,23.72,79.08
BEN,BEN_BEN.11.4_1,Pobè,Plateau,2002,1194.6,885.4,99.63,26.63,31.39,23.54,79.05
BEN,BEN_BEN.11.4_1,Pobè,Plateau,2003,1101.2,762.4,6.23,26.91,31.58,23.98,79.86
BEN,BEN_BEN.11.4_1,Pobè,Plateau,2004,1142.0,843.2,47.03,26.79,31.47,23.86,79.73
BEN,BEN_BEN.11.4_1,Pobè,Plateau,2005,1067.9,821.9,-27.07,26.94,31.61,23.95,78.71
BEN,BEN_BEN.11.4_1,Pobè,Plateau,2006,1256.3,993.1,161.33,26.92,31.5,24.02,79.8
BEN,BEN_BEN.11.4_1,Pobè,Plateau,2007,1184.6,957.1,89.63,26.85,31.79,23.59,77.19
BEN,BEN_BEN.11.4_1,Pobè,Plateau,2008,1273.9,1018.0,178.93,26.8,31.72,23.55,77.44
BEN,BEN_BEN.11.4_1,Pobè,Plateau,2009,1033.7,837.9,-61.27,26.96,31.69,23.94,79.12
BEN,BEN_BEN.11.4_1,Pobè,Plateau,2010,1062.7,837.3,-32.27,27.27,31.95,24.31,79.13
BEN,BEN_BEN.11.4_1,Pobè,Plateau,2011,1122.4,864.3,27.43,26.77,31.57,23.63,78.56
BEN,BEN_BEN.11.4_1,Pobè,Plateau,2012,1343.3,999.2,248.33,26.61,31.22,23.7,79.94
BEN,BEN_BEN.11.4_1,Pobè,Plateau,2013,915.8,659.2,-179.17,26.99,31.69,23.97,78.09
BEN,BEN_BEN.11.4_1,Pobè,Plateau,2014,1343.8,1034.8,248.83,26.78,31.3,23.96,80.7
BEN,BEN_BEN.11.4_1,Pobè,Plateau,2015,1081.2,819.6,-13.77,26.95,31.74,23.79,76.52
BEN,BEN_BEN.11.4_1,Pobè,Plateau,2016,1384.5,1061.6,289.53,27.29,32.07,24.27,78.38
BEN,BEN_BEN.11.4_1,Pobè,Plateau,2017,1108.2,847.7,13.23,27.06,32.19,23.96,79.16
BEN,BEN_BEN.11.4_1,Pobè,Plateau,2018,1103.6,902.0,8.63,26.91,32.02,23.71,79.33
BEN,BEN_BEN.11.4_1,Pobè,Plateau,2019,1258.9,992.8,163.93,27.09,32.05,24.01,80.5
BEN,BEN_BEN.11.4_1,Pobè,Plateau,2020,805.7,669.9,-289.27,27.16,32.55,23.73,76.79
BEN,BEN_BEN.11.4_1,Pobè,Plateau,2021,769.1,651.7,-325.87,27.49,33.11,24.1,77.24
BEN,BEN_BEN.11.4_1,Pobè,Plateau,2022,884.5,736.8,-210.47,26.99,32.85,23.34,75.63
BEN,BEN_BEN.11.4_1,Pobè,Plateau,2023,1107.2,919.9,12.23,27.34,33.18,23.8,76.71
BEN,BEN_BEN.11.4_1,Pobè,Plateau,2024,832.0,666.7,-262.97,27.74,33.73,24.04,74.85
BEN,BEN_BEN.11.4_1,Pobè,Plateau,2025,972.0,719.3,-122.97,27.22,32.21,23.95,79.15
BEN,BEN_BEN.11.5_1,Sakété,Plateau,2000,1351.8,1093.8,-23.1,26.15,30.87,23.37,81.74
BEN,BEN_BEN.11.5_1,Sakété,Plateau,2001,1274.2,884.2,-100.7,26.06,30.58,23.44,82.59
BEN,BEN_BEN.11.5_1,Sakété,Plateau,2002,1436.0,1017.8,61.1,26.11,30.69,23.34,82.44
BEN,BEN_BEN.11.5_1,Sakété,Plateau,2003,1378.2,868.4,3.3,26.38,30.87,23.72,82.99
BEN,BEN_BEN.11.5_1,Sakété,Plateau,2004,1415.5,976.4,40.6,26.22,30.72,23.61,83.15
BEN,BEN_BEN.11.5_1,Sakété,Plateau,2005,1299.5,953.1,-75.4,26.38,30.86,23.68,82.13
BEN,BEN_BEN.11.5_1,Sakété,Plateau,2006,1519.3,1127.7,144.4,26.36,30.7,23.82,83.2
BEN,BEN_BEN.11.5_1,Sakété,Plateau,2007,1421.1,1111.7,46.2,26.29,31.11,23.32,80.92
BEN,BEN_BEN.11.5_1,Sakété,Plateau,2008,1629.4,1258.8,254.5,26.23,31.06,23.29,81.28
BEN,BEN_BEN.11.5_1,Sakété,Plateau,2009,1279.2,987.2,-95.7,26.41,30.96,23.73,82.34
BEN,BEN_BEN.11.5_1,Sakété,Plateau,2010,1340.4,1002.9,-34.5,26.67,31.15,24.04,82.65
BEN,BEN_BEN.11.5_1,Sakété,Plateau,2011,1361.2,1032.9,-13.7,26.2,30.83,23.41,82.24
BEN,BEN_BEN.11.5_1,Sakété,Plateau,2012,1609.2,1148.5,234.3,26.1,30.54,23.49,83.1
BEN,BEN_BEN.11.5_1,Sakété,Plateau,2013,1114.9,773.6,-260.0,26.35,30.79,23.67,82.08
BEN,BEN_BEN.11.5_1,Sakété,Plateau,2014,1640.2,1204.2,265.3,26.24,30.56,23.72,83.96
BEN,BEN_BEN.11.5_1,Sakété,Plateau,2015,1317.4,955.6,-57.5,26.31,30.91,23.49,80.74
BEN,BEN_BEN.11.5_1,Sakété,Plateau,2016,1614.3,1219.5,239.4,26.68,31.35,23.94,82.2
BEN,BEN_BEN.11.5_1,Sakété,Plateau,2017,1487.0,1089.8,112.1,26.22,31.12,23.51,84.14
BEN,BEN_BEN.11.5_1,Sakété,Plateau,2018,1551.7,1238.8,176.8,26.1,31.0,23.3,84.2
BEN,BEN_BEN.11.5_1,Sakété,Plateau,2019,1594.6,1222.2,219.7,26.3,31.06,23.62,85.19
BEN,BEN_BEN.11.5_1,Sakété,Plateau,2020,1247.8,1055.2,-127.1,26.26,31.44,23.27,82.35
BEN,BEN_BEN.11.5_1,Sakété,Plateau,2021,1215.9,1017.9,-159.0,26.45,31.66,23.54,83.1
BEN,BEN_BEN.11.5_1,Sakété,Plateau,2022,1179.1,966.5,-195.8,25.95,31.56,22.81,81.79
BEN,BEN_BEN.11.5_1,Sakété,Plateau,2023,1374.0,1105.9,-0.9,26.37,31.98,23.25,82.3
BEN,BEN_BEN.11.5_1,Sakété,Plateau,2024,1073.7,816.7,-301.2,26.59,32.16,23.45,81.53
BEN,BEN_BEN.11.5_1,Sakété,Plateau,2025,1021.7,785.4,-353.2,26.28,30.52,23.59,84.2
BEN,BEN_BEN.12.1_1,Abomey,Zou,2000,990.6,898.8,-22.71,26.13,31.31,22.8,76.03
BEN,BEN_BEN.12.1_1,Abomey,Zou,2001,842.9,694.7,-170.41,26.01,31.02,22.84,77.13
BEN,BEN_BEN.12.1_1,Abomey,Zou,2002,1124.1,885.7,110.79,25.94,30.88,22.67,77.62
BEN,BEN_BEN.12.1_1,Abomey,Zou,2003,999.6,780.7,-13.71,26.21,31.17,23.07,78.48
BEN,BEN_BEN.12.1_1,Abomey,Zou,2004,999.9,797.6,-13.41,26.09,31.05,22.93,78.35
BEN,BEN_BEN.12.1_1,Abomey,Zou,2005,883.6,680.1,-129.71,26.25,31.19,23.01,77.17
BEN,BEN_BEN.12.1_1,Abomey,Zou,2006,1200.1,994.4,186.79,26.18,31.01,23.08,78.46
BEN,BEN_BEN.12.1_1,Abomey,Zou,2007,967.5,813.4,-45.81,26.18,31.35,22.69,75.52
BEN,BEN_BEN.12.1_1,Abomey,Zou,2008,1065.5,886.9,52.19,26.14,31.28,22.7,75.51
BEN,BEN_BEN.12.1_1,Abomey,Zou,2009,919.4,760.7,-93.91,26.33,31.34,23.05,77.14
BEN,BEN_BEN.12.1_1,Abomey,Zou,2010,1126.1,948.5,112.79,26.56,31.49,23.42,77.77
BEN,BEN_BEN.12.1_1,Abomey,Zou,2011,948.6,752.5,-64.71,26.12,31.21,22.78,76.75
BEN,BEN_BEN.12.1_1,Abomey,Zou,2012,1210.9,929.7,197.59,25.89,30.82,22.76,78.59
BEN,BEN_BEN.12.1_1,Abomey,Zou,2013,820.1,612.0,-193.21,26.27,31.27,22.99,76.41
BEN,BEN_BEN.12.1_1,Abomey,Zou,2014,1157.5,930.8,144.19,26.09,30.89,23.05,79.03
BEN,BEN_BEN.12.1_1,Abomey,Zou,2015,799.9,628.9,-213.41,26.33,31.44,22.94,74.65
BEN,BEN_BEN.12.1_1,Abomey,Zou,2016,1208.3,956.7,194.99,26.6,31.66,23.33,76.67
BEN,BEN_BEN.12.1_1,Abomey,Zou,2017,888.1,659.4,-125.21,26.76,32.05,23.41,77.43
BEN,BEN_BEN.12.1_1,Abomey,Zou,2018,1097.4,905.6,84.09,26.6,31.85,23.2,77.72
BEN,BEN_BEN.12.1_1,Abomey,Zou,2019,1280.6,1031.6,267.29,26.75,31.78,23.56,79.5
BEN,BEN_BEN.12.1_1,Abomey,Zou,2020,791.6,642.4,-221.71,26.86,32.33,23.22,75.1
BEN,BEN_BEN.12.1_1,Abomey,Zou,2021,843.5,741.5,-169.81,27.18,32.8,23.62,75.7
BEN,BEN_BEN.12.1_1,Abomey,Zou,2022,1054.0,891.6,40.69,26.65,32.53,22.93,74.06
BEN,BEN_BEN.12.1_1,Abomey,Zou,2023,1303.1,1055.6,289.79,26.89,32.63,23.24,75.74
BEN,BEN_BEN.12.1_1,Abomey,Zou,2024,922.4,649.6,-90.91,27.26,33.27,23.46,73.7
BEN,BEN_BEN.12.1_1,Abomey,Zou,2025,900.8,667.2,-112.51,26.95,32.77,23.36,76.88
BEN,BEN_BEN.12.2_1,Agbangnizoun,Zou,2000,996.2,874.7,-48.97,26.37,31.39,23.17,77.26
BEN,BEN_BEN.12.2_1,Agbangnizoun,Zou,2001,978.7,792.1,-66.47,26.23,31.06,23.19,78.41
BEN,BEN_BEN.12.2_1,Agbangnizoun,Zou,2002,1153.2,893.2,108.03,26.19,31.01,23.03,78.75
BEN,BEN_BEN.12.2_1,Agbangnizoun,Zou,2003,1054.6,776.4,9.43,26.45,31.24,23.42,79.64
BEN,BEN_BEN.12.2_1,Agbangnizoun,Zou,2004,1113.4,904.1,68.23,26.34,31.14,23.29,79.48
BEN,BEN_BEN.12.2_1,Agbangnizoun,Zou,2005,896.7,674.0,-148.47,26.49,31.28,23.36,78.35
BEN,BEN_BEN.12.2_1,Agbangnizoun,Zou,2006,1238.5,1004.1,193.33,26.43,31.11,23.45,79.57
BEN,BEN_BEN.12.2_1,Agbangnizoun,Zou,2007,1055.2,880.9,10.03,26.44,31.48,23.06,76.73
BEN,BEN_BEN.12.2_1,Agbangnizoun,Zou,2008,1106.0,896.7,60.83,26.4,31.4,23.07,76.79
BEN,BEN_BEN.12.2_1,Agbangnizoun,Zou,2009,947.4,781.3,-97.77,26.57,31.44,23.41,78.22
BEN,BEN_BEN.12.2_1,Agbangnizoun,Zou,2010,1108.7,914.2,63.53,26.81,31.59,23.77,78.87
BEN,BEN_BEN.12.2_1,Agbangnizoun,Zou,2011,992.4,768.6,-52.77,26.37,31.29,23.15,78.0
BEN,BEN_BEN.12.2_1,Agbangnizoun,Zou,2012,1235.6,936.8,190.43,26.15,30.92,23.13,79.65
BEN,BEN_BEN.12.2_1,Agbangnizoun,Zou,2013,875.6,657.6,-169.57,26.52,31.35,23.36,77.64
BEN,BEN_BEN.12.2_1,Agbangnizoun,Zou,2014,1259.2,1000.2,214.03,26.32,30.94,23.4,80.25
BEN,BEN_BEN.12.2_1,Agbangnizoun,Zou,2015,893.5,674.7,-151.67,26.56,31.5,23.29,76.01
BEN,BEN_BEN.12.2_1,Agbangnizoun,Zou,2016,1210.4,932.1,165.23,26.85,31.75,23.7,77.84
BEN,BEN_BEN.12.2_1,Agbangnizoun,Zou,2017,960.5,688.7,-84.67,27.08,32.39,23.77,77.83
BEN,BEN_BEN.12.2_1,Agbangnizoun,Zou,2018,1060.5,878.4,15.33,26.97,32.28,23.54,77.79
BEN,BEN_BEN.12.2_1,Agbangnizoun,Zou,2019,1233.9,995.9,188.73,27.11,32.21,23.89,79.65
BEN,BEN_BEN.12.2_1,Agbangnizoun,Zou,2020,785.3,660.4,-259.87,27.22,32.81,23.57,75.39
BEN,BEN_BEN.12.2_1,Agbangnizoun,Zou,2021,948.2,825.5,-96.97,27.55,33.31,23.97,75.78
BEN,BEN_BEN.12.2_1,Agbangnizoun,Zou,2022,976.0,811.5,-69.17,27.02,33.08,23.22,74.42
BEN,BEN_BEN.12.2_1,Agbangnizoun,Zou,2023,1172.6,951.5,127.43,27.28,33.14,23.58,75.97
BEN,BEN_BEN.12.2_1,Agbangnizoun,Zou,2024,973.3,720.9,-71.87,27.62,33.74,23.83,74.19
BEN,BEN_BEN.12.2_1,Agbangnizoun,Zou,2025,948.8,724.3,-96.37,27.18,32.62,23.79,77.93
BEN,BEN_BEN.12.3_1,Bohicon,Zou,2000,990.6,898.8,-11.55,26.92,32.0,23.62,75.79
BEN,BEN_BEN.12.3_1,Bohicon,Zou,2001,842.9,694.7,-159.25,26.8,31.71,23.67,76.92
BEN,BEN_BEN.12.3_1,Bohicon,Zou,2002,1124.1,885.7,121.95,26.73,31.59,23.49,77.37
BEN,BEN_BEN.12.3_1,Bohicon,Zou,2003,999.6,780.7,-2.55,27.04,31.9,23.91,78.07
BEN,BEN_BEN.12.3_1,Bohicon,Zou,2004,999.9,797.6,-2.25,26.93,31.81,23.78,77.87
BEN,BEN_BEN.12.3_1,Bohicon,Zou,2005,883.6,680.1,-118.55,27.08,31.95,23.85,76.71
BEN,BEN_BEN.12.3_1,Bohicon,Zou,2006,1200.1,994.4,197.95,27.02,31.78,23.93,78.0
BEN,BEN_BEN.12.3_1,Bohicon,Zou,2007,967.5,813.4,-34.65,26.99,32.08,23.52,75.18
BEN,BEN_BEN.12.3_1,Bohicon,Zou,2008,1065.5,886.9,63.35,26.93,31.98,23.51,75.31
BEN,BEN_BEN.12.3_1,Bohicon,Zou,2009,919.4,760.7,-82.75,27.15,32.08,23.89,76.72
BEN,BEN_BEN.12.3_1,Bohicon,Zou,2010,1126.1,948.5,123.95,27.41,32.27,24.27,77.19
BEN,BEN_BEN.12.3_1,Bohicon,Zou,2011,948.6,752.5,-53.55,26.97,31.99,23.62,76.16
BEN,BEN_BEN.12.3_1,Bohicon,Zou,2012,1210.9,929.7,208.75,26.72,31.56,23.6,78.12
BEN,BEN_BEN.12.3_1,Bohicon,Zou,2013,820.1,612.0,-182.05,27.13,32.07,23.85,75.82
BEN,BEN_BEN.12.3_1,Bohicon,Zou,2014,1157.5,930.8,155.35,26.94,31.67,23.9,78.5
BEN,BEN_BEN.12.3_1,Bohicon,Zou,2015,799.9,628.9,-202.25,27.16,32.19,23.78,74.1
BEN,BEN_BEN.12.3_1,Bohicon,Zou,2016,1208.3,956.7,206.15,27.43,32.4,24.18,76.25
BEN,BEN_BEN.12.3_1,Bohicon,Zou,2017,882.1,677.0,-120.05,27.1,32.37,23.76,76.31
BEN,BEN_BEN.12.3_1,Bohicon,Zou,2018,1088.3,919.5,86.15,26.95,32.19,23.54,76.56
BEN,BEN_BEN.12.3_1,Bohicon,Zou,2019,1261.0,1031.5,258.85,27.04,32.07,23.84,78.66
BEN,BEN_BEN.12.3_1,Bohicon,Zou,2020,790.4,675.6,-211.75,27.17,32.61,23.55,74.11
BEN,BEN_BEN.12.3_1,Bohicon,Zou,2021,764.6,658.0,-237.55,27.48,33.1,23.96,74.86
BEN,BEN_BEN.12.3_1,Bohicon,Zou,2022,977.6,830.2,-24.55,26.95,32.8,23.22,73.27
BEN,BEN_BEN.12.3_1,Bohicon,Zou,2023,1200.3,995.0,198.15,27.22,32.96,23.54,74.65
BEN,BEN_BEN.12.3_1,Bohicon,Zou,2024,896.3,670.8,-105.85,27.59,33.57,23.72,72.61
BEN,BEN_BEN.12.3_1,Bohicon,Zou,2025,930.7,713.3,-71.45,27.47,33.48,23.74,75.07
BEN,BEN_BEN.12.4_1,Covè,Zou,2000,908.2,822.6,-54.61,27.0,32.07,23.69,75.85
BEN,BEN_BEN.12.4_1,Covè,Zou,2001,821.2,659.5,-141.61,26.93,31.84,23.8,76.66
BEN,BEN_BEN.12.4_1,Covè,Zou,2002,1065.4,830.6,102.59,26.85,31.74,23.58,77.18
BEN,BEN_BEN.12.4_1,Covè,Zou,2003,941.6,705.4,-21.21,27.18,32.03,24.06,77.82
BEN,BEN_BEN.12.4_1,Covè,Zou,2004,942.0,762.3,-20.81,27.08,31.96,23.94,77.5
BEN,BEN_BEN.12.4_1,Covè,Zou,2005,819.6,629.8,-143.21,27.22,32.09,24.0,76.45
BEN,BEN_BEN.12.4_1,Covè,Zou,2006,1029.4,872.4,66.59,27.17,31.97,24.07,77.67
BEN,BEN_BEN.12.4_1,Covè,Zou,2007,945.3,799.8,-17.51,27.11,32.23,23.61,75.01
BEN,BEN_BEN.12.4_1,Covè,Zou,2008,975.0,821.8,12.19,27.03,32.12,23.57,75.23
BEN,BEN_BEN.12.4_1,Covè,Zou,2009,795.0,655.7,-167.81,27.27,32.2,24.02,76.68
BEN,BEN_BEN.12.4_1,Covè,Zou,2010,930.0,809.4,-32.81,27.58,32.46,24.41,76.77
BEN,BEN_BEN.12.4_1,Covè,Zou,2011,836.6,671.3,-126.21,27.09,32.12,23.73,75.94
BEN,BEN_BEN.12.4_1,Covè,Zou,2012,1103.3,857.6,140.49,26.87,31.72,23.74,77.78
BEN,BEN_BEN.12.4_1,Covè,Zou,2013,770.6,567.8,-192.21,27.29,32.23,24.01,75.58
BEN,BEN_BEN.12.4_1,Covè,Zou,2014,1005.4,801.9,42.59,27.11,31.88,24.06,78.16
BEN,BEN_BEN.12.4_1,Covè,Zou,2015,749.7,588.0,-213.11,27.27,32.32,23.87,74.02
BEN,BEN_BEN.12.4_1,Covè,Zou,2016,1077.1,844.0,114.29,27.55,32.54,24.29,76.1
BEN,BEN_BEN.12.4_1,Covè,Zou,2017,998.8,763.4,35.99,27.31,32.8,23.69,75.98
BEN,BEN_BEN.12.4_1,Covè,Zou,2018,1265.4,1069.3,302.59,27.05,32.52,23.38,76.88
BEN,BEN_BEN.12.4_1,Covè,Zou,2019,1354.8,1128.2,391.99,27.22,32.48,23.74,78.54
BEN,BEN_BEN.12.4_1,Covè,Zou,2020,777.5,678.2,-185.31,27.45,33.22,23.42,73.04
BEN,BEN_BEN.12.4_1,Covè,Zou,2021,835.2,721.3,-127.61,27.73,33.55,23.83,74.17
BEN,BEN_BEN.12.4_1,Covè,Zou,2022,1008.4,898.5,45.59,27.14,33.22,23.02,72.77
BEN,BEN_BEN.12.4_1,Covè,Zou,2023,1204.4,998.7,241.59,27.36,33.39,23.36,74.65
BEN,BEN_BEN.12.4_1,Covè,Zou,2024,1030.2,809.5,67.39,27.8,34.01,23.62,72.12
BEN,BEN_BEN.12.4_1,Covè,Zou,2025,843.0,684.7,-119.81,27.52,32.94,23.87,75.87
BEN,BEN_BEN.12.5_1,Djidja,Zou,2000,1078.1,1005.0,-21.58,26.87,32.36,23.33,75.48
BEN,BEN_BEN.12.5_1,Djidja,Zou,2001,891.2,735.9,-208.48,26.83,32.19,23.44,76.07
BEN,BEN_BEN.12.5_1,Djidja,Zou,2002,1318.5,1060.4,218.82,26.73,32.01,23.28,76.91
BEN,BEN_BEN.12.5_1,Djidja,Zou,2003,1090.5,883.2,-9.18,27.05,32.37,23.73,77.59
BEN,BEN_BEN.12.5_1,Djidja,Zou,2004,1068.1,848.6,-31.58,26.92,32.23,23.58,77.48
BEN,BEN_BEN.12.5_1,Djidja,Zou,2005,986.7,782.3,-112.98,27.04,32.29,23.66,76.47
BEN,BEN_BEN.12.5_1,Djidja,Zou,2006,1212.2,1050.7,112.52,27.0,32.19,23.72,77.54
BEN,BEN_BEN.12.5_1,Djidja,Zou,2007,1126.3,964.3,26.62,26.94,32.44,23.26,74.99
BEN,BEN_BEN.12.5_1,Djidja,Zou,2008,1085.4,952.3,-14.28,26.92,32.49,23.25,74.57
BEN,BEN_BEN.12.5_1,Djidja,Zou,2009,1003.9,846.2,-95.78,27.14,32.48,23.7,76.54
BEN,BEN_BEN.12.5_1,Djidja,Zou,2010,1258.2,1081.6,158.52,27.34,32.57,24.04,77.11
BEN,BEN_BEN.12.5_1,Djidja,Zou,2011,1051.4,874.9,-48.28,26.89,32.29,23.38,76.04
BEN,BEN_BEN.12.5_1,Djidja,Zou,2012,1361.0,1071.1,261.32,26.64,31.9,23.35,78.09
BEN,BEN_BEN.12.5_1,Djidja,Zou,2013,896.5,670.5,-203.18,27.06,32.39,23.59,75.79
BEN,BEN_BEN.12.5_1,Djidja,Zou,2014,1221.2,1015.4,121.52,26.95,32.12,23.71,78.0
BEN,BEN_BEN.12.5_1,Djidja,Zou,2015,889.5,722.9,-210.18,27.09,32.53,23.51,74.04
BEN,BEN_BEN.12.5_1,Djidja,Zou,2016,1346.3,1091.1,246.62,27.34,32.73,23.88,76.25
BEN,BEN_BEN.12.5_1,Djidja,Zou,2017,1065.2,837.8,-34.48,26.86,32.91,23.03,76.74
BEN,BEN_BEN.12.5_1,Djidja,Zou,2018,1212.9,1019.8,113.22,26.6,32.56,22.82,77.63
BEN,BEN_BEN.12.5_1,Djidja,Zou,2019,1406.2,1175.1,306.52,26.84,32.62,23.27,79.01
BEN,BEN_BEN.12.5_1,Djidja,Zou,2020,764.4,646.3,-335.28,26.99,33.17,22.85,73.96
BEN,BEN_BEN.12.5_1,Djidja,Zou,2021,952.1,836.8,-147.58,27.28,33.53,23.26,75.04
BEN,BEN_BEN.12.5_1,Djidja,Zou,2022,1198.8,1032.0,99.12,26.68,33.23,22.44,73.44
BEN,BEN_BEN.12.5_1,Djidja,Zou,2023,1300.6,1030.3,200.92,26.95,33.43,22.79,75.11
BEN,BEN_BEN.12.5_1,Djidja,Zou,2024,1013.7,807.7,-85.98,27.37,33.96,23.11,72.64
BEN,BEN_BEN.12.5_1,Djidja,Zou,2025,792.7,619.7,-306.98,27.21,32.61,23.52,75.75
BEN,BEN_BEN.12.6_1,Ouinhi,Zou,2000,1026.0,866.2,12.71,26.92,31.76,23.83,77.22
BEN,BEN_BEN.12.6_1,Ouinhi,Zou,2001,986.6,749.6,-26.69,26.81,31.49,23.89,78.19
BEN,BEN_BEN.12.6_1,Ouinhi,Zou,2002,1152.3,863.7,139.01,26.8,31.53,23.69,78.29
BEN,BEN_BEN.12.6_1,Ouinhi,Zou,2003,1011.9,703.7,-1.39,27.1,31.74,24.14,78.94
BEN,BEN_BEN.12.6_1,Ouinhi,Zou,2004,1035.3,792.6,22.01,26.98,31.64,24.02,78.8
BEN,BEN_BEN.12.6_1,Ouinhi,Zou,2005,918.6,686.2,-94.69,27.15,31.81,24.11,77.66
BEN,BEN_BEN.12.6_1,Ouinhi,Zou,2006,1139.0,917.2,125.71,27.11,31.68,24.19,78.86
BEN,BEN_BEN.12.6_1,Ouinhi,Zou,2007,1008.9,813.3,-4.39,27.06,31.98,23.76,76.25
BEN,BEN_BEN.12.6_1,Ouinhi,Zou,2008,1156.8,933.1,143.51,26.99,31.87,23.72,76.62
BEN,BEN_BEN.12.6_1,Ouinhi,Zou,2009,926.8,756.8,-86.49,27.16,31.87,24.1,78.1
BEN,BEN_BEN.12.6_1,Ouinhi,Zou,2010,978.6,780.6,-34.69,27.48,32.15,24.51,78.05
BEN,BEN_BEN.12.6_1,Ouinhi,Zou,2011,1001.6,774.5,-11.69,27.01,31.82,23.84,77.36
BEN,BEN_BEN.12.6_1,Ouinhi,Zou,2012,1172.2,865.2,158.91,26.83,31.44,23.88,78.84
BEN,BEN_BEN.12.6_1,Ouinhi,Zou,2013,833.5,597.6,-179.79,27.23,31.97,24.16,76.76
BEN,BEN_BEN.12.6_1,Ouinhi,Zou,2014,1147.4,893.9,134.11,26.99,31.52,24.13,79.58
BEN,BEN_BEN.12.6_1,Ouinhi,Zou,2015,981.9,751.0,-31.39,27.17,31.97,23.97,75.49
BEN,BEN_BEN.12.6_1,Ouinhi,Zou,2016,1243.8,958.6,230.51,27.49,32.28,24.44,77.31
BEN,BEN_BEN.12.6_1,Ouinhi,Zou,2017,979.7,726.1,-33.59,27.4,32.68,24.19,78.37
BEN,BEN_BEN.12.6_1,Ouinhi,Zou,2018,1109.8,906.7,96.51,27.25,32.54,23.92,78.53
BEN,BEN_BEN.12.6_1,Ouinhi,Zou,2019,1175.3,937.4,162.01,27.39,32.47,24.22,80.04
BEN,BEN_BEN.12.6_1,Ouinhi,Zou,2020,734.8,623.5,-278.49,27.5,33.07,23.92,76.08
BEN,BEN_BEN.12.6_1,Ouinhi,Zou,2021,770.2,651.7,-243.09,27.88,33.7,24.32,76.16
BEN,BEN_BEN.12.6_1,Ouinhi,Zou,2022,856.1,739.7,-157.19,27.38,33.49,23.57,74.7
BEN,BEN_BEN.12.6_1,Ouinhi,Zou,2023,1203.9,1018.4,190.61,27.63,33.61,23.95,76.4
BEN,BEN_BEN.12.6_1,Ouinhi,Zou,2024,917.0,685.4,-96.29,28.07,34.3,24.2,74.24
BEN,BEN_BEN.12.6_1,Ouinhi,Zou,2025,877.5,652.2,-135.79,27.67,33.07,24.22,77.54
BEN,BEN_BEN.12.7_1,Za-Kpota,Zou,2000,908.2,822.6,-18.01,26.75,31.7,23.51,75.69
BEN,BEN_BEN.12.7_1,Za-Kpota,Zou,2001,821.2,659.5,-105.01,26.63,31.41,23.56,76.78
BEN,BEN_BEN.12.7_1,Za-Kpota,Zou,2002,1065.4,830.6,139.19,26.56,31.31,23.36,77.24
BEN,BEN_BEN.12.7_1,Za-Kpota,Zou,2003,941.6,705.4,15.39,26.87,31.6,23.8,77.9
BEN,BEN_BEN.12.7_1,Za-Kpota,Zou,2004,942.0,762.3,15.79,26.77,31.54,23.68,77.64
BEN,BEN_BEN.12.7_1,Za-Kpota,Zou,2005,819.6,629.8,-106.61,26.93,31.69,23.75,76.46
BEN,BEN_BEN.12.7_1,Za-Kpota,Zou,2006,1029.4,872.4,103.19,26.88,31.56,23.83,77.69
BEN,BEN_BEN.12.7_1,Za-Kpota,Zou,2007,945.3,799.8,19.09,26.85,31.84,23.42,74.9
BEN,BEN_BEN.12.7_1,Za-Kpota,Zou,2008,975.0,821.8,48.79,26.77,31.71,23.39,75.2
BEN,BEN_BEN.12.7_1,Za-Kpota,Zou,2009,795.0,655.7,-131.21,27.0,31.8,23.79,76.54
BEN,BEN_BEN.12.7_1,Za-Kpota,Zou,2010,930.0,809.4,3.79,27.29,32.05,24.17,76.75
BEN,BEN_BEN.12.7_1,Za-Kpota,Zou,2011,836.6,671.3,-89.61,26.85,31.78,23.53,75.74
BEN,BEN_BEN.12.7_1,Za-Kpota,Zou,2012,1103.3,857.6,177.09,26.59,31.32,23.51,77.76
BEN,BEN_BEN.12.7_1,Za-Kpota,Zou,2013,770.6,567.8,-155.61,27.01,31.86,23.77,75.47
BEN,BEN_BEN.12.7_1,Za-Kpota,Zou,2014,1005.4,801.9,79.19,26.81,31.45,23.8,78.17
BEN,BEN_BEN.12.7_1,Za-Kpota,Zou,2015,749.7,588.0,-176.51,27.02,31.93,23.67,73.83
BEN,BEN_BEN.12.7_1,Za-Kpota,Zou,2016,1077.1,844.0,150.89,27.29,32.16,24.08,75.92
BEN,BEN_BEN.12.7_1,Za-Kpota,Zou,2017,867.0,641.3,-59.21,27.46,32.78,24.06,75.66
BEN,BEN_BEN.12.7_1,Za-Kpota,Zou,2018,1053.9,877.3,127.69,27.31,32.65,23.81,75.85
BEN,BEN_BEN.12.7_1,Za-Kpota,Zou,2019,1209.5,998.1,283.29,27.4,32.52,24.12,77.93
BEN,BEN_BEN.12.7_1,Za-Kpota,Zou,2020,714.8,611.0,-211.41,27.56,33.12,23.82,73.23
BEN,BEN_BEN.12.7_1,Za-Kpota,Zou,2021,742.7,633.4,-183.51,27.89,33.62,24.24,73.94
BEN,BEN_BEN.12.7_1,Za-Kpota,Zou,2022,894.9,772.1,-31.31,27.32,33.26,23.48,72.63
BEN,BEN_BEN.12.7_1,Za-Kpota,Zou,2023,1155.3,941.8,229.09,27.59,33.44,23.84,74.04
BEN,BEN_BEN.12.7_1,Za-Kpota,Zou,2024,828.9,620.4,-97.31,27.96,33.97,24.07,72.14
BEN,BEN_BEN.12.7_1,Za-Kpota,Zou,2025,899.1,692.4,-27.11,27.92,33.82,24.16,73.83
BEN,BEN_BEN.12.8_1,Zagnanado,Zou,2000,907.2,803.5,-25.38,26.7,31.78,23.42,76.01
BEN,BEN_BEN.12.8_1,Zagnanado,Zou,2001,804.7,623.4,-127.88,26.63,31.55,23.52,76.88
BEN,BEN_BEN.12.8_1,Zagnanado,Zou,2002,1021.0,791.5,88.42,26.56,31.48,23.31,77.29
BEN,BEN_BEN.12.8_1,Zagnanado,Zou,2003,897.9,684.4,-34.68,26.88,31.75,23.79,77.96
BEN,BEN_BEN.12.8_1,Zagnanado,Zou,2004,878.3,702.0,-54.28,26.78,31.67,23.67,77.67
BEN,BEN_BEN.12.8_1,Zagnanado,Zou,2005,824.2,653.0,-108.38,26.92,31.79,23.73,76.64
BEN,BEN_BEN.12.8_1,Zagnanado,Zou,2006,1015.9,866.0,83.32,26.88,31.69,23.8,77.82
BEN,BEN_BEN.12.8_1,Zagnanado,Zou,2007,932.1,784.1,-0.48,26.81,31.94,23.34,75.17
BEN,BEN_BEN.12.8_1,Zagnanado,Zou,2008,986.3,836.3,53.72,26.73,31.83,23.31,75.44
BEN,BEN_BEN.12.8_1,Zagnanado,Zou,2009,856.6,709.4,-75.98,26.96,31.89,23.73,76.98
BEN,BEN_BEN.12.8_1,Zagnanado,Zou,2010,890.0,746.6,-42.58,27.27,32.15,24.14,77.04
BEN,BEN_BEN.12.8_1,Zagnanado,Zou,2011,856.4,673.2,-76.18,26.78,31.82,23.45,76.17
BEN,BEN_BEN.12.8_1,Zagnanado,Zou,2012,1031.2,801.2,98.62,26.57,31.42,23.47,78.0
BEN,BEN_BEN.12.8_1,Zagnanado,Zou,2013,691.0,503.8,-241.58,27.0,31.96,23.74,75.67
BEN,BEN_BEN.12.8_1,Zagnanado,Zou,2014,1012.6,821.8,80.02,26.8,31.58,23.78,78.43
BEN,BEN_BEN.12.8_1,Zagnanado,Zou,2015,808.7,647.5,-123.88,26.97,32.02,23.59,74.16
BEN,BEN_BEN.12.8_1,Zagnanado,Zou,2016,1111.7,870.2,179.12,27.24,32.23,24.01,76.35
BEN,BEN_BEN.12.8_1,Zagnanado,Zou,2017,998.6,758.3,66.02,27.54,32.9,24.07,75.76
BEN,BEN_BEN.12.8_1,Zagnanado,Zou,2018,1095.7,923.1,163.12,27.35,32.74,23.78,76.12
BEN,BEN_BEN.12.8_1,Zagnanado,Zou,2019,1316.7,1088.0,384.12,27.48,32.64,24.12,77.96
BEN,BEN_BEN.12.8_1,Zagnanado,Zou,2020,684.6,584.5,-247.98,27.71,33.39,23.78,72.73
BEN,BEN_BEN.12.8_1,Zagnanado,Zou,2021,775.3,669.0,-157.28,28.05,33.91,24.22,73.42
BEN,BEN_BEN.12.8_1,Zagnanado,Zou,2022,957.5,848.5,24.92,27.44,33.49,23.42,72.25
BEN,BEN_BEN.12.8_1,Zagnanado,Zou,2023,1122.3,931.9,189.72,27.7,33.69,23.77,73.85
BEN,BEN_BEN.12.8_1,Zagnanado,Zou,2024,908.8,715.5,-23.78,28.04,34.28,23.95,71.96
BEN,BEN_BEN.12.8_1,Zagnanado,Zou,2025,861.9,659.1,-70.68,27.49,32.97,23.94,76.98
BEN,BEN_BEN.12.9_1,Zogbodomey,Zou,2000,969.9,829.3,-26.07,26.84,31.62,23.81,78.42
BEN,BEN_BEN.12.9_1,Zogbodomey,Zou,2001,935.2,737.6,-60.77,26.71,31.29,23.83,79.48
BEN,BEN_BEN.12.9_1,Zogbodomey,Zou,2002,1131.5,842.2,135.53,26.71,31.34,23.67,79.65
BEN,BEN_BEN.12.9_1,Zogbodomey,Zou,2003,1017.3,705.2,21.33,26.97,31.53,24.06,80.36
BEN,BEN_BEN.12.9_1,Zogbodomey,Zou,2004,1105.2,858.6,109.23,26.85,31.44,23.95,80.32
BEN,BEN_BEN.12.9_1,Zogbodomey,Zou,2005,887.8,642.6,-108.17,27.01,31.6,24.03,79.16
BEN,BEN_BEN.12.9_1,Zogbodomey,Zou,2006,1127.3,911.3,131.33,26.99,31.47,24.13,80.23
BEN,BEN_BEN.12.9_1,Zogbodomey,Zou,2007,1006.5,810.6,10.53,26.97,31.83,23.73,77.58
BEN,BEN_BEN.12.9_1,Zogbodomey,Zou,2008,1065.3,861.9,69.33,26.92,31.73,23.71,77.86
BEN,BEN_BEN.12.9_1,Zogbodomey,Zou,2009,884.5,705.2,-111.47,27.09,31.74,24.08,79.08
BEN,BEN_BEN.12.9_1,Zogbodomey,Zou,2010,963.8,788.5,-32.17,27.37,31.95,24.44,79.44
BEN,BEN_BEN.12.9_1,Zogbodomey,Zou,2011,956.2,729.8,-39.77,26.91,31.65,23.81,78.81
BEN,BEN_BEN.12.9_1,Zogbodomey,Zou,2012,1126.3,837.6,130.33,26.71,31.27,23.81,80.24
BEN,BEN_BEN.12.9_1,Zogbodomey,Zou,2013,839.7,592.5,-156.27,27.07,31.69,24.05,78.5
BEN,BEN_BEN.12.9_1,Zogbodomey,Zou,2014,1136.4,852.7,140.43,26.86,31.29,24.04,81.03
BEN,BEN_BEN.12.9_1,Zogbodomey,Zou,2015,921.4,685.8,-74.57,27.04,31.74,23.93,77.16
BEN,BEN_BEN.12.9_1,Zogbodomey,Zou,2016,1146.1,859.6,150.13,27.37,32.09,24.37,78.69
BEN,BEN_BEN.12.9_1,Zogbodomey,Zou,2017,1016.6,717.2,20.63,27.35,32.66,24.14,78.28
BEN,BEN_BEN.12.9_1,Zogbodomey,Zou,2018,1015.0,820.6,19.03,27.25,32.59,23.9,78.1
BEN,BEN_BEN.12.9_1,Zogbodomey,Zou,2019,1239.0,1027.6,243.03,27.44,32.58,24.27,79.48
BEN,BEN_BEN.12.9_1,Zogbodomey,Zou,2020,764.7,641.2,-231.27,27.52,33.11,23.95,75.59
BEN,BEN_BEN.12.9_1,Zogbodomey,Zou,2021,799.5,657.6,-196.47,27.85,33.68,24.31,76.0
BEN,BEN_BEN.12.9_1,Zogbodomey,Zou,2022,900.2,754.1,-95.77,27.31,33.48,23.54,74.82
BEN,BEN_BEN.12.9_1,Zogbodomey,Zou,2023,1131.9,880.6,135.93,27.62,33.6,23.96,76.04
BEN,BEN_BEN.12.9_1,Zogbodomey,Zou,2024,945.6,646.7,-50.37,28.0,34.11,24.28,74.27
BEN,BEN_BEN.12.9_1,Zogbodomey,Zou,2025,862.3,653.2,-133.67,27.63,32.95,24.29,77.51
GHA,GHA_GHA1.1_2,AsunafoNorth,Ahafo,2000,694.2,499.6,-421.48,25.94,30.68,22.53,74.38
GHA,GHA_GHA1.1_2,AsunafoNorth,Ahafo,2001,684.7,424.4,-430.98,25.91,30.56,22.68,75.29
GHA,GHA_GHA1.1_2,AsunafoNorth,Ahafo,2002,1053.5,733.8,-62.18,25.88,30.48,22.68,76.77
GHA,GHA_GHA1.1_2,AsunafoNorth,Ahafo,2003,947.8,613.9,-167.88,26.03,30.69,22.83,77.25
GHA,GHA_GHA1.1_2,AsunafoNorth,Ahafo,2004,865.9,597.8,-249.78,25.96,30.61,22.77,76.79
GHA,GHA_GHA1.1_2,AsunafoNorth,Ahafo,2005,866.7,565.9,-248.98,26.05,30.63,22.83,76.25
GHA,GHA_GHA1.1_2,AsunafoNorth,Ahafo,2006,836.3,582.8,-279.38,26.22,31.01,22.98,75.6
GHA,GHA_GHA1.1_2,AsunafoNorth,Ahafo,2007,976.7,704.8,-138.98,26.22,30.99,22.75,74.09
GHA,GHA_GHA1.1_2,AsunafoNorth,Ahafo,2008,1085.6,806.0,-30.08,25.98,30.62,22.6,74.58
GHA,GHA_GHA1.1_2,AsunafoNorth,Ahafo,2009,909.9,555.7,-205.78,26.06,30.59,22.93,76.77
GHA,GHA_GHA1.1_2,AsunafoNorth,Ahafo,2010,965.8,641.6,-149.88,26.25,30.76,23.16,77.74
GHA,GHA_GHA1.1_2,AsunafoNorth,Ahafo,2011,963.2,736.6,-152.48,25.96,30.6,22.69,76.2
GHA,GHA_GHA1.1_2,AsunafoNorth,Ahafo,2012,880.0,573.3,-235.68,25.85,30.41,22.65,75.99
GHA,GHA_GHA1.1_2,AsunafoNorth,Ahafo,2013,808.3,514.5,-307.38,26.18,30.82,22.86,74.49
GHA,GHA_GHA1.1_2,AsunafoNorth,Ahafo,2014,1162.7,843.0,47.02,25.82,30.24,22.81,78.26
GHA,GHA_GHA1.1_2,AsunafoNorth,Ahafo,2015,817.4,534.5,-298.28,26.22,30.91,22.82,73.76
GHA,GHA_GHA1.1_2,AsunafoNorth,Ahafo,2016,986.0,669.4,-129.68,26.56,31.17,23.24,74.57
GHA,GHA_GHA1.1_2,AsunafoNorth,Ahafo,2017,1231.6,797.8,115.92,26.02,30.97,22.7,78.26
GHA,GHA_GHA1.1_2,AsunafoNorth,Ahafo,2018,1464.2,1081.4,348.52,25.86,30.74,22.55,78.79
GHA,GHA_GHA1.1_2,AsunafoNorth,Ahafo,2019,1736.0,1267.6,620.32,26.04,30.8,22.82,80.56
GHA,GHA_GHA1.1_2,AsunafoNorth,Ahafo,2020,1295.6,900.6,179.92,26.19,31.23,22.66,76.99
GHA,GHA_GHA1.1_2,AsunafoNorth,Ahafo,2021,1733.2,1283.7,617.52,26.19,31.36,22.71,78.86
GHA,GHA_GHA1.1_2,AsunafoNorth,Ahafo,2022,1804.0,1204.2,688.32,25.76,31.2,22.03,75.82
GHA,GHA_GHA1.1_2,AsunafoNorth,Ahafo,2023,1898.9,1326.8,783.22,25.97,31.37,22.43,77.89
GHA,GHA_GHA1.1_2,AsunafoNorth,Ahafo,2024,1309.6,872.9,193.92,26.64,32.18,22.8,74.46
GHA,GHA_GHA1.1_2,AsunafoNorth,Ahafo,2025,1030.0,664.5,-85.68,26.22,32.24,22.4,76.89
GHA,GHA_GHA1.2_2,AsunafoSouth,Ahafo,2000,801.4,587.1,-358.83,25.84,30.53,22.6,76.39
GHA,GHA_GHA1.2_2,AsunafoSouth,Ahafo,2001,703.7,462.2,-456.53,25.81,30.4,22.72,77.08
GHA,GHA_GHA1.2_2,AsunafoSouth,Ahafo,2002,1054.6,751.3,-105.63,25.83,30.41,22.72,78.18
GHA,GHA_GHA1.2_2,AsunafoSouth,Ahafo,2003,1084.4,707.3,-75.83,25.92,30.53,22.85,78.97
GHA,GHA_GHA1.2_2,AsunafoSouth,Ahafo,2004,823.3,563.7,-336.93,25.91,30.52,22.8,78.06
GHA,GHA_GHA1.2_2,AsunafoSouth,Ahafo,2005,890.9,564.1,-269.33,25.94,30.43,22.83,78.05
GHA,GHA_GHA1.2_2,AsunafoSouth,Ahafo,2006,861.5,612.3,-298.73,26.11,30.88,23.01,77.22
GHA,GHA_GHA1.2_2,AsunafoSouth,Ahafo,2007,1024.3,776.4,-135.93,26.1,30.79,22.79,76.08
GHA,GHA_GHA1.2_2,AsunafoSouth,Ahafo,2008,1120.3,819.7,-39.93,25.93,30.56,22.62,76.2
GHA,GHA_GHA1.2_2,AsunafoSouth,Ahafo,2009,963.3,597.4,-196.93,25.88,30.31,22.91,78.82
GHA,GHA_GHA1.2_2,AsunafoSouth,Ahafo,2010,1066.4,710.5,-93.83,26.08,30.52,23.12,79.7
GHA,GHA_GHA1.2_2,AsunafoSouth,Ahafo,2011,1115.4,889.2,-44.83,25.83,30.38,22.71,78.22
GHA,GHA_GHA1.2_2,AsunafoSouth,Ahafo,2012,924.4,621.8,-235.83,25.68,30.12,22.66,78.38
GHA,GHA_GHA1.2_2,AsunafoSouth,Ahafo,2013,909.9,583.4,-250.33,25.96,30.48,22.84,77.18
GHA,GHA_GHA1.2_2,AsunafoSouth,Ahafo,2014,1311.6,965.9,151.37,25.65,29.96,22.79,80.24
GHA,GHA_GHA1.2_2,AsunafoSouth,Ahafo,2015,840.9,564.1,-319.33,26.11,30.73,22.88,76.09
GHA,GHA_GHA1.2_2,AsunafoSouth,Ahafo,2016,1076.5,737.6,-83.73,26.42,30.96,23.27,76.79
GHA,GHA_GHA1.2_2,AsunafoSouth,Ahafo,2017,1212.3,760.1,52.07,25.93,30.73,22.84,79.92
GHA,GHA_GHA1.2_2,AsunafoSouth,Ahafo,2018,1399.3,986.8,239.07,25.88,30.7,22.75,80.24
GHA,GHA_GHA1.2_2,AsunafoSouth,Ahafo,2019,1717.4,1293.5,557.17,26.06,30.73,23.03,81.85
GHA,GHA_GHA1.2_2,AsunafoSouth,Ahafo,2020,1241.6,886.8,81.37,26.26,31.31,22.87,78.12
GHA,GHA_GHA1.2_2,AsunafoSouth,Ahafo,2021,1691.2,1249.7,530.97,26.22,31.41,22.91,79.92
GHA,GHA_GHA1.2_2,AsunafoSouth,Ahafo,2022,1895.1,1304.5,734.87,25.78,31.22,22.23,77.76
GHA,GHA_GHA1.2_2,AsunafoSouth,Ahafo,2023,1979.5,1339.6,819.27,25.94,31.25,22.62,79.75
GHA,GHA_GHA1.2_2,AsunafoSouth,Ahafo,2024,1326.1,894.8,165.87,26.62,32.0,22.98,76.59
GHA,GHA_GHA1.2_2,AsunafoSouth,Ahafo,2025,1130.6,724.6,-29.63,26.2,31.62,22.71,78.93
GHA,GHA_GHA1.3_2,AsutifiNorth,Ahafo,2000,659.2,477.2,-435.94,26.04,30.86,22.46,72.88
GHA,GHA_GHA1.3_2,AsutifiNorth,Ahafo,2001,645.9,403.8,-449.24,26.2,31.0,22.71,72.67
GHA,GHA_GHA1.3_2,AsutifiNorth,Ahafo,2002,966.1,669.8,-129.04,26.06,30.71,22.67,74.97
GHA,GHA_GHA1.3_2,AsutifiNorth,Ahafo,2003,828.6,526.5,-266.54,26.25,31.01,22.83,75.36
GHA,GHA_GHA1.3_2,AsutifiNorth,Ahafo,2004,819.0,562.8,-276.14,26.18,30.92,22.78,75.01
GHA,GHA_GHA1.3_2,AsutifiNorth,Ahafo,2005,872.1,586.9,-223.04,26.24,30.94,22.82,74.45
GHA,GHA_GHA1.3_2,AsutifiNorth,Ahafo,2006,776.7,560.4,-318.44,26.5,31.37,23.0,73.11
GHA,GHA_GHA1.3_2,AsutifiNorth,Ahafo,2007,899.5,615.7,-195.64,26.43,31.27,22.76,71.98
GHA,GHA_GHA1.3_2,AsutifiNorth,Ahafo,2008,1177.3,888.0,82.16,26.1,30.81,22.57,72.81
GHA,GHA_GHA1.3_2,AsutifiNorth,Ahafo,2009,825.5,535.1,-269.64,26.19,30.76,22.89,75.61
GHA,GHA_GHA1.3_2,AsutifiNorth,Ahafo,2010,886.6,568.7,-208.54,26.45,31.01,23.16,76.06
GHA,GHA_GHA1.3_2,AsutifiNorth,Ahafo,2011,894.3,688.8,-200.84,26.12,30.84,22.64,74.34
GHA,GHA_GHA1.3_2,AsutifiNorth,Ahafo,2012,899.7,608.7,-195.44,25.92,30.49,22.55,74.85
GHA,GHA_GHA1.3_2,AsutifiNorth,Ahafo,2013,760.1,500.7,-335.04,26.25,30.9,22.78,73.05
GHA,GHA_GHA1.3_2,AsutifiNorth,Ahafo,2014,994.9,742.7,-100.24,25.98,30.46,22.8,76.73
GHA,GHA_GHA1.3_2,AsutifiNorth,Ahafo,2015,805.2,558.1,-289.94,26.36,31.13,22.78,71.81
GHA,GHA_GHA1.3_2,AsutifiNorth,Ahafo,2016,885.3,602.3,-209.84,26.78,31.49,23.24,72.12
GHA,GHA_GHA1.3_2,AsutifiNorth,Ahafo,2017,1219.5,844.7,124.36,26.04,30.9,22.71,76.88
GHA,GHA_GHA1.3_2,AsutifiNorth,Ahafo,2018,1382.1,972.5,286.96,25.79,30.55,22.45,77.7
GHA,GHA_GHA1.3_2,AsutifiNorth,Ahafo,2019,1805.1,1359.8,709.96,26.01,30.69,22.78,79.35
GHA,GHA_GHA1.3_2,AsutifiNorth,Ahafo,2020,1314.2,888.9,219.06,26.16,31.03,22.63,75.67
GHA,GHA_GHA1.3_2,AsutifiNorth,Ahafo,2021,1833.8,1380.4,738.66,26.12,31.16,22.65,77.91
GHA,GHA_GHA1.3_2,AsutifiNorth,Ahafo,2022,1826.1,1256.4,730.96,25.7,31.07,22.01,74.55
GHA,GHA_GHA1.3_2,AsutifiNorth,Ahafo,2023,1882.4,1221.4,787.26,25.88,31.21,22.32,76.73
GHA,GHA_GHA1.3_2,AsutifiNorth,Ahafo,2024,1410.3,945.8,315.16,26.54,31.93,22.67,73.53
GHA,GHA_GHA1.3_2,AsutifiNorth,Ahafo,2025,1204.1,782.7,108.96,26.21,31.93,22.41,76.27
GHA,GHA_GHA1.4_2,AsutifiSouth,Ahafo,2000,682.4,490.4,-429.53,26.18,30.88,22.79,74.86
GHA,GHA_GHA1.4_2,AsutifiSouth,Ahafo,2001,655.3,429.8,-456.63,26.23,30.89,22.98,75.08
GHA,GHA_GHA1.4_2,AsutifiSouth,Ahafo,2002,991.4,698.8,-120.53,26.18,30.75,22.93,76.78
GHA,GHA_GHA1.4_2,AsutifiSouth,Ahafo,2003,938.2,602.4,-173.73,26.29,30.94,23.07,77.44
GHA,GHA_GHA1.4_2,AsutifiSouth,Ahafo,2004,805.4,553.9,-306.53,26.27,30.93,23.03,76.66
GHA,GHA_GHA1.4_2,AsutifiSouth,Ahafo,2005,865.4,557.0,-246.53,26.31,30.88,23.05,76.42
GHA,GHA_GHA1.4_2,AsutifiSouth,Ahafo,2006,774.7,549.3,-337.23,26.56,31.38,23.28,75.26
GHA,GHA_GHA1.4_2,AsutifiSouth,Ahafo,2007,947.6,678.8,-164.33,26.48,31.21,23.01,74.27
GHA,GHA_GHA1.4_2,AsutifiSouth,Ahafo,2008,1135.9,839.0,23.97,26.24,30.89,22.82,74.7
GHA,GHA_GHA1.4_2,AsutifiSouth,Ahafo,2009,867.3,551.0,-244.63,26.27,30.76,23.14,77.31
GHA,GHA_GHA1.4_2,AsutifiSouth,Ahafo,2010,941.5,609.4,-170.43,26.5,31.01,23.37,77.94
GHA,GHA_GHA1.4_2,AsutifiSouth,Ahafo,2011,969.7,770.8,-142.23,26.23,30.86,22.94,76.38
GHA,GHA_GHA1.4_2,AsutifiSouth,Ahafo,2012,871.4,590.7,-240.53,26.06,30.57,22.88,76.62
GHA,GHA_GHA1.4_2,AsutifiSouth,Ahafo,2013,812.0,525.4,-299.93,26.38,30.94,23.07,75.15
GHA,GHA_GHA1.4_2,AsutifiSouth,Ahafo,2014,1131.0,840.8,19.07,26.05,30.45,23.03,78.53
GHA,GHA_GHA1.4_2,AsutifiSouth,Ahafo,2015,779.0,536.6,-332.93,26.51,31.2,23.1,73.94
GHA,GHA_GHA1.4_2,AsutifiSouth,Ahafo,2016,943.4,637.2,-168.53,26.84,31.48,23.5,74.57
GHA,GHA_GHA1.4_2,AsutifiSouth,Ahafo,2017,1244.0,822.7,132.07,26.67,31.73,23.3,76.15
GHA,GHA_GHA1.4_2,AsutifiSouth,Ahafo,2018,1324.9,988.3,212.97,26.46,31.4,23.1,76.98
GHA,GHA_GHA1.4_2,AsutifiSouth,Ahafo,2019,1899.5,1486.0,787.57,26.57,31.39,23.31,79.26
GHA,GHA_GHA1.4_2,AsutifiSouth,Ahafo,2020,1149.0,818.8,37.07,26.75,31.88,23.2,75.47
GHA,GHA_GHA1.4_2,AsutifiSouth,Ahafo,2021,1833.9,1411.9,721.97,26.69,31.89,23.21,77.8
GHA,GHA_GHA1.4_2,AsutifiSouth,Ahafo,2022,1846.5,1222.5,734.57,26.2,31.82,22.47,75.18
GHA,GHA_GHA1.4_2,AsutifiSouth,Ahafo,2023,1996.1,1387.1,884.17,26.33,31.85,22.74,77.51
GHA,GHA_GHA1.4_2,AsutifiSouth,Ahafo,2024,1435.3,991.2,323.37,27.25,32.83,23.38,73.16
GHA,GHA_GHA1.4_2,AsutifiSouth,Ahafo,2025,1069.4,710.0,-42.53,26.92,32.15,23.28,75.3
GHA,GHA_GHA1.5_2,TanoNorth,Ahafo,2000,719.3,523.7,-373.8,25.92,30.72,22.33,73.28
GHA,GHA_GHA1.5_2,TanoNorth,Ahafo,2001,610.8,368.9,-482.3,26.19,31.04,22.62,72.34
GHA,GHA_GHA1.5_2,TanoNorth,Ahafo,2002,1046.1,703.3,-47.0,26.01,30.7,22.58,74.91
GHA,GHA_GHA1.5_2,TanoNorth,Ahafo,2003,905.9,545.3,-187.2,26.12,30.87,22.72,75.88
GHA,GHA_GHA1.5_2,TanoNorth,Ahafo,2004,862.9,603.1,-230.2,26.08,30.78,22.68,75.4
GHA,GHA_GHA1.5_2,TanoNorth,Ahafo,2005,817.7,555.6,-275.4,26.14,30.83,22.7,74.74
GHA,GHA_GHA1.5_2,TanoNorth,Ahafo,2006,761.4,544.1,-331.7,26.41,31.27,22.86,73.21
GHA,GHA_GHA1.5_2,TanoNorth,Ahafo,2007,849.4,618.3,-243.7,26.4,31.28,22.69,71.73
GHA,GHA_GHA1.5_2,TanoNorth,Ahafo,2008,1174.9,894.8,81.8,25.98,30.68,22.44,72.97
GHA,GHA_GHA1.5_2,TanoNorth,Ahafo,2009,975.1,618.8,-118.0,25.97,30.49,22.71,76.83
GHA,GHA_GHA1.5_2,TanoNorth,Ahafo,2010,907.7,627.7,-185.4,26.32,30.85,23.01,76.56
GHA,GHA_GHA1.5_2,TanoNorth,Ahafo,2011,899.5,652.3,-193.6,26.02,30.76,22.52,74.53
GHA,GHA_GHA1.5_2,TanoNorth,Ahafo,2012,990.8,649.3,-102.3,25.77,30.32,22.41,75.42
GHA,GHA_GHA1.5_2,TanoNorth,Ahafo,2013,842.3,570.2,-250.8,26.01,30.6,22.57,74.22
GHA,GHA_GHA1.5_2,TanoNorth,Ahafo,2014,977.0,712.8,-116.1,25.82,30.26,22.65,77.51
GHA,GHA_GHA1.5_2,TanoNorth,Ahafo,2015,832.8,565.7,-260.3,26.24,31.04,22.64,72.2
GHA,GHA_GHA1.5_2,TanoNorth,Ahafo,2016,920.4,618.7,-172.7,26.66,31.38,23.11,72.45
GHA,GHA_GHA1.5_2,TanoNorth,Ahafo,2017,1109.9,748.1,16.8,26.09,31.05,22.71,76.07
GHA,GHA_GHA1.5_2,TanoNorth,Ahafo,2018,1265.5,919.5,172.4,25.86,30.65,22.44,76.68
GHA,GHA_GHA1.5_2,TanoNorth,Ahafo,2019,1672.1,1231.2,579.0,26.06,30.82,22.78,78.67
GHA,GHA_GHA1.5_2,TanoNorth,Ahafo,2020,1346.0,906.5,252.9,26.24,31.2,22.67,74.69
GHA,GHA_GHA1.5_2,TanoNorth,Ahafo,2021,1727.8,1320.5,634.7,26.15,31.24,22.67,77.48
GHA,GHA_GHA1.5_2,TanoNorth,Ahafo,2022,1860.3,1362.1,767.2,25.73,31.18,22.02,74.02
GHA,GHA_GHA1.5_2,TanoNorth,Ahafo,2023,1841.2,1259.6,748.1,25.96,31.38,22.36,75.79
GHA,GHA_GHA1.5_2,TanoNorth,Ahafo,2024,1404.8,981.5,311.7,26.58,31.89,22.74,72.65
GHA,GHA_GHA1.5_2,TanoNorth,Ahafo,2025,1099.0,759.4,5.9,26.35,31.53,22.62,75.1
GHA,GHA_GHA1.6_2,TanoSouth,Ahafo,2000,868.8,640.7,-273.82,25.68,30.45,22.14,74.19
GHA,GHA_GHA1.6_2,TanoSouth,Ahafo,2001,666.3,406.2,-476.32,25.93,30.73,22.39,73.15
GHA,GHA_GHA1.6_2,TanoSouth,Ahafo,2002,1203.8,834.4,61.18,25.77,30.41,22.38,75.66
GHA,GHA_GHA1.6_2,TanoSouth,Ahafo,2003,1042.7,665.1,-99.92,25.83,30.48,22.51,76.98
GHA,GHA_GHA1.6_2,TanoSouth,Ahafo,2004,945.9,660.1,-196.72,25.72,30.27,22.41,76.93
GHA,GHA_GHA1.6_2,TanoSouth,Ahafo,2005,941.3,632.5,-201.32,25.77,30.34,22.44,76.35
GHA,GHA_GHA1.6_2,TanoSouth,Ahafo,2006,886.9,614.3,-255.72,25.98,30.69,22.55,75.16
GHA,GHA_GHA1.6_2,TanoSouth,Ahafo,2007,1009.5,752.8,-133.12,26.1,30.91,22.47,72.91
GHA,GHA_GHA1.6_2,TanoSouth,Ahafo,2008,1227.0,924.6,84.38,25.75,30.4,22.25,73.65
GHA,GHA_GHA1.6_2,TanoSouth,Ahafo,2009,1189.8,753.3,47.18,25.67,30.1,22.49,78.0
GHA,GHA_GHA1.6_2,TanoSouth,Ahafo,2010,1117.5,798.9,-25.12,26.0,30.43,22.77,77.79
GHA,GHA_GHA1.6_2,TanoSouth,Ahafo,2011,1007.7,712.6,-134.92,25.72,30.38,22.3,75.67
GHA,GHA_GHA1.6_2,TanoSouth,Ahafo,2012,1088.7,712.5,-53.92,25.49,29.96,22.19,76.4
GHA,GHA_GHA1.6_2,TanoSouth,Ahafo,2013,992.2,665.8,-150.42,25.71,30.2,22.35,75.36
GHA,GHA_GHA1.6_2,TanoSouth,Ahafo,2014,1150.2,819.5,7.58,25.52,29.89,22.42,78.58
GHA,GHA_GHA1.6_2,TanoSouth,Ahafo,2015,915.4,614.1,-227.22,26.0,30.73,22.47,72.96
GHA,GHA_GHA1.6_2,TanoSouth,Ahafo,2016,1100.4,736.9,-42.22,26.37,31.01,22.89,73.57
GHA,GHA_GHA1.6_2,TanoSouth,Ahafo,2017,977.1,656.9,-165.52,25.86,30.78,22.45,76.38
GHA,GHA_GHA1.6_2,TanoSouth,Ahafo,2018,1141.6,779.8,-1.02,25.63,30.44,22.19,77.02
GHA,GHA_GHA1.6_2,TanoSouth,Ahafo,2019,1552.4,1175.6,409.78,25.93,30.78,22.58,78.28
GHA,GHA_GHA1.6_2,TanoSouth,Ahafo,2020,1257.5,835.2,114.88,26.12,31.16,22.47,74.51
GHA,GHA_GHA1.6_2,TanoSouth,Ahafo,2021,1646.1,1232.8,503.48,26.05,31.29,22.49,77.0
GHA,GHA_GHA1.6_2,TanoSouth,Ahafo,2022,1670.8,1166.7,528.18,25.57,31.0,21.87,73.83
GHA,GHA_GHA1.6_2,TanoSouth,Ahafo,2023,1743.4,1172.6,600.78,25.88,31.36,22.24,75.19
GHA,GHA_GHA1.6_2,TanoSouth,Ahafo,2024,1293.1,899.6,150.48,26.52,31.84,22.63,72.26
GHA,GHA_GHA1.6_2,TanoSouth,Ahafo,2025,1072.1,755.9,-70.52,26.43,31.71,22.6,73.64
GHA,GHA_GHA2.1_2,AdansiAkrofuom,Ashanti,2000,1056.4,818.8,-192.73,25.55,30.15,22.68,80.92
GHA,GHA_GHA2.1_2,AdansiAkrofuom,Ashanti,2001,886.7,604.6,-362.43,25.39,29.81,22.68,81.85
GHA,GHA_GHA2.1_2,AdansiAkrofuom,Ashanti,2002,1152.1,781.4,-97.03,25.59,30.09,22.81,81.9
GHA,GHA_GHA2.1_2,AdansiAkrofuom,Ashanti,2003,949.2,619.8,-299.93,25.8,30.33,22.99,81.74
GHA,GHA_GHA2.1_2,AdansiAkrofuom,Ashanti,2004,955.7,668.7,-293.43,25.68,30.18,22.86,81.48
GHA,GHA_GHA2.1_2,AdansiAkrofuom,Ashanti,2005,1010.9,695.8,-238.23,25.74,30.18,22.91,81.38
GHA,GHA_GHA2.1_2,AdansiAkrofuom,Ashanti,2006,1089.9,744.4,-159.23,25.64,30.07,22.93,82.16
GHA,GHA_GHA2.1_2,AdansiAkrofuom,Ashanti,2007,1208.8,932.0,-40.33,25.74,30.3,22.79,80.71
GHA,GHA_GHA2.1_2,AdansiAkrofuom,Ashanti,2008,1106.7,861.8,-142.43,25.72,30.28,22.72,80.44
GHA,GHA_GHA2.1_2,AdansiAkrofuom,Ashanti,2009,1061.0,708.0,-188.13,25.65,29.94,22.96,82.14
GHA,GHA_GHA2.1_2,AdansiAkrofuom,Ashanti,2010,1171.5,802.6,-77.63,25.93,30.28,23.16,82.42
GHA,GHA_GHA2.1_2,AdansiAkrofuom,Ashanti,2011,1127.5,862.1,-121.63,25.68,30.13,22.86,81.38
GHA,GHA_GHA2.1_2,AdansiAkrofuom,Ashanti,2012,1109.8,769.7,-139.33,25.47,29.79,22.75,82.04
GHA,GHA_GHA2.1_2,AdansiAkrofuom,Ashanti,2013,987.6,647.0,-261.53,25.73,30.11,22.97,81.01
GHA,GHA_GHA2.1_2,AdansiAkrofuom,Ashanti,2014,1341.8,973.7,92.67,25.45,29.62,22.9,83.46
GHA,GHA_GHA2.1_2,AdansiAkrofuom,Ashanti,2015,843.3,536.4,-405.83,25.91,30.39,23.02,80.17
GHA,GHA_GHA2.1_2,AdansiAkrofuom,Ashanti,2016,1251.7,891.0,2.57,26.24,30.76,23.44,80.68
GHA,GHA_GHA2.1_2,AdansiAkrofuom,Ashanti,2017,1326.1,897.5,76.97,25.8,30.44,22.98,83.38
GHA,GHA_GHA2.1_2,AdansiAkrofuom,Ashanti,2018,1363.2,969.6,114.07,25.73,30.48,22.88,83.73
GHA,GHA_GHA2.1_2,AdansiAkrofuom,Ashanti,2019,1664.6,1193.2,415.47,26.09,30.78,23.3,84.32
GHA,GHA_GHA2.1_2,AdansiAkrofuom,Ashanti,2020,1373.8,960.9,124.67,26.23,31.19,23.19,81.66
GHA,GHA_GHA2.1_2,AdansiAkrofuom,Ashanti,2021,1856.5,1421.0,607.37,26.13,31.2,23.18,83.28
GHA,GHA_GHA2.1_2,AdansiAkrofuom,Ashanti,2022,1786.6,1129.6,537.47,25.84,31.4,22.62,81.29
GHA,GHA_GHA2.1_2,AdansiAkrofuom,Ashanti,2023,2012.6,1434.5,763.47,26.17,31.56,23.06,82.19
GHA,GHA_GHA2.1_2,AdansiAkrofuom,Ashanti,2024,1492.2,1004.9,243.07,26.67,32.15,23.35,80.02
GHA,GHA_GHA2.1_2,AdansiAkrofuom,Ashanti,2025,1291.1,883.6,41.97,25.99,31.3,22.84,82.67
GHA,GHA_GHA2.2_2,AdansiAsokwa,Ashanti,2000,1127.1,831.2,-213.19,25.77,30.39,22.85,80.36
GHA,GHA_GHA2.2_2,AdansiAsokwa,Ashanti,2001,940.5,639.6,-399.79,25.66,30.14,22.87,81.09
GHA,GHA_GHA2.2_2,AdansiAsokwa,Ashanti,2002,1354.3,962.0,14.01,25.81,30.3,22.96,81.36
GHA,GHA_GHA2.2_2,AdansiAsokwa,Ashanti,2003,1123.4,721.9,-216.89,25.94,30.41,23.13,81.84
GHA,GHA_GHA2.2_2,AdansiAsokwa,Ashanti,2004,1034.7,709.3,-305.59,25.84,30.3,23.02,81.53
GHA,GHA_GHA2.2_2,AdansiAsokwa,Ashanti,2005,1090.2,747.3,-250.09,25.91,30.33,23.05,81.38
GHA,GHA_GHA2.2_2,AdansiAsokwa,Ashanti,2006,1135.6,734.3,-204.69,25.88,30.36,23.11,81.69
GHA,GHA_GHA2.2_2,AdansiAsokwa,Ashanti,2007,1278.2,962.4,-62.09,25.96,30.54,22.93,80.14
GHA,GHA_GHA2.2_2,AdansiAsokwa,Ashanti,2008,1354.1,1030.4,13.81,25.92,30.52,22.87,79.93
GHA,GHA_GHA2.2_2,AdansiAsokwa,Ashanti,2009,1269.6,859.6,-70.69,25.88,30.19,23.14,81.82
GHA,GHA_GHA2.2_2,AdansiAsokwa,Ashanti,2010,1282.1,870.2,-58.19,26.15,30.5,23.34,82.03
GHA,GHA_GHA2.2_2,AdansiAsokwa,Ashanti,2011,1204.1,903.3,-136.19,25.89,30.37,23.03,80.97
GHA,GHA_GHA2.2_2,AdansiAsokwa,Ashanti,2012,1287.5,878.0,-52.79,25.7,30.05,22.93,81.55
GHA,GHA_GHA2.2_2,AdansiAsokwa,Ashanti,2013,1100.6,735.1,-239.69,25.93,30.3,23.09,80.73
GHA,GHA_GHA2.2_2,AdansiAsokwa,Ashanti,2014,1473.8,1025.0,133.51,25.65,29.83,23.05,83.2
GHA,GHA_GHA2.2_2,AdansiAsokwa,Ashanti,2015,963.9,635.5,-376.39,26.08,30.57,23.14,79.88
GHA,GHA_GHA2.2_2,AdansiAsokwa,Ashanti,2016,1354.7,961.6,14.41,26.41,30.95,23.54,80.49
GHA,GHA_GHA2.2_2,AdansiAsokwa,Ashanti,2017,1448.2,1005.7,107.91,25.85,30.47,23.01,82.52
GHA,GHA_GHA2.2_2,AdansiAsokwa,Ashanti,2018,1271.3,888.0,-68.99,25.76,30.47,22.89,82.87
GHA,GHA_GHA2.2_2,AdansiAsokwa,Ashanti,2019,1845.0,1258.7,504.71,26.09,30.72,23.3,83.61
GHA,GHA_GHA2.2_2,AdansiAsokwa,Ashanti,2020,1424.1,1030.4,83.81,26.25,31.18,23.2,80.75
GHA,GHA_GHA2.2_2,AdansiAsokwa,Ashanti,2021,1800.3,1354.8,460.01,26.15,31.19,23.17,82.43
GHA,GHA_GHA2.2_2,AdansiAsokwa,Ashanti,2022,1858.0,1286.8,517.71,25.81,31.26,22.6,80.62
GHA,GHA_GHA2.2_2,AdansiAsokwa,Ashanti,2023,1900.0,1330.2,559.71,26.09,31.33,23.0,81.71
GHA,GHA_GHA2.2_2,AdansiAsokwa,Ashanti,2024,1487.8,994.4,147.51,26.66,32.0,23.34,79.24
GHA,GHA_GHA2.2_2,AdansiAsokwa,Ashanti,2025,1438.4,1010.5,98.11,25.88,30.98,22.75,82.98
GHA,GHA_GHA2.3_2,AdansiNorth,Ashanti,2000,1127.1,831.2,-262.99,25.14,29.68,22.24,80.17
GHA,GHA_GHA2.3_2,AdansiNorth,Ashanti,2001,940.5,639.6,-449.59,25.05,29.46,22.28,80.87
GHA,GHA_GHA2.3_2,AdansiNorth,Ashanti,2002,1354.3,962.0,-35.79,25.19,29.62,22.36,81.19
GHA,GHA_GHA2.3_2,AdansiNorth,Ashanti,2003,1123.4,721.9,-266.69,25.35,29.78,22.53,81.51
GHA,GHA_GHA2.3_2,AdansiNorth,Ashanti,2004,1034.7,709.3,-355.39,25.25,29.66,22.44,81.24
GHA,GHA_GHA2.3_2,AdansiNorth,Ashanti,2005,1090.2,747.3,-299.89,25.29,29.67,22.44,81.2
GHA,GHA_GHA2.3_2,AdansiNorth,Ashanti,2006,1135.6,734.3,-254.49,25.26,29.71,22.51,81.49
GHA,GHA_GHA2.3_2,AdansiNorth,Ashanti,2007,1278.2,962.4,-111.89,25.32,29.81,22.31,80.1
GHA,GHA_GHA2.3_2,AdansiNorth,Ashanti,2008,1354.1,1030.4,-35.99,25.28,29.79,22.25,79.75
GHA,GHA_GHA2.3_2,AdansiNorth,Ashanti,2009,1269.6,859.6,-120.49,25.26,29.51,22.53,81.67
GHA,GHA_GHA2.3_2,AdansiNorth,Ashanti,2010,1282.1,870.2,-107.99,25.52,29.82,22.74,82.02
GHA,GHA_GHA2.3_2,AdansiNorth,Ashanti,2011,1204.1,903.3,-185.99,25.26,29.69,22.42,80.88
GHA,GHA_GHA2.3_2,AdansiNorth,Ashanti,2012,1287.5,878.0,-102.59,25.07,29.36,22.31,81.38
GHA,GHA_GHA2.3_2,AdansiNorth,Ashanti,2013,1100.6,735.1,-289.49,25.33,29.67,22.48,80.29
GHA,GHA_GHA2.3_2,AdansiNorth,Ashanti,2014,1473.8,1025.0,83.71,25.04,29.18,22.42,83.04
GHA,GHA_GHA2.3_2,AdansiNorth,Ashanti,2015,963.9,635.5,-426.19,25.52,29.99,22.56,79.27
GHA,GHA_GHA2.3_2,AdansiNorth,Ashanti,2016,1354.7,961.6,-35.39,25.86,30.34,22.96,79.84
GHA,GHA_GHA2.3_2,AdansiNorth,Ashanti,2017,1585.0,1031.9,194.91,25.14,29.97,22.34,84.53
GHA,GHA_GHA2.3_2,AdansiNorth,Ashanti,2018,1562.9,1153.8,172.81,25.08,29.96,22.23,84.84
GHA,GHA_GHA2.3_2,AdansiNorth,Ashanti,2019,2139.5,1432.5,749.41,25.37,30.23,22.62,85.92
GHA,GHA_GHA2.3_2,AdansiNorth,Ashanti,2020,1502.3,1032.2,112.21,25.56,30.74,22.5,82.69
GHA,GHA_GHA2.3_2,AdansiNorth,Ashanti,2021,1958.6,1482.1,568.51,25.46,30.84,22.5,84.44
GHA,GHA_GHA2.3_2,AdansiNorth,Ashanti,2022,1954.6,1326.5,564.51,25.08,30.82,21.87,82.5
GHA,GHA_GHA2.3_2,AdansiNorth,Ashanti,2023,2152.8,1510.4,762.71,25.38,30.91,22.29,83.69
GHA,GHA_GHA2.3_2,AdansiNorth,Ashanti,2024,1656.5,1083.4,266.41,26.02,31.58,22.69,80.79
GHA,GHA_GHA2.3_2,AdansiNorth,Ashanti,2025,1255.8,861.5,-134.29,25.68,30.56,22.59,81.68
GHA,GHA_GHA2.4_2,AdansiSouth,Ashanti,2000,1035.3,780.1,-222.74,25.9,30.67,22.96,81.14
GHA,GHA_GHA2.4_2,AdansiSouth,Ashanti,2001,954.1,640.5,-303.94,25.73,30.33,22.95,82.08
GHA,GHA_GHA2.4_2,AdansiSouth,Ashanti,2002,1226.2,895.0,-31.84,25.92,30.56,23.07,82.12
GHA,GHA_GHA2.4_2,AdansiSouth,Ashanti,2003,1011.6,652.0,-246.44,26.1,30.73,23.24,82.31
GHA,GHA_GHA2.4_2,AdansiSouth,Ashanti,2004,967.5,672.9,-290.54,25.96,30.56,23.11,82.11
GHA,GHA_GHA2.4_2,AdansiSouth,Ashanti,2005,997.0,683.4,-261.04,26.04,30.58,23.17,81.98
GHA,GHA_GHA2.4_2,AdansiSouth,Ashanti,2006,1124.2,713.4,-133.84,25.97,30.55,23.2,82.5
GHA,GHA_GHA2.4_2,AdansiSouth,Ashanti,2007,1150.9,878.7,-107.14,26.07,30.82,23.04,81.06
GHA,GHA_GHA2.4_2,AdansiSouth,Ashanti,2008,1194.6,905.5,-63.44,26.04,30.78,22.97,80.93
GHA,GHA_GHA2.4_2,AdansiSouth,Ashanti,2009,1166.0,800.2,-92.04,26.01,30.46,23.25,82.44
GHA,GHA_GHA2.4_2,AdansiSouth,Ashanti,2010,1137.2,786.5,-120.84,26.28,30.8,23.44,82.58
GHA,GHA_GHA2.4_2,AdansiSouth,Ashanti,2011,1094.2,840.4,-163.84,26.04,30.65,23.14,81.53
GHA,GHA_GHA2.4_2,AdansiSouth,Ashanti,2012,1136.6,781.2,-121.44,25.84,30.33,23.05,82.17
GHA,GHA_GHA2.4_2,AdansiSouth,Ashanti,2013,1019.1,688.9,-238.94,26.05,30.54,23.23,81.55
GHA,GHA_GHA2.4_2,AdansiSouth,Ashanti,2014,1346.8,949.9,88.76,25.78,30.09,23.17,83.79
GHA,GHA_GHA2.4_2,AdansiSouth,Ashanti,2015,879.0,575.6,-379.04,26.2,30.78,23.27,80.81
GHA,GHA_GHA2.4_2,AdansiSouth,Ashanti,2016,1379.7,1031.6,121.66,26.52,31.19,23.68,81.35
GHA,GHA_GHA2.4_2,AdansiSouth,Ashanti,2017,1322.4,861.6,64.36,26.14,30.84,23.3,82.3
GHA,GHA_GHA2.4_2,AdansiSouth,Ashanti,2018,1255.2,850.6,-2.84,26.08,30.89,23.19,82.54
GHA,GHA_GHA2.4_2,AdansiSouth,Ashanti,2019,1501.3,1029.3,243.26,26.36,31.04,23.58,83.72
GHA,GHA_GHA2.4_2,AdansiSouth,Ashanti,2020,1463.0,1054.4,204.96,26.53,31.55,23.49,80.89
GHA,GHA_GHA2.4_2,AdansiSouth,Ashanti,2021,1799.3,1372.2,541.26,26.46,31.61,23.47,82.3
GHA,GHA_GHA2.4_2,AdansiSouth,Ashanti,2022,1794.9,1217.8,536.86,26.08,31.6,22.88,80.92
GHA,GHA_GHA2.4_2,AdansiSouth,Ashanti,2023,1826.6,1281.2,568.56,26.43,31.82,23.32,81.72
GHA,GHA_GHA2.4_2,AdansiSouth,Ashanti,2024,1510.1,1014.9,252.06,26.94,32.41,23.64,79.6
GHA,GHA_GHA2.4_2,AdansiSouth,Ashanti,2025,1416.3,982.4,158.26,26.25,31.22,23.14,82.47
GHA,GHA_GHA2.5_2,Afigya-KwabreNorth,Ashanti,2000,923.8,695.9,-257.25,25.92,30.73,22.4,74.7
GHA,GHA_GHA2.5_2,Afigya-KwabreNorth,Ashanti,2001,712.0,448.4,-469.05,26.19,31.05,22.65,73.37
GHA,GHA_GHA2.5_2,Afigya-KwabreNorth,Ashanti,2002,1263.2,887.1,82.15,26.01,30.7,22.62,76.04
GHA,GHA_GHA2.5_2,Afigya-KwabreNorth,Ashanti,2003,1073.9,714.5,-107.15,26.08,30.81,22.73,76.98
GHA,GHA_GHA2.5_2,Afigya-KwabreNorth,Ashanti,2004,959.9,665.6,-221.15,26.03,30.7,22.68,76.47
GHA,GHA_GHA2.5_2,Afigya-KwabreNorth,Ashanti,2005,1018.0,699.4,-163.05,26.15,30.87,22.76,75.5
GHA,GHA_GHA2.5_2,Afigya-KwabreNorth,Ashanti,2006,944.5,669.0,-236.55,26.37,31.25,22.88,74.42
GHA,GHA_GHA2.5_2,Afigya-KwabreNorth,Ashanti,2007,1079.3,815.5,-101.75,26.31,31.21,22.67,73.35
GHA,GHA_GHA2.5_2,Afigya-KwabreNorth,Ashanti,2008,1151.5,862.1,-29.55,26.02,30.8,22.48,73.86
GHA,GHA_GHA2.5_2,Afigya-KwabreNorth,Ashanti,2009,1257.0,861.7,75.95,26.03,30.56,22.76,77.24
GHA,GHA_GHA2.5_2,Afigya-KwabreNorth,Ashanti,2010,1190.0,872.2,8.95,26.34,30.9,23.04,77.13
GHA,GHA_GHA2.5_2,Afigya-KwabreNorth,Ashanti,2011,1064.5,791.5,-116.55,26.01,30.74,22.58,75.75
GHA,GHA_GHA2.5_2,Afigya-KwabreNorth,Ashanti,2012,1225.6,795.1,44.55,25.74,30.32,22.43,76.73
GHA,GHA_GHA2.5_2,Afigya-KwabreNorth,Ashanti,2013,1063.3,771.1,-117.75,26.09,30.7,22.65,74.94
GHA,GHA_GHA2.5_2,Afigya-KwabreNorth,Ashanti,2014,1290.5,881.5,109.45,25.75,30.21,22.64,78.68
GHA,GHA_GHA2.5_2,Afigya-KwabreNorth,Ashanti,2015,958.7,614.9,-222.35,26.27,31.03,22.72,73.35
GHA,GHA_GHA2.5_2,Afigya-KwabreNorth,Ashanti,2016,1169.4,814.0,-11.65,26.59,31.3,23.12,74.43
GHA,GHA_GHA2.5_2,Afigya-KwabreNorth,Ashanti,2017,1080.9,726.0,-100.15,25.53,30.6,22.23,78.56
GHA,GHA_GHA2.5_2,Afigya-KwabreNorth,Ashanti,2018,1091.0,759.3,-90.05,25.34,30.27,21.98,78.97
GHA,GHA_GHA2.5_2,Afigya-KwabreNorth,Ashanti,2019,1543.1,1147.6,362.05,25.68,30.72,22.42,80.13
GHA,GHA_GHA2.5_2,Afigya-KwabreNorth,Ashanti,2020,1255.3,759.8,74.25,25.86,31.01,22.26,76.39
GHA,GHA_GHA2.5_2,Afigya-KwabreNorth,Ashanti,2021,1775.1,1358.8,594.05,25.81,31.3,22.32,78.65
GHA,GHA_GHA2.5_2,Afigya-KwabreNorth,Ashanti,2022,1421.4,964.0,240.35,25.39,31.04,21.74,75.33
GHA,GHA_GHA2.5_2,Afigya-KwabreNorth,Ashanti,2023,1670.3,1160.2,489.25,25.7,31.38,22.08,76.58
GHA,GHA_GHA2.5_2,Afigya-KwabreNorth,Ashanti,2024,1397.0,978.9,215.95,26.28,31.83,22.46,74.24
GHA,GHA_GHA2.5_2,Afigya-KwabreNorth,Ashanti,2025,1128.1,772.0,-52.95,26.29,31.62,22.53,74.64
GHA,GHA_GHA2.6_2,Afigya-KwabreSouth,Ashanti,2000,803.6,586.2,-347.7,25.51,30.13,22.24,76.36
GHA,GHA_GHA2.6_2,Afigya-KwabreSouth,Ashanti,2001,722.0,433.9,-429.3,25.69,30.37,22.43,75.53
GHA,GHA_GHA2.6_2,Afigya-KwabreSouth,Ashanti,2002,1138.3,800.3,-13.0,25.61,30.14,22.43,77.57
GHA,GHA_GHA2.6_2,Afigya-KwabreSouth,Ashanti,2003,983.0,620.7,-168.3,25.71,30.27,22.59,78.2
GHA,GHA_GHA2.6_2,Afigya-KwabreSouth,Ashanti,2004,882.6,602.2,-268.7,25.7,30.24,22.55,77.45
GHA,GHA_GHA2.6_2,Afigya-KwabreSouth,Ashanti,2005,931.9,654.8,-219.4,25.82,30.4,22.6,76.58
GHA,GHA_GHA2.6_2,Afigya-KwabreSouth,Ashanti,2006,823.7,559.0,-327.6,25.99,30.77,22.72,75.75
GHA,GHA_GHA2.6_2,Afigya-KwabreSouth,Ashanti,2007,1019.8,757.3,-131.5,25.87,30.56,22.48,75.13
GHA,GHA_GHA2.6_2,Afigya-KwabreSouth,Ashanti,2008,1117.8,812.0,-33.5,25.64,30.25,22.32,75.55
GHA,GHA_GHA2.6_2,Afigya-KwabreSouth,Ashanti,2009,1217.2,869.9,65.9,25.69,30.08,22.62,78.18
GHA,GHA_GHA2.6_2,Afigya-KwabreSouth,Ashanti,2010,1075.5,752.3,-75.8,25.98,30.42,22.88,78.28
GHA,GHA_GHA2.6_2,Afigya-KwabreSouth,Ashanti,2011,933.3,665.8,-218.0,25.67,30.24,22.46,77.06
GHA,GHA_GHA2.6_2,Afigya-KwabreSouth,Ashanti,2012,1111.0,714.8,-40.3,25.43,29.86,22.32,77.78
GHA,GHA_GHA2.6_2,Afigya-KwabreSouth,Ashanti,2013,893.8,613.0,-257.5,25.75,30.23,22.52,76.19
GHA,GHA_GHA2.6_2,Afigya-KwabreSouth,Ashanti,2014,1149.4,769.3,-1.9,25.41,29.71,22.49,79.74
GHA,GHA_GHA2.6_2,Afigya-KwabreSouth,Ashanti,2015,846.8,549.2,-304.5,25.92,30.53,22.58,74.87
GHA,GHA_GHA2.6_2,Afigya-KwabreSouth,Ashanti,2016,1071.1,737.1,-80.2,26.23,30.79,22.97,76.01
GHA,GHA_GHA2.6_2,Afigya-KwabreSouth,Ashanti,2017,1191.6,811.3,40.3,25.52,30.76,22.39,80.74
GHA,GHA_GHA2.6_2,Afigya-KwabreSouth,Ashanti,2018,1237.4,847.3,86.1,25.37,30.49,22.2,81.26
GHA,GHA_GHA2.6_2,Afigya-KwabreSouth,Ashanti,2019,1849.7,1433.6,698.4,25.71,30.9,22.64,82.28
GHA,GHA_GHA2.6_2,Afigya-KwabreSouth,Ashanti,2020,1335.3,879.2,184.0,25.83,31.25,22.45,78.86
GHA,GHA_GHA2.6_2,Afigya-KwabreSouth,Ashanti,2021,1646.6,1277.2,495.3,25.82,31.49,22.51,80.81
GHA,GHA_GHA2.6_2,Afigya-KwabreSouth,Ashanti,2022,1602.0,1099.1,450.7,25.37,31.35,21.81,77.93
GHA,GHA_GHA2.6_2,Afigya-KwabreSouth,Ashanti,2023,1915.4,1319.1,764.1,25.64,31.62,22.16,79.56
GHA,GHA_GHA2.6_2,Afigya-KwabreSouth,Ashanti,2024,1382.0,968.1,230.7,26.32,32.05,22.67,76.71
GHA,GHA_GHA2.6_2,Afigya-KwabreSouth,Ashanti,2025,1053.0,744.5,-98.3,26.26,31.11,22.85,77.07
GHA,GHA_GHA2.7_2,Ahafo-AnoNorth,Ashanti,2000,704.8,502.7,-383.58,26.31,31.01,22.88,74.89
GHA,GHA_GHA2.7_2,Ahafo-AnoNorth,Ashanti,2001,658.5,387.7,-429.88,26.46,31.17,23.12,74.51
GHA,GHA_GHA2.7_2,Ahafo-AnoNorth,Ashanti,2002,1034.4,714.9,-53.98,26.39,30.99,23.07,76.44
GHA,GHA_GHA2.7_2,Ahafo-AnoNorth,Ashanti,2003,958.5,575.1,-129.88,26.47,31.15,23.2,77.29
GHA,GHA_GHA2.7_2,Ahafo-AnoNorth,Ashanti,2004,825.2,572.2,-263.18,26.47,31.15,23.17,76.46
GHA,GHA_GHA2.7_2,Ahafo-AnoNorth,Ashanti,2005,881.3,599.9,-207.08,26.5,31.1,23.17,76.26
GHA,GHA_GHA2.7_2,Ahafo-AnoNorth,Ashanti,2006,770.2,551.9,-318.18,26.77,31.62,23.4,74.89
GHA,GHA_GHA2.7_2,Ahafo-AnoNorth,Ashanti,2007,907.7,619.4,-180.68,26.67,31.42,23.13,73.9
GHA,GHA_GHA2.7_2,Ahafo-AnoNorth,Ashanti,2008,1235.1,912.7,146.72,26.38,31.04,22.92,74.51
GHA,GHA_GHA2.7_2,Ahafo-AnoNorth,Ashanti,2009,992.5,638.3,-95.88,26.4,30.88,23.25,77.59
GHA,GHA_GHA2.7_2,Ahafo-AnoNorth,Ashanti,2010,958.2,641.3,-130.18,26.69,31.2,23.5,77.8
GHA,GHA_GHA2.7_2,Ahafo-AnoNorth,Ashanti,2011,932.9,695.4,-155.48,26.42,31.09,23.07,76.05
GHA,GHA_GHA2.7_2,Ahafo-AnoNorth,Ashanti,2012,988.3,648.7,-100.08,26.2,30.72,22.97,76.64
GHA,GHA_GHA2.7_2,Ahafo-AnoNorth,Ashanti,2013,821.7,552.6,-266.68,26.52,31.09,23.15,74.98
GHA,GHA_GHA2.7_2,Ahafo-AnoNorth,Ashanti,2014,1056.6,776.6,-31.78,26.23,30.65,23.15,78.41
GHA,GHA_GHA2.7_2,Ahafo-AnoNorth,Ashanti,2015,829.2,547.8,-259.18,26.65,31.38,23.2,73.72
GHA,GHA_GHA2.7_2,Ahafo-AnoNorth,Ashanti,2016,912.9,617.9,-175.48,27.05,31.73,23.64,74.02
GHA,GHA_GHA2.7_2,Ahafo-AnoNorth,Ashanti,2017,1034.8,644.0,-53.58,26.47,31.41,23.06,75.5
GHA,GHA_GHA2.7_2,Ahafo-AnoNorth,Ashanti,2018,1102.4,798.2,14.02,26.25,31.04,22.81,76.38
GHA,GHA_GHA2.7_2,Ahafo-AnoNorth,Ashanti,2019,1736.4,1296.9,648.02,26.38,31.07,23.1,78.66
GHA,GHA_GHA2.7_2,Ahafo-AnoNorth,Ashanti,2020,1214.0,813.2,125.62,26.59,31.61,22.94,74.67
GHA,GHA_GHA2.7_2,Ahafo-AnoNorth,Ashanti,2021,1663.5,1304.4,575.12,26.53,31.67,22.99,77.01
GHA,GHA_GHA2.7_2,Ahafo-AnoNorth,Ashanti,2022,1660.1,1117.7,571.72,26.08,31.54,22.32,74.16
GHA,GHA_GHA2.7_2,Ahafo-AnoNorth,Ashanti,2023,2031.3,1367.6,942.92,26.24,31.6,22.62,76.65
GHA,GHA_GHA2.7_2,Ahafo-AnoNorth,Ashanti,2024,1329.8,872.9,241.42,27.06,32.46,23.19,72.79
GHA,GHA_GHA2.7_2,Ahafo-AnoNorth,Ashanti,2025,1057.5,712.2,-30.88,26.62,31.56,23.1,75.92
GHA,GHA_GHA2.8_2,Ahafo-AnoSouthEast,Ashanti,2000,799.0,576.4,-403.39,25.79,30.51,22.41,75.66
GHA,GHA_GHA2.8_2,Ahafo-AnoSouthEast,Ashanti,2001,670.4,398.3,-531.99,25.95,30.71,22.62,75.08
GHA,GHA_GHA2.8_2,Ahafo-AnoSouthEast,Ashanti,2002,1167.7,821.0,-34.69,25.86,30.46,22.6,77.25
GHA,GHA_GHA2.8_2,Ahafo-AnoSouthEast,Ashanti,2003,1102.2,726.2,-100.19,25.97,30.63,22.75,77.88
GHA,GHA_GHA2.8_2,Ahafo-AnoSouthEast,Ashanti,2004,900.9,625.4,-301.49,25.94,30.55,22.7,77.25
GHA,GHA_GHA2.8_2,Ahafo-AnoSouthEast,Ashanti,2005,974.4,669.9,-227.99,25.95,30.55,22.7,77.16
GHA,GHA_GHA2.8_2,Ahafo-AnoSouthEast,Ashanti,2006,836.3,582.0,-366.09,26.22,31.06,22.89,75.68
GHA,GHA_GHA2.8_2,Ahafo-AnoSouthEast,Ashanti,2007,1035.7,736.7,-166.69,26.15,30.92,22.66,74.62
GHA,GHA_GHA2.8_2,Ahafo-AnoSouthEast,Ashanti,2008,1264.2,946.9,61.81,25.87,30.54,22.45,75.14
GHA,GHA_GHA2.8_2,Ahafo-AnoSouthEast,Ashanti,2009,1180.9,794.6,-21.49,25.88,30.32,22.76,78.23
GHA,GHA_GHA2.8_2,Ahafo-AnoSouthEast,Ashanti,2010,1114.5,770.7,-87.89,26.2,30.68,23.04,78.34
GHA,GHA_GHA2.8_2,Ahafo-AnoSouthEast,Ashanti,2011,982.0,726.6,-220.39,25.89,30.54,22.6,76.84
GHA,GHA_GHA2.8_2,Ahafo-AnoSouthEast,Ashanti,2012,1088.7,718.7,-113.69,25.67,30.17,22.48,77.4
GHA,GHA_GHA2.8_2,Ahafo-AnoSouthEast,Ashanti,2013,968.6,653.1,-233.79,26.0,30.55,22.68,75.8
GHA,GHA_GHA2.8_2,Ahafo-AnoSouthEast,Ashanti,2014,1178.2,834.1,-24.19,25.64,30.02,22.64,79.56
GHA,GHA_GHA2.8_2,Ahafo-AnoSouthEast,Ashanti,2015,887.3,585.7,-315.09,26.13,30.82,22.73,74.63
GHA,GHA_GHA2.8_2,Ahafo-AnoSouthEast,Ashanti,2016,1054.1,707.4,-148.29,26.48,31.11,23.14,75.3
GHA,GHA_GHA2.8_2,Ahafo-AnoSouthEast,Ashanti,2017,1213.5,835.3,11.11,25.98,30.89,22.67,77.71
GHA,GHA_GHA2.8_2,Ahafo-AnoSouthEast,Ashanti,2018,1383.8,1000.0,181.41,25.75,30.49,22.43,78.63
GHA,GHA_GHA2.8_2,Ahafo-AnoSouthEast,Ashanti,2019,1831.5,1384.0,629.11,25.98,30.73,22.81,80.22
GHA,GHA_GHA2.8_2,Ahafo-AnoSouthEast,Ashanti,2020,1422.4,966.9,220.01,26.17,31.12,22.68,76.38
GHA,GHA_GHA2.8_2,Ahafo-AnoSouthEast,Ashanti,2021,1860.3,1411.5,657.91,26.13,31.28,22.71,78.6
GHA,GHA_GHA2.8_2,Ahafo-AnoSouthEast,Ashanti,2022,1812.5,1268.5,610.11,25.73,31.26,22.06,75.33
GHA,GHA_GHA2.8_2,Ahafo-AnoSouthEast,Ashanti,2023,2000.2,1333.9,797.81,25.88,31.27,22.39,77.59
GHA,GHA_GHA2.8_2,Ahafo-AnoSouthEast,Ashanti,2024,1366.0,974.6,163.61,26.64,32.08,22.84,74.12
GHA,GHA_GHA2.8_2,Ahafo-AnoSouthEast,Ashanti,2025,1166.9,806.2,-35.49,26.32,31.55,22.59,76.13
GHA,GHA_GHA2.9_2,Ahafo-AnoSouthWest,Ashanti,2000,799.0,576.4,-444.87,25.8,30.48,22.39,75.05
GHA,GHA_GHA2.9_2,Ahafo-AnoSouthWest,Ashanti,2001,670.4,398.3,-573.47,25.95,30.66,22.62,74.62
GHA,GHA_GHA2.9_2,Ahafo-AnoSouthWest,Ashanti,2002,1167.7,821.0,-76.17,25.88,30.46,22.58,76.62
GHA,GHA_GHA2.9_2,Ahafo-AnoSouthWest,Ashanti,2003,1102.2,726.2,-141.67,25.97,30.62,22.73,77.41
GHA,GHA_GHA2.9_2,Ahafo-AnoSouthWest,Ashanti,2004,900.9,625.4,-342.97,25.95,30.58,22.68,76.67
GHA,GHA_GHA2.9_2,Ahafo-AnoSouthWest,Ashanti,2005,974.4,669.9,-269.47,25.96,30.53,22.67,76.64
GHA,GHA_GHA2.9_2,Ahafo-AnoSouthWest,Ashanti,2006,836.3,582.0,-407.57,26.22,31.04,22.89,75.21
GHA,GHA_GHA2.9_2,Ahafo-AnoSouthWest,Ashanti,2007,1035.7,736.7,-208.17,26.15,30.88,22.63,74.1
GHA,GHA_GHA2.9_2,Ahafo-AnoSouthWest,Ashanti,2008,1264.2,946.9,20.33,25.87,30.51,22.43,74.67
GHA,GHA_GHA2.9_2,Ahafo-AnoSouthWest,Ashanti,2009,1180.9,794.6,-62.97,25.89,30.33,22.76,77.78
GHA,GHA_GHA2.9_2,Ahafo-AnoSouthWest,Ashanti,2010,1114.5,770.7,-129.37,26.19,30.67,23.01,77.95
GHA,GHA_GHA2.9_2,Ahafo-AnoSouthWest,Ashanti,2011,982.0,726.6,-261.87,25.9,30.54,22.59,76.27
GHA,GHA_GHA2.9_2,Ahafo-AnoSouthWest,Ashanti,2012,1088.7,718.7,-155.17,25.69,30.17,22.47,76.84
GHA,GHA_GHA2.9_2,Ahafo-AnoSouthWest,Ashanti,2013,968.6,653.1,-275.27,26.0,30.53,22.66,75.22
GHA,GHA_GHA2.9_2,Ahafo-AnoSouthWest,Ashanti,2014,1178.2,834.1,-65.67,25.69,30.08,22.65,78.78
GHA,GHA_GHA2.9_2,Ahafo-AnoSouthWest,Ashanti,2015,887.3,585.7,-356.57,26.12,30.81,22.7,74.04
GHA,GHA_GHA2.9_2,Ahafo-AnoSouthWest,Ashanti,2016,1054.1,707.4,-189.77,26.51,31.16,23.14,74.39
GHA,GHA_GHA2.9_2,Ahafo-AnoSouthWest,Ashanti,2017,1413.3,939.6,169.43,25.39,29.99,22.2,79.22
GHA,GHA_GHA2.9_2,Ahafo-AnoSouthWest,Ashanti,2018,1497.6,1090.0,253.73,25.24,29.72,22.02,79.77
GHA,GHA_GHA2.9_2,Ahafo-AnoSouthWest,Ashanti,2019,1941.5,1451.2,697.63,25.48,29.99,22.36,81.33
GHA,GHA_GHA2.9_2,Ahafo-AnoSouthWest,Ashanti,2020,1533.2,1027.6,289.33,25.61,30.31,22.2,77.97
GHA,GHA_GHA2.9_2,Ahafo-AnoSouthWest,Ashanti,2021,1975.5,1512.5,731.63,25.55,30.47,22.19,80.08
GHA,GHA_GHA2.9_2,Ahafo-AnoSouthWest,Ashanti,2022,1856.6,1299.2,612.73,25.2,30.45,21.64,76.64
GHA,GHA_GHA2.9_2,Ahafo-AnoSouthWest,Ashanti,2023,2176.8,1546.0,932.93,25.44,30.59,22.03,78.55
GHA,GHA_GHA2.9_2,Ahafo-AnoSouthWest,Ashanti,2024,1469.6,971.6,225.73,26.1,31.38,22.37,75.52
GHA,GHA_GHA2.9_2,Ahafo-AnoSouthWest,Ashanti,2025,1271.5,867.9,27.63,25.63,30.72,22.09,78.14
GHA,GHA_GHA2.10_2,AmansieCentral,Ashanti,2000,1042.2,786.6,-210.68,25.7,30.34,22.75,79.82
GHA,GHA_GHA2.10_2,AmansieCentral,Ashanti,2001,862.3,598.9,-390.58,25.57,30.05,22.77,80.71
GHA,GHA_GHA2.10_2,AmansieCentral,Ashanti,2002,1239.2,880.6,-13.68,25.72,30.24,22.86,81.02
GHA,GHA_GHA2.10_2,AmansieCentral,Ashanti,2003,1048.6,677.0,-204.28,25.9,30.46,23.04,81.14
GHA,GHA_GHA2.10_2,AmansieCentral,Ashanti,2004,973.2,666.3,-279.68,25.8,30.32,22.92,80.84
GHA,GHA_GHA2.10_2,AmansieCentral,Ashanti,2005,1038.0,706.5,-214.88,25.85,30.32,22.95,80.73
GHA,GHA_GHA2.10_2,AmansieCentral,Ashanti,2006,1044.0,710.1,-208.88,25.79,30.32,23.01,81.23
GHA,GHA_GHA2.10_2,AmansieCentral,Ashanti,2007,1219.5,932.0,-33.38,25.86,30.43,22.83,79.83
GHA,GHA_GHA2.10_2,AmansieCentral,Ashanti,2008,1187.4,929.3,-65.48,25.84,30.42,22.75,79.43
GHA,GHA_GHA2.10_2,AmansieCentral,Ashanti,2009,1122.3,761.1,-130.58,25.78,30.13,23.01,81.38
GHA,GHA_GHA2.10_2,AmansieCentral,Ashanti,2010,1225.1,841.3,-27.78,26.02,30.38,23.22,81.97
GHA,GHA_GHA2.10_2,AmansieCentral,Ashanti,2011,1147.2,878.5,-105.68,25.77,30.26,22.9,80.76
GHA,GHA_GHA2.10_2,AmansieCentral,Ashanti,2012,1162.5,818.3,-90.38,25.58,29.94,22.8,81.26
GHA,GHA_GHA2.10_2,AmansieCentral,Ashanti,2013,1015.4,686.1,-237.48,25.87,30.31,23.01,80.04
GHA,GHA_GHA2.10_2,AmansieCentral,Ashanti,2014,1414.4,1003.4,161.52,25.55,29.76,22.93,82.82
GHA,GHA_GHA2.10_2,AmansieCentral,Ashanti,2015,936.7,604.6,-316.18,26.07,30.62,23.08,79.05
GHA,GHA_GHA2.10_2,AmansieCentral,Ashanti,2016,1223.7,870.0,-29.18,26.38,30.92,23.48,79.69
GHA,GHA_GHA2.10_2,AmansieCentral,Ashanti,2017,1248.7,821.5,-4.18,25.87,30.5,23.07,82.28
GHA,GHA_GHA2.10_2,AmansieCentral,Ashanti,2018,1253.0,885.0,0.12,25.87,30.57,22.99,82.33
GHA,GHA_GHA2.10_2,AmansieCentral,Ashanti,2019,1655.1,1135.1,402.22,26.12,30.73,23.35,83.59
GHA,GHA_GHA2.10_2,AmansieCentral,Ashanti,2020,1325.0,920.7,72.12,26.31,31.29,23.24,80.36
GHA,GHA_GHA2.10_2,AmansieCentral,Ashanti,2021,1788.2,1363.8,535.32,26.26,31.42,23.27,81.89
GHA,GHA_GHA2.10_2,AmansieCentral,Ashanti,2022,1853.6,1219.2,600.72,25.85,31.32,22.63,80.32
GHA,GHA_GHA2.10_2,AmansieCentral,Ashanti,2023,1932.6,1308.3,679.72,26.1,31.36,23.0,81.65
GHA,GHA_GHA2.10_2,AmansieCentral,Ashanti,2024,1444.8,949.3,191.92,26.77,32.14,23.41,78.66
GHA,GHA_GHA2.10_2,AmansieCentral,Ashanti,2025,1172.3,751.7,-80.58,26.27,31.47,22.98,80.42
GHA,GHA_GHA2.11_2,AmansieSouth,Ashanti,2000,915.1,705.3,-289.39,25.91,30.59,22.89,78.52
GHA,GHA_GHA2.11_2,AmansieSouth,Ashanti,2001,801.5,538.9,-402.99,25.78,30.34,22.92,79.52
GHA,GHA_GHA2.11_2,AmansieSouth,Ashanti,2002,1141.6,819.4,-62.89,25.89,30.46,22.99,80.05
GHA,GHA_GHA2.11_2,AmansieSouth,Ashanti,2003,1013.1,631.7,-191.39,26.05,30.65,23.15,80.37
GHA,GHA_GHA2.11_2,AmansieSouth,Ashanti,2004,869.0,601.0,-335.49,25.98,30.55,23.06,79.85
GHA,GHA_GHA2.11_2,AmansieSouth,Ashanti,2005,947.1,651.3,-257.39,26.03,30.54,23.09,79.71
GHA,GHA_GHA2.11_2,AmansieSouth,Ashanti,2006,923.8,655.1,-280.69,26.01,30.64,23.16,79.99
GHA,GHA_GHA2.11_2,AmansieSouth,Ashanti,2007,1100.0,850.0,-104.49,26.05,30.65,22.97,78.7
GHA,GHA_GHA2.11_2,AmansieSouth,Ashanti,2008,1095.1,835.6,-109.39,26.01,30.62,22.88,78.3
GHA,GHA_GHA2.11_2,AmansieSouth,Ashanti,2009,1002.1,675.7,-202.39,25.98,30.39,23.16,80.33
GHA,GHA_GHA2.11_2,AmansieSouth,Ashanti,2010,1132.5,761.1,-71.99,26.18,30.6,23.35,81.21
GHA,GHA_GHA2.11_2,AmansieSouth,Ashanti,2011,1108.7,861.0,-95.79,25.91,30.43,23.0,79.97
GHA,GHA_GHA2.11_2,AmansieSouth,Ashanti,2012,1019.8,732.2,-184.69,25.75,30.16,22.93,80.3
GHA,GHA_GHA2.11_2,AmansieSouth,Ashanti,2013,967.4,656.1,-237.09,26.05,30.53,23.12,79.0
GHA,GHA_GHA2.11_2,AmansieSouth,Ashanti,2014,1285.0,950.4,80.51,25.71,29.98,23.03,81.95
GHA,GHA_GHA2.11_2,AmansieSouth,Ashanti,2015,828.0,528.5,-376.49,26.26,30.88,23.2,77.91
GHA,GHA_GHA2.11_2,AmansieSouth,Ashanti,2016,1133.4,802.6,-71.09,26.53,31.08,23.58,78.86
GHA,GHA_GHA2.11_2,AmansieSouth,Ashanti,2017,1180.9,763.0,-23.59,25.85,30.52,23.02,82.33
GHA,GHA_GHA2.11_2,AmansieSouth,Ashanti,2018,1320.8,959.9,116.31,25.83,30.57,22.95,82.47
GHA,GHA_GHA2.11_2,AmansieSouth,Ashanti,2019,1762.2,1311.6,557.71,26.08,30.73,23.28,83.58
GHA,GHA_GHA2.11_2,AmansieSouth,Ashanti,2020,1452.1,1054.0,247.61,26.28,31.28,23.15,80.28
GHA,GHA_GHA2.11_2,AmansieSouth,Ashanti,2021,1690.9,1300.2,486.41,26.21,31.36,23.19,81.94
GHA,GHA_GHA2.11_2,AmansieSouth,Ashanti,2022,1951.8,1378.4,747.31,25.82,31.35,22.56,80.21
GHA,GHA_GHA2.11_2,AmansieSouth,Ashanti,2023,2084.1,1447.0,879.61,26.1,31.48,22.97,81.22
GHA,GHA_GHA2.11_2,AmansieSouth,Ashanti,2024,1368.0,873.5,163.51,26.62,31.92,23.31,79.32
GHA,GHA_GHA2.11_2,AmansieSouth,Ashanti,2025,1222.7,821.3,18.21,26.08,31.07,22.89,81.5
GHA,GHA_GHA2.12_2,AmansieWest,Ashanti,2000,823.4,611.9,-379.31,26.03,30.69,22.9,77.34
GHA,GHA_GHA2.12_2,AmansieWest,Ashanti,2001,706.4,465.2,-496.31,26.02,30.63,23.0,77.7
GHA,GHA_GHA2.12_2,AmansieWest,Ashanti,2002,1105.2,792.2,-97.51,26.06,30.61,23.02,78.8
GHA,GHA_GHA2.12_2,AmansieWest,Ashanti,2003,942.6,613.0,-260.11,26.22,30.84,23.2,79.07
GHA,GHA_GHA2.12_2,AmansieWest,Ashanti,2004,805.7,539.6,-397.01,26.16,30.74,23.13,78.55
GHA,GHA_GHA2.12_2,AmansieWest,Ashanti,2005,910.2,633.4,-292.51,26.2,30.72,23.13,78.44
GHA,GHA_GHA2.12_2,AmansieWest,Ashanti,2006,834.6,581.2,-368.11,26.25,30.97,23.24,78.29
GHA,GHA_GHA2.12_2,AmansieWest,Ashanti,2007,1056.4,789.3,-146.31,26.21,30.82,23.01,77.31
GHA,GHA_GHA2.12_2,AmansieWest,Ashanti,2008,1101.3,839.9,-101.41,26.13,30.74,22.91,76.99
GHA,GHA_GHA2.12_2,AmansieWest,Ashanti,2009,1064.0,768.4,-138.71,26.15,30.58,23.22,79.09
GHA,GHA_GHA2.12_2,AmansieWest,Ashanti,2010,1083.0,741.4,-119.71,26.4,30.86,23.44,79.62
GHA,GHA_GHA2.12_2,AmansieWest,Ashanti,2011,928.5,705.3,-274.21,26.12,30.71,23.07,78.34
GHA,GHA_GHA2.12_2,AmansieWest,Ashanti,2012,1043.8,721.1,-158.91,25.88,30.3,22.94,79.14
GHA,GHA_GHA2.12_2,AmansieWest,Ashanti,2013,870.0,574.9,-332.71,26.22,30.72,23.14,77.54
GHA,GHA_GHA2.12_2,AmansieWest,Ashanti,2014,1233.7,873.6,30.99,25.84,30.12,23.06,81.0
GHA,GHA_GHA2.12_2,AmansieWest,Ashanti,2015,805.8,524.8,-396.91,26.41,31.06,23.22,76.28
GHA,GHA_GHA2.12_2,AmansieWest,Ashanti,2016,1068.9,751.1,-133.81,26.67,31.23,23.59,77.49
GHA,GHA_GHA2.12_2,AmansieWest,Ashanti,2017,1377.0,871.0,174.29,25.6,30.24,22.74,82.36
GHA,GHA_GHA2.12_2,AmansieWest,Ashanti,2018,1427.1,1001.9,224.39,25.54,30.2,22.65,82.6
GHA,GHA_GHA2.12_2,AmansieWest,Ashanti,2019,1837.4,1353.9,634.69,25.79,30.41,22.99,83.83
GHA,GHA_GHA2.12_2,AmansieWest,Ashanti,2020,1423.8,988.2,221.09,26.0,30.86,22.87,80.36
GHA,GHA_GHA2.12_2,AmansieWest,Ashanti,2021,1808.8,1384.7,606.09,25.88,30.91,22.87,82.37
GHA,GHA_GHA2.12_2,AmansieWest,Ashanti,2022,1860.2,1252.4,657.49,25.52,30.88,22.27,80.16
GHA,GHA_GHA2.12_2,AmansieWest,Ashanti,2023,2302.4,1589.4,1099.69,25.77,30.95,22.67,81.41
GHA,GHA_GHA2.12_2,AmansieWest,Ashanti,2024,1637.6,1054.2,434.89,26.39,31.7,23.03,78.64
GHA,GHA_GHA2.12_2,AmansieWest,Ashanti,2025,1212.7,821.8,9.99,26.04,31.27,22.7,79.59
GHA,GHA_GHA2.13_2,Asante-AkimCentral,Ashanti,2000,826.6,619.1,-301.71,26.17,30.92,22.98,77.35
GHA,GHA_GHA2.13_2,Asante-AkimCentral,Ashanti,2001,741.2,477.0,-387.11,26.25,30.97,23.11,76.96
GHA,GHA_GHA2.13_2,Asante-AkimCentral,Ashanti,2002,1099.9,797.8,-28.41,26.23,30.87,23.12,78.39
GHA,GHA_GHA2.13_2,Asante-AkimCentral,Ashanti,2003,919.2,586.2,-209.11,26.38,31.06,23.31,78.82
GHA,GHA_GHA2.13_2,Asante-AkimCentral,Ashanti,2004,808.9,556.9,-319.41,26.29,30.91,23.22,78.46
GHA,GHA_GHA2.13_2,Asante-AkimCentral,Ashanti,2005,895.6,633.4,-232.71,26.34,30.95,23.23,78.28
GHA,GHA_GHA2.13_2,Asante-AkimCentral,Ashanti,2006,813.7,536.8,-314.61,26.49,31.23,23.35,77.43
GHA,GHA_GHA2.13_2,Asante-AkimCentral,Ashanti,2007,1006.9,780.2,-121.41,26.45,31.25,23.14,76.41
GHA,GHA_GHA2.13_2,Asante-AkimCentral,Ashanti,2008,1128.0,832.0,-0.31,26.3,31.04,23.01,76.58
GHA,GHA_GHA2.13_2,Asante-AkimCentral,Ashanti,2009,1129.3,808.8,0.99,26.3,30.76,23.3,78.88
GHA,GHA_GHA2.13_2,Asante-AkimCentral,Ashanti,2010,1040.3,727.8,-88.01,26.54,31.02,23.52,79.33
GHA,GHA_GHA2.13_2,Asante-AkimCentral,Ashanti,2011,918.9,665.9,-209.41,26.3,30.96,23.18,78.07
GHA,GHA_GHA2.13_2,Asante-AkimCentral,Ashanti,2012,1109.9,739.4,-18.41,26.02,30.52,23.02,79.18
GHA,GHA_GHA2.13_2,Asante-AkimCentral,Ashanti,2013,855.8,581.1,-272.51,26.31,30.84,23.18,77.75
GHA,GHA_GHA2.13_2,Asante-AkimCentral,Ashanti,2014,1147.4,787.5,19.09,25.95,30.23,23.14,81.07
GHA,GHA_GHA2.13_2,Asante-AkimCentral,Ashanti,2015,760.3,509.3,-368.01,26.51,31.17,23.27,76.43
GHA,GHA_GHA2.13_2,Asante-AkimCentral,Ashanti,2016,1083.2,782.6,-45.11,26.79,31.46,23.65,77.7
GHA,GHA_GHA2.13_2,Asante-AkimCentral,Ashanti,2017,1189.4,808.1,61.09,26.03,30.92,22.97,79.61
GHA,GHA_GHA2.13_2,Asante-AkimCentral,Ashanti,2018,1225.9,821.5,97.59,25.97,30.82,22.84,79.61
GHA,GHA_GHA2.13_2,Asante-AkimCentral,Ashanti,2019,1673.8,1217.3,545.49,26.2,30.98,23.21,81.19
GHA,GHA_GHA2.13_2,Asante-AkimCentral,Ashanti,2020,1376.4,977.4,248.09,26.38,31.4,23.07,78.01
GHA,GHA_GHA2.13_2,Asante-AkimCentral,Ashanti,2021,1599.5,1191.9,471.19,26.36,31.6,23.11,79.31
GHA,GHA_GHA2.13_2,Asante-AkimCentral,Ashanti,2022,1601.5,1119.6,473.19,25.92,31.42,22.49,77.67
GHA,GHA_GHA2.13_2,Asante-AkimCentral,Ashanti,2023,1888.5,1316.2,760.19,26.11,31.47,22.82,79.61
GHA,GHA_GHA2.13_2,Asante-AkimCentral,Ashanti,2024,1343.8,924.1,215.49,26.89,32.42,23.29,75.71
GHA,GHA_GHA2.13_2,Asante-AkimCentral,Ashanti,2025,1152.2,827.8,23.89,26.19,31.01,22.94,79.39
GHA,GHA_GHA2.14_2,Asante-AkimNorth,Ashanti,2000,871.0,661.6,-233.58,26.73,31.79,23.25,74.48
GHA,GHA_GHA2.14_2,Asante-AkimNorth,Ashanti,2001,771.1,532.8,-333.48,26.89,31.97,23.46,73.64
GHA,GHA_GHA2.14_2,Asante-AkimNorth,Ashanti,2002,1092.0,779.5,-12.58,26.82,31.76,23.44,75.47
GHA,GHA_GHA2.14_2,Asante-AkimNorth,Ashanti,2003,968.1,643.5,-136.48,27.03,32.1,23.68,75.73
GHA,GHA_GHA2.14_2,Asante-AkimNorth,Ashanti,2004,899.6,599.5,-204.98,26.9,31.85,23.56,75.57
GHA,GHA_GHA2.14_2,Asante-AkimNorth,Ashanti,2005,959.0,661.9,-145.58,26.92,31.85,23.57,75.54
GHA,GHA_GHA2.14_2,Asante-AkimNorth,Ashanti,2006,906.2,608.1,-198.38,27.08,32.13,23.67,74.5
GHA,GHA_GHA2.14_2,Asante-AkimNorth,Ashanti,2007,994.8,775.9,-109.78,27.05,32.22,23.45,73.19
GHA,GHA_GHA2.14_2,Asante-AkimNorth,Ashanti,2008,1108.2,823.0,3.62,26.77,31.8,23.27,74.11
GHA,GHA_GHA2.14_2,Asante-AkimNorth,Ashanti,2009,1182.4,816.5,77.82,26.89,31.68,23.64,76.2
GHA,GHA_GHA2.14_2,Asante-AkimNorth,Ashanti,2010,1041.6,747.0,-62.98,27.16,31.96,23.88,76.36
GHA,GHA_GHA2.14_2,Asante-AkimNorth,Ashanti,2011,977.9,708.5,-126.68,26.87,31.83,23.47,75.16
GHA,GHA_GHA2.14_2,Asante-AkimNorth,Ashanti,2012,1176.1,815.2,71.52,26.53,31.3,23.3,76.75
GHA,GHA_GHA2.14_2,Asante-AkimNorth,Ashanti,2013,966.6,671.2,-137.98,26.83,31.66,23.46,75.16
GHA,GHA_GHA2.14_2,Asante-AkimNorth,Ashanti,2014,1174.1,799.2,69.52,26.54,31.16,23.5,78.36
GHA,GHA_GHA2.14_2,Asante-AkimNorth,Ashanti,2015,876.3,568.9,-228.28,27.03,31.98,23.52,73.59
GHA,GHA_GHA2.14_2,Asante-AkimNorth,Ashanti,2016,1211.3,884.7,106.72,27.32,32.29,23.91,74.97
GHA,GHA_GHA2.14_2,Asante-AkimNorth,Ashanti,2017,1119.5,746.9,14.92,26.51,31.74,23.12,75.38
GHA,GHA_GHA2.14_2,Asante-AkimNorth,Ashanti,2018,1096.3,795.1,-8.28,26.41,31.58,22.95,75.42
GHA,GHA_GHA2.14_2,Asante-AkimNorth,Ashanti,2019,1633.5,1279.1,528.92,26.71,31.98,23.31,76.63
GHA,GHA_GHA2.14_2,Asante-AkimNorth,Ashanti,2020,1121.4,781.6,16.82,26.68,32.07,23.07,74.66
GHA,GHA_GHA2.14_2,Asante-AkimNorth,Ashanti,2021,1481.0,1211.8,376.42,26.8,32.44,23.22,75.29
GHA,GHA_GHA2.14_2,Asante-AkimNorth,Ashanti,2022,1290.6,948.8,186.02,26.29,32.11,22.61,73.43
GHA,GHA_GHA2.14_2,Asante-AkimNorth,Ashanti,2023,1564.6,1130.2,460.02,26.62,32.35,23.06,74.86
GHA,GHA_GHA2.14_2,Asante-AkimNorth,Ashanti,2024,1291.6,884.7,187.02,27.26,32.97,23.45,72.11
GHA,GHA_GHA2.14_2,Asante-AkimNorth,Ashanti,2025,944.3,667.2,-160.28,26.71,31.64,23.26,75.15
GHA,GHA_GHA2.15_2,Asante-AkimSouth,Ashanti,2000,897.3,697.2,-255.85,25.96,30.78,22.77,77.54
GHA,GHA_GHA2.15_2,Asante-AkimSouth,Ashanti,2001,805.2,553.7,-347.95,26.0,30.77,22.89,77.29
GHA,GHA_GHA2.15_2,Asante-AkimSouth,Ashanti,2002,1099.7,804.3,-53.45,26.0,30.71,22.89,78.57
GHA,GHA_GHA2.15_2,Asante-AkimSouth,Ashanti,2003,972.5,645.4,-180.65,26.2,30.98,23.12,78.71
GHA,GHA_GHA2.15_2,Asante-AkimSouth,Ashanti,2004,824.4,568.7,-328.75,26.1,30.82,23.02,78.33
GHA,GHA_GHA2.15_2,Asante-AkimSouth,Ashanti,2005,937.3,674.3,-215.85,26.15,30.85,23.04,78.18
GHA,GHA_GHA2.15_2,Asante-AkimSouth,Ashanti,2006,896.8,614.7,-256.35,26.28,31.08,23.15,77.48
GHA,GHA_GHA2.15_2,Asante-AkimSouth,Ashanti,2007,1024.7,816.3,-128.45,26.24,31.12,22.92,76.55
GHA,GHA_GHA2.15_2,Asante-AkimSouth,Ashanti,2008,1120.2,855.5,-32.95,26.11,30.96,22.8,76.66
GHA,GHA_GHA2.15_2,Asante-AkimSouth,Ashanti,2009,1173.6,823.1,20.45,26.12,30.68,23.11,78.71
GHA,GHA_GHA2.15_2,Asante-AkimSouth,Ashanti,2010,1064.0,762.7,-89.15,26.33,30.89,23.3,79.32
GHA,GHA_GHA2.15_2,Asante-AkimSouth,Ashanti,2011,978.4,732.3,-174.75,26.12,30.87,22.98,77.99
GHA,GHA_GHA2.15_2,Asante-AkimSouth,Ashanti,2012,1151.4,798.4,-1.75,25.83,30.4,22.83,79.21
GHA,GHA_GHA2.15_2,Asante-AkimSouth,Ashanti,2013,931.5,649.1,-221.65,26.12,30.73,22.99,77.73
GHA,GHA_GHA2.15_2,Asante-AkimSouth,Ashanti,2014,1194.8,837.5,41.65,25.71,30.03,22.93,81.32
GHA,GHA_GHA2.15_2,Asante-AkimSouth,Ashanti,2015,819.1,552.9,-334.05,26.3,31.01,23.07,76.59
GHA,GHA_GHA2.15_2,Asante-AkimSouth,Ashanti,2016,1224.8,913.7,71.65,26.56,31.3,23.45,78.03
GHA,GHA_GHA2.15_2,Asante-AkimSouth,Ashanti,2017,1087.6,731.8,-65.55,25.87,30.88,22.79,80.69
GHA,GHA_GHA2.15_2,Asante-AkimSouth,Ashanti,2018,1248.2,885.4,95.05,25.84,30.83,22.68,80.64
GHA,GHA_GHA2.15_2,Asante-AkimSouth,Ashanti,2019,1729.8,1248.3,576.65,26.07,30.98,23.04,82.19
GHA,GHA_GHA2.15_2,Asante-AkimSouth,Ashanti,2020,1344.8,959.4,191.65,26.23,31.38,22.92,79.15
GHA,GHA_GHA2.15_2,Asante-AkimSouth,Ashanti,2021,1504.0,1186.9,350.85,26.22,31.58,22.96,80.26
GHA,GHA_GHA2.15_2,Asante-AkimSouth,Ashanti,2022,1537.5,1122.7,384.35,25.78,31.42,22.34,78.85
GHA,GHA_GHA2.15_2,Asante-AkimSouth,Ashanti,2023,1814.5,1336.3,661.35,25.96,31.46,22.67,80.63
GHA,GHA_GHA2.15_2,Asante-AkimSouth,Ashanti,2024,1380.0,957.4,226.85,26.74,32.43,23.12,76.8
GHA,GHA_GHA2.15_2,Asante-AkimSouth,Ashanti,2025,1219.9,848.1,66.75,26.15,31.17,22.85,79.62
GHA,GHA_GHA2.16_2,Asokore-Mampong,Ashanti,2000,803.6,586.2,-362.52,25.7,30.36,22.45,76.46
GHA,GHA_GHA2.16_2,Asokore-Mampong,Ashanti,2001,722.0,433.9,-444.12,25.83,30.54,22.62,75.84
GHA,GHA_GHA2.16_2,Asokore-Mampong,Ashanti,2002,1138.3,800.3,-27.82,25.78,30.35,22.62,77.66
GHA,GHA_GHA2.16_2,Asokore-Mampong,Ashanti,2003,983.0,620.7,-183.12,25.9,30.51,22.79,78.14
GHA,GHA_GHA2.16_2,Asokore-Mampong,Ashanti,2004,882.6,602.2,-283.52,25.89,30.48,22.75,77.43
GHA,GHA_GHA2.16_2,Asokore-Mampong,Ashanti,2005,931.9,654.8,-234.22,25.99,30.63,22.79,76.67
GHA,GHA_GHA2.16_2,Asokore-Mampong,Ashanti,2006,823.7,559.0,-342.42,26.12,30.94,22.9,76.12
GHA,GHA_GHA2.16_2,Asokore-Mampong,Ashanti,2007,1019.8,757.3,-146.32,26.0,30.71,22.65,75.52
GHA,GHA_GHA2.16_2,Asokore-Mampong,Ashanti,2008,1117.8,812.0,-48.32,25.82,30.48,22.51,75.71
GHA,GHA_GHA2.16_2,Asokore-Mampong,Ashanti,2009,1217.2,869.9,51.08,25.87,30.31,22.82,78.07
GHA,GHA_GHA2.16_2,Asokore-Mampong,Ashanti,2010,1075.5,752.3,-90.62,26.14,30.63,23.07,78.34
GHA,GHA_GHA2.16_2,Asokore-Mampong,Ashanti,2011,933.3,665.8,-232.82,25.87,30.49,22.68,77.0
GHA,GHA_GHA2.16_2,Asokore-Mampong,Ashanti,2012,1111.0,714.8,-55.12,25.6,30.06,22.53,77.93
GHA,GHA_GHA2.16_2,Asokore-Mampong,Ashanti,2013,893.8,613.0,-272.32,25.94,30.48,22.73,76.27
GHA,GHA_GHA2.16_2,Asokore-Mampong,Ashanti,2014,1149.4,769.3,-16.72,25.58,29.91,22.68,79.74
GHA,GHA_GHA2.16_2,Asokore-Mampong,Ashanti,2015,846.8,549.2,-319.32,26.13,30.81,22.8,74.85
GHA,GHA_GHA2.16_2,Asokore-Mampong,Ashanti,2016,1071.1,737.1,-95.02,26.41,31.02,23.17,76.11
GHA,GHA_GHA2.16_2,Asokore-Mampong,Ashanti,2017,1245.6,811.5,79.48,25.59,30.55,22.47,80.57
GHA,GHA_GHA2.16_2,Asokore-Mampong,Ashanti,2018,1315.3,869.7,149.18,25.48,30.34,22.32,80.91
GHA,GHA_GHA2.16_2,Asokore-Mampong,Ashanti,2019,1686.2,1327.9,520.08,25.75,30.61,22.71,82.27
GHA,GHA_GHA2.16_2,Asokore-Mampong,Ashanti,2020,1335.4,838.3,169.28,25.95,31.05,22.57,78.59
GHA,GHA_GHA2.16_2,Asokore-Mampong,Ashanti,2021,1738.4,1366.5,572.28,25.9,31.25,22.59,80.59
GHA,GHA_GHA2.16_2,Asokore-Mampong,Ashanti,2022,1708.2,1143.0,542.08,25.49,31.14,21.96,77.95
GHA,GHA_GHA2.16_2,Asokore-Mampong,Ashanti,2023,1986.0,1341.6,819.88,25.69,31.25,22.32,79.81
GHA,GHA_GHA2.16_2,Asokore-Mampong,Ashanti,2024,1464.3,984.1,298.18,26.47,31.92,22.84,76.32
GHA,GHA_GHA2.16_2,Asokore-Mampong,Ashanti,2025,1118.9,812.8,-47.22,26.33,31.33,22.88,76.7
GHA,GHA_GHA2.17_2,Asokwa,Ashanti,2000,803.6,586.2,-352.05,25.68,30.34,22.49,76.83
GHA,GHA_GHA2.17_2,Asokwa,Ashanti,2001,722.0,433.9,-433.65,25.76,30.43,22.63,76.47
GHA,GHA_GHA2.17_2,Asokwa,Ashanti,2002,1138.3,800.3,-17.35,25.75,30.31,22.63,77.96
GHA,GHA_GHA2.17_2,Asokwa,Ashanti,2003,983.0,620.7,-172.65,25.89,30.5,22.81,78.27
GHA,GHA_GHA2.17_2,Asokwa,Ashanti,2004,882.6,602.2,-273.05,25.87,30.47,22.78,77.61
GHA,GHA_GHA2.17_2,Asokwa,Ashanti,2005,931.9,654.8,-223.75,25.97,30.59,22.8,77.05
GHA,GHA_GHA2.17_2,Asokwa,Ashanti,2006,823.7,559.0,-331.95,26.05,30.84,22.91,76.77
GHA,GHA_GHA2.17_2,Asokwa,Ashanti,2007,1019.8,757.3,-135.85,25.95,30.62,22.64,76.14
GHA,GHA_GHA2.17_2,Asokwa,Ashanti,2008,1117.8,812.0,-37.85,25.81,30.48,22.52,76.16
GHA,GHA_GHA2.17_2,Asokwa,Ashanti,2009,1217.2,869.9,61.55,25.85,30.29,22.83,78.25
GHA,GHA_GHA2.17_2,Asokwa,Ashanti,2010,1075.5,752.3,-80.15,26.1,30.58,23.07,78.64
GHA,GHA_GHA2.17_2,Asokwa,Ashanti,2011,933.3,665.8,-222.35,25.86,30.48,22.71,77.21
GHA,GHA_GHA2.17_2,Asokwa,Ashanti,2012,1111.0,714.8,-44.65,25.58,30.04,22.56,78.24
GHA,GHA_GHA2.17_2,Asokwa,Ashanti,2013,893.8,613.0,-261.85,25.92,30.47,22.76,76.59
GHA,GHA_GHA2.17_2,Asokwa,Ashanti,2014,1149.4,769.3,-6.25,25.56,29.88,22.7,79.93
GHA,GHA_GHA2.17_2,Asokwa,Ashanti,2015,846.8,549.2,-308.85,26.14,30.82,22.85,75.18
GHA,GHA_GHA2.17_2,Asokwa,Ashanti,2016,1071.1,737.1,-84.55,26.39,31.01,23.21,76.45
GHA,GHA_GHA2.17_2,Asokwa,Ashanti,2017,1392.8,903.0,237.15,25.85,30.82,22.64,79.95
GHA,GHA_GHA2.17_2,Asokwa,Ashanti,2018,1300.6,841.6,144.95,25.77,30.7,22.5,80.18
GHA,GHA_GHA2.17_2,Asokwa,Ashanti,2019,1635.0,1213.3,479.35,26.0,30.89,22.86,81.77
GHA,GHA_GHA2.17_2,Asokwa,Ashanti,2020,1273.2,798.6,117.55,26.19,31.38,22.69,78.19
GHA,GHA_GHA2.17_2,Asokwa,Ashanti,2021,1697.8,1318.6,542.15,26.19,31.58,22.76,79.81
GHA,GHA_GHA2.17_2,Asokwa,Ashanti,2022,1600.3,1086.1,444.65,25.76,31.47,22.06,77.41
GHA,GHA_GHA2.17_2,Asokwa,Ashanti,2023,1885.5,1285.4,729.85,25.97,31.57,22.4,79.28
GHA,GHA_GHA2.17_2,Asokwa,Ashanti,2024,1374.3,922.2,218.65,26.7,32.26,22.95,76.08
GHA,GHA_GHA2.17_2,Asokwa,Ashanti,2025,1166.5,850.4,10.85,26.51,31.64,23.02,76.9
GHA,GHA_GHA2.18_2,Atwima-Kwanwoma,Ashanti,2000,823.4,611.9,-323.69,25.59,30.29,22.37,76.45
GHA,GHA_GHA2.18_2,Atwima-Kwanwoma,Ashanti,2001,706.4,465.2,-440.69,25.68,30.41,22.52,76.06
GHA,GHA_GHA2.18_2,Atwima-Kwanwoma,Ashanti,2002,1105.2,792.2,-41.89,25.66,30.27,22.52,77.64
GHA,GHA_GHA2.18_2,Atwima-Kwanwoma,Ashanti,2003,942.6,613.0,-204.49,25.84,30.52,22.72,77.69
GHA,GHA_GHA2.18_2,Atwima-Kwanwoma,Ashanti,2004,805.7,539.6,-341.39,25.81,30.48,22.68,77.1
GHA,GHA_GHA2.18_2,Atwima-Kwanwoma,Ashanti,2005,910.2,633.4,-236.89,25.91,30.6,22.69,76.48
GHA,GHA_GHA2.18_2,Atwima-Kwanwoma,Ashanti,2006,834.6,581.2,-312.49,25.99,30.87,22.8,76.25
GHA,GHA_GHA2.18_2,Atwima-Kwanwoma,Ashanti,2007,1056.4,789.3,-90.69,25.86,30.57,22.53,75.81
GHA,GHA_GHA2.18_2,Atwima-Kwanwoma,Ashanti,2008,1101.3,839.9,-45.79,25.72,30.43,22.42,75.78
GHA,GHA_GHA2.18_2,Atwima-Kwanwoma,Ashanti,2009,1064.0,768.4,-83.09,25.8,30.31,22.73,77.72
GHA,GHA_GHA2.18_2,Atwima-Kwanwoma,Ashanti,2010,1083.0,741.4,-64.09,26.04,30.58,22.98,78.17
GHA,GHA_GHA2.18_2,Atwima-Kwanwoma,Ashanti,2011,928.5,705.3,-218.59,25.8,30.48,22.61,76.69
GHA,GHA_GHA2.18_2,Atwima-Kwanwoma,Ashanti,2012,1043.8,721.1,-103.29,25.51,30.02,22.45,77.81
GHA,GHA_GHA2.18_2,Atwima-Kwanwoma,Ashanti,2013,870.0,574.9,-277.09,25.87,30.49,22.66,76.03
GHA,GHA_GHA2.18_2,Atwima-Kwanwoma,Ashanti,2014,1233.7,873.6,86.61,25.47,29.84,22.59,79.62
GHA,GHA_GHA2.18_2,Atwima-Kwanwoma,Ashanti,2015,805.8,524.8,-341.29,26.08,30.83,22.75,74.56
GHA,GHA_GHA2.18_2,Atwima-Kwanwoma,Ashanti,2016,1068.9,751.1,-78.19,26.32,30.97,23.1,76.02
GHA,GHA_GHA2.18_2,Atwima-Kwanwoma,Ashanti,2017,1275.7,800.9,128.61,25.86,30.53,22.9,80.11
GHA,GHA_GHA2.18_2,Atwima-Kwanwoma,Ashanti,2018,1322.2,910.6,175.11,25.78,30.41,22.79,80.37
GHA,GHA_GHA2.18_2,Atwima-Kwanwoma,Ashanti,2019,1688.2,1212.6,541.11,26.0,30.61,23.11,81.94
GHA,GHA_GHA2.18_2,Atwima-Kwanwoma,Ashanti,2020,1292.9,832.2,145.81,26.18,31.1,22.96,78.44
GHA,GHA_GHA2.18_2,Atwima-Kwanwoma,Ashanti,2021,1704.0,1325.3,556.91,26.16,31.26,23.02,80.05
GHA,GHA_GHA2.18_2,Atwima-Kwanwoma,Ashanti,2022,1658.3,1136.2,511.21,25.76,31.14,22.41,77.89
GHA,GHA_GHA2.18_2,Atwima-Kwanwoma,Ashanti,2023,1971.5,1348.1,824.41,25.98,31.18,22.74,79.45
GHA,GHA_GHA2.18_2,Atwima-Kwanwoma,Ashanti,2024,1397.3,986.7,250.21,26.62,31.94,23.15,76.66
GHA,GHA_GHA2.18_2,Atwima-Kwanwoma,Ashanti,2025,1130.8,799.1,-16.29,26.52,31.76,23.04,76.4
GHA,GHA_GHA2.19_2,Atwima-Mponua,Ashanti,2000,928.3,686.6,-318.25,25.91,30.55,22.7,76.87
GHA,GHA_GHA2.19_2,Atwima-Mponua,Ashanti,2001,779.4,496.7,-467.15,25.91,30.49,22.82,77.21
GHA,GHA_GHA2.19_2,Atwima-Mponua,Ashanti,2002,1147.1,825.7,-99.45,25.94,30.48,22.81,78.34
GHA,GHA_GHA2.19_2,Atwima-Mponua,Ashanti,2003,1146.2,711.9,-100.35,26.02,30.6,22.96,79.22
GHA,GHA_GHA2.19_2,Atwima-Mponua,Ashanti,2004,862.2,591.0,-384.35,25.99,30.55,22.9,78.46
GHA,GHA_GHA2.19_2,Atwima-Mponua,Ashanti,2005,965.0,652.4,-281.55,26.01,30.48,22.91,78.41
GHA,GHA_GHA2.19_2,Atwima-Mponua,Ashanti,2006,898.5,635.2,-348.05,26.13,30.83,23.05,78.0
GHA,GHA_GHA2.19_2,Atwima-Mponua,Ashanti,2007,1114.2,838.8,-132.35,26.09,30.69,22.81,76.89
GHA,GHA_GHA2.19_2,Atwima-Mponua,Ashanti,2008,1184.8,881.4,-61.75,25.97,30.58,22.68,76.64
GHA,GHA_GHA2.19_2,Atwima-Mponua,Ashanti,2009,1054.0,675.0,-192.55,25.96,30.35,22.99,79.2
GHA,GHA_GHA2.19_2,Atwima-Mponua,Ashanti,2010,1175.4,808.6,-71.15,26.23,30.67,23.21,79.57
GHA,GHA_GHA2.19_2,Atwima-Mponua,Ashanti,2011,1160.3,900.2,-86.25,25.95,30.51,22.83,78.28
GHA,GHA_GHA2.19_2,Atwima-Mponua,Ashanti,2012,1089.8,753.4,-156.75,25.72,30.11,22.73,78.98
GHA,GHA_GHA2.19_2,Atwima-Mponua,Ashanti,2013,974.9,645.1,-271.65,26.03,30.5,22.9,77.46
GHA,GHA_GHA2.19_2,Atwima-Mponua,Ashanti,2014,1403.6,1060.9,157.05,25.7,29.97,22.84,80.74
GHA,GHA_GHA2.19_2,Atwima-Mponua,Ashanti,2015,891.6,593.7,-354.95,26.24,30.85,23.01,76.1
GHA,GHA_GHA2.19_2,Atwima-Mponua,Ashanti,2016,1145.7,786.2,-100.85,26.49,31.02,23.35,77.28
GHA,GHA_GHA2.19_2,Atwima-Mponua,Ashanti,2017,1307.8,860.2,61.25,25.91,30.62,22.87,80.07
GHA,GHA_GHA2.19_2,Atwima-Mponua,Ashanti,2018,1372.1,972.7,125.55,25.83,30.53,22.77,80.42
GHA,GHA_GHA2.19_2,Atwima-Mponua,Ashanti,2019,1914.2,1485.3,667.65,26.0,30.57,23.06,82.26
GHA,GHA_GHA2.19_2,Atwima-Mponua,Ashanti,2020,1288.9,891.3,42.35,26.17,31.05,22.89,78.76
GHA,GHA_GHA2.19_2,Atwima-Mponua,Ashanti,2021,1904.7,1459.3,658.15,26.1,31.11,22.89,80.67
GHA,GHA_GHA2.19_2,Atwima-Mponua,Ashanti,2022,1872.7,1287.2,626.15,25.7,31.1,22.25,78.26
GHA,GHA_GHA2.19_2,Atwima-Mponua,Ashanti,2023,2097.1,1395.0,850.55,25.88,31.11,22.58,80.05
GHA,GHA_GHA2.19_2,Atwima-Mponua,Ashanti,2024,1395.0,956.2,148.45,26.58,31.99,23.02,76.96
GHA,GHA_GHA2.19_2,Atwima-Mponua,Ashanti,2025,1336.8,908.5,90.25,25.99,31.31,22.57,80.13
GHA,GHA_GHA2.20_2,Atwima-NwabiagyaNorth,Ashanti,2000,712.3,519.8,-379.39,25.98,30.7,22.56,75.23
GHA,GHA_GHA2.20_2,Atwima-NwabiagyaNorth,Ashanti,2001,626.9,380.4,-464.79,26.21,31.01,22.78,74.15
GHA,GHA_GHA2.20_2,Atwima-NwabiagyaNorth,Ashanti,2002,1034.4,725.5,-57.29,26.07,30.71,22.76,76.6
GHA,GHA_GHA2.20_2,Atwima-NwabiagyaNorth,Ashanti,2003,909.2,604.8,-182.49,26.18,30.84,22.9,77.16
GHA,GHA_GHA2.20_2,Atwima-NwabiagyaNorth,Ashanti,2004,760.9,509.8,-330.79,26.17,30.8,22.87,76.4
GHA,GHA_GHA2.20_2,Atwima-NwabiagyaNorth,Ashanti,2005,852.4,606.9,-239.29,26.27,30.95,22.93,75.53
GHA,GHA_GHA2.20_2,Atwima-NwabiagyaNorth,Ashanti,2006,741.9,534.2,-349.79,26.53,31.43,23.07,74.31
GHA,GHA_GHA2.20_2,Atwima-NwabiagyaNorth,Ashanti,2007,953.9,706.4,-137.79,26.38,31.19,22.83,73.86
GHA,GHA_GHA2.20_2,Atwima-NwabiagyaNorth,Ashanti,2008,1024.8,759.3,-66.89,26.1,30.79,22.64,74.4
GHA,GHA_GHA2.20_2,Atwima-NwabiagyaNorth,Ashanti,2009,1089.3,793.8,-2.39,26.14,30.62,22.93,77.29
GHA,GHA_GHA2.20_2,Atwima-NwabiagyaNorth,Ashanti,2010,1002.1,684.6,-89.59,26.43,30.96,23.19,77.41
GHA,GHA_GHA2.20_2,Atwima-NwabiagyaNorth,Ashanti,2011,862.2,644.5,-229.49,26.12,30.8,22.76,76.1
GHA,GHA_GHA2.20_2,Atwima-NwabiagyaNorth,Ashanti,2012,972.3,637.6,-119.39,25.88,30.4,22.63,76.76
GHA,GHA_GHA2.20_2,Atwima-NwabiagyaNorth,Ashanti,2013,804.2,544.5,-287.49,26.24,30.83,22.85,74.93
GHA,GHA_GHA2.20_2,Atwima-NwabiagyaNorth,Ashanti,2014,1094.8,759.1,3.11,25.85,30.26,22.79,78.91
GHA,GHA_GHA2.20_2,Atwima-NwabiagyaNorth,Ashanti,2015,776.9,501.7,-314.79,26.39,31.08,22.92,73.66
GHA,GHA_GHA2.20_2,Atwima-NwabiagyaNorth,Ashanti,2016,994.4,684.1,-97.29,26.69,31.32,23.3,74.9
GHA,GHA_GHA2.20_2,Atwima-NwabiagyaNorth,Ashanti,2017,1092.0,723.7,0.31,26.07,31.08,22.83,78.62
GHA,GHA_GHA2.20_2,Atwima-NwabiagyaNorth,Ashanti,2018,1229.3,839.7,137.61,25.92,30.84,22.61,79.06
GHA,GHA_GHA2.20_2,Atwima-NwabiagyaNorth,Ashanti,2019,1711.2,1312.4,619.51,26.16,31.08,23.0,80.69
GHA,GHA_GHA2.20_2,Atwima-NwabiagyaNorth,Ashanti,2020,1397.2,881.8,305.51,26.32,31.42,22.85,77.06
GHA,GHA_GHA2.20_2,Atwima-NwabiagyaNorth,Ashanti,2021,1756.9,1335.7,665.21,26.3,31.64,22.92,79.16
GHA,GHA_GHA2.20_2,Atwima-NwabiagyaNorth,Ashanti,2022,1635.4,1135.1,543.71,25.84,31.5,22.21,76.45
GHA,GHA_GHA2.20_2,Atwima-NwabiagyaNorth,Ashanti,2023,1923.3,1255.8,831.61,26.01,31.58,22.54,78.52
GHA,GHA_GHA2.20_2,Atwima-NwabiagyaNorth,Ashanti,2024,1349.4,930.9,257.71,26.71,32.17,23.0,75.33
GHA,GHA_GHA2.20_2,Atwima-NwabiagyaNorth,Ashanti,2025,1076.3,804.1,-15.39,26.71,31.94,23.06,75.2
GHA,GHA_GHA2.21_2,Atwima-NwabiagyaSouth,Ashanti,2000,712.3,519.8,-386.71,26.1,30.78,22.82,76.14
GHA,GHA_GHA2.21_2,Atwima-NwabiagyaSouth,Ashanti,2001,626.9,380.4,-472.11,26.2,30.92,22.98,75.74
GHA,GHA_GHA2.21_2,Atwima-NwabiagyaSouth,Ashanti,2002,1034.4,725.5,-64.61,26.15,30.74,22.97,77.56
GHA,GHA_GHA2.21_2,Atwima-NwabiagyaSouth,Ashanti,2003,909.2,604.8,-189.81,26.31,30.98,23.15,77.82
GHA,GHA_GHA2.21_2,Atwima-NwabiagyaSouth,Ashanti,2004,760.9,509.8,-338.11,26.28,30.92,23.11,77.19
GHA,GHA_GHA2.21_2,Atwima-NwabiagyaSouth,Ashanti,2005,852.4,606.9,-246.61,26.35,30.98,23.12,76.73
GHA,GHA_GHA2.21_2,Atwima-NwabiagyaSouth,Ashanti,2006,741.9,534.2,-357.11,26.5,31.36,23.27,76.04
GHA,GHA_GHA2.21_2,Atwima-NwabiagyaSouth,Ashanti,2007,953.9,706.4,-145.11,26.37,31.09,23.0,75.5
GHA,GHA_GHA2.21_2,Atwima-NwabiagyaSouth,Ashanti,2008,1024.8,759.3,-74.21,26.2,30.88,22.85,75.57
GHA,GHA_GHA2.21_2,Atwima-NwabiagyaSouth,Ashanti,2009,1089.3,793.8,-9.71,26.26,30.73,23.17,77.89
GHA,GHA_GHA2.21_2,Atwima-NwabiagyaSouth,Ashanti,2010,1002.1,684.6,-96.91,26.53,31.04,23.42,78.2
GHA,GHA_GHA2.21_2,Atwima-NwabiagyaSouth,Ashanti,2011,862.2,644.5,-236.81,26.25,30.92,23.03,76.8
GHA,GHA_GHA2.21_2,Atwima-NwabiagyaSouth,Ashanti,2012,972.3,637.6,-126.71,25.98,30.48,22.88,77.76
GHA,GHA_GHA2.21_2,Atwima-NwabiagyaSouth,Ashanti,2013,804.2,544.5,-294.81,26.34,30.92,23.1,76.01
GHA,GHA_GHA2.21_2,Atwima-NwabiagyaSouth,Ashanti,2014,1094.8,759.1,-4.21,25.94,30.29,23.02,79.74
GHA,GHA_GHA2.21_2,Atwima-NwabiagyaSouth,Ashanti,2015,776.9,501.7,-322.11,26.52,31.23,23.17,74.64
GHA,GHA_GHA2.21_2,Atwima-NwabiagyaSouth,Ashanti,2016,994.4,684.1,-104.61,26.78,31.39,23.53,75.93
GHA,GHA_GHA2.21_2,Atwima-NwabiagyaSouth,Ashanti,2017,1270.6,801.9,171.59,26.22,31.04,23.11,78.55
GHA,GHA_GHA2.21_2,Atwima-NwabiagyaSouth,Ashanti,2018,1315.5,872.9,216.49,26.1,30.87,22.95,78.85
GHA,GHA_GHA2.21_2,Atwima-NwabiagyaSouth,Ashanti,2019,1672.4,1244.6,573.39,26.32,31.02,23.27,80.56
GHA,GHA_GHA2.21_2,Atwima-NwabiagyaSouth,Ashanti,2020,1390.0,830.8,290.99,26.47,31.45,23.12,77.09
GHA,GHA_GHA2.21_2,Atwima-NwabiagyaSouth,Ashanti,2021,1706.4,1279.3,607.39,26.45,31.61,23.17,78.94
GHA,GHA_GHA2.21_2,Atwima-NwabiagyaSouth,Ashanti,2022,1709.1,1215.6,610.09,26.03,31.51,22.51,76.32
GHA,GHA_GHA2.21_2,Atwima-NwabiagyaSouth,Ashanti,2023,1901.2,1235.6,802.19,26.23,31.52,22.85,78.3
GHA,GHA_GHA2.21_2,Atwima-NwabiagyaSouth,Ashanti,2024,1289.8,867.9,190.79,27.05,32.46,23.41,74.51
GHA,GHA_GHA2.21_2,Atwima-NwabiagyaSouth,Ashanti,2025,1106.4,744.2,7.39,26.92,32.21,23.31,74.81
GHA,GHA_GHA2.22_2,Bekwai,Ashanti,2000,923.1,687.6,-301.46,25.67,30.22,22.69,79.36
GHA,GHA_GHA2.22_2,Bekwai,Ashanti,2001,813.4,520.8,-411.16,25.62,30.09,22.77,79.75
GHA,GHA_GHA2.22_2,Bekwai,Ashanti,2002,1227.4,875.6,2.84,25.72,30.18,22.82,80.39
GHA,GHA_GHA2.22_2,Bekwai,Ashanti,2003,1012.6,636.0,-211.96,25.87,30.34,23.0,80.71
GHA,GHA_GHA2.22_2,Bekwai,Ashanti,2004,945.3,646.9,-279.26,25.79,30.24,22.91,80.35
GHA,GHA_GHA2.22_2,Bekwai,Ashanti,2005,989.1,685.8,-235.46,25.85,30.27,22.93,80.2
GHA,GHA_GHA2.22_2,Bekwai,Ashanti,2006,921.7,608.7,-302.86,25.85,30.38,23.0,80.29
GHA,GHA_GHA2.22_2,Bekwai,Ashanti,2007,1133.2,852.8,-91.36,25.87,30.4,22.79,79.09
GHA,GHA_GHA2.22_2,Bekwai,Ashanti,2008,1199.6,895.3,-24.96,25.8,30.35,22.71,78.85
GHA,GHA_GHA2.22_2,Bekwai,Ashanti,2009,1206.5,855.9,-18.06,25.8,30.09,23.0,80.83
GHA,GHA_GHA2.22_2,Bekwai,Ashanti,2010,1165.9,810.5,-58.66,26.06,30.39,23.22,81.18
GHA,GHA_GHA2.22_2,Bekwai,Ashanti,2011,1018.4,738.1,-206.16,25.8,30.26,22.89,79.97
GHA,GHA_GHA2.22_2,Bekwai,Ashanti,2012,1192.6,804.4,-31.96,25.59,29.91,22.77,80.58
GHA,GHA_GHA2.22_2,Bekwai,Ashanti,2013,957.8,641.9,-266.76,25.87,30.26,22.94,79.35
GHA,GHA_GHA2.22_2,Bekwai,Ashanti,2014,1278.7,869.6,54.14,25.56,29.73,22.88,82.26
GHA,GHA_GHA2.22_2,Bekwai,Ashanti,2015,877.0,578.2,-347.56,26.07,30.59,23.02,78.26
GHA,GHA_GHA2.22_2,Bekwai,Ashanti,2016,1148.9,812.3,-75.66,26.39,30.91,23.41,78.98
GHA,GHA_GHA2.22_2,Bekwai,Ashanti,2017,1318.8,851.6,94.24,25.48,30.45,22.52,82.76
GHA,GHA_GHA2.22_2,Bekwai,Ashanti,2018,1420.5,1020.4,195.94,25.43,30.45,22.4,82.92
GHA,GHA_GHA2.22_2,Bekwai,Ashanti,2019,1709.7,1209.5,485.14,25.7,30.65,22.79,84.21
GHA,GHA_GHA2.22_2,Bekwai,Ashanti,2020,1343.1,932.5,118.54,25.88,31.17,22.65,80.9
GHA,GHA_GHA2.22_2,Bekwai,Ashanti,2021,1734.0,1316.2,509.44,25.83,31.33,22.67,82.5
GHA,GHA_GHA2.22_2,Bekwai,Ashanti,2022,1777.1,1218.7,552.54,25.4,31.2,22.01,80.71
GHA,GHA_GHA2.22_2,Bekwai,Ashanti,2023,1929.6,1356.4,705.04,25.69,31.32,22.43,82.07
GHA,GHA_GHA2.22_2,Bekwai,Ashanti,2024,1420.4,963.0,195.84,26.35,31.94,22.88,79.04
GHA,GHA_GHA2.22_2,Bekwai,Ashanti,2025,1174.1,809.4,-50.46,26.23,31.29,22.91,78.82
GHA,GHA_GHA2.23_2,BosomeFreho,Ashanti,2000,950.2,706.7,-249.43,25.76,30.39,22.75,78.99
GHA,GHA_GHA2.23_2,BosomeFreho,Ashanti,2001,802.6,546.1,-397.03,25.71,30.23,22.82,79.35
GHA,GHA_GHA2.23_2,BosomeFreho,Ashanti,2002,1146.4,829.8,-53.23,25.81,30.3,22.86,79.91
GHA,GHA_GHA2.23_2,BosomeFreho,Ashanti,2003,958.1,627.5,-241.53,25.95,30.44,23.04,80.36
GHA,GHA_GHA2.23_2,BosomeFreho,Ashanti,2004,845.8,589.9,-353.83,25.88,30.38,22.95,79.84
GHA,GHA_GHA2.23_2,BosomeFreho,Ashanti,2005,917.2,640.6,-282.43,25.95,30.41,22.99,79.66
GHA,GHA_GHA2.23_2,BosomeFreho,Ashanti,2006,954.2,615.6,-245.43,25.96,30.5,23.08,79.73
GHA,GHA_GHA2.23_2,BosomeFreho,Ashanti,2007,1057.0,825.3,-142.63,26.0,30.61,22.86,78.39
GHA,GHA_GHA2.23_2,BosomeFreho,Ashanti,2008,1196.2,902.7,-3.43,25.93,30.58,22.77,78.25
GHA,GHA_GHA2.23_2,BosomeFreho,Ashanti,2009,1107.7,760.7,-91.93,25.91,30.24,23.07,80.21
GHA,GHA_GHA2.23_2,BosomeFreho,Ashanti,2010,1089.2,744.6,-110.43,26.14,30.51,23.25,80.67
GHA,GHA_GHA2.23_2,BosomeFreho,Ashanti,2011,1015.7,762.7,-183.93,25.91,30.4,22.93,79.49
GHA,GHA_GHA2.23_2,BosomeFreho,Ashanti,2012,1099.5,740.4,-100.13,25.68,30.05,22.82,80.24
GHA,GHA_GHA2.23_2,BosomeFreho,Ashanti,2013,911.6,619.0,-288.03,25.95,30.37,23.0,79.1
GHA,GHA_GHA2.23_2,BosomeFreho,Ashanti,2014,1251.8,890.3,52.17,25.61,29.78,22.91,82.07
GHA,GHA_GHA2.23_2,BosomeFreho,Ashanti,2015,784.6,529.1,-415.03,26.11,30.62,23.06,78.2
GHA,GHA_GHA2.23_2,BosomeFreho,Ashanti,2016,1204.4,874.2,4.77,26.4,30.96,23.44,79.18
GHA,GHA_GHA2.23_2,BosomeFreho,Ashanti,2017,1432.3,954.3,232.67,25.54,30.12,22.63,81.95
GHA,GHA_GHA2.23_2,BosomeFreho,Ashanti,2018,1334.2,925.0,134.57,25.52,30.19,22.5,81.77
GHA,GHA_GHA2.23_2,BosomeFreho,Ashanti,2019,1784.1,1200.3,584.47,25.77,30.38,22.87,83.18
GHA,GHA_GHA2.23_2,BosomeFreho,Ashanti,2020,1438.4,1028.9,238.77,25.94,30.85,22.73,80.19
GHA,GHA_GHA2.23_2,BosomeFreho,Ashanti,2021,1818.5,1341.4,618.87,25.85,30.91,22.73,81.81
GHA,GHA_GHA2.23_2,BosomeFreho,Ashanti,2022,1778.7,1213.6,579.07,25.49,30.88,22.17,80.04
GHA,GHA_GHA2.23_2,BosomeFreho,Ashanti,2023,1843.0,1296.0,643.37,25.75,30.95,22.56,81.42
GHA,GHA_GHA2.23_2,BosomeFreho,Ashanti,2024,1387.6,925.7,187.97,26.34,31.69,22.88,78.61
GHA,GHA_GHA2.23_2,BosomeFreho,Ashanti,2025,1081.5,746.3,-118.13,25.66,30.7,22.52,81.63
GHA,GHA_GHA2.24_2,Bosomtwe,Ashanti,2000,923.1,687.6,-229.17,25.74,30.35,22.62,77.58
GHA,GHA_GHA2.24_2,Bosomtwe,Ashanti,2001,813.4,520.8,-338.87,25.8,30.39,22.74,77.4
GHA,GHA_GHA2.24_2,Bosomtwe,Ashanti,2002,1227.4,875.6,75.13,25.8,30.3,22.77,78.74
GHA,GHA_GHA2.24_2,Bosomtwe,Ashanti,2003,1012.6,636.0,-139.67,25.9,30.4,22.93,79.41
GHA,GHA_GHA2.24_2,Bosomtwe,Ashanti,2004,945.3,646.9,-206.97,25.88,30.38,22.89,78.73
GHA,GHA_GHA2.24_2,Bosomtwe,Ashanti,2005,989.1,685.8,-163.17,25.96,30.47,22.9,78.3
GHA,GHA_GHA2.24_2,Bosomtwe,Ashanti,2006,921.7,608.7,-230.57,26.04,30.71,22.99,77.98
GHA,GHA_GHA2.24_2,Bosomtwe,Ashanti,2007,1133.2,852.8,-19.07,26.0,30.61,22.78,76.91
GHA,GHA_GHA2.24_2,Bosomtwe,Ashanti,2008,1199.6,895.3,47.33,25.87,30.47,22.67,76.9
GHA,GHA_GHA2.24_2,Bosomtwe,Ashanti,2009,1206.5,855.9,54.23,25.87,30.21,22.95,79.27
GHA,GHA_GHA2.24_2,Bosomtwe,Ashanti,2010,1165.9,810.5,13.63,26.13,30.52,23.19,79.59
GHA,GHA_GHA2.24_2,Bosomtwe,Ashanti,2011,1018.4,738.1,-133.87,25.88,30.4,22.83,78.25
GHA,GHA_GHA2.24_2,Bosomtwe,Ashanti,2012,1192.6,804.4,40.33,25.63,30.01,22.68,79.12
GHA,GHA_GHA2.24_2,Bosomtwe,Ashanti,2013,957.8,641.9,-194.47,25.92,30.36,22.86,77.7
GHA,GHA_GHA2.24_2,Bosomtwe,Ashanti,2014,1278.7,869.6,126.43,25.61,29.85,22.83,80.69
GHA,GHA_GHA2.24_2,Bosomtwe,Ashanti,2015,877.0,578.2,-275.27,26.14,30.72,22.96,76.38
GHA,GHA_GHA2.24_2,Bosomtwe,Ashanti,2016,1148.9,812.3,-3.37,26.42,30.98,23.32,77.4
GHA,GHA_GHA2.24_2,Bosomtwe,Ashanti,2017,1166.9,772.2,14.63,26.08,30.68,23.13,79.26
GHA,GHA_GHA2.24_2,Bosomtwe,Ashanti,2018,1116.1,745.4,-36.17,25.99,30.59,22.99,79.4
GHA,GHA_GHA2.24_2,Bosomtwe,Ashanti,2019,1550.7,1115.0,398.43,26.22,30.71,23.34,80.91
GHA,GHA_GHA2.24_2,Bosomtwe,Ashanti,2020,1165.0,801.7,12.73,26.42,31.24,23.21,77.41
GHA,GHA_GHA2.24_2,Bosomtwe,Ashanti,2021,1567.2,1208.3,414.93,26.42,31.42,23.27,78.88
GHA,GHA_GHA2.24_2,Bosomtwe,Ashanti,2022,1494.1,1064.2,341.83,26.04,31.27,22.68,76.74
GHA,GHA_GHA2.24_2,Bosomtwe,Ashanti,2023,1680.7,1203.3,528.43,26.28,31.41,23.05,78.34
GHA,GHA_GHA2.24_2,Bosomtwe,Ashanti,2024,1165.6,800.8,13.33,26.82,32.06,23.39,76.01
GHA,GHA_GHA2.24_2,Bosomtwe,Ashanti,2025,1041.4,756.7,-110.87,26.36,31.11,23.19,78.26
GHA,GHA_GHA2.25_2,Ejisu,Ashanti,2000,803.6,586.2,-308.58,25.81,30.41,22.7,77.84
GHA,GHA_GHA2.25_2,Ejisu,Ashanti,2001,722.0,433.9,-390.18,25.85,30.42,22.81,77.71
GHA,GHA_GHA2.25_2,Ejisu,Ashanti,2002,1138.3,800.3,26.12,25.87,30.34,22.84,78.95
GHA,GHA_GHA2.25_2,Ejisu,Ashanti,2003,983.0,620.7,-129.18,25.93,30.39,22.99,79.87
GHA,GHA_GHA2.25_2,Ejisu,Ashanti,2004,882.6,602.2,-229.58,25.9,30.36,22.93,79.18
GHA,GHA_GHA2.25_2,Ejisu,Ashanti,2005,931.9,654.8,-180.28,25.97,30.44,22.96,78.86
GHA,GHA_GHA2.25_2,Ejisu,Ashanti,2006,823.7,559.0,-288.48,26.07,30.67,23.06,78.46
GHA,GHA_GHA2.25_2,Ejisu,Ashanti,2007,1019.8,757.3,-92.38,26.06,30.66,22.85,77.15
GHA,GHA_GHA2.25_2,Ejisu,Ashanti,2008,1117.8,812.0,5.62,25.93,30.51,22.73,77.19
GHA,GHA_GHA2.25_2,Ejisu,Ashanti,2009,1217.2,869.9,105.02,25.9,30.18,23.01,79.73
GHA,GHA_GHA2.25_2,Ejisu,Ashanti,2010,1075.5,752.3,-36.68,26.16,30.52,23.24,80.02
GHA,GHA_GHA2.25_2,Ejisu,Ashanti,2011,933.3,665.8,-178.88,25.92,30.4,22.9,78.73
GHA,GHA_GHA2.25_2,Ejisu,Ashanti,2012,1111.0,714.8,-1.18,25.67,30.02,22.74,79.52
GHA,GHA_GHA2.25_2,Ejisu,Ashanti,2013,893.8,613.0,-218.38,25.95,30.33,22.91,78.23
GHA,GHA_GHA2.25_2,Ejisu,Ashanti,2014,1149.4,769.3,37.22,25.65,29.85,22.89,81.02
GHA,GHA_GHA2.25_2,Ejisu,Ashanti,2015,846.8,549.2,-265.38,26.17,30.7,23.01,76.97
GHA,GHA_GHA2.25_2,Ejisu,Ashanti,2016,1071.1,737.1,-41.08,26.46,31.0,23.37,77.86
GHA,GHA_GHA2.25_2,Ejisu,Ashanti,2017,1142.6,745.9,30.42,26.0,30.84,22.89,79.11
GHA,GHA_GHA2.25_2,Ejisu,Ashanti,2018,1120.9,705.7,8.72,25.92,30.72,22.77,79.13
GHA,GHA_GHA2.25_2,Ejisu,Ashanti,2019,1597.0,1174.8,484.82,26.13,30.85,23.13,80.89
GHA,GHA_GHA2.25_2,Ejisu,Ashanti,2020,1216.5,826.2,104.32,26.35,31.35,23.01,77.17
GHA,GHA_GHA2.25_2,Ejisu,Ashanti,2021,1603.3,1224.5,491.12,26.37,31.6,23.1,78.69
GHA,GHA_GHA2.25_2,Ejisu,Ashanti,2022,1542.1,1102.5,429.92,25.96,31.44,22.45,76.28
GHA,GHA_GHA2.25_2,Ejisu,Ashanti,2023,1665.4,1180.9,553.22,26.19,31.59,22.82,78.01
GHA,GHA_GHA2.25_2,Ejisu,Ashanti,2024,1225.7,836.9,113.52,26.79,32.24,23.19,75.41
GHA,GHA_GHA2.25_2,Ejisu,Ashanti,2025,1082.5,790.0,-29.68,26.36,31.33,22.99,77.48
GHA,GHA_GHA2.26_2,Ejura-Sekyedumase,Ashanti,2000,743.2,604.2,-271.09,26.74,32.37,22.74,70.33
GHA,GHA_GHA2.26_2,Ejura-Sekyedumase,Ashanti,2001,575.4,403.2,-438.89,27.01,32.55,23.02,68.96
GHA,GHA_GHA2.26_2,Ejura-Sekyedumase,Ashanti,2002,992.2,761.9,-22.09,26.81,32.21,23.0,71.96
GHA,GHA_GHA2.26_2,Ejura-Sekyedumase,Ashanti,2003,807.9,604.6,-206.39,26.97,32.49,23.16,72.94
GHA,GHA_GHA2.26_2,Ejura-Sekyedumase,Ashanti,2004,771.3,571.1,-242.99,26.82,32.2,23.05,73.15
GHA,GHA_GHA2.26_2,Ejura-Sekyedumase,Ashanti,2005,832.5,559.1,-181.79,26.89,32.28,23.11,72.37
GHA,GHA_GHA2.26_2,Ejura-Sekyedumase,Ashanti,2006,756.0,570.8,-258.29,27.03,32.52,23.16,71.22
GHA,GHA_GHA2.26_2,Ejura-Sekyedumase,Ashanti,2007,921.6,737.3,-92.69,27.03,32.67,23.02,69.77
GHA,GHA_GHA2.26_2,Ejura-Sekyedumase,Ashanti,2008,807.0,643.2,-207.29,26.77,32.35,22.81,69.94
GHA,GHA_GHA2.26_2,Ejura-Sekyedumase,Ashanti,2009,901.4,613.9,-112.89,26.86,32.22,23.14,73.74
GHA,GHA_GHA2.26_2,Ejura-Sekyedumase,Ashanti,2010,942.3,740.5,-71.99,27.09,32.32,23.41,73.87
GHA,GHA_GHA2.26_2,Ejura-Sekyedumase,Ashanti,2011,931.4,713.5,-82.89,26.73,32.21,22.86,72.06
GHA,GHA_GHA2.26_2,Ejura-Sekyedumase,Ashanti,2012,953.1,674.2,-61.19,26.51,31.85,22.77,72.91
GHA,GHA_GHA2.26_2,Ejura-Sekyedumase,Ashanti,2013,983.8,732.7,-30.49,26.71,32.0,22.93,72.31
GHA,GHA_GHA2.26_2,Ejura-Sekyedumase,Ashanti,2014,961.1,691.6,-53.19,26.65,31.84,23.1,74.62
GHA,GHA_GHA2.26_2,Ejura-Sekyedumase,Ashanti,2015,721.7,494.6,-292.59,26.93,32.4,23.02,69.93
GHA,GHA_GHA2.26_2,Ejura-Sekyedumase,Ashanti,2016,924.9,672.4,-89.39,27.36,32.85,23.43,70.29
GHA,GHA_GHA2.26_2,Ejura-Sekyedumase,Ashanti,2017,982.1,713.2,-32.19,26.68,32.69,22.7,73.48
GHA,GHA_GHA2.26_2,Ejura-Sekyedumase,Ashanti,2018,1207.6,854.9,193.31,26.24,32.09,22.3,75.2
GHA,GHA_GHA2.26_2,Ejura-Sekyedumase,Ashanti,2019,1444.8,1171.5,430.51,26.67,32.65,22.82,76.03
GHA,GHA_GHA2.26_2,Ejura-Sekyedumase,Ashanti,2020,1325.4,959.1,311.11,26.78,32.98,22.56,72.34
GHA,GHA_GHA2.26_2,Ejura-Sekyedumase,Ashanti,2021,1607.7,1273.4,593.41,26.95,33.4,22.78,73.38
GHA,GHA_GHA2.26_2,Ejura-Sekyedumase,Ashanti,2022,1423.3,1073.1,409.01,26.36,33.0,22.07,71.05
GHA,GHA_GHA2.26_2,Ejura-Sekyedumase,Ashanti,2023,1609.3,1158.1,595.01,26.65,33.31,22.41,72.35
GHA,GHA_GHA2.26_2,Ejura-Sekyedumase,Ashanti,2024,1291.7,958.9,277.41,27.27,33.74,22.88,69.33
GHA,GHA_GHA2.26_2,Ejura-Sekyedumase,Ashanti,2025,952.9,716.3,-61.39,27.42,32.62,23.36,70.2
GHA,GHA_GHA2.27_2,Juaben,Ashanti,2000,803.6,586.2,-344.03,25.66,30.22,22.46,77.21
GHA,GHA_GHA2.27_2,Juaben,Ashanti,2001,722.0,433.9,-425.63,25.82,30.42,22.63,76.46
GHA,GHA_GHA2.27_2,Juaben,Ashanti,2002,1138.3,800.3,-9.33,25.77,30.24,22.65,78.17
GHA,GHA_GHA2.27_2,Juaben,Ashanti,2003,983.0,620.7,-164.63,25.81,30.28,22.78,79.4
GHA,GHA_GHA2.27_2,Juaben,Ashanti,2004,882.6,602.2,-265.03,25.77,30.21,22.72,78.78
GHA,GHA_GHA2.27_2,Juaben,Ashanti,2005,931.9,654.8,-215.73,25.89,30.36,22.77,77.97
GHA,GHA_GHA2.27_2,Juaben,Ashanti,2006,823.7,559.0,-323.93,26.01,30.61,22.87,77.44
GHA,GHA_GHA2.27_2,Juaben,Ashanti,2007,1019.8,757.3,-127.83,26.0,30.64,22.67,75.96
GHA,GHA_GHA2.27_2,Juaben,Ashanti,2008,1117.8,812.0,-29.83,25.77,30.32,22.51,76.49
GHA,GHA_GHA2.27_2,Juaben,Ashanti,2009,1217.2,869.9,69.57,25.77,30.04,22.8,79.36
GHA,GHA_GHA2.27_2,Juaben,Ashanti,2010,1075.5,752.3,-72.13,26.08,30.44,23.08,79.29
GHA,GHA_GHA2.27_2,Juaben,Ashanti,2011,933.3,665.8,-214.33,25.78,30.25,22.65,78.14
GHA,GHA_GHA2.27_2,Juaben,Ashanti,2012,1111.0,714.8,-36.63,25.54,29.88,22.51,78.88
GHA,GHA_GHA2.27_2,Juaben,Ashanti,2013,893.8,613.0,-253.83,25.8,30.15,22.68,77.65
GHA,GHA_GHA2.27_2,Juaben,Ashanti,2014,1149.4,769.3,1.77,25.54,29.74,22.7,80.57
GHA,GHA_GHA2.27_2,Juaben,Ashanti,2015,846.8,549.2,-300.83,26.01,30.53,22.76,76.14
GHA,GHA_GHA2.27_2,Juaben,Ashanti,2016,1071.1,737.1,-76.53,26.33,30.84,23.14,77.1
GHA,GHA_GHA2.27_2,Juaben,Ashanti,2017,1186.0,822.6,38.37,25.79,31.07,22.48,79.66
GHA,GHA_GHA2.27_2,Juaben,Ashanti,2018,1346.8,943.4,199.17,25.62,30.79,22.29,80.19
GHA,GHA_GHA2.27_2,Juaben,Ashanti,2019,1811.5,1418.7,663.87,25.91,31.1,22.69,81.57
GHA,GHA_GHA2.27_2,Juaben,Ashanti,2020,1282.2,876.0,134.57,26.08,31.46,22.56,78.02
GHA,GHA_GHA2.27_2,Juaben,Ashanti,2021,1689.7,1348.9,542.07,26.14,31.79,22.67,79.52
GHA,GHA_GHA2.27_2,Juaben,Ashanti,2022,1605.6,1125.4,457.97,25.64,31.55,21.94,77.03
GHA,GHA_GHA2.27_2,Juaben,Ashanti,2023,1631.4,1159.7,483.77,25.89,31.77,22.28,78.79
GHA,GHA_GHA2.27_2,Juaben,Ashanti,2024,1440.5,1048.9,292.87,26.57,32.31,22.77,75.66
GHA,GHA_GHA2.27_2,Juaben,Ashanti,2025,1123.8,837.9,-23.83,26.23,31.31,22.71,77.68
GHA,GHA_GHA2.28_2,Kumasi,Ashanti,2000,803.6,586.2,-362.52,25.6,30.26,22.36,76.44
GHA,GHA_GHA2.28_2,Kumasi,Ashanti,2001,722.0,433.9,-444.12,25.73,30.44,22.52,75.83
GHA,GHA_GHA2.28_2,Kumasi,Ashanti,2002,1138.3,800.3,-27.82,25.68,30.25,22.52,77.65
GHA,GHA_GHA2.28_2,Kumasi,Ashanti,2003,983.0,620.7,-183.12,25.8,30.41,22.7,78.13
GHA,GHA_GHA2.28_2,Kumasi,Ashanti,2004,882.6,602.2,-283.52,25.79,30.39,22.66,77.41
GHA,GHA_GHA2.28_2,Kumasi,Ashanti,2005,931.9,654.8,-234.22,25.9,30.53,22.69,76.66
GHA,GHA_GHA2.28_2,Kumasi,Ashanti,2006,823.7,559.0,-342.42,26.02,30.84,22.8,76.11
GHA,GHA_GHA2.28_2,Kumasi,Ashanti,2007,1019.8,757.3,-146.32,25.91,30.61,22.55,75.51
GHA,GHA_GHA2.28_2,Kumasi,Ashanti,2008,1117.8,812.0,-48.32,25.72,30.39,22.41,75.7
GHA,GHA_GHA2.28_2,Kumasi,Ashanti,2009,1217.2,869.9,51.08,25.78,30.21,22.72,78.06
GHA,GHA_GHA2.28_2,Kumasi,Ashanti,2010,1075.5,752.3,-90.62,26.05,30.53,22.97,78.32
GHA,GHA_GHA2.28_2,Kumasi,Ashanti,2011,933.3,665.8,-232.82,25.77,30.39,22.58,76.99
GHA,GHA_GHA2.28_2,Kumasi,Ashanti,2012,1111.0,714.8,-55.12,25.5,29.97,22.43,77.92
GHA,GHA_GHA2.28_2,Kumasi,Ashanti,2013,893.8,613.0,-272.32,25.84,30.38,22.63,76.26
GHA,GHA_GHA2.28_2,Kumasi,Ashanti,2014,1149.4,769.3,-16.72,25.48,29.81,22.59,79.73
GHA,GHA_GHA2.28_2,Kumasi,Ashanti,2015,846.8,549.2,-319.32,26.04,30.71,22.7,74.84
GHA,GHA_GHA2.28_2,Kumasi,Ashanti,2016,1071.1,737.1,-95.02,26.31,30.92,23.08,76.1
GHA,GHA_GHA2.28_2,Kumasi,Ashanti,2017,1245.6,811.5,79.48,25.59,30.55,22.47,80.57
GHA,GHA_GHA2.28_2,Kumasi,Ashanti,2018,1315.3,869.7,149.18,25.48,30.34,22.32,80.91
GHA,GHA_GHA2.28_2,Kumasi,Ashanti,2019,1686.2,1327.9,520.08,25.75,30.61,22.71,82.27
GHA,GHA_GHA2.28_2,Kumasi,Ashanti,2020,1335.4,838.3,169.28,25.95,31.05,22.57,78.59
GHA,GHA_GHA2.28_2,Kumasi,Ashanti,2021,1738.4,1366.5,572.28,25.9,31.25,22.59,80.59
GHA,GHA_GHA2.28_2,Kumasi,Ashanti,2022,1708.2,1143.0,542.08,25.49,31.14,21.96,77.95
GHA,GHA_GHA2.28_2,Kumasi,Ashanti,2023,1986.0,1341.6,819.88,25.69,31.25,22.32,79.81
GHA,GHA_GHA2.28_2,Kumasi,Ashanti,2024,1464.3,984.1,298.18,26.47,31.92,22.84,76.32
GHA,GHA_GHA2.28_2,Kumasi,Ashanti,2025,1118.9,812.8,-47.22,26.33,31.33,22.88,76.7
GHA,GHA_GHA2.29_2,KwabreEast,Ashanti,2000,803.6,586.2,-350.18,25.3,29.88,22.09,77.01
GHA,GHA_GHA2.29_2,KwabreEast,Ashanti,2001,722.0,433.9,-431.78,25.47,30.1,22.26,76.21
GHA,GHA_GHA2.29_2,KwabreEast,Ashanti,2002,1138.3,800.3,-15.48,25.41,29.9,22.28,78.03
GHA,GHA_GHA2.29_2,KwabreEast,Ashanti,2003,983.0,620.7,-170.78,25.47,29.97,22.43,79.05
GHA,GHA_GHA2.29_2,KwabreEast,Ashanti,2004,882.6,602.2,-271.18,25.45,29.93,22.38,78.33
GHA,GHA_GHA2.29_2,KwabreEast,Ashanti,2005,931.9,654.8,-221.88,25.57,30.08,22.42,77.49
GHA,GHA_GHA2.29_2,KwabreEast,Ashanti,2006,823.7,559.0,-330.08,25.7,30.37,22.52,76.9
GHA,GHA_GHA2.29_2,KwabreEast,Ashanti,2007,1019.8,757.3,-133.98,25.65,30.3,22.3,75.78
GHA,GHA_GHA2.29_2,KwabreEast,Ashanti,2008,1117.8,812.0,-35.98,25.42,29.98,22.15,76.28
GHA,GHA_GHA2.29_2,KwabreEast,Ashanti,2009,1217.2,869.9,63.42,25.45,29.75,22.45,79.02
GHA,GHA_GHA2.29_2,KwabreEast,Ashanti,2010,1075.5,752.3,-78.28,25.76,30.13,22.72,79.0
GHA,GHA_GHA2.29_2,KwabreEast,Ashanti,2011,933.3,665.8,-220.48,25.44,29.94,22.29,77.85
GHA,GHA_GHA2.29_2,KwabreEast,Ashanti,2012,1111.0,714.8,-42.78,25.21,29.57,22.15,78.54
GHA,GHA_GHA2.29_2,KwabreEast,Ashanti,2013,893.8,613.0,-259.98,25.49,29.88,22.33,77.17
GHA,GHA_GHA2.29_2,KwabreEast,Ashanti,2014,1149.4,769.3,-4.38,25.21,29.45,22.33,80.28
GHA,GHA_GHA2.29_2,KwabreEast,Ashanti,2015,846.8,549.2,-306.98,25.67,30.22,22.4,75.77
GHA,GHA_GHA2.29_2,KwabreEast,Ashanti,2016,1071.1,737.1,-82.68,26.0,30.52,22.78,76.78
GHA,GHA_GHA2.29_2,KwabreEast,Ashanti,2017,1219.2,848.8,65.42,25.35,30.57,22.21,81.12
GHA,GHA_GHA2.29_2,KwabreEast,Ashanti,2018,1316.1,896.6,162.32,25.2,30.25,22.07,81.79
GHA,GHA_GHA2.29_2,KwabreEast,Ashanti,2019,1809.1,1415.1,655.32,25.52,30.64,22.48,82.96
GHA,GHA_GHA2.29_2,KwabreEast,Ashanti,2020,1378.3,882.6,224.52,25.68,31.04,22.31,79.42
GHA,GHA_GHA2.29_2,KwabreEast,Ashanti,2021,1693.7,1302.1,539.92,25.66,31.28,22.35,81.26
GHA,GHA_GHA2.29_2,KwabreEast,Ashanti,2022,1566.2,1062.9,412.42,25.21,31.14,21.67,78.6
GHA,GHA_GHA2.29_2,KwabreEast,Ashanti,2023,1910.3,1328.7,756.52,25.49,31.4,22.07,80.07
GHA,GHA_GHA2.29_2,KwabreEast,Ashanti,2024,1402.3,971.0,248.52,26.19,31.86,22.56,77.0
GHA,GHA_GHA2.29_2,KwabreEast,Ashanti,2025,982.3,723.0,-171.48,26.06,30.83,22.68,77.59
GHA,GHA_GHA2.30_2,Kwadaso,Ashanti,2000,712.3,519.8,-404.96,25.76,30.47,22.47,75.94
GHA,GHA_GHA2.30_2,Kwadaso,Ashanti,2001,626.9,380.4,-490.36,25.9,30.66,22.64,75.34
GHA,GHA_GHA2.30_2,Kwadaso,Ashanti,2002,1034.4,725.5,-82.86,25.83,30.45,22.64,77.28
GHA,GHA_GHA2.30_2,Kwadaso,Ashanti,2003,909.2,604.8,-208.06,25.99,30.68,22.82,77.45
GHA,GHA_GHA2.30_2,Kwadaso,Ashanti,2004,760.9,509.8,-356.36,25.98,30.65,22.78,76.76
GHA,GHA_GHA2.30_2,Kwadaso,Ashanti,2005,852.4,606.9,-264.86,26.08,30.78,22.81,76.0
GHA,GHA_GHA2.30_2,Kwadaso,Ashanti,2006,741.9,534.2,-375.36,26.22,31.13,22.94,75.43
GHA,GHA_GHA2.30_2,Kwadaso,Ashanti,2007,953.9,706.4,-163.36,26.07,30.82,22.67,75.1
GHA,GHA_GHA2.30_2,Kwadaso,Ashanti,2008,1024.8,759.3,-92.46,25.88,30.59,22.53,75.24
GHA,GHA_GHA2.30_2,Kwadaso,Ashanti,2009,1089.3,793.8,-27.96,25.96,30.47,22.84,77.45
GHA,GHA_GHA2.30_2,Kwadaso,Ashanti,2010,1002.1,684.6,-115.16,26.22,30.76,23.1,77.8
GHA,GHA_GHA2.30_2,Kwadaso,Ashanti,2011,862.2,644.5,-255.06,25.95,30.64,22.7,76.39
GHA,GHA_GHA2.30_2,Kwadaso,Ashanti,2012,972.3,637.6,-144.96,25.67,30.19,22.55,77.4
GHA,GHA_GHA2.30_2,Kwadaso,Ashanti,2013,804.2,544.5,-313.06,26.04,30.66,22.77,75.57
GHA,GHA_GHA2.30_2,Kwadaso,Ashanti,2014,1094.8,759.1,-22.46,25.63,30.02,22.69,79.34
GHA,GHA_GHA2.30_2,Kwadaso,Ashanti,2015,776.9,501.7,-340.36,26.23,30.97,22.84,74.12
GHA,GHA_GHA2.30_2,Kwadaso,Ashanti,2016,994.4,684.1,-122.86,26.47,31.12,23.2,75.62
GHA,GHA_GHA2.30_2,Kwadaso,Ashanti,2017,1376.6,887.2,259.34,25.96,30.84,22.86,79.8
GHA,GHA_GHA2.30_2,Kwadaso,Ashanti,2018,1396.4,945.5,279.14,25.86,30.66,22.7,80.14
GHA,GHA_GHA2.30_2,Kwadaso,Ashanti,2019,1673.2,1251.1,555.94,26.09,30.86,23.06,81.68
GHA,GHA_GHA2.30_2,Kwadaso,Ashanti,2020,1284.8,817.3,167.54,26.3,31.37,22.91,77.99
GHA,GHA_GHA2.30_2,Kwadaso,Ashanti,2021,1750.2,1411.0,632.94,26.29,31.56,22.98,79.59
GHA,GHA_GHA2.30_2,Kwadaso,Ashanti,2022,1651.3,1124.1,534.04,25.86,31.44,22.31,77.28
GHA,GHA_GHA2.30_2,Kwadaso,Ashanti,2023,1966.3,1352.6,849.04,26.04,31.46,22.63,79.23
GHA,GHA_GHA2.30_2,Kwadaso,Ashanti,2024,1459.4,987.2,342.14,26.79,32.25,23.13,75.99
GHA,GHA_GHA2.30_2,Kwadaso,Ashanti,2025,1277.6,940.3,160.34,26.58,31.75,23.09,77.1
GHA,GHA_GHA2.31_2,Mampong,Ashanti,2000,988.1,784.1,-197.17,25.65,31.0,21.92,73.57
GHA,GHA_GHA2.31_2,Mampong,Ashanti,2001,682.0,455.9,-503.27,25.89,31.18,22.17,72.31
GHA,GHA_GHA2.31_2,Mampong,Ashanti,2002,1310.9,938.1,125.63,25.73,30.89,22.16,74.94
GHA,GHA_GHA2.31_2,Mampong,Ashanti,2003,1036.4,726.6,-148.87,25.84,31.1,22.3,75.96
GHA,GHA_GHA2.31_2,Mampong,Ashanti,2004,965.7,683.2,-219.57,25.71,30.81,22.2,76.08
GHA,GHA_GHA2.31_2,Mampong,Ashanti,2005,1015.4,674.9,-169.87,25.81,30.97,22.26,75.16
GHA,GHA_GHA2.31_2,Mampong,Ashanti,2006,996.9,713.1,-188.37,25.92,31.13,22.34,74.52
GHA,GHA_GHA2.31_2,Mampong,Ashanti,2007,1084.6,842.7,-100.67,25.93,31.33,22.17,72.8
GHA,GHA_GHA2.31_2,Mampong,Ashanti,2008,1105.5,851.1,-79.77,25.69,31.02,21.98,72.92
GHA,GHA_GHA2.31_2,Mampong,Ashanti,2009,1145.1,753.9,-40.17,25.74,30.79,22.29,76.61
GHA,GHA_GHA2.31_2,Mampong,Ashanti,2010,1214.0,918.4,28.73,26.07,31.08,22.61,76.25
GHA,GHA_GHA2.31_2,Mampong,Ashanti,2011,1129.0,853.5,-56.27,25.71,30.94,22.09,74.81
GHA,GHA_GHA2.31_2,Mampong,Ashanti,2012,1278.9,863.7,93.63,25.45,30.54,21.95,75.85
GHA,GHA_GHA2.31_2,Mampong,Ashanti,2013,1159.1,860.6,-26.17,25.73,30.79,22.14,74.51
GHA,GHA_GHA2.31_2,Mampong,Ashanti,2014,1315.5,911.0,130.23,25.55,30.53,22.26,77.45
GHA,GHA_GHA2.31_2,Mampong,Ashanti,2015,940.8,610.5,-244.47,25.91,31.14,22.21,72.71
GHA,GHA_GHA2.31_2,Mampong,Ashanti,2016,1182.8,842.9,-2.47,26.31,31.55,22.61,73.2
GHA,GHA_GHA2.31_2,Mampong,Ashanti,2017,1050.0,698.7,-135.27,25.72,30.8,22.3,76.57
GHA,GHA_GHA2.31_2,Mampong,Ashanti,2018,1175.7,817.5,-9.57,25.52,30.5,22.08,77.09
GHA,GHA_GHA2.31_2,Mampong,Ashanti,2019,1597.8,1186.4,412.53,25.89,31.01,22.5,77.9
GHA,GHA_GHA2.31_2,Mampong,Ashanti,2020,1364.6,830.1,179.33,25.98,31.22,22.3,74.86
GHA,GHA_GHA2.31_2,Mampong,Ashanti,2021,1626.0,1298.2,440.73,26.06,31.71,22.4,76.17
GHA,GHA_GHA2.31_2,Mampong,Ashanti,2022,1511.5,1055.9,326.23,25.51,31.21,21.8,73.8
GHA,GHA_GHA2.31_2,Mampong,Ashanti,2023,1608.4,1178.1,423.13,25.82,31.56,22.22,75.43
GHA,GHA_GHA2.31_2,Mampong,Ashanti,2024,1251.3,889.8,66.03,26.48,32.07,22.6,72.35
GHA,GHA_GHA2.31_2,Mampong,Ashanti,2025,1081.1,747.7,-104.17,26.18,31.18,22.57,75.02
GHA,GHA_GHA2.32_2,Obuasi,Ashanti,2000,1042.2,786.6,-270.76,25.42,30.01,22.47,80.05
GHA,GHA_GHA2.32_2,Obuasi,Ashanti,2001,862.3,598.9,-450.66,25.3,29.74,22.5,80.86
GHA,GHA_GHA2.32_2,Obuasi,Ashanti,2002,1239.2,880.6,-73.76,25.46,29.96,22.59,81.07
GHA,GHA_GHA2.32_2,Obuasi,Ashanti,2003,1048.6,677.0,-264.36,25.64,30.17,22.77,81.18
GHA,GHA_GHA2.32_2,Obuasi,Ashanti,2004,973.2,666.3,-339.76,25.53,30.02,22.66,80.91
GHA,GHA_GHA2.32_2,Obuasi,Ashanti,2005,1038.0,706.5,-274.96,25.58,30.03,22.68,80.85
GHA,GHA_GHA2.32_2,Obuasi,Ashanti,2006,1044.0,710.1,-268.96,25.52,30.0,22.74,81.38
GHA,GHA_GHA2.32_2,Obuasi,Ashanti,2007,1219.5,932.0,-93.46,25.59,30.14,22.54,80.0
GHA,GHA_GHA2.32_2,Obuasi,Ashanti,2008,1187.4,929.3,-125.56,25.55,30.11,22.47,79.67
GHA,GHA_GHA2.32_2,Obuasi,Ashanti,2009,1122.3,761.1,-190.66,25.52,29.82,22.75,81.47
GHA,GHA_GHA2.32_2,Obuasi,Ashanti,2010,1225.1,841.3,-87.86,25.77,30.14,22.95,81.94
GHA,GHA_GHA2.32_2,Obuasi,Ashanti,2011,1147.2,878.5,-165.76,25.53,29.99,22.65,80.74
GHA,GHA_GHA2.32_2,Obuasi,Ashanti,2012,1162.5,818.3,-150.46,25.33,29.66,22.54,81.31
GHA,GHA_GHA2.32_2,Obuasi,Ashanti,2013,1015.4,686.1,-297.56,25.6,29.99,22.73,80.19
GHA,GHA_GHA2.32_2,Obuasi,Ashanti,2014,1414.4,1003.4,101.44,25.3,29.48,22.67,82.9
GHA,GHA_GHA2.32_2,Obuasi,Ashanti,2015,936.7,604.6,-376.26,25.8,30.32,22.8,79.16
GHA,GHA_GHA2.32_2,Obuasi,Ashanti,2016,1223.7,870.0,-89.26,26.13,30.65,23.22,79.73
GHA,GHA_GHA2.32_2,Obuasi,Ashanti,2017,1499.3,999.0,186.34,25.38,30.04,22.55,83.83
GHA,GHA_GHA2.32_2,Obuasi,Ashanti,2018,1410.3,1046.4,97.34,25.33,30.05,22.42,84.06
GHA,GHA_GHA2.32_2,Obuasi,Ashanti,2019,2067.3,1356.8,754.34,25.61,30.3,22.8,85.38
GHA,GHA_GHA2.32_2,Obuasi,Ashanti,2020,1496.8,1065.1,183.84,25.79,30.8,22.7,82.12
GHA,GHA_GHA2.32_2,Obuasi,Ashanti,2021,1920.4,1472.4,607.44,25.7,30.85,22.69,83.84
GHA,GHA_GHA2.32_2,Obuasi,Ashanti,2022,1963.6,1324.8,650.64,25.31,30.87,22.04,82.01
GHA,GHA_GHA2.32_2,Obuasi,Ashanti,2023,2136.2,1500.2,823.24,25.61,30.95,22.46,83.23
GHA,GHA_GHA2.32_2,Obuasi,Ashanti,2024,1569.3,1026.2,256.34,26.26,31.66,22.88,80.22
GHA,GHA_GHA2.32_2,Obuasi,Ashanti,2025,1172.1,772.9,-140.86,25.86,30.71,22.8,81.34
GHA,GHA_GHA2.33_2,ObuasiEast,Ashanti,2000,1127.1,831.2,-200.26,25.75,30.34,22.82,80.3
GHA,GHA_GHA2.33_2,ObuasiEast,Ashanti,2001,940.5,639.6,-386.86,25.64,30.07,22.85,81.08
GHA,GHA_GHA2.33_2,ObuasiEast,Ashanti,2002,1354.3,962.0,26.94,25.79,30.29,22.94,81.28
GHA,GHA_GHA2.33_2,ObuasiEast,Ashanti,2003,1123.4,721.9,-203.96,25.96,30.46,23.12,81.51
GHA,GHA_GHA2.33_2,ObuasiEast,Ashanti,2004,1034.7,709.3,-292.66,25.85,30.32,23.01,81.24
GHA,GHA_GHA2.33_2,ObuasiEast,Ashanti,2005,1090.2,747.3,-237.16,25.91,30.34,23.03,81.16
GHA,GHA_GHA2.33_2,ObuasiEast,Ashanti,2006,1135.6,734.3,-191.76,25.85,30.32,23.08,81.64
GHA,GHA_GHA2.33_2,ObuasiEast,Ashanti,2007,1278.2,962.4,-49.16,25.92,30.47,22.9,80.2
GHA,GHA_GHA2.33_2,ObuasiEast,Ashanti,2008,1354.1,1030.4,26.74,25.89,30.45,22.83,79.9
GHA,GHA_GHA2.33_2,ObuasiEast,Ashanti,2009,1269.6,859.6,-57.76,25.86,30.14,23.11,81.73
GHA,GHA_GHA2.33_2,ObuasiEast,Ashanti,2010,1282.1,870.2,-45.26,26.12,30.47,23.31,82.07
GHA,GHA_GHA2.33_2,ObuasiEast,Ashanti,2011,1204.1,903.3,-123.26,25.87,30.33,23.0,80.92
GHA,GHA_GHA2.33_2,ObuasiEast,Ashanti,2012,1287.5,878.0,-39.86,25.67,30.0,22.89,81.52
GHA,GHA_GHA2.33_2,ObuasiEast,Ashanti,2013,1100.6,735.1,-226.76,25.93,30.3,23.08,80.51
GHA,GHA_GHA2.33_2,ObuasiEast,Ashanti,2014,1473.8,1025.0,146.44,25.63,29.81,23.02,83.12
GHA,GHA_GHA2.33_2,ObuasiEast,Ashanti,2015,963.9,635.5,-363.46,26.11,30.62,23.14,79.51
GHA,GHA_GHA2.33_2,ObuasiEast,Ashanti,2016,1354.7,961.6,27.34,26.45,30.97,23.56,80.06
GHA,GHA_GHA2.33_2,ObuasiEast,Ashanti,2017,1384.6,912.2,57.24,25.68,30.29,22.88,83.05
GHA,GHA_GHA2.33_2,ObuasiEast,Ashanti,2018,1325.0,937.1,-2.36,25.6,30.28,22.77,83.44
GHA,GHA_GHA2.33_2,ObuasiEast,Ashanti,2019,1826.1,1206.0,498.74,25.94,30.58,23.17,84.14
GHA,GHA_GHA2.33_2,ObuasiEast,Ashanti,2020,1328.8,937.6,1.44,26.05,30.97,23.06,81.6
GHA,GHA_GHA2.33_2,ObuasiEast,Ashanti,2021,1793.3,1339.9,465.94,25.98,31.03,23.06,83.03
GHA,GHA_GHA2.33_2,ObuasiEast,Ashanti,2022,1822.6,1191.1,495.24,25.65,31.14,22.46,81.17
GHA,GHA_GHA2.33_2,ObuasiEast,Ashanti,2023,2041.3,1437.1,713.94,25.96,31.25,22.89,82.15
GHA,GHA_GHA2.33_2,ObuasiEast,Ashanti,2024,1409.0,940.4,81.64,26.53,31.92,23.21,79.59
GHA,GHA_GHA2.33_2,ObuasiEast,Ashanti,2025,1206.3,834.8,-121.06,25.86,30.85,22.79,82.18
GHA,GHA_GHA2.34_2,Offinso,Ashanti,2000,791.9,585.2,-328.41,25.93,30.75,22.37,73.85
GHA,GHA_GHA2.34_2,Offinso,Ashanti,2001,631.7,374.5,-488.61,26.23,31.12,22.61,72.45
GHA,GHA_GHA2.34_2,Offinso,Ashanti,2002,1130.0,787.1,9.69,26.01,30.69,22.59,75.4
GHA,GHA_GHA2.34_2,Offinso,Ashanti,2003,978.0,651.3,-142.31,26.09,30.83,22.71,76.38
GHA,GHA_GHA2.34_2,Offinso,Ashanti,2004,847.4,584.3,-272.91,26.01,30.66,22.64,76.16
GHA,GHA_GHA2.34_2,Offinso,Ashanti,2005,903.4,633.5,-216.91,26.11,30.79,22.7,75.27
GHA,GHA_GHA2.34_2,Offinso,Ashanti,2006,799.1,567.8,-321.21,26.34,31.18,22.81,73.96
GHA,GHA_GHA2.34_2,Offinso,Ashanti,2007,964.6,720.6,-155.71,26.35,31.25,22.67,72.49
GHA,GHA_GHA2.34_2,Offinso,Ashanti,2008,1080.1,803.9,-40.21,26.02,30.77,22.46,73.13
GHA,GHA_GHA2.34_2,Offinso,Ashanti,2009,1169.8,803.6,49.49,26.0,30.54,22.72,76.95
GHA,GHA_GHA2.34_2,Offinso,Ashanti,2010,1057.3,738.3,-63.01,26.3,30.83,23.0,76.87
GHA,GHA_GHA2.34_2,Offinso,Ashanti,2011,940.5,685.7,-179.81,25.99,30.7,22.53,75.09
GHA,GHA_GHA2.34_2,Offinso,Ashanti,2012,1023.6,657.2,-96.71,25.71,30.25,22.38,76.24
GHA,GHA_GHA2.34_2,Offinso,Ashanti,2013,896.2,628.3,-224.11,26.05,30.64,22.59,74.53
GHA,GHA_GHA2.34_2,Offinso,Ashanti,2014,1105.4,759.3,-14.91,25.74,30.17,22.6,78.26
GHA,GHA_GHA2.34_2,Offinso,Ashanti,2015,847.6,546.7,-272.71,26.25,30.99,22.69,72.64
GHA,GHA_GHA2.34_2,Offinso,Ashanti,2016,1044.6,702.5,-75.71,26.59,31.28,23.08,73.68
GHA,GHA_GHA2.34_2,Offinso,Ashanti,2017,1042.9,709.7,-77.41,25.73,30.68,22.41,77.45
GHA,GHA_GHA2.34_2,Offinso,Ashanti,2018,1155.3,803.9,34.99,25.5,30.32,22.14,78.22
GHA,GHA_GHA2.34_2,Offinso,Ashanti,2019,1737.7,1290.6,617.39,25.8,30.69,22.54,79.59
GHA,GHA_GHA2.34_2,Offinso,Ashanti,2020,1344.6,845.9,224.29,25.95,31.0,22.38,76.05
GHA,GHA_GHA2.34_2,Offinso,Ashanti,2021,1868.8,1494.2,748.49,25.89,31.2,22.4,78.35
GHA,GHA_GHA2.34_2,Offinso,Ashanti,2022,1513.8,1035.9,393.49,25.52,31.13,21.79,74.6
GHA,GHA_GHA2.34_2,Offinso,Ashanti,2023,1753.9,1166.2,633.59,25.79,31.36,22.15,76.14
GHA,GHA_GHA2.34_2,Offinso,Ashanti,2024,1410.2,973.0,289.89,26.41,31.89,22.59,73.6
GHA,GHA_GHA2.34_2,Offinso,Ashanti,2025,1089.7,781.7,-30.61,26.17,31.37,22.54,75.95
GHA,GHA_GHA2.35_2,OffinsoNorth,Ashanti,2000,868.8,640.7,-252.11,26.11,31.0,22.46,73.17
GHA,GHA_GHA2.35_2,OffinsoNorth,Ashanti,2001,666.3,406.2,-454.61,26.38,31.29,22.71,71.93
GHA,GHA_GHA2.35_2,OffinsoNorth,Ashanti,2002,1203.8,834.4,82.89,26.18,30.91,22.69,74.76
GHA,GHA_GHA2.35_2,OffinsoNorth,Ashanti,2003,1042.7,665.1,-78.21,26.25,30.99,22.83,76.1
GHA,GHA_GHA2.35_2,OffinsoNorth,Ashanti,2004,945.9,660.1,-175.01,26.13,30.77,22.74,76.15
GHA,GHA_GHA2.35_2,OffinsoNorth,Ashanti,2005,941.3,632.5,-179.61,26.19,30.87,22.76,75.45
GHA,GHA_GHA2.35_2,OffinsoNorth,Ashanti,2006,886.9,614.3,-234.01,26.35,31.14,22.83,74.49
GHA,GHA_GHA2.35_2,OffinsoNorth,Ashanti,2007,1009.5,752.8,-111.41,26.5,31.42,22.78,72.1
GHA,GHA_GHA2.35_2,OffinsoNorth,Ashanti,2008,1227.0,924.6,106.09,26.16,30.94,22.55,72.73
GHA,GHA_GHA2.35_2,OffinsoNorth,Ashanti,2009,1189.8,753.3,68.89,26.12,30.67,22.81,76.91
GHA,GHA_GHA2.35_2,OffinsoNorth,Ashanti,2010,1117.5,798.9,-3.41,26.41,30.93,23.08,76.96
GHA,GHA_GHA2.35_2,OffinsoNorth,Ashanti,2011,1007.7,712.6,-113.21,26.1,30.83,22.58,74.95
GHA,GHA_GHA2.35_2,OffinsoNorth,Ashanti,2012,1088.7,712.5,-32.21,25.88,30.44,22.48,75.63
GHA,GHA_GHA2.35_2,OffinsoNorth,Ashanti,2013,992.2,665.8,-128.71,26.1,30.68,22.65,74.7
GHA,GHA_GHA2.35_2,OffinsoNorth,Ashanti,2014,1150.2,819.5,29.29,25.92,30.36,22.72,77.83
GHA,GHA_GHA2.35_2,OffinsoNorth,Ashanti,2015,915.4,614.1,-205.51,26.37,31.19,22.76,72.36
GHA,GHA_GHA2.35_2,OffinsoNorth,Ashanti,2016,1100.4,736.9,-20.51,26.75,31.48,23.17,72.94
GHA,GHA_GHA2.35_2,OffinsoNorth,Ashanti,2017,954.7,645.6,-166.21,26.06,31.22,22.52,75.41
GHA,GHA_GHA2.35_2,OffinsoNorth,Ashanti,2018,1101.0,749.2,-19.91,25.77,30.8,22.23,76.3
GHA,GHA_GHA2.35_2,OffinsoNorth,Ashanti,2019,1516.0,1108.7,395.09,26.11,31.18,22.63,77.46
GHA,GHA_GHA2.35_2,OffinsoNorth,Ashanti,2020,1212.8,807.5,91.89,26.27,31.52,22.5,73.8
GHA,GHA_GHA2.35_2,OffinsoNorth,Ashanti,2021,1602.8,1221.9,481.89,26.2,31.64,22.55,76.26
GHA,GHA_GHA2.35_2,OffinsoNorth,Ashanti,2022,1528.7,1084.9,407.79,25.7,31.33,21.88,73.36
GHA,GHA_GHA2.35_2,OffinsoNorth,Ashanti,2023,1634.5,1154.3,513.59,25.99,31.71,22.24,74.93
GHA,GHA_GHA2.35_2,OffinsoNorth,Ashanti,2024,1281.2,896.1,160.29,26.61,32.15,22.62,71.78
GHA,GHA_GHA2.35_2,OffinsoNorth,Ashanti,2025,957.9,711.3,-163.01,26.5,31.77,22.66,73.58
GHA,GHA_GHA2.36_2,Oforikrom,Ashanti,2000,803.6,586.2,-330.27,25.63,30.21,22.47,77.31
GHA,GHA_GHA2.36_2,Oforikrom,Ashanti,2001,722.0,433.9,-411.87,25.74,30.34,22.62,76.81
GHA,GHA_GHA2.36_2,Oforikrom,Ashanti,2002,1138.3,800.3,4.43,25.72,30.19,22.64,78.4
GHA,GHA_GHA2.36_2,Oforikrom,Ashanti,2003,983.0,620.7,-150.87,25.8,30.29,22.8,79.23
GHA,GHA_GHA2.36_2,Oforikrom,Ashanti,2004,882.6,602.2,-251.27,25.78,30.25,22.75,78.52
GHA,GHA_GHA2.36_2,Oforikrom,Ashanti,2005,931.9,654.8,-201.97,25.88,30.38,22.78,77.87
GHA,GHA_GHA2.36_2,Oforikrom,Ashanti,2006,823.7,559.0,-310.17,25.98,30.64,22.88,77.45
GHA,GHA_GHA2.36_2,Oforikrom,Ashanti,2007,1019.8,757.3,-114.07,25.93,30.55,22.66,76.39
GHA,GHA_GHA2.36_2,Oforikrom,Ashanti,2008,1117.8,812.0,-16.07,25.75,30.32,22.52,76.62
GHA,GHA_GHA2.36_2,Oforikrom,Ashanti,2009,1217.2,869.9,83.33,25.77,30.08,22.82,79.13
GHA,GHA_GHA2.36_2,Oforikrom,Ashanti,2010,1075.5,752.3,-58.37,26.05,30.43,23.08,79.28
GHA,GHA_GHA2.36_2,Oforikrom,Ashanti,2011,933.3,665.8,-200.57,25.77,30.27,22.68,78.05
GHA,GHA_GHA2.36_2,Oforikrom,Ashanti,2012,1111.0,714.8,-22.87,25.53,29.88,22.54,78.81
GHA,GHA_GHA2.36_2,Oforikrom,Ashanti,2013,893.8,613.0,-240.07,25.81,30.22,22.71,77.44
GHA,GHA_GHA2.36_2,Oforikrom,Ashanti,2014,1149.4,769.3,15.53,25.52,29.76,22.71,80.44
GHA,GHA_GHA2.36_2,Oforikrom,Ashanti,2015,846.8,549.2,-287.07,26.01,30.57,22.79,76.09
GHA,GHA_GHA2.36_2,Oforikrom,Ashanti,2016,1071.1,737.1,-62.77,26.32,30.85,23.17,77.09
GHA,GHA_GHA2.36_2,Oforikrom,Ashanti,2017,1316.5,850.7,182.63,25.75,30.67,22.61,80.22
GHA,GHA_GHA2.36_2,Oforikrom,Ashanti,2018,1189.1,765.4,55.23,25.7,30.58,22.5,80.17
GHA,GHA_GHA2.36_2,Oforikrom,Ashanti,2019,1586.3,1148.0,452.43,25.93,30.73,22.87,81.84
GHA,GHA_GHA2.36_2,Oforikrom,Ashanti,2020,1304.4,833.1,170.53,26.13,31.23,22.75,78.14
GHA,GHA_GHA2.36_2,Oforikrom,Ashanti,2021,1681.0,1304.9,547.13,26.12,31.43,22.8,79.79
GHA,GHA_GHA2.36_2,Oforikrom,Ashanti,2022,1585.1,1110.8,451.23,25.74,31.34,22.16,77.24
GHA,GHA_GHA2.36_2,Oforikrom,Ashanti,2023,1710.9,1195.9,577.03,25.98,31.52,22.55,78.8
GHA,GHA_GHA2.36_2,Oforikrom,Ashanti,2024,1309.3,885.4,175.43,26.6,32.11,22.96,76.18
GHA,GHA_GHA2.36_2,Oforikrom,Ashanti,2025,1077.3,773.8,-56.57,26.36,31.48,22.86,76.94
GHA,GHA_GHA2.37_2,OldTafo,Ashanti,2000,803.6,586.2,-362.52,25.5,30.16,22.25,76.43
GHA,GHA_GHA2.37_2,OldTafo,Ashanti,2001,722.0,433.9,-444.12,25.63,30.34,22.42,75.82
GHA,GHA_GHA2.37_2,OldTafo,Ashanti,2002,1138.3,800.3,-27.82,25.58,30.15,22.42,77.64
GHA,GHA_GHA2.37_2,OldTafo,Ashanti,2003,983.0,620.7,-183.12,25.7,30.31,22.59,78.11
GHA,GHA_GHA2.37_2,OldTafo,Ashanti,2004,882.6,602.2,-283.52,25.68,30.28,22.55,77.4
GHA,GHA_GHA2.37_2,OldTafo,Ashanti,2005,931.9,654.8,-234.22,25.79,30.43,22.58,76.65
GHA,GHA_GHA2.37_2,OldTafo,Ashanti,2006,823.7,559.0,-342.42,25.92,30.74,22.7,76.09
GHA,GHA_GHA2.37_2,OldTafo,Ashanti,2007,1019.8,757.3,-146.32,25.8,30.51,22.45,75.5
GHA,GHA_GHA2.37_2,OldTafo,Ashanti,2008,1117.8,812.0,-48.32,25.62,30.28,22.31,75.69
GHA,GHA_GHA2.37_2,OldTafo,Ashanti,2009,1217.2,869.9,51.08,25.67,30.11,22.62,78.05
GHA,GHA_GHA2.37_2,OldTafo,Ashanti,2010,1075.5,752.3,-90.62,25.94,30.42,22.87,78.31
GHA,GHA_GHA2.37_2,OldTafo,Ashanti,2011,933.3,665.8,-232.82,25.67,30.29,22.48,76.97
GHA,GHA_GHA2.37_2,OldTafo,Ashanti,2012,1111.0,714.8,-55.12,25.4,29.86,22.32,77.9
GHA,GHA_GHA2.37_2,OldTafo,Ashanti,2013,893.8,613.0,-272.32,25.73,30.28,22.52,76.24
GHA,GHA_GHA2.37_2,OldTafo,Ashanti,2014,1149.4,769.3,-16.72,25.38,29.71,22.48,79.71
GHA,GHA_GHA2.37_2,OldTafo,Ashanti,2015,846.8,549.2,-319.32,25.93,30.61,22.6,74.82
GHA,GHA_GHA2.37_2,OldTafo,Ashanti,2016,1071.1,737.1,-95.02,26.21,30.82,22.97,76.09
GHA,GHA_GHA2.37_2,OldTafo,Ashanti,2017,1245.6,811.5,79.48,25.59,30.55,22.47,80.57
GHA,GHA_GHA2.37_2,OldTafo,Ashanti,2018,1315.3,869.7,149.18,25.48,30.34,22.32,80.91
GHA,GHA_GHA2.37_2,OldTafo,Ashanti,2019,1686.2,1327.9,520.08,25.75,30.61,22.71,82.27
GHA,GHA_GHA2.37_2,OldTafo,Ashanti,2020,1335.4,838.3,169.28,25.95,31.05,22.57,78.59
GHA,GHA_GHA2.37_2,OldTafo,Ashanti,2021,1738.4,1366.5,572.28,25.9,31.25,22.59,80.59
GHA,GHA_GHA2.37_2,OldTafo,Ashanti,2022,1708.2,1143.0,542.08,25.49,31.14,21.96,77.95
GHA,GHA_GHA2.37_2,OldTafo,Ashanti,2023,1986.0,1341.6,819.88,25.69,31.25,22.32,79.81
GHA,GHA_GHA2.37_2,OldTafo,Ashanti,2024,1464.3,984.1,298.18,26.47,31.92,22.84,76.32
GHA,GHA_GHA2.37_2,OldTafo,Ashanti,2025,1118.9,812.8,-47.22,26.33,31.33,22.88,76.7
GHA,GHA_GHA2.38_2,SekyereAframPlainsNorth,Ashanti,2000,742.6,614.6,-196.64,27.23,32.93,23.3,71.25
GHA,GHA_GHA2.38_2,SekyereAframPlainsNorth,Ashanti,2001,516.1,403.6,-423.14,27.46,33.13,23.58,70.08
GHA,GHA_GHA2.38_2,SekyereAframPlainsNorth,Ashanti,2002,896.0,673.7,-43.24,27.28,32.8,23.52,72.84
GHA,GHA_GHA2.38_2,SekyereAframPlainsNorth,Ashanti,2003,750.5,544.4,-188.74,27.53,33.14,23.78,73.02
GHA,GHA_GHA2.38_2,SekyereAframPlainsNorth,Ashanti,2004,768.3,563.4,-170.94,27.39,32.91,23.65,73.06
GHA,GHA_GHA2.38_2,SekyereAframPlainsNorth,Ashanti,2005,880.8,650.4,-58.44,27.44,32.99,23.7,72.65
GHA,GHA_GHA2.38_2,SekyereAframPlainsNorth,Ashanti,2006,707.5,540.7,-231.74,27.51,33.11,23.73,72.05
GHA,GHA_GHA2.38_2,SekyereAframPlainsNorth,Ashanti,2007,878.0,729.0,-61.24,27.47,33.24,23.47,70.74
GHA,GHA_GHA2.38_2,SekyereAframPlainsNorth,Ashanti,2008,846.6,692.8,-92.64,27.27,32.95,23.3,70.73
GHA,GHA_GHA2.38_2,SekyereAframPlainsNorth,Ashanti,2009,953.1,692.8,13.86,27.39,32.82,23.75,73.89
GHA,GHA_GHA2.38_2,SekyereAframPlainsNorth,Ashanti,2010,928.1,746.2,-11.14,27.67,33.04,23.99,73.72
GHA,GHA_GHA2.38_2,SekyereAframPlainsNorth,Ashanti,2011,830.5,670.6,-108.74,27.3,32.91,23.48,72.56
GHA,GHA_GHA2.38_2,SekyereAframPlainsNorth,Ashanti,2012,977.2,699.3,37.96,26.96,32.38,23.29,74.08
GHA,GHA_GHA2.38_2,SekyereAframPlainsNorth,Ashanti,2013,834.6,615.9,-104.64,27.29,32.73,23.52,72.65
GHA,GHA_GHA2.38_2,SekyereAframPlainsNorth,Ashanti,2014,1066.5,809.1,127.26,27.16,32.47,23.62,75.08
GHA,GHA_GHA2.38_2,SekyereAframPlainsNorth,Ashanti,2015,727.7,519.7,-211.54,27.49,33.08,23.57,70.43
GHA,GHA_GHA2.38_2,SekyereAframPlainsNorth,Ashanti,2016,1021.6,761.6,82.36,27.74,33.37,23.89,72.09
GHA,GHA_GHA2.38_2,SekyereAframPlainsNorth,Ashanti,2017,850.0,616.2,-89.24,27.28,33.42,23.31,73.67
GHA,GHA_GHA2.38_2,SekyereAframPlainsNorth,Ashanti,2018,1102.1,824.0,162.86,26.92,32.98,22.98,75.18
GHA,GHA_GHA2.38_2,SekyereAframPlainsNorth,Ashanti,2019,1445.5,1189.9,506.26,27.4,33.51,23.47,75.51
GHA,GHA_GHA2.38_2,SekyereAframPlainsNorth,Ashanti,2020,1043.3,790.9,104.06,27.42,33.85,23.17,72.39
GHA,GHA_GHA2.38_2,SekyereAframPlainsNorth,Ashanti,2021,1301.9,1077.5,362.66,27.68,34.25,23.49,72.96
GHA,GHA_GHA2.38_2,SekyereAframPlainsNorth,Ashanti,2022,1109.7,874.3,170.46,27.06,33.89,22.69,71.01
GHA,GHA_GHA2.38_2,SekyereAframPlainsNorth,Ashanti,2023,1408.7,1114.2,469.46,27.2,33.99,23.0,73.51
GHA,GHA_GHA2.38_2,SekyereAframPlainsNorth,Ashanti,2024,1074.3,788.9,135.06,28.06,34.71,23.62,69.48
GHA,GHA_GHA2.38_2,SekyereAframPlainsNorth,Ashanti,2025,759.1,652.7,-180.14,28.01,33.39,24.04,70.52
GHA,GHA_GHA2.39_2,SekyereCentral,Ashanti,2000,925.3,738.9,-206.3,27.28,32.89,23.34,70.7
GHA,GHA_GHA2.39_2,SekyereCentral,Ashanti,2001,659.3,459.4,-472.3,27.6,33.19,23.67,68.9
GHA,GHA_GHA2.39_2,SekyereCentral,Ashanti,2002,1215.7,885.4,84.1,27.41,32.85,23.62,71.75
GHA,GHA_GHA2.39_2,SekyereCentral,Ashanti,2003,961.5,688.3,-170.1,27.64,33.25,23.83,72.0
GHA,GHA_GHA2.39_2,SekyereCentral,Ashanti,2004,934.7,665.3,-196.9,27.47,32.9,23.71,72.23
GHA,GHA_GHA2.39_2,SekyereCentral,Ashanti,2005,988.3,670.1,-143.3,27.52,32.99,23.75,71.72
GHA,GHA_GHA2.39_2,SekyereCentral,Ashanti,2006,926.1,671.3,-205.5,27.64,33.17,23.81,70.82
GHA,GHA_GHA2.39_2,SekyereCentral,Ashanti,2007,1088.6,883.3,-43.0,27.62,33.33,23.58,69.51
GHA,GHA_GHA2.39_2,SekyereCentral,Ashanti,2008,1025.5,799.7,-106.1,27.32,32.94,23.36,70.09
GHA,GHA_GHA2.39_2,SekyereCentral,Ashanti,2009,1126.2,757.4,-5.4,27.44,32.8,23.78,73.25
GHA,GHA_GHA2.39_2,SekyereCentral,Ashanti,2010,1145.8,892.5,14.2,27.75,33.06,24.07,73.01
GHA,GHA_GHA2.39_2,SekyereCentral,Ashanti,2011,1093.9,853.4,-37.7,27.38,32.9,23.55,71.78
GHA,GHA_GHA2.39_2,SekyereCentral,Ashanti,2012,1242.6,860.2,111.0,27.05,32.41,23.37,73.23
GHA,GHA_GHA2.39_2,SekyereCentral,Ashanti,2013,1113.1,821.2,-18.5,27.36,32.73,23.57,71.83
GHA,GHA_GHA2.39_2,SekyereCentral,Ashanti,2014,1265.5,910.1,133.9,27.2,32.44,23.7,74.55
GHA,GHA_GHA2.39_2,SekyereCentral,Ashanti,2015,892.6,597.5,-239.0,27.56,33.09,23.62,69.7
GHA,GHA_GHA2.39_2,SekyereCentral,Ashanti,2016,1170.2,856.3,38.6,27.87,33.39,23.98,70.86
GHA,GHA_GHA2.39_2,SekyereCentral,Ashanti,2017,983.7,666.7,-147.9,27.31,33.18,23.37,72.77
GHA,GHA_GHA2.39_2,SekyereCentral,Ashanti,2018,1254.2,923.4,122.6,26.89,32.65,22.94,74.37
GHA,GHA_GHA2.39_2,SekyereCentral,Ashanti,2019,1477.6,1134.3,346.0,27.32,33.2,23.44,75.14
GHA,GHA_GHA2.39_2,SekyereCentral,Ashanti,2020,1209.0,860.8,77.4,27.38,33.49,23.16,71.82
GHA,GHA_GHA2.39_2,SekyereCentral,Ashanti,2021,1468.8,1170.3,337.2,27.55,33.8,23.48,73.23
GHA,GHA_GHA2.39_2,SekyereCentral,Ashanti,2022,1447.6,1071.0,316.0,27.06,33.68,22.67,69.94
GHA,GHA_GHA2.39_2,SekyereCentral,Ashanti,2023,1644.9,1215.5,513.3,27.16,33.68,22.99,72.75
GHA,GHA_GHA2.39_2,SekyereCentral,Ashanti,2024,1217.7,890.4,86.1,27.85,34.1,23.53,69.63
GHA,GHA_GHA2.39_2,SekyereCentral,Ashanti,2025,943.1,720.7,-188.5,27.75,32.96,23.8,71.39
GHA,GHA_GHA2.40_2,SekyereEast,Ashanti,2000,800.4,583.4,-280.93,25.9,30.57,22.61,76.33
GHA,GHA_GHA2.40_2,SekyereEast,Ashanti,2001,706.9,457.0,-374.43,26.08,30.79,22.8,75.39
GHA,GHA_GHA2.40_2,SekyereEast,Ashanti,2002,1090.4,771.9,9.07,26.01,30.58,22.8,77.26
GHA,GHA_GHA2.40_2,SekyereEast,Ashanti,2003,913.7,582.5,-167.63,26.08,30.7,22.96,78.26
GHA,GHA_GHA2.40_2,SekyereEast,Ashanti,2004,881.9,587.2,-199.43,26.0,30.55,22.88,77.88
GHA,GHA_GHA2.40_2,SekyereEast,Ashanti,2005,913.0,618.2,-168.33,26.1,30.68,22.92,77.19
GHA,GHA_GHA2.40_2,SekyereEast,Ashanti,2006,823.5,533.0,-257.83,26.26,30.97,23.03,76.37
GHA,GHA_GHA2.40_2,SekyereEast,Ashanti,2007,973.2,738.7,-108.13,26.25,31.02,22.83,74.94
GHA,GHA_GHA2.40_2,SekyereEast,Ashanti,2008,1112.1,796.4,30.77,25.99,30.65,22.65,75.64
GHA,GHA_GHA2.40_2,SekyereEast,Ashanti,2009,1139.2,802.5,57.87,26.0,30.39,22.95,78.43
GHA,GHA_GHA2.40_2,SekyereEast,Ashanti,2010,1012.8,706.7,-68.53,26.31,30.76,23.22,78.42
GHA,GHA_GHA2.40_2,SekyereEast,Ashanti,2011,914.2,640.4,-167.13,26.02,30.6,22.81,77.2
GHA,GHA_GHA2.40_2,SekyereEast,Ashanti,2012,1135.0,756.2,53.67,25.75,30.18,22.66,78.21
GHA,GHA_GHA2.40_2,SekyereEast,Ashanti,2013,894.7,605.4,-186.63,26.03,30.49,22.82,76.82
GHA,GHA_GHA2.40_2,SekyereEast,Ashanti,2014,1127.9,751.9,46.57,25.73,30.02,22.84,79.93
GHA,GHA_GHA2.40_2,SekyereEast,Ashanti,2015,817.9,526.0,-263.43,26.23,30.86,22.89,75.3
GHA,GHA_GHA2.40_2,SekyereEast,Ashanti,2016,1069.8,753.9,-11.53,26.55,31.15,23.29,76.35
GHA,GHA_GHA2.40_2,SekyereEast,Ashanti,2017,1124.4,758.4,43.07,26.08,31.32,22.73,78.23
GHA,GHA_GHA2.40_2,SekyereEast,Ashanti,2018,1060.3,737.6,-21.03,25.93,31.07,22.51,78.6
GHA,GHA_GHA2.40_2,SekyereEast,Ashanti,2019,1594.2,1204.6,512.87,26.17,31.31,22.9,80.21
GHA,GHA_GHA2.40_2,SekyereEast,Ashanti,2020,1224.2,825.5,142.87,26.32,31.59,22.76,77.06
GHA,GHA_GHA2.40_2,SekyereEast,Ashanti,2021,1510.5,1139.4,429.17,26.43,32.0,22.91,78.06
GHA,GHA_GHA2.40_2,SekyereEast,Ashanti,2022,1384.4,980.3,303.07,25.89,31.69,22.19,76.09
GHA,GHA_GHA2.40_2,SekyereEast,Ashanti,2023,1553.9,1053.6,472.57,26.13,31.87,22.53,77.91
GHA,GHA_GHA2.40_2,SekyereEast,Ashanti,2024,1355.9,955.3,274.57,26.85,32.57,23.0,74.42
GHA,GHA_GHA2.40_2,SekyereEast,Ashanti,2025,980.2,752.0,-101.13,26.45,31.77,22.82,76.6
GHA,GHA_GHA2.41_2,SekyereKumawu,Ashanti,2000,919.0,692.5,-204.08,25.74,30.59,22.28,74.36
GHA,GHA_GHA2.41_2,SekyereKumawu,Ashanti,2001,698.8,474.4,-424.28,26.0,30.92,22.53,72.85
GHA,GHA_GHA2.41_2,SekyereKumawu,Ashanti,2002,1208.6,854.4,85.52,25.89,30.64,22.51,75.14
GHA,GHA_GHA2.41_2,SekyereKumawu,Ashanti,2003,999.9,674.2,-123.18,26.04,30.9,22.7,75.67
GHA,GHA_GHA2.41_2,SekyereKumawu,Ashanti,2004,960.8,652.0,-162.28,25.89,30.62,22.59,75.77
GHA,GHA_GHA2.41_2,SekyereKumawu,Ashanti,2005,994.4,658.8,-128.68,25.97,30.74,22.62,75.11
GHA,GHA_GHA2.41_2,SekyereKumawu,Ashanti,2006,942.6,640.4,-180.48,26.16,31.05,22.74,73.97
GHA,GHA_GHA2.41_2,SekyereKumawu,Ashanti,2007,1027.6,793.8,-95.48,26.15,31.14,22.52,72.53
GHA,GHA_GHA2.41_2,SekyereKumawu,Ashanti,2008,1149.6,846.8,26.52,25.8,30.63,22.31,73.75
GHA,GHA_GHA2.41_2,SekyereKumawu,Ashanti,2009,1172.4,788.6,49.32,25.87,30.46,22.66,76.47
GHA,GHA_GHA2.41_2,SekyereKumawu,Ashanti,2010,1122.2,820.0,-0.88,26.19,30.81,22.94,76.33
GHA,GHA_GHA2.41_2,SekyereKumawu,Ashanti,2011,1044.0,764.4,-79.08,25.88,30.64,22.5,75.1
GHA,GHA_GHA2.41_2,SekyereKumawu,Ashanti,2012,1246.5,836.2,123.42,25.58,30.19,22.33,76.34
GHA,GHA_GHA2.41_2,SekyereKumawu,Ashanti,2013,1056.6,757.7,-66.48,25.88,30.52,22.5,74.84
GHA,GHA_GHA2.41_2,SekyereKumawu,Ashanti,2014,1266.6,863.9,143.52,25.59,30.06,22.54,78.11
GHA,GHA_GHA2.41_2,SekyereKumawu,Ashanti,2015,933.6,596.4,-189.48,26.05,30.86,22.54,73.29
GHA,GHA_GHA2.41_2,SekyereKumawu,Ashanti,2016,1168.0,829.3,44.92,26.39,31.15,22.95,74.4
GHA,GHA_GHA2.41_2,SekyereKumawu,Ashanti,2017,1016.6,719.7,-106.48,26.01,31.16,22.61,76.44
GHA,GHA_GHA2.41_2,SekyereKumawu,Ashanti,2018,1048.7,739.5,-74.38,25.79,30.81,22.36,77.16
GHA,GHA_GHA2.41_2,SekyereKumawu,Ashanti,2019,1534.2,1186.2,411.12,26.08,31.2,22.76,78.6
GHA,GHA_GHA2.41_2,SekyereKumawu,Ashanti,2020,1123.1,746.2,0.02,26.15,31.36,22.56,75.92
GHA,GHA_GHA2.41_2,SekyereKumawu,Ashanti,2021,1456.1,1077.9,333.02,26.25,31.76,22.69,76.93
GHA,GHA_GHA2.41_2,SekyereKumawu,Ashanti,2022,1341.9,975.1,218.82,25.79,31.54,22.09,74.34
GHA,GHA_GHA2.41_2,SekyereKumawu,Ashanti,2023,1526.6,1096.6,403.52,26.02,31.63,22.48,76.32
GHA,GHA_GHA2.41_2,SekyereKumawu,Ashanti,2024,1256.7,851.9,133.62,26.64,32.26,22.83,73.46
GHA,GHA_GHA2.41_2,SekyereKumawu,Ashanti,2025,985.1,763.4,-137.98,26.09,31.0,22.66,77.26
GHA,GHA_GHA2.42_2,SekyereSouth,Ashanti,2000,923.8,695.9,-270.16,25.84,30.7,22.37,75.44
GHA,GHA_GHA2.42_2,SekyereSouth,Ashanti,2001,712.0,448.4,-481.96,26.08,30.98,22.59,74.25
GHA,GHA_GHA2.42_2,SekyereSouth,Ashanti,2002,1263.2,887.1,69.24,25.95,30.67,22.59,76.67
GHA,GHA_GHA2.42_2,SekyereSouth,Ashanti,2003,1073.9,714.5,-120.06,25.99,30.76,22.71,77.87
GHA,GHA_GHA2.42_2,SekyereSouth,Ashanti,2004,959.9,665.6,-234.06,25.93,30.62,22.65,77.43
GHA,GHA_GHA2.42_2,SekyereSouth,Ashanti,2005,1018.0,699.4,-175.96,26.06,30.81,22.71,76.43
GHA,GHA_GHA2.42_2,SekyereSouth,Ashanti,2006,944.5,669.0,-249.46,26.22,31.09,22.8,75.61
GHA,GHA_GHA2.42_2,SekyereSouth,Ashanti,2007,1079.3,815.5,-114.66,26.2,31.14,22.63,74.18
GHA,GHA_GHA2.42_2,SekyereSouth,Ashanti,2008,1151.5,862.1,-42.46,25.94,30.77,22.45,74.57
GHA,GHA_GHA2.42_2,SekyereSouth,Ashanti,2009,1257.0,861.7,63.04,25.94,30.5,22.73,78.05
GHA,GHA_GHA2.42_2,SekyereSouth,Ashanti,2010,1190.0,872.2,-3.96,26.28,30.88,23.03,77.8
GHA,GHA_GHA2.42_2,SekyereSouth,Ashanti,2011,1064.5,791.5,-129.46,25.93,30.69,22.56,76.51
GHA,GHA_GHA2.42_2,SekyereSouth,Ashanti,2012,1225.6,795.1,31.64,25.67,30.29,22.41,77.45
GHA,GHA_GHA2.42_2,SekyereSouth,Ashanti,2013,1063.3,771.1,-130.66,25.98,30.62,22.6,75.86
GHA,GHA_GHA2.42_2,SekyereSouth,Ashanti,2014,1290.5,881.5,96.54,25.7,30.19,22.63,79.28
GHA,GHA_GHA2.42_2,SekyereSouth,Ashanti,2015,958.7,614.9,-235.26,26.16,30.96,22.67,74.24
GHA,GHA_GHA2.42_2,SekyereSouth,Ashanti,2016,1169.4,814.0,-24.56,26.52,31.28,23.08,75.1
GHA,GHA_GHA2.42_2,SekyereSouth,Ashanti,2017,1144.8,758.0,-49.16,25.37,30.59,22.06,79.68
GHA,GHA_GHA2.42_2,SekyereSouth,Ashanti,2018,1082.7,770.1,-111.26,25.23,30.33,21.87,79.99
GHA,GHA_GHA2.42_2,SekyereSouth,Ashanti,2019,1717.5,1302.6,523.54,25.54,30.77,22.32,81.33
GHA,GHA_GHA2.42_2,SekyereSouth,Ashanti,2020,1256.6,768.1,62.64,25.72,31.06,22.14,77.72
GHA,GHA_GHA2.42_2,SekyereSouth,Ashanti,2021,1712.6,1333.1,518.64,25.69,31.38,22.19,79.79
GHA,GHA_GHA2.42_2,SekyereSouth,Ashanti,2022,1487.4,1006.5,293.44,25.26,31.11,21.58,76.57
GHA,GHA_GHA2.42_2,SekyereSouth,Ashanti,2023,1690.8,1149.9,496.84,25.56,31.42,21.95,77.88
GHA,GHA_GHA2.42_2,SekyereSouth,Ashanti,2024,1324.3,940.1,130.34,26.22,31.98,22.38,75.03
GHA,GHA_GHA2.42_2,SekyereSouth,Ashanti,2025,1281.2,933.8,87.24,25.97,31.04,22.39,77.17
GHA,GHA_GHA2.43_2,Suame,Ashanti,2000,712.3,519.8,-416.15,25.81,30.51,22.52,75.95
GHA,GHA_GHA2.43_2,Suame,Ashanti,2001,626.9,380.4,-501.55,25.94,30.7,22.69,75.34
GHA,GHA_GHA2.43_2,Suame,Ashanti,2002,1034.4,725.5,-94.05,25.88,30.49,22.68,77.29
GHA,GHA_GHA2.43_2,Suame,Ashanti,2003,909.2,604.8,-219.25,26.04,30.73,22.86,77.45
GHA,GHA_GHA2.43_2,Suame,Ashanti,2004,760.9,509.8,-367.55,26.02,30.69,22.83,76.77
GHA,GHA_GHA2.43_2,Suame,Ashanti,2005,852.4,606.9,-276.05,26.13,30.83,22.86,76.01
GHA,GHA_GHA2.43_2,Suame,Ashanti,2006,741.9,534.2,-386.55,26.27,31.17,22.98,75.43
GHA,GHA_GHA2.43_2,Suame,Ashanti,2007,953.9,706.4,-174.55,26.11,30.86,22.72,75.11
GHA,GHA_GHA2.43_2,Suame,Ashanti,2008,1024.8,759.3,-103.65,25.93,30.64,22.57,75.25
GHA,GHA_GHA2.43_2,Suame,Ashanti,2009,1089.3,793.8,-39.15,26.0,30.51,22.89,77.46
GHA,GHA_GHA2.43_2,Suame,Ashanti,2010,1002.1,684.6,-126.35,26.27,30.81,23.14,77.8
GHA,GHA_GHA2.43_2,Suame,Ashanti,2011,862.2,644.5,-266.25,25.99,30.68,22.75,76.39
GHA,GHA_GHA2.43_2,Suame,Ashanti,2012,972.3,637.6,-156.15,25.72,30.24,22.59,77.4
GHA,GHA_GHA2.43_2,Suame,Ashanti,2013,804.2,544.5,-324.25,26.08,30.7,22.81,75.58
GHA,GHA_GHA2.43_2,Suame,Ashanti,2014,1094.8,759.1,-33.65,25.68,30.07,22.74,79.35
GHA,GHA_GHA2.43_2,Suame,Ashanti,2015,776.9,501.7,-351.55,26.27,31.01,22.89,74.12
GHA,GHA_GHA2.43_2,Suame,Ashanti,2016,994.4,684.1,-134.05,26.52,31.16,23.25,75.62
GHA,GHA_GHA2.43_2,Suame,Ashanti,2017,1289.3,829.9,160.85,25.8,30.63,22.72,79.99
GHA,GHA_GHA2.43_2,Suame,Ashanti,2018,1388.3,938.3,259.85,25.68,30.41,22.56,80.32
GHA,GHA_GHA2.43_2,Suame,Ashanti,2019,1787.1,1382.3,658.65,25.93,30.65,22.93,81.85
GHA,GHA_GHA2.43_2,Suame,Ashanti,2020,1320.1,841.1,191.65,26.13,31.1,22.8,78.06
GHA,GHA_GHA2.43_2,Suame,Ashanti,2021,1793.3,1413.2,664.85,26.08,31.29,22.82,80.02
GHA,GHA_GHA2.43_2,Suame,Ashanti,2022,1699.2,1156.0,570.75,25.65,31.15,22.18,77.55
GHA,GHA_GHA2.43_2,Suame,Ashanti,2023,2056.6,1386.2,928.15,25.82,31.17,22.5,79.61
GHA,GHA_GHA2.43_2,Suame,Ashanti,2024,1568.3,1050.3,439.85,26.62,31.96,23.03,76.05
GHA,GHA_GHA2.43_2,Suame,Ashanti,2025,1224.7,885.5,96.25,26.49,31.59,23.01,76.67
GHA,GHA_GHA3.1_2,Banda,Bono,2000,846.8,702.8,-200.82,27.08,33.12,22.44,64.65
GHA,GHA_GHA3.1_2,Banda,Bono,2001,728.2,605.1,-319.42,27.28,33.12,22.69,63.64
GHA,GHA_GHA3.1_2,Banda,Bono,2002,1015.8,788.3,-31.82,27.22,33.0,22.79,65.96
GHA,GHA_GHA3.1_2,Banda,Bono,2003,1039.2,805.3,-8.42,27.25,33.03,22.94,68.61
GHA,GHA_GHA3.1_2,Banda,Bono,2004,887.9,650.2,-159.72,27.26,33.05,22.94,68.19
GHA,GHA_GHA3.1_2,Banda,Bono,2005,887.9,602.7,-159.72,27.19,32.9,22.95,68.15
GHA,GHA_GHA3.1_2,Banda,Bono,2006,871.1,718.7,-176.52,27.36,33.26,22.88,65.83
GHA,GHA_GHA3.1_2,Banda,Bono,2007,901.0,734.2,-146.62,27.35,33.24,22.8,63.95
GHA,GHA_GHA3.1_2,Banda,Bono,2008,990.6,866.5,-57.02,27.17,33.15,22.59,63.63
GHA,GHA_GHA3.1_2,Banda,Bono,2009,1065.8,819.7,18.18,27.2,32.97,22.9,68.33
GHA,GHA_GHA3.1_2,Banda,Bono,2010,1135.0,901.4,87.38,27.46,33.07,23.19,69.06
GHA,GHA_GHA3.1_2,Banda,Bono,2011,966.0,771.2,-81.62,27.08,32.92,22.65,66.82
GHA,GHA_GHA3.1_2,Banda,Bono,2012,957.7,685.5,-89.92,26.86,32.51,22.6,67.92
GHA,GHA_GHA3.1_2,Banda,Bono,2013,1078.0,811.5,30.38,27.13,32.82,22.82,66.81
GHA,GHA_GHA3.1_2,Banda,Bono,2014,968.5,745.5,-79.12,27.11,32.71,22.99,69.4
GHA,GHA_GHA3.1_2,Banda,Bono,2015,962.7,772.4,-84.92,27.33,33.07,22.94,64.92
GHA,GHA_GHA3.1_2,Banda,Bono,2016,907.8,719.7,-139.82,27.81,33.64,23.39,64.56
GHA,GHA_GHA3.1_2,Banda,Bono,2017,997.7,814.0,-49.92,26.93,32.77,22.65,68.37
GHA,GHA_GHA3.1_2,Banda,Bono,2018,1183.4,959.9,135.78,26.42,32.21,22.16,69.74
GHA,GHA_GHA3.1_2,Banda,Bono,2019,1540.9,1238.4,493.28,26.84,32.91,22.6,70.47
GHA,GHA_GHA3.1_2,Banda,Bono,2020,1052.8,900.8,5.18,26.82,32.84,22.39,68.29
GHA,GHA_GHA3.1_2,Banda,Bono,2021,1227.5,1031.6,179.88,26.82,32.97,22.4,69.66
GHA,GHA_GHA3.1_2,Banda,Bono,2022,1316.3,975.2,268.68,26.13,32.39,21.61,67.55
GHA,GHA_GHA3.1_2,Banda,Bono,2023,1419.0,1115.2,371.38,26.65,32.78,22.27,68.87
GHA,GHA_GHA3.1_2,Banda,Bono,2024,1269.7,1026.8,222.08,26.98,32.79,22.53,65.99
GHA,GHA_GHA3.1_2,Banda,Bono,2025,1020.8,763.6,-26.82,27.16,32.01,23.15,67.52
GHA,GHA_GHA3.2_2,BerekumEast,Bono,2000,685.9,536.5,-332.09,26.32,31.19,22.53,70.45
GHA,GHA_GHA3.2_2,BerekumEast,Bono,2001,619.7,400.0,-398.29,26.48,31.27,22.79,70.3
GHA,GHA_GHA3.2_2,BerekumEast,Bono,2002,973.0,658.1,-44.99,26.31,31.01,22.75,72.85
GHA,GHA_GHA3.2_2,BerekumEast,Bono,2003,884.0,587.4,-133.99,26.42,31.15,22.91,74.15
GHA,GHA_GHA3.2_2,BerekumEast,Bono,2004,803.0,552.6,-214.99,26.38,31.09,22.89,73.83
GHA,GHA_GHA3.2_2,BerekumEast,Bono,2005,755.5,516.4,-262.49,26.46,31.17,22.91,72.78
GHA,GHA_GHA3.2_2,BerekumEast,Bono,2006,769.2,554.1,-248.79,26.64,31.43,23.01,71.68
GHA,GHA_GHA3.2_2,BerekumEast,Bono,2007,814.0,605.1,-203.99,26.67,31.49,22.86,69.8
GHA,GHA_GHA3.2_2,BerekumEast,Bono,2008,1029.5,817.5,11.51,26.39,31.2,22.69,70.11
GHA,GHA_GHA3.2_2,BerekumEast,Bono,2009,924.9,611.8,-93.09,26.38,30.94,22.95,74.49
GHA,GHA_GHA3.2_2,BerekumEast,Bono,2010,889.9,634.8,-128.09,26.64,31.14,23.22,74.78
GHA,GHA_GHA3.2_2,BerekumEast,Bono,2011,852.1,622.5,-165.89,26.28,30.99,22.66,72.52
GHA,GHA_GHA3.2_2,BerekumEast,Bono,2012,949.2,609.5,-68.79,26.04,30.6,22.55,73.57
GHA,GHA_GHA3.2_2,BerekumEast,Bono,2013,864.6,591.9,-153.39,26.34,30.91,22.77,72.01
GHA,GHA_GHA3.2_2,BerekumEast,Bono,2014,858.2,620.0,-159.79,26.24,30.74,22.91,75.04
GHA,GHA_GHA3.2_2,BerekumEast,Bono,2015,787.2,561.9,-230.79,26.55,31.29,22.84,70.05
GHA,GHA_GHA3.2_2,BerekumEast,Bono,2016,840.1,598.1,-177.89,26.98,31.66,23.31,70.39
GHA,GHA_GHA3.2_2,BerekumEast,Bono,2017,1158.8,825.8,140.81,26.33,31.33,22.72,73.26
GHA,GHA_GHA3.2_2,BerekumEast,Bono,2018,1067.7,789.8,49.71,25.94,30.77,22.32,74.27
GHA,GHA_GHA3.2_2,BerekumEast,Bono,2019,1596.9,1172.6,578.91,26.23,31.06,22.71,76.01
GHA,GHA_GHA3.2_2,BerekumEast,Bono,2020,1173.6,858.3,155.61,26.42,31.5,22.52,71.39
GHA,GHA_GHA3.2_2,BerekumEast,Bono,2021,1536.8,1154.8,518.81,26.29,31.44,22.53,74.74
GHA,GHA_GHA3.2_2,BerekumEast,Bono,2022,1658.3,1199.5,640.31,25.77,31.16,21.87,71.45
GHA,GHA_GHA3.2_2,BerekumEast,Bono,2023,1637.7,1147.2,619.71,26.05,31.45,22.27,73.19
GHA,GHA_GHA3.2_2,BerekumEast,Bono,2024,1214.3,808.4,196.31,26.43,31.66,22.46,71.0
GHA,GHA_GHA3.2_2,BerekumEast,Bono,2025,1123.6,786.3,105.61,26.43,31.47,22.56,73.03
GHA,GHA_GHA3.3_2,BerekumWest,Bono,2000,800.7,600.7,-291.12,25.83,30.67,22.07,71.29
GHA,GHA_GHA3.3_2,BerekumWest,Bono,2001,724.9,459.2,-366.92,25.97,30.73,22.32,71.23
GHA,GHA_GHA3.3_2,BerekumWest,Bono,2002,1140.3,804.9,48.48,25.86,30.56,22.31,73.4
GHA,GHA_GHA3.3_2,BerekumWest,Bono,2003,952.3,598.7,-139.52,25.95,30.65,22.45,74.85
GHA,GHA_GHA3.3_2,BerekumWest,Bono,2004,863.0,573.6,-228.82,25.89,30.57,22.43,74.68
GHA,GHA_GHA3.3_2,BerekumWest,Bono,2005,908.6,611.3,-183.22,25.97,30.66,22.46,73.6
GHA,GHA_GHA3.3_2,BerekumWest,Bono,2006,856.3,617.2,-235.52,26.12,30.87,22.54,72.73
GHA,GHA_GHA3.3_2,BerekumWest,Bono,2007,1000.3,727.7,-91.52,26.18,30.97,22.4,70.59
GHA,GHA_GHA3.3_2,BerekumWest,Bono,2008,1130.3,877.2,38.48,25.92,30.71,22.24,70.79
GHA,GHA_GHA3.3_2,BerekumWest,Bono,2009,980.9,640.7,-110.92,25.91,30.44,22.5,75.19
GHA,GHA_GHA3.3_2,BerekumWest,Bono,2010,1001.6,708.8,-90.22,26.17,30.65,22.77,75.48
GHA,GHA_GHA3.3_2,BerekumWest,Bono,2011,910.1,652.2,-181.72,25.82,30.53,22.22,73.19
GHA,GHA_GHA3.3_2,BerekumWest,Bono,2012,1014.7,634.3,-77.12,25.57,30.11,22.1,74.27
GHA,GHA_GHA3.3_2,BerekumWest,Bono,2013,914.4,636.4,-177.42,25.89,30.48,22.33,72.49
GHA,GHA_GHA3.3_2,BerekumWest,Bono,2014,920.8,649.1,-171.02,25.8,30.3,22.49,75.53
GHA,GHA_GHA3.3_2,BerekumWest,Bono,2015,873.0,590.8,-218.82,26.09,30.81,22.4,70.68
GHA,GHA_GHA3.3_2,BerekumWest,Bono,2016,930.7,669.4,-161.12,26.55,31.23,22.88,70.81
GHA,GHA_GHA3.3_2,BerekumWest,Bono,2017,1108.7,765.6,16.88,26.02,30.96,22.52,74.74
GHA,GHA_GHA3.3_2,BerekumWest,Bono,2018,1172.9,857.5,81.08,25.67,30.42,22.18,75.68
GHA,GHA_GHA3.3_2,BerekumWest,Bono,2019,1685.7,1253.7,593.88,25.92,30.65,22.54,77.56
GHA,GHA_GHA3.3_2,BerekumWest,Bono,2020,1191.8,845.5,99.98,26.15,31.15,22.38,72.7
GHA,GHA_GHA3.3_2,BerekumWest,Bono,2021,1627.9,1208.3,536.08,26.01,31.08,22.36,76.08
GHA,GHA_GHA3.3_2,BerekumWest,Bono,2022,1704.6,1204.8,612.78,25.55,30.88,21.75,72.45
GHA,GHA_GHA3.3_2,BerekumWest,Bono,2023,1596.3,1070.7,504.48,25.82,31.14,22.13,74.18
GHA,GHA_GHA3.3_2,BerekumWest,Bono,2024,1274.4,844.9,182.58,26.36,31.56,22.43,71.09
GHA,GHA_GHA3.3_2,BerekumWest,Bono,2025,1102.0,758.0,10.18,26.28,31.31,22.44,73.27
GHA,GHA_GHA3.4_2,Dormaa,Bono,2000,760.3,560.3,-352.57,25.84,30.67,22.25,73.53
GHA,GHA_GHA3.4_2,Dormaa,Bono,2001,745.8,446.2,-367.07,25.9,30.64,22.46,73.99
GHA,GHA_GHA3.4_2,Dormaa,Bono,2002,1122.5,781.4,9.63,25.86,30.56,22.49,75.62
GHA,GHA_GHA3.4_2,Dormaa,Bono,2003,937.3,599.2,-175.57,25.96,30.67,22.61,76.64
GHA,GHA_GHA3.4_2,Dormaa,Bono,2004,883.2,582.5,-229.67,25.87,30.56,22.56,76.49
GHA,GHA_GHA3.4_2,Dormaa,Bono,2005,980.9,677.4,-131.97,26.01,30.71,22.63,75.43
GHA,GHA_GHA3.4_2,Dormaa,Bono,2006,883.8,647.3,-229.07,26.19,31.02,22.78,74.56
GHA,GHA_GHA3.4_2,Dormaa,Bono,2007,1044.7,730.8,-68.17,26.16,30.93,22.55,72.99
GHA,GHA_GHA3.4_2,Dormaa,Bono,2008,1223.2,943.2,110.33,25.93,30.67,22.42,73.22
GHA,GHA_GHA3.4_2,Dormaa,Bono,2009,971.1,612.4,-141.77,25.99,30.54,22.72,76.49
GHA,GHA_GHA3.4_2,Dormaa,Bono,2010,1016.2,679.0,-96.67,26.18,30.7,22.96,77.32
GHA,GHA_GHA3.4_2,Dormaa,Bono,2011,928.9,679.0,-183.97,25.93,30.67,22.46,74.95
GHA,GHA_GHA3.4_2,Dormaa,Bono,2012,1001.1,636.0,-111.77,25.72,30.28,22.35,75.54
GHA,GHA_GHA3.4_2,Dormaa,Bono,2013,883.2,587.5,-229.67,26.06,30.75,22.58,73.68
GHA,GHA_GHA3.4_2,Dormaa,Bono,2014,1025.0,723.3,-87.87,25.82,30.35,22.64,77.37
GHA,GHA_GHA3.4_2,Dormaa,Bono,2015,912.9,619.9,-199.97,26.13,30.87,22.55,72.62
GHA,GHA_GHA3.4_2,Dormaa,Bono,2016,961.9,661.3,-150.97,26.59,31.32,23.04,72.73
GHA,GHA_GHA3.4_2,Dormaa,Bono,2017,1110.6,752.5,-2.27,26.09,31.14,22.64,76.62
GHA,GHA_GHA3.4_2,Dormaa,Bono,2018,1152.1,843.9,39.23,25.79,30.7,22.36,77.59
GHA,GHA_GHA3.4_2,Dormaa,Bono,2019,1716.4,1358.8,603.53,26.01,30.85,22.71,79.29
GHA,GHA_GHA3.4_2,Dormaa,Bono,2020,1120.4,808.1,7.53,26.25,31.41,22.54,74.61
GHA,GHA_GHA3.4_2,Dormaa,Bono,2021,1705.6,1339.0,592.73,26.2,31.42,22.58,77.24
GHA,GHA_GHA3.4_2,Dormaa,Bono,2022,1622.6,1138.4,509.73,25.7,31.14,21.91,74.21
GHA,GHA_GHA3.4_2,Dormaa,Bono,2023,1882.1,1262.9,769.23,25.92,31.4,22.23,76.01
GHA,GHA_GHA3.4_2,Dormaa,Bono,2024,1175.4,795.3,62.53,26.54,32.01,22.56,72.82
GHA,GHA_GHA3.4_2,Dormaa,Bono,2025,1167.3,779.3,54.43,26.09,31.36,22.34,76.69
GHA,GHA_GHA3.5_2,DormaaEast,Bono,2000,760.3,560.3,-341.87,25.93,30.74,22.29,72.8
GHA,GHA_GHA3.5_2,DormaaEast,Bono,2001,745.8,446.2,-356.37,26.05,30.79,22.53,72.89
GHA,GHA_GHA3.5_2,DormaaEast,Bono,2002,1122.5,781.4,20.33,25.96,30.63,22.53,74.87
GHA,GHA_GHA3.5_2,DormaaEast,Bono,2003,937.3,599.2,-164.87,26.07,30.77,22.66,75.96
GHA,GHA_GHA3.5_2,DormaaEast,Bono,2004,883.2,582.5,-218.97,25.99,30.67,22.63,75.81
GHA,GHA_GHA3.5_2,DormaaEast,Bono,2005,980.9,677.4,-121.27,26.09,30.77,22.66,74.82
GHA,GHA_GHA3.5_2,DormaaEast,Bono,2006,883.8,647.3,-218.37,26.27,31.04,22.79,73.96
GHA,GHA_GHA3.5_2,DormaaEast,Bono,2007,1044.7,730.8,-57.47,26.29,31.06,22.61,72.09
GHA,GHA_GHA3.5_2,DormaaEast,Bono,2008,1223.2,943.2,121.03,26.01,30.74,22.44,72.48
GHA,GHA_GHA3.5_2,DormaaEast,Bono,2009,971.1,612.4,-131.07,26.04,30.56,22.72,76.2
GHA,GHA_GHA3.5_2,DormaaEast,Bono,2010,1016.2,679.0,-85.97,26.28,30.77,22.99,76.63
GHA,GHA_GHA3.5_2,DormaaEast,Bono,2011,928.9,679.0,-173.27,25.97,30.67,22.46,74.47
GHA,GHA_GHA3.5_2,DormaaEast,Bono,2012,1001.1,636.0,-101.07,25.74,30.27,22.36,75.23
GHA,GHA_GHA3.5_2,DormaaEast,Bono,2013,883.2,587.5,-218.97,26.08,30.7,22.59,73.45
GHA,GHA_GHA3.5_2,DormaaEast,Bono,2014,1025.0,723.3,-77.17,25.9,30.39,22.69,76.78
GHA,GHA_GHA3.5_2,DormaaEast,Bono,2015,912.9,619.9,-189.27,26.2,30.92,22.59,72.05
GHA,GHA_GHA3.5_2,DormaaEast,Bono,2016,961.9,661.3,-140.27,26.67,31.35,23.09,72.08
GHA,GHA_GHA3.5_2,DormaaEast,Bono,2017,1102.9,763.7,0.73,26.1,31.04,22.7,75.88
GHA,GHA_GHA3.5_2,DormaaEast,Bono,2018,1128.5,813.9,26.33,25.77,30.6,22.35,77.02
GHA,GHA_GHA3.5_2,DormaaEast,Bono,2019,1741.2,1396.1,639.03,26.03,30.77,22.74,78.66
GHA,GHA_GHA3.5_2,DormaaEast,Bono,2020,1174.7,801.9,72.53,26.24,31.25,22.6,74.03
GHA,GHA_GHA3.5_2,DormaaEast,Bono,2021,1596.4,1217.6,494.23,26.19,31.32,22.61,76.87
GHA,GHA_GHA3.5_2,DormaaEast,Bono,2022,1728.1,1228.7,625.93,25.66,31.04,21.91,73.81
GHA,GHA_GHA3.5_2,DormaaEast,Bono,2023,1753.6,1165.8,651.43,25.9,31.28,22.29,75.63
GHA,GHA_GHA3.5_2,DormaaEast,Bono,2024,1195.8,793.1,93.63,26.38,31.67,22.54,73.13
GHA,GHA_GHA3.5_2,DormaaEast,Bono,2025,953.1,650.2,-149.07,26.33,31.36,22.61,74.57
GHA,GHA_GHA3.6_2,DormaaWest,Bono,2000,651.9,471.6,-395.35,26.18,31.06,22.65,73.9
GHA,GHA_GHA3.6_2,DormaaWest,Bono,2001,622.4,370.3,-424.85,26.14,30.9,22.8,74.89
GHA,GHA_GHA3.6_2,DormaaWest,Bono,2002,982.4,676.4,-64.85,26.12,30.83,22.82,76.45
GHA,GHA_GHA3.6_2,DormaaWest,Bono,2003,850.3,557.7,-196.95,26.24,30.97,22.97,77.13
GHA,GHA_GHA3.6_2,DormaaWest,Bono,2004,800.4,550.8,-246.85,26.13,30.85,22.89,76.98
GHA,GHA_GHA3.6_2,DormaaWest,Bono,2005,868.3,608.3,-178.95,26.31,31.04,22.98,75.83
GHA,GHA_GHA3.6_2,DormaaWest,Bono,2006,763.5,563.3,-283.75,26.47,31.37,23.13,75.19
GHA,GHA_GHA3.6_2,DormaaWest,Bono,2007,906.6,642.2,-140.65,26.44,31.28,22.89,73.78
GHA,GHA_GHA3.6_2,DormaaWest,Bono,2008,1025.6,784.8,-21.65,26.23,30.98,22.75,74.02
GHA,GHA_GHA3.6_2,DormaaWest,Bono,2009,840.8,528.7,-206.45,26.31,30.91,23.08,76.54
GHA,GHA_GHA3.6_2,DormaaWest,Bono,2010,893.3,598.3,-153.95,26.47,31.04,23.32,77.66
GHA,GHA_GHA3.6_2,DormaaWest,Bono,2011,844.1,629.9,-203.15,26.22,31.01,22.83,75.65
GHA,GHA_GHA3.6_2,DormaaWest,Bono,2012,871.3,555.1,-175.95,26.06,30.68,22.75,75.81
GHA,GHA_GHA3.6_2,DormaaWest,Bono,2013,758.7,499.6,-288.55,26.39,31.13,22.97,74.18
GHA,GHA_GHA3.6_2,DormaaWest,Bono,2014,996.4,712.7,-50.85,26.04,30.58,22.96,78.17
GHA,GHA_GHA3.6_2,DormaaWest,Bono,2015,762.0,505.0,-285.25,26.45,31.23,22.92,73.17
GHA,GHA_GHA3.6_2,DormaaWest,Bono,2016,882.5,624.1,-164.75,26.83,31.56,23.37,73.86
GHA,GHA_GHA3.6_2,DormaaWest,Bono,2017,1121.6,784.5,74.35,26.17,31.19,22.88,77.87
GHA,GHA_GHA3.6_2,DormaaWest,Bono,2018,1328.2,1002.2,280.95,25.97,30.94,22.7,78.65
GHA,GHA_GHA3.6_2,DormaaWest,Bono,2019,1654.5,1233.6,607.25,26.19,31.07,23.0,80.06
GHA,GHA_GHA3.6_2,DormaaWest,Bono,2020,1130.1,806.6,82.85,26.34,31.49,22.79,76.12
GHA,GHA_GHA3.6_2,DormaaWest,Bono,2021,1695.8,1350.2,648.55,26.36,31.63,22.89,78.11
GHA,GHA_GHA3.6_2,DormaaWest,Bono,2022,1630.4,1096.3,583.15,25.83,31.34,22.17,75.3
GHA,GHA_GHA3.6_2,DormaaWest,Bono,2023,1927.8,1359.8,880.55,26.03,31.53,22.53,77.56
GHA,GHA_GHA3.6_2,DormaaWest,Bono,2024,1236.4,813.0,189.15,26.75,32.3,22.92,73.86
GHA,GHA_GHA3.6_2,DormaaWest,Bono,2025,1183.3,790.9,136.05,26.45,32.03,22.66,75.91
GHA,GHA_GHA3.7_2,JamanNorth,Bono,2000,963.4,765.6,-158.83,25.96,31.23,21.98,70.15
GHA,GHA_GHA3.7_2,JamanNorth,Bono,2001,817.7,606.8,-304.53,26.1,31.21,22.2,69.94
GHA,GHA_GHA3.7_2,JamanNorth,Bono,2002,1138.7,811.1,16.47,26.03,31.13,22.24,71.69
GHA,GHA_GHA3.7_2,JamanNorth,Bono,2003,1179.3,855.8,57.07,26.17,31.21,22.44,73.57
GHA,GHA_GHA3.7_2,JamanNorth,Bono,2004,927.6,638.9,-194.63,26.11,31.16,22.43,73.54
GHA,GHA_GHA3.7_2,JamanNorth,Bono,2005,999.5,665.1,-122.73,26.1,31.14,22.42,72.88
GHA,GHA_GHA3.7_2,JamanNorth,Bono,2006,977.7,713.1,-144.53,26.25,31.41,22.4,71.56
GHA,GHA_GHA3.7_2,JamanNorth,Bono,2007,1072.2,783.5,-50.03,26.25,31.4,22.29,69.51
GHA,GHA_GHA3.7_2,JamanNorth,Bono,2008,1054.8,884.5,-67.43,26.12,31.4,22.14,68.93
GHA,GHA_GHA3.7_2,JamanNorth,Bono,2009,1150.7,829.1,28.47,26.11,31.13,22.42,73.85
GHA,GHA_GHA3.7_2,JamanNorth,Bono,2010,1251.6,922.1,129.37,26.36,31.28,22.71,74.33
GHA,GHA_GHA3.7_2,JamanNorth,Bono,2011,1101.1,825.7,-21.13,26.0,31.1,22.15,71.84
GHA,GHA_GHA3.7_2,JamanNorth,Bono,2012,1159.8,788.1,37.57,25.78,30.76,22.08,72.96
GHA,GHA_GHA3.7_2,JamanNorth,Bono,2013,1282.5,921.0,160.27,26.0,30.93,22.25,71.97
GHA,GHA_GHA3.7_2,JamanNorth,Bono,2014,1050.9,781.8,-71.33,26.05,30.95,22.47,74.12
GHA,GHA_GHA3.7_2,JamanNorth,Bono,2015,1029.0,790.2,-93.23,26.27,31.38,22.42,69.5
GHA,GHA_GHA3.7_2,JamanNorth,Bono,2016,1034.8,787.3,-87.43,26.71,31.83,22.84,69.84
GHA,GHA_GHA3.7_2,JamanNorth,Bono,2017,1044.0,778.1,-78.23,25.86,31.45,22.06,73.56
GHA,GHA_GHA3.7_2,JamanNorth,Bono,2018,1068.9,820.4,-53.33,25.43,30.96,21.59,74.49
GHA,GHA_GHA3.7_2,JamanNorth,Bono,2019,1418.2,1026.5,295.97,25.8,31.38,22.08,76.05
GHA,GHA_GHA3.7_2,JamanNorth,Bono,2020,1033.5,805.8,-88.73,25.94,31.72,21.89,71.79
GHA,GHA_GHA3.7_2,JamanNorth,Bono,2021,1292.9,1013.2,170.67,25.91,31.84,21.88,74.2
GHA,GHA_GHA3.7_2,JamanNorth,Bono,2022,1490.0,1081.8,367.77,25.28,31.44,21.18,71.35
GHA,GHA_GHA3.7_2,JamanNorth,Bono,2023,1476.0,1077.4,353.77,25.7,31.84,21.68,72.89
GHA,GHA_GHA3.7_2,JamanNorth,Bono,2024,1217.0,916.3,94.77,26.09,31.99,21.89,69.73
GHA,GHA_GHA3.7_2,JamanNorth,Bono,2025,946.2,671.7,-176.03,26.32,31.29,22.43,71.44
GHA,GHA_GHA3.8_2,JamanSouth,Bono,2000,800.7,600.7,-261.9,26.31,31.19,22.49,71.57
GHA,GHA_GHA3.8_2,JamanSouth,Bono,2001,724.9,459.2,-337.7,26.43,31.2,22.73,71.55
GHA,GHA_GHA3.8_2,JamanSouth,Bono,2002,1140.3,804.9,77.7,26.37,31.13,22.77,73.3
GHA,GHA_GHA3.8_2,JamanSouth,Bono,2003,952.3,598.7,-110.3,26.44,31.17,22.9,75.01
GHA,GHA_GHA3.8_2,JamanSouth,Bono,2004,863.0,573.6,-199.6,26.39,31.11,22.89,74.9
GHA,GHA_GHA3.8_2,JamanSouth,Bono,2005,908.6,611.3,-154.0,26.44,31.16,22.9,73.98
GHA,GHA_GHA3.8_2,JamanSouth,Bono,2006,856.3,617.2,-206.3,26.58,31.37,22.95,73.16
GHA,GHA_GHA3.8_2,JamanSouth,Bono,2007,1000.3,727.7,-62.3,26.65,31.45,22.84,70.83
GHA,GHA_GHA3.8_2,JamanSouth,Bono,2008,1130.3,877.2,67.7,26.44,31.29,22.69,70.76
GHA,GHA_GHA3.8_2,JamanSouth,Bono,2009,980.9,640.7,-81.7,26.41,30.99,22.94,75.37
GHA,GHA_GHA3.8_2,JamanSouth,Bono,2010,1001.6,708.8,-61.0,26.69,31.24,23.22,75.54
GHA,GHA_GHA3.8_2,JamanSouth,Bono,2011,910.1,652.2,-152.5,26.35,31.11,22.69,73.16
GHA,GHA_GHA3.8_2,JamanSouth,Bono,2012,1014.7,634.3,-47.9,26.07,30.67,22.55,74.38
GHA,GHA_GHA3.8_2,JamanSouth,Bono,2013,914.4,636.4,-148.2,26.4,31.03,22.79,72.59
GHA,GHA_GHA3.8_2,JamanSouth,Bono,2014,920.8,649.1,-141.8,26.34,30.87,22.95,75.52
GHA,GHA_GHA3.8_2,JamanSouth,Bono,2015,873.0,590.8,-189.6,26.62,31.39,22.89,70.65
GHA,GHA_GHA3.8_2,JamanSouth,Bono,2016,930.7,669.4,-131.9,27.08,31.82,23.35,70.75
GHA,GHA_GHA3.8_2,JamanSouth,Bono,2017,1019.1,721.7,-43.5,26.34,31.33,22.73,73.5
GHA,GHA_GHA3.8_2,JamanSouth,Bono,2018,1077.6,807.0,15.0,25.91,30.77,22.31,74.6
GHA,GHA_GHA3.8_2,JamanSouth,Bono,2019,1478.3,1052.3,415.7,26.21,31.06,22.69,76.34
GHA,GHA_GHA3.8_2,JamanSouth,Bono,2020,1097.1,849.3,34.5,26.53,31.71,22.62,70.84
GHA,GHA_GHA3.8_2,JamanSouth,Bono,2021,1445.3,1097.9,382.7,26.33,31.54,22.53,74.55
GHA,GHA_GHA3.8_2,JamanSouth,Bono,2022,1597.2,1150.5,534.6,25.8,31.22,21.9,71.36
GHA,GHA_GHA3.8_2,JamanSouth,Bono,2023,1655.3,1099.5,592.7,26.08,31.44,22.27,73.07
GHA,GHA_GHA3.8_2,JamanSouth,Bono,2024,1199.8,815.7,137.2,26.49,31.77,22.48,70.39
GHA,GHA_GHA3.8_2,JamanSouth,Bono,2025,1135.1,765.4,72.5,26.27,31.24,22.5,74.13
GHA,GHA_GHA3.9_2,Sunyani,Bono,2000,719.3,523.7,-377.46,25.93,30.76,22.33,72.94
GHA,GHA_GHA3.9_2,Sunyani,Bono,2001,610.8,368.9,-485.96,26.15,30.99,22.61,72.38
GHA,GHA_GHA3.9_2,Sunyani,Bono,2002,1046.1,703.3,-50.66,25.98,30.67,22.57,74.86
GHA,GHA_GHA3.9_2,Sunyani,Bono,2003,905.9,545.3,-190.86,26.14,30.91,22.72,75.58
GHA,GHA_GHA3.9_2,Sunyani,Bono,2004,862.9,603.1,-233.86,26.09,30.83,22.69,75.12
GHA,GHA_GHA3.9_2,Sunyani,Bono,2005,817.7,555.6,-279.06,26.15,30.87,22.7,74.43
GHA,GHA_GHA3.9_2,Sunyani,Bono,2006,761.4,544.1,-335.36,26.42,31.3,22.88,72.99
GHA,GHA_GHA3.9_2,Sunyani,Bono,2007,849.4,618.3,-247.36,26.37,31.24,22.67,71.74
GHA,GHA_GHA3.9_2,Sunyani,Bono,2008,1174.9,894.8,78.14,26.0,30.72,22.45,72.73
GHA,GHA_GHA3.9_2,Sunyani,Bono,2009,975.1,618.8,-121.66,26.03,30.59,22.74,76.18
GHA,GHA_GHA3.9_2,Sunyani,Bono,2010,907.7,627.7,-189.06,26.34,30.89,23.03,76.24
GHA,GHA_GHA3.9_2,Sunyani,Bono,2011,899.5,652.3,-197.26,26.01,30.77,22.51,74.33
GHA,GHA_GHA3.9_2,Sunyani,Bono,2012,990.8,649.3,-105.96,25.78,30.35,22.4,75.11
GHA,GHA_GHA3.9_2,Sunyani,Bono,2013,842.3,570.2,-254.46,26.07,30.71,22.6,73.58
GHA,GHA_GHA3.9_2,Sunyani,Bono,2014,977.0,712.8,-119.76,25.86,30.33,22.67,77.0
GHA,GHA_GHA3.9_2,Sunyani,Bono,2015,832.8,565.7,-263.96,26.24,31.02,22.63,71.98
GHA,GHA_GHA3.9_2,Sunyani,Bono,2016,920.4,618.7,-176.36,26.68,31.4,23.11,72.11
GHA,GHA_GHA3.9_2,Sunyani,Bono,2017,1199.3,838.0,102.54,26.16,31.12,22.78,76.23
GHA,GHA_GHA3.9_2,Sunyani,Bono,2018,1290.7,947.7,193.94,25.94,30.76,22.49,76.73
GHA,GHA_GHA3.9_2,Sunyani,Bono,2019,1797.9,1380.5,701.14,26.17,30.94,22.84,78.41
GHA,GHA_GHA3.9_2,Sunyani,Bono,2020,1267.9,857.3,171.14,26.31,31.27,22.71,74.54
GHA,GHA_GHA3.9_2,Sunyani,Bono,2021,1871.4,1448.3,774.64,26.31,31.4,22.76,76.86
GHA,GHA_GHA3.9_2,Sunyani,Bono,2022,1744.6,1229.6,647.84,25.85,31.31,22.07,73.55
GHA,GHA_GHA3.9_2,Sunyani,Bono,2023,1850.9,1275.2,754.14,26.0,31.37,22.39,75.86
GHA,GHA_GHA3.9_2,Sunyani,Bono,2024,1346.7,920.3,249.94,26.6,31.85,22.77,73.01
GHA,GHA_GHA3.9_2,Sunyani,Bono,2025,1052.3,721.3,-44.46,26.4,31.55,22.67,75.3
GHA,GHA_GHA3.10_2,SunyaniWest,Bono,2000,764.1,577.2,-319.47,26.24,31.1,22.5,71.09
GHA,GHA_GHA3.10_2,SunyaniWest,Bono,2001,609.1,395.9,-474.47,26.46,31.31,22.79,70.49
GHA,GHA_GHA3.10_2,SunyaniWest,Bono,2002,1028.1,701.2,-55.47,26.24,30.94,22.73,73.35
GHA,GHA_GHA3.10_2,SunyaniWest,Bono,2003,897.9,562.8,-185.67,26.37,31.12,22.88,74.43
GHA,GHA_GHA3.10_2,SunyaniWest,Bono,2004,855.3,586.9,-228.27,26.35,31.07,22.86,73.98
GHA,GHA_GHA3.10_2,SunyaniWest,Bono,2005,790.1,525.7,-293.47,26.4,31.1,22.87,73.21
GHA,GHA_GHA3.10_2,SunyaniWest,Bono,2006,755.9,533.5,-327.67,26.62,31.45,23.01,71.84
GHA,GHA_GHA3.10_2,SunyaniWest,Bono,2007,836.3,627.8,-247.27,26.65,31.51,22.86,70.11
GHA,GHA_GHA3.10_2,SunyaniWest,Bono,2008,1036.0,812.8,-47.57,26.29,31.06,22.64,70.93
GHA,GHA_GHA3.10_2,SunyaniWest,Bono,2009,969.7,631.8,-113.87,26.28,30.84,22.9,75.06
GHA,GHA_GHA3.10_2,SunyaniWest,Bono,2010,969.7,700.8,-113.87,26.58,31.1,23.19,75.06
GHA,GHA_GHA3.10_2,SunyaniWest,Bono,2011,916.7,663.6,-166.87,26.22,30.94,22.64,73.01
GHA,GHA_GHA3.10_2,SunyaniWest,Bono,2012,1005.7,653.7,-77.87,26.0,30.56,22.54,73.92
GHA,GHA_GHA3.10_2,SunyaniWest,Bono,2013,888.1,575.9,-195.47,26.25,30.83,22.73,72.62
GHA,GHA_GHA3.10_2,SunyaniWest,Bono,2014,948.9,680.0,-134.67,26.1,30.57,22.83,75.91
GHA,GHA_GHA3.10_2,SunyaniWest,Bono,2015,915.6,648.1,-167.97,26.47,31.25,22.79,70.61
GHA,GHA_GHA3.10_2,SunyaniWest,Bono,2016,909.3,619.5,-174.27,26.88,31.57,23.25,71.05
GHA,GHA_GHA3.10_2,SunyaniWest,Bono,2017,1243.5,872.9,159.93,26.3,31.34,22.74,74.32
GHA,GHA_GHA3.10_2,SunyaniWest,Bono,2018,1343.2,1044.4,259.63,25.94,30.87,22.38,75.27
GHA,GHA_GHA3.10_2,SunyaniWest,Bono,2019,1620.6,1185.1,537.03,26.24,31.14,22.78,76.78
GHA,GHA_GHA3.10_2,SunyaniWest,Bono,2020,1308.6,812.1,225.03,26.32,31.4,22.56,73.09
GHA,GHA_GHA3.10_2,SunyaniWest,Bono,2021,1709.4,1279.9,625.83,26.26,31.47,22.6,75.93
GHA,GHA_GHA3.10_2,SunyaniWest,Bono,2022,1747.7,1248.1,664.13,25.77,31.31,21.92,72.66
GHA,GHA_GHA3.10_2,SunyaniWest,Bono,2023,1748.6,1204.9,665.03,26.04,31.55,22.29,74.37
GHA,GHA_GHA3.10_2,SunyaniWest,Bono,2024,1316.0,884.9,232.43,26.57,31.91,22.64,71.55
GHA,GHA_GHA3.10_2,SunyaniWest,Bono,2025,1038.8,659.0,-44.77,26.52,31.58,22.69,73.25
GHA,GHA_GHA3.11_2,Tain,Bono,2000,649.3,535.4,-270.43,26.56,31.73,22.57,68.16
GHA,GHA_GHA3.11_2,Tain,Bono,2001,583.7,406.9,-336.03,26.81,31.91,22.84,67.18
GHA,GHA_GHA3.11_2,Tain,Bono,2002,866.4,616.3,-53.33,26.64,31.67,22.8,69.58
GHA,GHA_GHA3.11_2,Tain,Bono,2003,809.0,569.7,-110.73,26.76,31.75,23.0,71.42
GHA,GHA_GHA3.11_2,Tain,Bono,2004,662.7,468.9,-257.03,26.73,31.72,23.0,71.14
GHA,GHA_GHA3.11_2,Tain,Bono,2005,661.4,447.0,-258.33,26.78,31.79,23.01,70.22
GHA,GHA_GHA3.11_2,Tain,Bono,2006,631.3,454.2,-288.43,26.96,32.08,23.04,68.64
GHA,GHA_GHA3.11_2,Tain,Bono,2007,762.6,574.3,-157.13,26.92,32.08,22.9,67.14
GHA,GHA_GHA3.11_2,Tain,Bono,2008,834.6,686.4,-85.13,26.66,31.86,22.68,67.37
GHA,GHA_GHA3.11_2,Tain,Bono,2009,809.2,574.0,-110.53,26.7,31.65,23.0,71.82
GHA,GHA_GHA3.11_2,Tain,Bono,2010,864.4,654.8,-55.33,26.9,31.71,23.26,72.59
GHA,GHA_GHA3.11_2,Tain,Bono,2011,743.3,543.3,-176.43,26.51,31.51,22.66,70.33
GHA,GHA_GHA3.11_2,Tain,Bono,2012,837.5,566.5,-82.23,26.34,31.21,22.62,71.12
GHA,GHA_GHA3.11_2,Tain,Bono,2013,867.8,637.9,-51.93,26.54,31.39,22.77,70.26
GHA,GHA_GHA3.11_2,Tain,Bono,2014,724.2,553.5,-195.53,26.57,31.36,23.0,72.45
GHA,GHA_GHA3.11_2,Tain,Bono,2015,766.9,567.9,-152.83,26.81,31.87,22.9,67.78
GHA,GHA_GHA3.11_2,Tain,Bono,2016,810.3,571.0,-109.43,27.24,32.27,23.36,68.15
GHA,GHA_GHA3.11_2,Tain,Bono,2017,946.6,661.3,26.87,26.53,31.94,22.71,71.91
GHA,GHA_GHA3.11_2,Tain,Bono,2018,1076.9,814.4,157.17,26.05,31.42,22.18,73.16
GHA,GHA_GHA3.11_2,Tain,Bono,2019,1436.9,1058.1,517.17,26.38,31.72,22.63,75.16
GHA,GHA_GHA3.11_2,Tain,Bono,2020,1076.5,816.5,156.77,26.44,31.98,22.42,71.44
GHA,GHA_GHA3.11_2,Tain,Bono,2021,1377.4,1043.9,457.67,26.4,32.0,22.48,73.99
GHA,GHA_GHA3.11_2,Tain,Bono,2022,1534.6,1130.0,614.87,25.74,31.64,21.64,71.2
GHA,GHA_GHA3.11_2,Tain,Bono,2023,1452.8,1017.4,533.07,26.1,31.98,22.12,72.95
GHA,GHA_GHA3.11_2,Tain,Bono,2024,1188.4,892.4,268.67,26.54,32.25,22.36,69.85
GHA,GHA_GHA3.11_2,Tain,Bono,2025,938.2,667.0,18.47,26.57,31.56,22.7,72.3
GHA,GHA_GHA3.12_2,Wenchi,Bono,2000,1265.9,966.0,-67.31,26.43,31.88,22.45,69.77
GHA,GHA_GHA3.12_2,Wenchi,Bono,2001,975.1,674.1,-358.11,26.68,32.0,22.74,68.69
GHA,GHA_GHA3.12_2,Wenchi,Bono,2002,1565.5,1113.4,232.29,26.52,31.78,22.7,71.07
GHA,GHA_GHA3.12_2,Wenchi,Bono,2003,1379.8,904.3,46.59,26.62,31.86,22.89,73.1
GHA,GHA_GHA3.12_2,Wenchi,Bono,2004,1292.5,899.8,-40.71,26.55,31.77,22.84,73.14
GHA,GHA_GHA3.12_2,Wenchi,Bono,2005,1162.6,763.9,-170.61,26.6,31.81,22.87,72.21
GHA,GHA_GHA3.12_2,Wenchi,Bono,2006,1144.9,804.6,-188.31,26.75,32.07,22.9,70.71
GHA,GHA_GHA3.12_2,Wenchi,Bono,2007,1327.1,980.8,-6.11,26.81,32.24,22.82,68.61
GHA,GHA_GHA3.12_2,Wenchi,Bono,2008,1399.6,1090.2,66.39,26.5,31.94,22.57,69.14
GHA,GHA_GHA3.12_2,Wenchi,Bono,2009,1490.6,981.2,157.39,26.54,31.72,22.88,73.57
GHA,GHA_GHA3.12_2,Wenchi,Bono,2010,1685.5,1277.1,352.29,26.79,31.83,23.15,73.93
GHA,GHA_GHA3.12_2,Wenchi,Bono,2011,1338.1,962.7,4.89,26.42,31.67,22.57,71.65
GHA,GHA_GHA3.12_2,Wenchi,Bono,2012,1482.2,1025.8,148.99,26.23,31.31,22.52,72.49
GHA,GHA_GHA3.12_2,Wenchi,Bono,2013,1473.9,952.0,140.69,26.42,31.51,22.66,71.84
GHA,GHA_GHA3.12_2,Wenchi,Bono,2014,1533.9,1140.2,200.69,26.43,31.42,22.88,74.17
GHA,GHA_GHA3.12_2,Wenchi,Bono,2015,1377.5,981.0,44.29,26.71,32.02,22.79,69.15
GHA,GHA_GHA3.12_2,Wenchi,Bono,2016,1404.1,1001.8,70.89,27.17,32.47,23.26,69.18
GHA,GHA_GHA3.12_2,Wenchi,Bono,2017,968.1,696.5,-365.11,26.48,31.82,22.65,70.92
GHA,GHA_GHA3.12_2,Wenchi,Bono,2018,1120.7,866.3,-212.51,26.1,31.34,22.3,71.7
GHA,GHA_GHA3.12_2,Wenchi,Bono,2019,1360.5,1023.2,27.29,26.32,31.54,22.67,74.11
GHA,GHA_GHA3.12_2,Wenchi,Bono,2020,1193.7,904.3,-139.51,26.51,31.87,22.54,70.15
GHA,GHA_GHA3.12_2,Wenchi,Bono,2021,1330.3,954.1,-2.91,26.39,31.95,22.5,72.81
GHA,GHA_GHA3.12_2,Wenchi,Bono,2022,1554.2,1082.4,220.99,25.92,31.69,21.95,69.51
GHA,GHA_GHA3.12_2,Wenchi,Bono,2023,1595.9,1110.2,262.69,26.13,31.84,22.31,72.0
GHA,GHA_GHA3.12_2,Wenchi,Bono,2024,1339.3,931.9,6.09,26.58,32.08,22.6,69.11
GHA,GHA_GHA3.12_2,Wenchi,Bono,2025,901.9,635.6,-431.31,26.52,31.62,22.59,71.68
GHA,GHA_GHA4.1_2,Atebubu-Amantin,BonoEast,2000,795.5,711.3,-171.26,27.44,33.37,23.08,67.14
GHA,GHA_GHA4.1_2,Atebubu-Amantin,BonoEast,2001,553.4,441.8,-413.36,27.72,33.54,23.42,65.75
GHA,GHA_GHA4.1_2,Atebubu-Amantin,BonoEast,2002,882.0,695.5,-84.76,27.51,33.2,23.32,68.97
GHA,GHA_GHA4.1_2,Atebubu-Amantin,BonoEast,2003,802.0,642.9,-164.76,27.73,33.55,23.56,69.51
GHA,GHA_GHA4.1_2,Atebubu-Amantin,BonoEast,2004,867.0,684.6,-99.76,27.57,33.24,23.46,69.96
GHA,GHA_GHA4.1_2,Atebubu-Amantin,BonoEast,2005,915.7,713.1,-51.06,27.65,33.32,23.55,69.09
GHA,GHA_GHA4.1_2,Atebubu-Amantin,BonoEast,2006,732.7,611.8,-234.06,27.77,33.56,23.57,67.82
GHA,GHA_GHA4.1_2,Atebubu-Amantin,BonoEast,2007,968.7,831.6,1.94,27.79,33.72,23.42,66.44
GHA,GHA_GHA4.1_2,Atebubu-Amantin,BonoEast,2008,810.3,720.1,-156.46,27.55,33.43,23.21,66.33
GHA,GHA_GHA4.1_2,Atebubu-Amantin,BonoEast,2009,956.5,744.4,-10.26,27.6,33.29,23.53,70.53
GHA,GHA_GHA4.1_2,Atebubu-Amantin,BonoEast,2010,944.4,806.9,-22.36,27.84,33.38,23.81,70.55
GHA,GHA_GHA4.1_2,Atebubu-Amantin,BonoEast,2011,1024.8,841.4,58.04,27.4,33.2,23.19,69.09
GHA,GHA_GHA4.1_2,Atebubu-Amantin,BonoEast,2012,946.8,734.9,-19.96,27.21,32.79,23.14,69.95
GHA,GHA_GHA4.1_2,Atebubu-Amantin,BonoEast,2013,878.3,670.1,-88.46,27.49,33.11,23.35,68.96
GHA,GHA_GHA4.1_2,Atebubu-Amantin,BonoEast,2014,974.5,756.0,7.74,27.44,32.97,23.5,71.28
GHA,GHA_GHA4.1_2,Atebubu-Amantin,BonoEast,2015,747.7,603.7,-219.06,27.69,33.47,23.46,66.65
GHA,GHA_GHA4.1_2,Atebubu-Amantin,BonoEast,2016,965.2,750.2,-1.56,28.0,33.77,23.81,67.84
GHA,GHA_GHA4.1_2,Atebubu-Amantin,BonoEast,2017,867.4,699.8,-99.36,27.39,33.56,23.1,69.9
GHA,GHA_GHA4.1_2,Atebubu-Amantin,BonoEast,2018,1074.1,838.9,107.34,26.87,32.92,22.61,71.47
GHA,GHA_GHA4.1_2,Atebubu-Amantin,BonoEast,2019,1433.7,1212.1,466.94,27.37,33.58,23.18,72.4
GHA,GHA_GHA4.1_2,Atebubu-Amantin,BonoEast,2020,1020.2,813.5,53.44,27.46,33.83,22.91,68.81
GHA,GHA_GHA4.1_2,Atebubu-Amantin,BonoEast,2021,1474.9,1299.2,508.14,27.59,34.13,23.15,69.94
GHA,GHA_GHA4.1_2,Atebubu-Amantin,BonoEast,2022,1251.9,998.2,285.14,27.08,33.91,22.45,67.12
GHA,GHA_GHA4.1_2,Atebubu-Amantin,BonoEast,2023,1274.3,1056.8,307.54,27.19,33.93,22.71,69.76
GHA,GHA_GHA4.1_2,Atebubu-Amantin,BonoEast,2024,1097.9,906.4,131.14,27.83,34.29,23.22,66.24
GHA,GHA_GHA4.1_2,Atebubu-Amantin,BonoEast,2025,875.8,727.4,-90.96,28.02,33.31,23.89,67.79
GHA,GHA_GHA4.2_2,KintampoNorth,BonoEast,2000,747.7,682.4,-171.88,28.05,33.89,23.18,60.7
GHA,GHA_GHA4.2_2,KintampoNorth,BonoEast,2001,557.6,467.0,-361.98,28.32,34.18,23.43,58.99
GHA,GHA_GHA4.2_2,KintampoNorth,BonoEast,2002,855.1,736.3,-64.48,28.15,33.85,23.5,62.53
GHA,GHA_GHA4.2_2,KintampoNorth,BonoEast,2003,867.7,722.7,-51.88,28.22,33.98,23.58,64.37
GHA,GHA_GHA4.2_2,KintampoNorth,BonoEast,2004,751.7,585.4,-167.88,28.17,33.89,23.6,64.38
GHA,GHA_GHA4.2_2,KintampoNorth,BonoEast,2005,821.4,676.6,-98.18,28.31,34.07,23.74,63.37
GHA,GHA_GHA4.2_2,KintampoNorth,BonoEast,2006,693.3,622.0,-226.28,28.39,34.25,23.64,61.47
GHA,GHA_GHA4.2_2,KintampoNorth,BonoEast,2007,768.1,683.3,-151.48,28.28,34.07,23.51,60.4
GHA,GHA_GHA4.2_2,KintampoNorth,BonoEast,2008,886.2,823.5,-33.38,28.05,33.88,23.28,60.51
GHA,GHA_GHA4.2_2,KintampoNorth,BonoEast,2009,732.2,608.9,-187.38,28.18,33.9,23.63,64.48
GHA,GHA_GHA4.2_2,KintampoNorth,BonoEast,2010,868.8,768.1,-50.78,28.2,33.64,23.75,66.12
GHA,GHA_GHA4.2_2,KintampoNorth,BonoEast,2011,974.4,867.9,54.82,27.96,33.68,23.3,63.53
GHA,GHA_GHA4.2_2,KintampoNorth,BonoEast,2012,840.2,683.2,-79.38,27.8,33.37,23.25,64.24
GHA,GHA_GHA4.2_2,KintampoNorth,BonoEast,2013,756.4,610.3,-163.18,27.98,33.58,23.43,64.1
GHA,GHA_GHA4.2_2,KintampoNorth,BonoEast,2014,797.4,642.5,-122.18,28.07,33.62,23.63,65.56
GHA,GHA_GHA4.2_2,KintampoNorth,BonoEast,2015,715.1,551.4,-204.48,28.25,33.92,23.6,61.42
GHA,GHA_GHA4.2_2,KintampoNorth,BonoEast,2016,1014.1,888.2,94.52,28.72,34.44,24.07,61.27
GHA,GHA_GHA4.2_2,KintampoNorth,BonoEast,2017,801.9,724.3,-117.68,28.25,34.14,23.71,62.65
GHA,GHA_GHA4.2_2,KintampoNorth,BonoEast,2018,1106.0,902.3,186.42,27.62,33.42,23.08,64.75
GHA,GHA_GHA4.2_2,KintampoNorth,BonoEast,2019,1403.1,1234.8,483.52,28.1,34.11,23.54,65.1
GHA,GHA_GHA4.2_2,KintampoNorth,BonoEast,2020,1098.8,984.2,179.22,28.13,34.12,23.44,62.58
GHA,GHA_GHA4.2_2,KintampoNorth,BonoEast,2021,1010.2,896.9,90.62,28.22,34.42,23.47,63.36
GHA,GHA_GHA4.2_2,KintampoNorth,BonoEast,2022,1296.7,1106.1,377.12,27.31,33.5,22.64,63.42
GHA,GHA_GHA4.2_2,KintampoNorth,BonoEast,2023,1385.6,1193.5,466.02,27.51,33.83,22.87,65.94
GHA,GHA_GHA4.2_2,KintampoNorth,BonoEast,2024,1218.9,1028.9,299.32,27.63,34.03,22.87,64.51
GHA,GHA_GHA4.2_2,KintampoNorth,BonoEast,2025,940.5,804.6,20.92,28.07,33.49,23.75,64.98
GHA,GHA_GHA4.3_2,KintampoSouth,BonoEast,2000,1200.3,1015.6,-75.22,26.96,32.73,22.75,68.47
GHA,GHA_GHA4.3_2,KintampoSouth,BonoEast,2001,903.3,690.0,-372.22,27.16,32.77,23.0,67.55
GHA,GHA_GHA4.3_2,KintampoSouth,BonoEast,2002,1389.3,1056.1,113.78,27.0,32.54,23.0,70.29
GHA,GHA_GHA4.3_2,KintampoSouth,BonoEast,2003,1314.0,1000.1,38.48,27.11,32.7,23.19,72.2
GHA,GHA_GHA4.3_2,KintampoSouth,BonoEast,2004,1226.5,865.8,-49.02,27.02,32.53,23.11,72.41
GHA,GHA_GHA4.3_2,KintampoSouth,BonoEast,2005,1160.4,828.0,-115.12,27.07,32.55,23.19,71.51
GHA,GHA_GHA4.3_2,KintampoSouth,BonoEast,2006,1112.6,869.1,-162.92,27.14,32.73,23.14,70.28
GHA,GHA_GHA4.3_2,KintampoSouth,BonoEast,2007,1198.0,958.5,-77.52,27.25,32.98,23.1,67.94
GHA,GHA_GHA4.3_2,KintampoSouth,BonoEast,2008,1145.5,991.4,-130.02,27.02,32.79,22.87,67.91
GHA,GHA_GHA4.3_2,KintampoSouth,BonoEast,2009,1317.8,957.9,42.28,27.03,32.55,23.16,72.47
GHA,GHA_GHA4.3_2,KintampoSouth,BonoEast,2010,1469.7,1175.6,194.18,27.28,32.63,23.44,72.83
GHA,GHA_GHA4.3_2,KintampoSouth,BonoEast,2011,1345.5,1059.5,69.98,26.96,32.56,22.9,70.25
GHA,GHA_GHA4.3_2,KintampoSouth,BonoEast,2012,1293.8,966.0,18.28,26.75,32.16,22.84,71.42
GHA,GHA_GHA4.3_2,KintampoSouth,BonoEast,2013,1377.6,960.6,102.08,26.96,32.37,23.01,70.8
GHA,GHA_GHA4.3_2,KintampoSouth,BonoEast,2014,1406.6,1045.8,131.08,26.9,32.24,23.18,73.46
GHA,GHA_GHA4.3_2,KintampoSouth,BonoEast,2015,1185.9,897.0,-89.62,27.16,32.74,23.11,68.51
GHA,GHA_GHA4.3_2,KintampoSouth,BonoEast,2016,1273.8,1006.2,-1.72,27.62,33.21,23.59,68.45
GHA,GHA_GHA4.3_2,KintampoSouth,BonoEast,2017,932.1,724.2,-343.42,26.73,32.26,22.65,68.46
GHA,GHA_GHA4.3_2,KintampoSouth,BonoEast,2018,1358.4,1097.5,82.88,26.25,31.67,22.22,69.47
GHA,GHA_GHA4.3_2,KintampoSouth,BonoEast,2019,1501.1,1163.4,225.58,26.63,32.21,22.66,71.04
GHA,GHA_GHA4.3_2,KintampoSouth,BonoEast,2020,1262.1,1000.4,-13.42,26.71,32.33,22.47,68.02
GHA,GHA_GHA4.3_2,KintampoSouth,BonoEast,2021,1412.7,1122.0,137.18,26.71,32.57,22.48,69.36
GHA,GHA_GHA4.3_2,KintampoSouth,BonoEast,2022,1399.8,1068.5,124.28,26.18,32.18,21.93,66.73
GHA,GHA_GHA4.3_2,KintampoSouth,BonoEast,2023,1648.9,1215.0,373.38,26.45,32.5,22.35,69.11
GHA,GHA_GHA4.3_2,KintampoSouth,BonoEast,2024,1368.2,1055.9,92.68,26.85,32.63,22.58,66.47
GHA,GHA_GHA4.3_2,KintampoSouth,BonoEast,2025,959.7,760.5,-315.82,26.73,31.61,22.75,69.41
GHA,GHA_GHA4.4_2,NkoranzaNorth,BonoEast,2000,814.9,694.6,-210.28,26.37,32.06,22.18,67.74
GHA,GHA_GHA4.4_2,NkoranzaNorth,BonoEast,2001,609.6,474.1,-415.58,26.58,32.15,22.41,66.82
GHA,GHA_GHA4.4_2,NkoranzaNorth,BonoEast,2002,986.0,798.7,-39.18,26.4,31.86,22.39,69.69
GHA,GHA_GHA4.4_2,NkoranzaNorth,BonoEast,2003,843.3,673.8,-181.88,26.58,32.14,22.6,70.9
GHA,GHA_GHA4.4_2,NkoranzaNorth,BonoEast,2004,815.3,601.7,-209.88,26.47,31.92,22.52,71.02
GHA,GHA_GHA4.4_2,NkoranzaNorth,BonoEast,2005,893.6,657.2,-131.58,26.52,31.95,22.59,70.25
GHA,GHA_GHA4.4_2,NkoranzaNorth,BonoEast,2006,801.4,631.7,-223.78,26.63,32.19,22.57,68.99
GHA,GHA_GHA4.4_2,NkoranzaNorth,BonoEast,2007,878.4,732.7,-146.78,26.69,32.39,22.51,67.2
GHA,GHA_GHA4.4_2,NkoranzaNorth,BonoEast,2008,837.7,724.3,-187.48,26.41,32.08,22.27,67.43
GHA,GHA_GHA4.4_2,NkoranzaNorth,BonoEast,2009,901.1,658.5,-124.08,26.49,31.95,22.57,71.41
GHA,GHA_GHA4.4_2,NkoranzaNorth,BonoEast,2010,1061.5,873.7,36.32,26.68,31.98,22.82,71.99
GHA,GHA_GHA4.4_2,NkoranzaNorth,BonoEast,2011,987.5,787.0,-37.68,26.32,31.86,22.28,69.74
GHA,GHA_GHA4.4_2,NkoranzaNorth,BonoEast,2012,951.3,714.4,-73.88,26.13,31.49,22.23,70.73
GHA,GHA_GHA4.4_2,NkoranzaNorth,BonoEast,2013,1023.0,770.0,-2.18,26.35,31.69,22.38,70.08
GHA,GHA_GHA4.4_2,NkoranzaNorth,BonoEast,2014,1077.5,806.0,52.32,26.22,31.47,22.51,72.95
GHA,GHA_GHA4.4_2,NkoranzaNorth,BonoEast,2015,820.9,608.5,-204.28,26.55,32.08,22.53,67.69
GHA,GHA_GHA4.4_2,NkoranzaNorth,BonoEast,2016,989.4,775.5,-35.78,26.95,32.46,22.92,68.2
GHA,GHA_GHA4.4_2,NkoranzaNorth,BonoEast,2017,971.1,705.1,-54.08,26.91,32.58,22.97,69.93
GHA,GHA_GHA4.4_2,NkoranzaNorth,BonoEast,2018,1245.1,945.0,219.92,26.42,31.98,22.5,71.46
GHA,GHA_GHA4.4_2,NkoranzaNorth,BonoEast,2019,1469.0,1193.9,443.82,26.83,32.53,22.97,72.6
GHA,GHA_GHA4.4_2,NkoranzaNorth,BonoEast,2020,1245.8,971.5,220.62,26.86,32.58,22.78,69.74
GHA,GHA_GHA4.4_2,NkoranzaNorth,BonoEast,2021,1470.3,1190.3,445.12,26.85,32.8,22.82,71.53
GHA,GHA_GHA4.4_2,NkoranzaNorth,BonoEast,2022,1399.5,1054.2,374.32,26.31,32.41,22.18,68.66
GHA,GHA_GHA4.4_2,NkoranzaNorth,BonoEast,2023,1417.4,1094.4,392.22,26.67,32.89,22.59,70.07
GHA,GHA_GHA4.4_2,NkoranzaNorth,BonoEast,2024,1220.2,907.5,195.02,27.16,33.14,22.92,67.39
GHA,GHA_GHA4.4_2,NkoranzaNorth,BonoEast,2025,924.0,687.2,-101.18,27.36,32.67,23.25,68.12
GHA,GHA_GHA4.5_2,NkoranzaSouth,BonoEast,2000,808.5,639.6,-216.55,27.2,32.4,23.24,68.75
GHA,GHA_GHA4.5_2,NkoranzaSouth,BonoEast,2001,605.5,400.5,-419.55,27.51,32.72,23.5,67.25
GHA,GHA_GHA4.5_2,NkoranzaSouth,BonoEast,2002,1057.1,764.8,32.05,27.21,32.22,23.45,70.78
GHA,GHA_GHA4.5_2,NkoranzaSouth,BonoEast,2003,888.1,624.1,-136.95,27.38,32.5,23.63,71.7
GHA,GHA_GHA4.5_2,NkoranzaSouth,BonoEast,2004,796.7,554.9,-228.35,27.26,32.27,23.54,71.79
GHA,GHA_GHA4.5_2,NkoranzaSouth,BonoEast,2005,836.7,539.9,-188.35,27.33,32.33,23.6,70.9
GHA,GHA_GHA4.5_2,NkoranzaSouth,BonoEast,2006,796.4,568.6,-228.65,27.48,32.59,23.64,69.76
GHA,GHA_GHA4.5_2,NkoranzaSouth,BonoEast,2007,925.8,702.3,-99.25,27.55,32.79,23.56,67.99
GHA,GHA_GHA4.5_2,NkoranzaSouth,BonoEast,2008,900.6,693.7,-124.45,27.22,32.37,23.32,68.54
GHA,GHA_GHA4.5_2,NkoranzaSouth,BonoEast,2009,929.0,611.4,-96.05,27.29,32.23,23.62,72.23
GHA,GHA_GHA4.5_2,NkoranzaSouth,BonoEast,2010,1030.5,768.9,5.45,27.43,32.26,23.84,73.2
GHA,GHA_GHA4.5_2,NkoranzaSouth,BonoEast,2011,963.0,696.1,-62.05,27.09,32.13,23.32,71.19
GHA,GHA_GHA4.5_2,NkoranzaSouth,BonoEast,2012,1021.3,702.1,-3.75,26.88,31.75,23.23,72.0
GHA,GHA_GHA4.5_2,NkoranzaSouth,BonoEast,2013,991.3,697.8,-33.75,27.1,31.93,23.41,71.14
GHA,GHA_GHA4.5_2,NkoranzaSouth,BonoEast,2014,1032.0,735.5,6.95,26.92,31.64,23.48,74.47
GHA,GHA_GHA4.5_2,NkoranzaSouth,BonoEast,2015,810.6,537.4,-214.45,27.34,32.38,23.53,68.87
GHA,GHA_GHA4.5_2,NkoranzaSouth,BonoEast,2016,983.5,675.0,-41.55,27.76,32.79,23.93,69.2
GHA,GHA_GHA4.5_2,NkoranzaSouth,BonoEast,2017,979.9,679.7,-45.15,26.62,32.31,22.77,72.77
GHA,GHA_GHA4.5_2,NkoranzaSouth,BonoEast,2018,1038.1,739.4,13.05,26.25,31.84,22.37,73.76
GHA,GHA_GHA4.5_2,NkoranzaSouth,BonoEast,2019,1481.0,1126.7,455.95,26.62,32.29,22.82,75.03
GHA,GHA_GHA4.5_2,NkoranzaSouth,BonoEast,2020,1131.9,837.6,106.85,26.74,32.57,22.66,71.31
GHA,GHA_GHA4.5_2,NkoranzaSouth,BonoEast,2021,1513.2,1153.2,488.15,26.71,32.71,22.75,73.83
GHA,GHA_GHA4.5_2,NkoranzaSouth,BonoEast,2022,1393.0,1001.3,367.95,26.11,32.29,21.99,71.27
GHA,GHA_GHA4.5_2,NkoranzaSouth,BonoEast,2023,1601.1,1171.8,576.05,26.4,32.63,22.34,72.76
GHA,GHA_GHA4.5_2,NkoranzaSouth,BonoEast,2024,1298.7,946.1,273.65,26.93,32.92,22.76,70.09
GHA,GHA_GHA4.5_2,NkoranzaSouth,BonoEast,2025,837.8,621.2,-187.25,27.01,32.38,23.0,71.29
GHA,GHA_GHA4.6_2,PruEast,BonoEast,2000,849.2,789.8,-27.84,27.92,33.38,23.31,65.76
GHA,GHA_GHA4.6_2,PruEast,BonoEast,2001,532.6,467.6,-344.44,28.32,33.91,23.67,63.42
GHA,GHA_GHA4.6_2,PruEast,BonoEast,2002,848.0,736.5,-29.04,28.09,33.48,23.65,66.84
GHA,GHA_GHA4.6_2,PruEast,BonoEast,2003,904.1,798.9,27.06,28.23,33.64,23.86,67.88
GHA,GHA_GHA4.6_2,PruEast,BonoEast,2004,787.3,676.6,-89.74,28.14,33.49,23.82,67.77
GHA,GHA_GHA4.6_2,PruEast,BonoEast,2005,823.2,712.6,-53.84,28.22,33.59,23.88,67.17
GHA,GHA_GHA4.6_2,PruEast,BonoEast,2006,676.3,623.8,-200.74,28.39,33.86,23.91,65.35
GHA,GHA_GHA4.6_2,PruEast,BonoEast,2007,833.0,767.8,-44.04,28.26,33.76,23.72,64.8
GHA,GHA_GHA4.6_2,PruEast,BonoEast,2008,890.8,834.8,13.76,28.09,33.58,23.5,64.26
GHA,GHA_GHA4.6_2,PruEast,BonoEast,2009,699.6,604.2,-177.44,28.18,33.51,23.89,68.29
GHA,GHA_GHA4.6_2,PruEast,BonoEast,2010,894.7,820.6,17.66,28.27,33.45,24.05,69.13
GHA,GHA_GHA4.6_2,PruEast,BonoEast,2011,819.9,751.2,-57.14,28.0,33.45,23.55,66.65
GHA,GHA_GHA4.6_2,PruEast,BonoEast,2012,811.3,680.3,-65.74,27.7,32.96,23.43,68.32
GHA,GHA_GHA4.6_2,PruEast,BonoEast,2013,719.6,596.4,-157.44,27.95,33.24,23.64,67.52
GHA,GHA_GHA4.6_2,PruEast,BonoEast,2014,793.1,697.4,-83.94,28.02,33.25,23.81,69.13
GHA,GHA_GHA4.6_2,PruEast,BonoEast,2015,650.7,520.8,-226.34,28.28,33.76,23.78,64.43
GHA,GHA_GHA4.6_2,PruEast,BonoEast,2016,1017.6,867.2,140.56,28.46,33.88,24.08,66.49
GHA,GHA_GHA4.6_2,PruEast,BonoEast,2017,685.4,617.9,-191.64,28.53,34.38,23.91,63.37
GHA,GHA_GHA4.6_2,PruEast,BonoEast,2018,912.5,785.9,35.46,27.83,33.56,23.25,65.82
GHA,GHA_GHA4.6_2,PruEast,BonoEast,2019,1247.2,1125.0,370.16,28.49,34.37,23.87,65.64
GHA,GHA_GHA4.6_2,PruEast,BonoEast,2020,997.6,834.0,120.56,28.37,34.19,23.59,64.14
GHA,GHA_GHA4.6_2,PruEast,BonoEast,2021,1074.9,993.9,197.86,28.49,34.45,23.76,65.04
GHA,GHA_GHA4.6_2,PruEast,BonoEast,2022,1129.3,976.5,252.26,27.79,33.88,23.07,63.51
GHA,GHA_GHA4.6_2,PruEast,BonoEast,2023,1313.2,1168.4,436.16,27.92,34.17,23.26,66.07
GHA,GHA_GHA4.6_2,PruEast,BonoEast,2024,943.5,810.4,66.46,28.25,34.61,23.43,63.87
GHA,GHA_GHA4.6_2,PruEast,BonoEast,2025,948.4,839.9,71.36,28.36,33.66,24.15,66.2
GHA,GHA_GHA4.7_2,PruWest,BonoEast,2000,921.8,838.2,-80.3,27.22,33.07,22.71,65.53
GHA,GHA_GHA4.7_2,PruWest,BonoEast,2001,637.2,520.1,-364.9,27.44,33.19,22.98,64.24
GHA,GHA_GHA4.7_2,PruWest,BonoEast,2002,956.8,768.6,-45.3,27.26,32.89,22.93,67.59
GHA,GHA_GHA4.7_2,PruWest,BonoEast,2003,936.5,778.1,-65.6,27.43,33.17,23.16,68.63
GHA,GHA_GHA4.7_2,PruWest,BonoEast,2004,901.8,715.8,-100.3,27.32,32.93,23.12,68.77
GHA,GHA_GHA4.7_2,PruWest,BonoEast,2005,984.1,793.5,-18.0,27.42,33.04,23.23,67.75
GHA,GHA_GHA4.7_2,PruWest,BonoEast,2006,829.6,714.1,-172.5,27.52,33.26,23.18,66.32
GHA,GHA_GHA4.7_2,PruWest,BonoEast,2007,932.8,813.8,-69.3,27.51,33.31,23.05,64.95
GHA,GHA_GHA4.7_2,PruWest,BonoEast,2008,898.5,820.9,-103.6,27.33,33.16,22.87,64.59
GHA,GHA_GHA4.7_2,PruWest,BonoEast,2009,921.1,729.6,-81.0,27.39,33.06,23.19,68.87
GHA,GHA_GHA4.7_2,PruWest,BonoEast,2010,1021.2,879.1,19.1,27.52,32.96,23.41,69.56
GHA,GHA_GHA4.7_2,PruWest,BonoEast,2011,1091.6,906.8,89.5,27.12,32.79,22.82,67.69
GHA,GHA_GHA4.7_2,PruWest,BonoEast,2012,1046.2,843.7,44.1,26.97,32.47,22.8,68.75
GHA,GHA_GHA4.7_2,PruWest,BonoEast,2013,957.0,747.5,-45.1,27.21,32.75,22.97,67.96
GHA,GHA_GHA4.7_2,PruWest,BonoEast,2014,1042.2,835.6,40.1,27.18,32.68,23.14,70.21
GHA,GHA_GHA4.7_2,PruWest,BonoEast,2015,803.9,652.9,-198.2,27.4,33.05,23.1,65.59
GHA,GHA_GHA4.7_2,PruWest,BonoEast,2016,1036.1,853.5,34.0,27.77,33.47,23.52,66.41
GHA,GHA_GHA4.7_2,PruWest,BonoEast,2017,831.1,723.0,-171.0,27.59,33.71,23.28,66.94
GHA,GHA_GHA4.7_2,PruWest,BonoEast,2018,1127.2,948.8,125.1,26.98,32.99,22.75,68.97
GHA,GHA_GHA4.7_2,PruWest,BonoEast,2019,1351.3,1183.2,349.2,27.55,33.75,23.29,69.23
GHA,GHA_GHA4.7_2,PruWest,BonoEast,2020,987.0,797.8,-15.1,27.49,33.7,23.07,67.09
GHA,GHA_GHA4.7_2,PruWest,BonoEast,2021,1193.2,1030.6,191.1,27.49,33.9,23.1,68.45
GHA,GHA_GHA4.7_2,PruWest,BonoEast,2022,1389.2,1102.9,387.1,26.91,33.45,22.42,66.12
GHA,GHA_GHA4.7_2,PruWest,BonoEast,2023,1317.5,1100.4,315.4,27.18,33.78,22.82,68.29
GHA,GHA_GHA4.7_2,PruWest,BonoEast,2024,1038.1,876.8,36.0,27.66,34.08,23.15,65.46
GHA,GHA_GHA4.7_2,PruWest,BonoEast,2025,901.6,740.2,-100.5,27.88,33.22,23.71,66.6
GHA,GHA_GHA4.8_2,SeneEast,BonoEast,2000,885.3,814.5,-177.27,27.6,32.1,24.12,71.61
GHA,GHA_GHA4.8_2,SeneEast,BonoEast,2001,634.4,556.2,-428.17,27.77,32.36,24.32,70.76
GHA,GHA_GHA4.8_2,SeneEast,BonoEast,2002,1030.6,855.6,-31.97,27.72,32.15,24.35,72.4
GHA,GHA_GHA4.8_2,SeneEast,BonoEast,2003,908.1,770.4,-154.47,27.88,32.34,24.55,73.12
GHA,GHA_GHA4.8_2,SeneEast,BonoEast,2004,859.3,708.1,-203.27,27.76,32.13,24.47,73.03
GHA,GHA_GHA4.8_2,SeneEast,BonoEast,2005,867.7,732.7,-194.87,27.87,32.25,24.56,72.65
GHA,GHA_GHA4.8_2,SeneEast,BonoEast,2006,813.4,733.7,-249.17,27.96,32.44,24.53,71.48
GHA,GHA_GHA4.8_2,SeneEast,BonoEast,2007,1003.9,923.7,-58.67,27.82,32.4,24.33,71.02
GHA,GHA_GHA4.8_2,SeneEast,BonoEast,2008,939.0,845.5,-123.57,27.72,32.21,24.23,70.49
GHA,GHA_GHA4.8_2,SeneEast,BonoEast,2009,964.3,798.9,-98.27,27.85,32.2,24.57,73.2
GHA,GHA_GHA4.8_2,SeneEast,BonoEast,2010,1058.2,908.7,-4.37,27.94,32.14,24.73,74.34
GHA,GHA_GHA4.8_2,SeneEast,BonoEast,2011,987.9,891.5,-74.67,27.66,32.14,24.28,72.65
GHA,GHA_GHA4.8_2,SeneEast,BonoEast,2012,969.6,798.5,-92.97,27.42,31.74,24.14,73.57
GHA,GHA_GHA4.8_2,SeneEast,BonoEast,2013,860.3,683.9,-202.27,27.73,32.09,24.41,72.46
GHA,GHA_GHA4.8_2,SeneEast,BonoEast,2014,1041.5,878.3,-21.07,27.64,31.93,24.45,74.39
GHA,GHA_GHA4.8_2,SeneEast,BonoEast,2015,808.5,698.4,-254.07,27.92,32.37,24.48,70.63
GHA,GHA_GHA4.8_2,SeneEast,BonoEast,2016,1125.9,921.3,63.33,28.05,32.48,24.68,72.78
GHA,GHA_GHA4.8_2,SeneEast,BonoEast,2017,1168.9,1002.7,106.33,27.6,32.8,23.58,74.46
GHA,GHA_GHA4.8_2,SeneEast,BonoEast,2018,1347.7,1154.1,285.13,27.24,32.55,23.24,75.56
GHA,GHA_GHA4.8_2,SeneEast,BonoEast,2019,1630.3,1414.2,567.73,27.64,32.87,23.68,76.37
GHA,GHA_GHA4.8_2,SeneEast,BonoEast,2020,1132.1,954.9,69.53,27.66,33.09,23.34,73.66
GHA,GHA_GHA4.8_2,SeneEast,BonoEast,2021,1223.6,1118.6,161.03,27.99,33.42,23.71,73.66
GHA,GHA_GHA4.8_2,SeneEast,BonoEast,2022,1346.8,1119.4,284.23,27.26,32.89,22.95,73.08
GHA,GHA_GHA4.8_2,SeneEast,BonoEast,2023,1704.5,1467.8,641.93,27.49,33.13,23.35,74.67
GHA,GHA_GHA4.8_2,SeneEast,BonoEast,2024,1313.2,1116.6,250.63,28.24,33.9,23.91,70.52
GHA,GHA_GHA4.8_2,SeneEast,BonoEast,2025,1001.8,889.6,-60.77,28.1,33.05,24.2,72.41
GHA,GHA_GHA4.9_2,SeneWest,BonoEast,2000,845.0,805.3,-122.4,27.62,33.43,23.28,68.17
GHA,GHA_GHA4.9_2,SeneWest,BonoEast,2001,560.1,493.8,-407.3,27.81,33.57,23.58,67.33
GHA,GHA_GHA4.9_2,SeneWest,BonoEast,2002,855.1,734.5,-112.3,27.64,33.28,23.55,70.22
GHA,GHA_GHA4.9_2,SeneWest,BonoEast,2003,870.3,734.2,-97.1,27.85,33.58,23.77,70.61
GHA,GHA_GHA4.9_2,SeneWest,BonoEast,2004,891.0,730.0,-76.4,27.66,33.25,23.65,71.1
GHA,GHA_GHA4.9_2,SeneWest,BonoEast,2005,804.3,665.1,-163.1,27.75,33.33,23.73,70.59
GHA,GHA_GHA4.9_2,SeneWest,BonoEast,2006,771.7,697.7,-195.7,27.83,33.5,23.72,69.46
GHA,GHA_GHA4.9_2,SeneWest,BonoEast,2007,944.0,841.6,-23.4,27.72,33.48,23.51,68.73
GHA,GHA_GHA4.9_2,SeneWest,BonoEast,2008,835.2,761.1,-132.2,27.62,33.35,23.39,67.86
GHA,GHA_GHA4.9_2,SeneWest,BonoEast,2009,950.7,789.7,-16.7,27.63,33.2,23.68,72.12
GHA,GHA_GHA4.9_2,SeneWest,BonoEast,2010,1012.3,886.9,44.9,27.83,33.24,23.91,72.37
GHA,GHA_GHA4.9_2,SeneWest,BonoEast,2011,921.8,833.4,-45.6,27.55,33.26,23.41,70.25
GHA,GHA_GHA4.9_2,SeneWest,BonoEast,2012,942.6,791.0,-24.8,27.29,32.79,23.31,71.38
GHA,GHA_GHA4.9_2,SeneWest,BonoEast,2013,878.3,703.9,-89.1,27.56,33.06,23.53,70.63
GHA,GHA_GHA4.9_2,SeneWest,BonoEast,2014,925.1,770.2,-42.3,27.5,32.96,23.66,72.66
GHA,GHA_GHA4.9_2,SeneWest,BonoEast,2015,701.6,593.6,-265.8,27.79,33.42,23.66,68.26
GHA,GHA_GHA4.9_2,SeneWest,BonoEast,2016,1033.5,784.6,66.1,27.99,33.64,23.9,69.95
GHA,GHA_GHA4.9_2,SeneWest,BonoEast,2017,944.8,762.1,-22.6,27.54,33.64,23.22,70.11
GHA,GHA_GHA4.9_2,SeneWest,BonoEast,2018,1119.7,916.9,152.3,27.02,33.09,22.75,71.93
GHA,GHA_GHA4.9_2,SeneWest,BonoEast,2019,1412.3,1276.6,444.9,27.54,33.59,23.33,72.35
GHA,GHA_GHA4.9_2,SeneWest,BonoEast,2020,1133.8,932.7,166.4,27.64,33.91,23.09,68.99
GHA,GHA_GHA4.9_2,SeneWest,BonoEast,2021,1274.2,1157.9,306.8,27.78,34.24,23.29,70.03
GHA,GHA_GHA4.9_2,SeneWest,BonoEast,2022,1085.9,915.2,118.5,27.23,33.87,22.62,67.77
GHA,GHA_GHA4.9_2,SeneWest,BonoEast,2023,1333.0,1162.5,365.6,27.41,34.07,22.93,70.06
GHA,GHA_GHA4.9_2,SeneWest,BonoEast,2024,1165.7,914.7,198.3,28.0,34.51,23.38,66.94
GHA,GHA_GHA4.9_2,SeneWest,BonoEast,2025,940.4,830.0,-27.0,27.82,32.95,23.76,70.17
GHA,GHA_GHA4.10_2,Techiman,BonoEast,2000,1025.9,768.8,-200.04,25.59,30.64,21.82,72.2
GHA,GHA_GHA4.10_2,Techiman,BonoEast,2001,822.1,534.7,-403.84,25.81,30.82,22.07,71.38
GHA,GHA_GHA4.10_2,Techiman,BonoEast,2002,1287.6,882.8,61.66,25.63,30.52,22.05,73.98
GHA,GHA_GHA4.10_2,Techiman,BonoEast,2003,1173.5,736.5,-52.44,25.7,30.56,22.2,75.72
GHA,GHA_GHA4.10_2,Techiman,BonoEast,2004,1086.6,742.1,-139.34,25.59,30.4,22.13,75.8
GHA,GHA_GHA4.10_2,Techiman,BonoEast,2005,1054.6,681.6,-171.34,25.66,30.5,22.15,74.92
GHA,GHA_GHA4.10_2,Techiman,BonoEast,2006,1037.8,707.3,-188.14,25.76,30.66,22.19,74.08
GHA,GHA_GHA4.10_2,Techiman,BonoEast,2007,1154.1,860.7,-71.84,25.92,30.96,22.16,71.5
GHA,GHA_GHA4.10_2,Techiman,BonoEast,2008,1248.7,944.7,22.76,25.63,30.58,21.93,71.85
GHA,GHA_GHA4.10_2,Techiman,BonoEast,2009,1285.9,800.8,59.96,25.62,30.35,22.21,76.23
GHA,GHA_GHA4.10_2,Techiman,BonoEast,2010,1286.7,943.8,60.76,25.9,30.57,22.48,76.22
GHA,GHA_GHA4.10_2,Techiman,BonoEast,2011,1159.1,817.6,-66.84,25.57,30.42,21.97,73.97
GHA,GHA_GHA4.10_2,Techiman,BonoEast,2012,1258.6,824.5,32.66,25.38,30.07,21.88,74.68
GHA,GHA_GHA4.10_2,Techiman,BonoEast,2013,1183.3,757.7,-42.64,25.56,30.27,22.03,74.01
GHA,GHA_GHA4.10_2,Techiman,BonoEast,2014,1274.6,911.9,48.66,25.45,30.04,22.14,76.97
GHA,GHA_GHA4.10_2,Techiman,BonoEast,2015,1133.9,772.1,-92.04,25.84,30.81,22.14,71.49
GHA,GHA_GHA4.10_2,Techiman,BonoEast,2016,1226.3,825.8,0.36,26.24,31.12,22.57,72.0
GHA,GHA_GHA4.10_2,Techiman,BonoEast,2017,1045.3,723.1,-180.64,25.67,30.58,22.12,74.37
GHA,GHA_GHA4.10_2,Techiman,BonoEast,2018,1210.4,901.4,-15.54,25.38,30.18,21.83,74.9
GHA,GHA_GHA4.10_2,Techiman,BonoEast,2019,1542.8,1195.5,316.86,25.71,30.58,22.25,76.35
GHA,GHA_GHA4.10_2,Techiman,BonoEast,2020,1325.6,1006.7,99.66,25.81,30.75,22.1,72.93
GHA,GHA_GHA4.10_2,Techiman,BonoEast,2021,1530.0,1180.7,304.06,25.73,30.89,22.07,75.45
GHA,GHA_GHA4.10_2,Techiman,BonoEast,2022,1489.8,1065.7,263.86,25.4,30.75,21.62,71.4
GHA,GHA_GHA4.10_2,Techiman,BonoEast,2023,1595.1,1148.4,369.16,25.65,31.01,21.97,73.22
GHA,GHA_GHA4.10_2,Techiman,BonoEast,2024,1374.3,948.6,148.36,26.06,31.26,22.18,70.89
GHA,GHA_GHA4.10_2,Techiman,BonoEast,2025,1061.8,721.1,-164.14,25.7,30.69,21.93,75.04
GHA,GHA_GHA4.11_2,TechimanNorth,BonoEast,2000,1265.9,966.0,-91.02,24.78,30.18,20.94,71.55
GHA,GHA_GHA4.11_2,TechimanNorth,BonoEast,2001,975.1,674.1,-381.82,24.97,30.22,21.19,70.96
GHA,GHA_GHA4.11_2,TechimanNorth,BonoEast,2002,1565.5,1113.4,208.58,24.84,30.05,21.18,73.22
GHA,GHA_GHA4.11_2,TechimanNorth,BonoEast,2003,1379.8,904.3,22.88,24.93,30.12,21.34,75.21
GHA,GHA_GHA4.11_2,TechimanNorth,BonoEast,2004,1292.5,899.8,-64.42,24.85,29.99,21.29,75.31
GHA,GHA_GHA4.11_2,TechimanNorth,BonoEast,2005,1162.6,763.9,-194.32,24.91,30.04,21.32,74.28
GHA,GHA_GHA4.11_2,TechimanNorth,BonoEast,2006,1144.9,804.6,-212.02,25.01,30.23,21.34,73.06
GHA,GHA_GHA4.11_2,TechimanNorth,BonoEast,2007,1327.1,980.8,-29.82,25.13,30.5,21.3,70.62
GHA,GHA_GHA4.11_2,TechimanNorth,BonoEast,2008,1399.6,1090.2,42.68,24.85,30.21,21.06,71.03
GHA,GHA_GHA4.11_2,TechimanNorth,BonoEast,2009,1490.6,981.2,133.68,24.87,29.97,21.35,75.57
GHA,GHA_GHA4.11_2,TechimanNorth,BonoEast,2010,1685.5,1277.1,328.58,25.14,30.12,21.62,75.72
GHA,GHA_GHA4.11_2,TechimanNorth,BonoEast,2011,1338.1,962.7,-18.82,24.79,29.98,21.09,73.26
GHA,GHA_GHA4.11_2,TechimanNorth,BonoEast,2012,1482.2,1025.8,125.28,24.59,29.6,21.01,74.19
GHA,GHA_GHA4.11_2,TechimanNorth,BonoEast,2013,1473.9,952.0,116.98,24.79,29.82,21.16,73.5
GHA,GHA_GHA4.11_2,TechimanNorth,BonoEast,2014,1533.9,1140.2,176.98,24.76,29.69,21.33,76.11
GHA,GHA_GHA4.11_2,TechimanNorth,BonoEast,2015,1377.5,981.0,20.58,25.07,30.34,21.28,70.71
GHA,GHA_GHA4.11_2,TechimanNorth,BonoEast,2016,1404.1,1001.8,47.18,25.52,30.76,21.74,70.88
GHA,GHA_GHA4.11_2,TechimanNorth,BonoEast,2017,1047.6,733.7,-309.32,25.62,30.68,21.95,73.51
GHA,GHA_GHA4.11_2,TechimanNorth,BonoEast,2018,1213.9,935.6,-143.02,25.39,30.33,21.7,73.45
GHA,GHA_GHA4.11_2,TechimanNorth,BonoEast,2019,1487.5,1109.3,130.58,25.61,30.57,22.08,75.83
GHA,GHA_GHA4.11_2,TechimanNorth,BonoEast,2020,1302.1,955.4,-54.82,25.73,30.79,21.94,72.31
GHA,GHA_GHA4.11_2,TechimanNorth,BonoEast,2021,1419.5,1060.6,62.58,25.64,30.96,21.87,74.75
GHA,GHA_GHA4.11_2,TechimanNorth,BonoEast,2022,1548.6,1106.5,191.68,25.28,30.74,21.45,70.84
GHA,GHA_GHA4.11_2,TechimanNorth,BonoEast,2023,1586.4,1074.1,229.48,25.56,31.07,21.81,72.64
GHA,GHA_GHA4.11_2,TechimanNorth,BonoEast,2024,1343.9,922.3,-13.02,25.92,31.21,22.01,70.42
GHA,GHA_GHA4.11_2,TechimanNorth,BonoEast,2025,1031.5,724.9,-325.42,25.57,30.53,21.79,74.75
GHA,GHA_GHA5.1_2,Abura-Asebu-Kwamankese,Central,2000,1221.8,874.0,-151.71,25.58,28.94,23.49,85.36
GHA,GHA_GHA5.1_2,Abura-Asebu-Kwamankese,Central,2001,1149.0,678.3,-224.51,25.45,28.61,23.48,86.05
GHA,GHA_GHA5.1_2,Abura-Asebu-Kwamankese,Central,2002,1164.1,741.4,-209.41,25.66,28.94,23.58,85.89
GHA,GHA_GHA5.1_2,Abura-Asebu-Kwamankese,Central,2003,1211.1,708.7,-162.41,25.8,29.07,23.75,86.37
GHA,GHA_GHA5.1_2,Abura-Asebu-Kwamankese,Central,2004,1112.0,749.7,-261.51,25.67,28.91,23.6,85.98
GHA,GHA_GHA5.1_2,Abura-Asebu-Kwamankese,Central,2005,1077.1,672.7,-296.41,25.77,28.94,23.73,85.9
GHA,GHA_GHA5.1_2,Abura-Asebu-Kwamankese,Central,2006,1148.8,794.7,-224.71,25.74,28.96,23.74,86.16
GHA,GHA_GHA5.1_2,Abura-Asebu-Kwamankese,Central,2007,1396.8,995.6,23.29,25.77,29.19,23.59,85.24
GHA,GHA_GHA5.1_2,Abura-Asebu-Kwamankese,Central,2008,1209.6,829.1,-163.91,25.8,29.2,23.58,84.97
GHA,GHA_GHA5.1_2,Abura-Asebu-Kwamankese,Central,2009,1168.7,796.3,-204.81,25.76,29.01,23.73,85.78
GHA,GHA_GHA5.1_2,Abura-Asebu-Kwamankese,Central,2010,1225.8,803.2,-147.71,26.09,29.27,24.04,85.76
GHA,GHA_GHA5.1_2,Abura-Asebu-Kwamankese,Central,2011,1108.5,760.0,-265.01,25.74,28.95,23.66,85.74
GHA,GHA_GHA5.1_2,Abura-Asebu-Kwamankese,Central,2012,1392.3,966.5,18.79,25.57,28.78,23.55,86.0
GHA,GHA_GHA5.1_2,Abura-Asebu-Kwamankese,Central,2013,1021.6,634.6,-351.91,25.75,28.95,23.76,85.43
GHA,GHA_GHA5.1_2,Abura-Asebu-Kwamankese,Central,2014,1567.2,1042.1,193.69,25.57,28.6,23.71,87.12
GHA,GHA_GHA5.1_2,Abura-Asebu-Kwamankese,Central,2015,998.9,608.6,-374.61,25.82,28.98,23.76,85.49
GHA,GHA_GHA5.1_2,Abura-Asebu-Kwamankese,Central,2016,1444.6,1029.1,71.09,26.15,29.44,24.14,85.76
GHA,GHA_GHA5.1_2,Abura-Asebu-Kwamankese,Central,2017,1799.6,1066.3,426.09,25.42,29.71,22.87,87.72
GHA,GHA_GHA5.1_2,Abura-Asebu-Kwamankese,Central,2018,1831.3,1275.4,457.79,25.41,29.88,22.72,87.5
GHA,GHA_GHA5.1_2,Abura-Asebu-Kwamankese,Central,2019,1858.3,1344.4,484.79,25.75,30.17,23.09,88.0
GHA,GHA_GHA5.1_2,Abura-Asebu-Kwamankese,Central,2020,1735.2,1184.0,361.69,25.7,30.29,22.98,86.84
GHA,GHA_GHA5.1_2,Abura-Asebu-Kwamankese,Central,2021,1798.9,1326.8,425.39,25.65,30.22,22.95,87.61
GHA,GHA_GHA5.1_2,Abura-Asebu-Kwamankese,Central,2022,1742.4,1106.4,368.89,25.22,30.14,22.32,86.75
GHA,GHA_GHA5.1_2,Abura-Asebu-Kwamankese,Central,2023,1703.9,1235.8,330.39,25.77,30.72,22.84,86.33
GHA,GHA_GHA5.1_2,Abura-Asebu-Kwamankese,Central,2024,1389.5,883.9,15.99,26.05,30.83,23.14,85.53
GHA,GHA_GHA5.1_2,Abura-Asebu-Kwamankese,Central,2025,1234.2,777.5,-139.31,25.76,29.65,23.08,85.72
GHA,GHA_GHA5.2_2,AgonaEast,Central,2000,1433.5,1031.8,-103.51,25.88,30.0,23.27,82.15
GHA,GHA_GHA5.2_2,AgonaEast,Central,2001,1562.5,1003.8,25.49,25.71,29.59,23.24,83.16
GHA,GHA_GHA5.2_2,AgonaEast,Central,2002,1674.2,1157.1,137.19,25.96,30.03,23.34,82.51
GHA,GHA_GHA5.2_2,AgonaEast,Central,2003,1541.2,978.0,4.19,26.1,30.09,23.54,83.1
GHA,GHA_GHA5.2_2,AgonaEast,Central,2004,1432.0,1030.7,-105.01,26.04,30.11,23.43,82.28
GHA,GHA_GHA5.2_2,AgonaEast,Central,2005,1471.1,1010.8,-65.91,26.04,29.95,23.49,82.89
GHA,GHA_GHA5.2_2,AgonaEast,Central,2006,1454.1,959.6,-82.91,26.09,30.06,23.56,82.67
GHA,GHA_GHA5.2_2,AgonaEast,Central,2007,1707.6,1321.1,170.59,26.05,30.23,23.33,81.96
GHA,GHA_GHA5.2_2,AgonaEast,Central,2008,1565.4,1126.8,28.39,26.01,30.13,23.27,82.01
GHA,GHA_GHA5.2_2,AgonaEast,Central,2009,1616.9,1152.5,79.89,26.06,30.0,23.55,82.74
GHA,GHA_GHA5.2_2,AgonaEast,Central,2010,1609.5,1115.2,72.49,26.36,30.24,23.82,82.85
GHA,GHA_GHA5.2_2,AgonaEast,Central,2011,1540.8,1115.1,3.79,26.04,30.01,23.43,82.42
GHA,GHA_GHA5.2_2,AgonaEast,Central,2012,1688.0,1148.1,150.99,25.87,29.79,23.38,82.88
GHA,GHA_GHA5.2_2,AgonaEast,Central,2013,1424.3,951.2,-112.71,26.1,30.1,23.56,81.97
GHA,GHA_GHA5.2_2,AgonaEast,Central,2014,1831.3,1221.7,294.29,25.82,29.51,23.49,84.47
GHA,GHA_GHA5.2_2,AgonaEast,Central,2015,1416.2,928.7,-120.81,26.06,29.95,23.5,82.45
GHA,GHA_GHA5.2_2,AgonaEast,Central,2016,1935.0,1415.9,397.99,26.39,30.39,23.89,82.98
GHA,GHA_GHA5.2_2,AgonaEast,Central,2017,1591.6,1012.5,54.59,25.53,29.86,22.98,86.86
GHA,GHA_GHA5.2_2,AgonaEast,Central,2018,1427.1,1051.0,-109.91,25.55,30.14,22.82,86.22
GHA,GHA_GHA5.2_2,AgonaEast,Central,2019,1602.9,1190.0,65.89,25.88,30.4,23.21,86.98
GHA,GHA_GHA5.2_2,AgonaEast,Central,2020,1385.4,1043.5,-151.61,25.92,30.67,23.12,84.95
GHA,GHA_GHA5.2_2,AgonaEast,Central,2021,1441.6,1097.3,-95.41,25.85,30.58,23.09,86.08
GHA,GHA_GHA5.2_2,AgonaEast,Central,2022,1605.5,1157.4,68.49,25.47,30.68,22.48,84.89
GHA,GHA_GHA5.2_2,AgonaEast,Central,2023,1517.0,1105.4,-20.01,26.02,31.25,22.99,84.38
GHA,GHA_GHA5.2_2,AgonaEast,Central,2024,1290.2,890.5,-246.81,26.41,31.79,23.23,82.74
GHA,GHA_GHA5.2_2,AgonaEast,Central,2025,1197.4,788.3,-339.61,26.16,30.73,23.31,83.01
GHA,GHA_GHA5.3_2,AgonaWest,Central,2000,1057.5,761.4,-147.97,25.66,29.86,23.01,82.8
GHA,GHA_GHA5.3_2,AgonaWest,Central,2001,1123.9,681.2,-81.57,25.48,29.44,22.96,83.87
GHA,GHA_GHA5.3_2,AgonaWest,Central,2002,1120.3,743.4,-85.17,25.72,29.86,23.08,83.3
GHA,GHA_GHA5.3_2,AgonaWest,Central,2003,1171.2,704.3,-34.27,25.87,29.93,23.26,83.87
GHA,GHA_GHA5.3_2,AgonaWest,Central,2004,1014.7,716.3,-190.77,25.8,29.93,23.16,83.09
GHA,GHA_GHA5.3_2,AgonaWest,Central,2005,1145.0,765.5,-60.47,25.82,29.81,23.23,83.55
GHA,GHA_GHA5.3_2,AgonaWest,Central,2006,996.0,706.3,-209.47,25.84,29.87,23.28,83.52
GHA,GHA_GHA5.3_2,AgonaWest,Central,2007,1436.8,1117.4,231.33,25.86,30.13,23.1,82.41
GHA,GHA_GHA5.3_2,AgonaWest,Central,2008,1172.2,834.8,-33.27,25.83,30.05,23.03,82.43
GHA,GHA_GHA5.3_2,AgonaWest,Central,2009,1226.9,938.4,21.43,25.85,29.86,23.29,83.35
GHA,GHA_GHA5.3_2,AgonaWest,Central,2010,1160.3,816.3,-45.17,26.15,30.13,23.55,83.39
GHA,GHA_GHA5.3_2,AgonaWest,Central,2011,1055.8,749.2,-149.67,25.82,29.88,23.17,83.07
GHA,GHA_GHA5.3_2,AgonaWest,Central,2012,1243.2,842.9,37.73,25.65,29.66,23.13,83.52
GHA,GHA_GHA5.3_2,AgonaWest,Central,2013,1007.0,647.8,-198.47,25.89,29.95,23.32,82.65
GHA,GHA_GHA5.3_2,AgonaWest,Central,2014,1632.6,1161.5,427.13,25.62,29.4,23.24,84.98
GHA,GHA_GHA5.3_2,AgonaWest,Central,2015,1038.4,676.0,-167.07,25.88,29.86,23.27,82.89
GHA,GHA_GHA5.3_2,AgonaWest,Central,2016,1454.5,1072.2,249.03,26.22,30.33,23.67,83.28
GHA,GHA_GHA5.3_2,AgonaWest,Central,2017,1219.6,750.2,14.13,25.66,29.81,23.18,85.94
GHA,GHA_GHA5.3_2,AgonaWest,Central,2018,1073.8,759.4,-131.67,25.69,30.06,23.02,85.35
GHA,GHA_GHA5.3_2,AgonaWest,Central,2019,1294.4,929.4,88.93,26.03,30.4,23.43,86.05
GHA,GHA_GHA5.3_2,AgonaWest,Central,2020,1312.9,988.5,107.43,26.03,30.57,23.34,84.4
GHA,GHA_GHA5.3_2,AgonaWest,Central,2021,1222.2,925.6,16.73,26.01,30.58,23.35,85.11
GHA,GHA_GHA5.3_2,AgonaWest,Central,2022,1402.8,969.7,197.33,25.63,30.64,22.73,84.02
GHA,GHA_GHA5.3_2,AgonaWest,Central,2023,1325.7,973.2,120.23,26.21,31.24,23.28,83.5
GHA,GHA_GHA5.3_2,AgonaWest,Central,2024,1198.5,777.4,-6.97,26.51,31.66,23.51,82.47
GHA,GHA_GHA5.3_2,AgonaWest,Central,2025,1235.9,813.8,30.43,26.15,30.71,23.35,83.23
GHA,GHA_GHA5.4_2,Ajumako-Enyan-Essiam,Central,2000,1422.1,1024.6,-75.24,25.59,29.05,23.37,84.38
GHA,GHA_GHA5.4_2,Ajumako-Enyan-Essiam,Central,2001,1448.8,883.8,-48.54,25.44,28.71,23.36,85.11
GHA,GHA_GHA5.4_2,Ajumako-Enyan-Essiam,Central,2002,1486.2,1008.4,-11.14,25.68,29.1,23.46,84.72
GHA,GHA_GHA5.4_2,Ajumako-Enyan-Essiam,Central,2003,1468.8,914.1,-28.54,25.81,29.19,23.63,85.29
GHA,GHA_GHA5.4_2,Ajumako-Enyan-Essiam,Central,2004,1393.6,991.2,-103.74,25.7,29.11,23.49,84.78
GHA,GHA_GHA5.4_2,Ajumako-Enyan-Essiam,Central,2005,1356.8,891.2,-140.54,25.77,29.06,23.6,84.89
GHA,GHA_GHA5.4_2,Ajumako-Enyan-Essiam,Central,2006,1317.1,914.7,-180.24,25.79,29.14,23.65,84.89
GHA,GHA_GHA5.4_2,Ajumako-Enyan-Essiam,Central,2007,1681.3,1263.0,183.96,25.78,29.34,23.46,84.04
GHA,GHA_GHA5.4_2,Ajumako-Enyan-Essiam,Central,2008,1443.3,1008.2,-54.04,25.79,29.32,23.45,83.88
GHA,GHA_GHA5.4_2,Ajumako-Enyan-Essiam,Central,2009,1484.7,1100.0,-12.64,25.79,29.17,23.63,84.61
GHA,GHA_GHA5.4_2,Ajumako-Enyan-Essiam,Central,2010,1482.6,1029.1,-14.74,26.12,29.42,23.94,84.61
GHA,GHA_GHA5.4_2,Ajumako-Enyan-Essiam,Central,2011,1344.8,968.7,-152.54,25.77,29.12,23.56,84.5
GHA,GHA_GHA5.4_2,Ajumako-Enyan-Essiam,Central,2012,1603.4,1091.0,106.06,25.59,28.91,23.47,84.94
GHA,GHA_GHA5.4_2,Ajumako-Enyan-Essiam,Central,2013,1312.7,806.8,-184.64,25.79,29.12,23.66,84.32
GHA,GHA_GHA5.4_2,Ajumako-Enyan-Essiam,Central,2014,1918.6,1310.5,421.26,25.59,28.72,23.61,86.13
GHA,GHA_GHA5.4_2,Ajumako-Enyan-Essiam,Central,2015,1292.1,802.5,-205.24,25.82,29.11,23.64,84.4
GHA,GHA_GHA5.4_2,Ajumako-Enyan-Essiam,Central,2016,1846.7,1363.8,349.36,26.14,29.55,24.02,84.83
GHA,GHA_GHA5.4_2,Ajumako-Enyan-Essiam,Central,2017,1594.7,954.9,97.36,25.63,29.78,23.02,86.6
GHA,GHA_GHA5.4_2,Ajumako-Enyan-Essiam,Central,2018,1545.0,1086.9,47.66,25.65,30.03,22.86,86.15
GHA,GHA_GHA5.4_2,Ajumako-Enyan-Essiam,Central,2019,1635.1,1179.9,137.76,26.0,30.37,23.27,86.69
GHA,GHA_GHA5.4_2,Ajumako-Enyan-Essiam,Central,2020,1737.8,1224.6,240.46,25.95,30.49,23.14,85.33
GHA,GHA_GHA5.4_2,Ajumako-Enyan-Essiam,Central,2021,1578.5,1207.7,81.16,25.95,30.5,23.15,85.97
GHA,GHA_GHA5.4_2,Ajumako-Enyan-Essiam,Central,2022,1523.1,1020.0,25.76,25.52,30.51,22.47,85.03
GHA,GHA_GHA5.4_2,Ajumako-Enyan-Essiam,Central,2023,1517.0,1115.4,19.66,26.1,31.05,23.1,84.54
GHA,GHA_GHA5.4_2,Ajumako-Enyan-Essiam,Central,2024,1272.5,871.8,-224.84,26.41,31.33,23.41,83.6
GHA,GHA_GHA5.4_2,Ajumako-Enyan-Essiam,Central,2025,1223.6,786.9,-273.74,26.01,30.08,23.37,84.8
GHA,GHA_GHA5.5_2,Asikuma-Odoben-Brakwa,Central,2000,1515.8,1117.8,-104.58,25.62,30.0,22.93,84.02
GHA,GHA_GHA5.5_2,Asikuma-Odoben-Brakwa,Central,2001,1582.6,1026.1,-37.78,25.43,29.55,22.89,85.15
GHA,GHA_GHA5.5_2,Asikuma-Odoben-Brakwa,Central,2002,1748.3,1226.3,127.92,25.66,29.94,22.99,84.78
GHA,GHA_GHA5.5_2,Asikuma-Odoben-Brakwa,Central,2003,1521.4,971.0,-98.98,25.82,30.05,23.19,85.18
GHA,GHA_GHA5.5_2,Asikuma-Odoben-Brakwa,Central,2004,1483.3,1053.0,-137.08,25.72,30.0,23.06,84.63
GHA,GHA_GHA5.5_2,Asikuma-Odoben-Brakwa,Central,2005,1470.9,996.4,-149.48,25.79,29.94,23.19,84.71
GHA,GHA_GHA5.5_2,Asikuma-Odoben-Brakwa,Central,2006,1498.9,949.1,-121.48,25.76,29.93,23.2,85.03
GHA,GHA_GHA5.5_2,Asikuma-Odoben-Brakwa,Central,2007,1719.1,1291.2,98.72,25.83,30.28,23.03,83.62
GHA,GHA_GHA5.5_2,Asikuma-Odoben-Brakwa,Central,2008,1560.9,1116.3,-59.48,25.81,30.24,22.96,83.54
GHA,GHA_GHA5.5_2,Asikuma-Odoben-Brakwa,Central,2009,1626.6,1138.6,6.22,25.82,29.98,23.23,84.55
GHA,GHA_GHA5.5_2,Asikuma-Odoben-Brakwa,Central,2010,1628.0,1123.2,7.62,26.1,30.25,23.45,84.73
GHA,GHA_GHA5.5_2,Asikuma-Odoben-Brakwa,Central,2011,1562.5,1144.3,-57.88,25.78,30.03,23.09,84.31
GHA,GHA_GHA5.5_2,Asikuma-Odoben-Brakwa,Central,2012,1680.2,1144.4,59.82,25.62,29.78,23.06,84.76
GHA,GHA_GHA5.5_2,Asikuma-Odoben-Brakwa,Central,2013,1466.1,968.6,-154.28,25.85,30.06,23.26,83.89
GHA,GHA_GHA5.5_2,Asikuma-Odoben-Brakwa,Central,2014,1886.1,1291.3,265.72,25.58,29.51,23.2,86.19
GHA,GHA_GHA5.5_2,Asikuma-Odoben-Brakwa,Central,2015,1436.9,925.1,-183.48,25.87,30.02,23.21,84.01
GHA,GHA_GHA5.5_2,Asikuma-Odoben-Brakwa,Central,2016,1949.2,1444.5,328.82,26.21,30.48,23.63,84.34
GHA,GHA_GHA5.5_2,Asikuma-Odoben-Brakwa,Central,2017,1617.0,1025.7,-3.38,25.41,29.9,22.71,86.41
GHA,GHA_GHA5.5_2,Asikuma-Odoben-Brakwa,Central,2018,1608.8,1211.0,-11.58,25.42,30.18,22.57,86.04
GHA,GHA_GHA5.5_2,Asikuma-Odoben-Brakwa,Central,2019,1750.8,1296.8,130.42,25.8,30.57,23.02,86.52
GHA,GHA_GHA5.5_2,Asikuma-Odoben-Brakwa,Central,2020,1616.6,1218.1,-3.78,25.84,30.78,22.89,84.61
GHA,GHA_GHA5.5_2,Asikuma-Odoben-Brakwa,Central,2021,1565.8,1213.3,-54.58,25.74,30.75,22.82,85.79
GHA,GHA_GHA5.5_2,Asikuma-Odoben-Brakwa,Central,2022,1704.7,1215.3,84.32,25.28,30.63,22.15,85.01
GHA,GHA_GHA5.5_2,Asikuma-Odoben-Brakwa,Central,2023,1822.6,1322.7,202.22,25.82,31.19,22.69,84.81
GHA,GHA_GHA5.5_2,Asikuma-Odoben-Brakwa,Central,2024,1606.8,1097.4,-13.58,26.2,31.66,22.98,83.48
GHA,GHA_GHA5.5_2,Asikuma-Odoben-Brakwa,Central,2025,1500.0,1007.1,-120.38,25.87,30.72,22.94,84.17
GHA,GHA_GHA5.6_2,AssinCentral,Central,2000,1497.0,1124.4,-27.17,25.13,29.74,22.45,84.43
GHA,GHA_GHA5.6_2,AssinCentral,Central,2001,1441.6,925.6,-82.57,24.94,29.31,22.41,85.58
GHA,GHA_GHA5.6_2,AssinCentral,Central,2002,1603.9,1122.9,79.73,25.12,29.56,22.54,85.72
GHA,GHA_GHA5.6_2,AssinCentral,Central,2003,1406.8,897.7,-117.37,25.33,29.79,22.73,85.67
GHA,GHA_GHA5.6_2,AssinCentral,Central,2004,1425.4,1005.6,-98.77,25.19,29.69,22.56,85.38
GHA,GHA_GHA5.6_2,AssinCentral,Central,2005,1374.8,909.4,-149.37,25.28,29.64,22.69,85.37
GHA,GHA_GHA5.6_2,AssinCentral,Central,2006,1437.3,923.9,-86.87,25.2,29.57,22.67,85.88
GHA,GHA_GHA5.6_2,AssinCentral,Central,2007,1580.6,1161.5,56.43,25.31,29.95,22.55,84.3
GHA,GHA_GHA5.6_2,AssinCentral,Central,2008,1463.3,1051.7,-60.87,25.32,29.99,22.5,83.97
GHA,GHA_GHA5.6_2,AssinCentral,Central,2009,1471.1,1026.1,-53.07,25.28,29.61,22.74,85.34
GHA,GHA_GHA5.6_2,AssinCentral,Central,2010,1528.7,1070.7,4.53,25.57,29.95,22.95,85.51
GHA,GHA_GHA5.6_2,AssinCentral,Central,2011,1449.7,1065.5,-74.47,25.28,29.73,22.62,84.87
GHA,GHA_GHA5.6_2,AssinCentral,Central,2012,1579.3,1063.1,55.13,25.12,29.48,22.57,85.23
GHA,GHA_GHA5.6_2,AssinCentral,Central,2013,1366.2,884.8,-157.97,25.36,29.75,22.78,84.36
GHA,GHA_GHA5.6_2,AssinCentral,Central,2014,1803.9,1228.1,279.73,25.1,29.24,22.72,86.63
GHA,GHA_GHA5.6_2,AssinCentral,Central,2015,1293.8,816.1,-230.37,25.42,29.82,22.78,84.18
GHA,GHA_GHA5.6_2,AssinCentral,Central,2016,1815.9,1344.9,291.73,25.76,30.25,23.19,84.51
GHA,GHA_GHA5.6_2,AssinCentral,Central,2017,1444.0,940.4,-80.17,25.32,29.97,22.68,86.31
GHA,GHA_GHA5.6_2,AssinCentral,Central,2018,1519.7,1129.5,-4.47,25.28,30.1,22.57,86.33
GHA,GHA_GHA5.6_2,AssinCentral,Central,2019,1601.2,1163.4,77.03,25.67,30.5,23.03,86.92
GHA,GHA_GHA5.6_2,AssinCentral,Central,2020,1575.3,1203.7,51.13,25.74,30.84,22.89,84.8
GHA,GHA_GHA5.6_2,AssinCentral,Central,2021,1548.2,1206.0,24.03,25.66,30.85,22.86,85.89
GHA,GHA_GHA5.6_2,AssinCentral,Central,2022,1676.9,1214.0,152.73,25.23,30.75,22.25,84.95
GHA,GHA_GHA5.6_2,AssinCentral,Central,2023,1943.3,1391.2,419.13,25.73,31.24,22.77,85.04
GHA,GHA_GHA5.6_2,AssinCentral,Central,2024,1548.9,1104.1,24.73,26.22,31.81,23.1,82.98
GHA,GHA_GHA5.6_2,AssinCentral,Central,2025,1231.5,816.1,-292.67,25.83,30.69,22.93,83.94
GHA,GHA_GHA5.7_2,AssinNorth,Central,2000,1497.0,1124.4,6.41,25.42,30.18,22.62,83.17
GHA,GHA_GHA5.7_2,AssinNorth,Central,2001,1441.6,925.6,-48.99,25.24,29.78,22.59,84.27
GHA,GHA_GHA5.7_2,AssinNorth,Central,2002,1603.9,1122.9,113.31,25.41,29.98,22.72,84.49
GHA,GHA_GHA5.7_2,AssinNorth,Central,2003,1406.8,897.7,-83.79,25.62,30.23,22.91,84.38
GHA,GHA_GHA5.7_2,AssinNorth,Central,2004,1425.4,1005.6,-65.19,25.49,30.13,22.76,84.11
GHA,GHA_GHA5.7_2,AssinNorth,Central,2005,1374.8,909.4,-115.79,25.55,30.01,22.86,84.25
GHA,GHA_GHA5.7_2,AssinNorth,Central,2006,1437.3,923.9,-53.29,25.48,30.0,22.85,84.65
GHA,GHA_GHA5.7_2,AssinNorth,Central,2007,1580.6,1161.5,90.01,25.6,30.35,22.73,83.11
GHA,GHA_GHA5.7_2,AssinNorth,Central,2008,1463.3,1051.7,-27.29,25.6,30.39,22.67,82.75
GHA,GHA_GHA5.7_2,AssinNorth,Central,2009,1471.1,1026.1,-19.49,25.55,30.0,22.91,84.23
GHA,GHA_GHA5.7_2,AssinNorth,Central,2010,1528.7,1070.7,38.11,25.85,30.37,23.14,84.35
GHA,GHA_GHA5.7_2,AssinNorth,Central,2011,1449.7,1065.5,-40.89,25.57,30.16,22.81,83.57
GHA,GHA_GHA5.7_2,AssinNorth,Central,2012,1579.3,1063.1,88.71,25.39,29.88,22.74,84.04
GHA,GHA_GHA5.7_2,AssinNorth,Central,2013,1366.2,884.8,-124.39,25.63,30.13,22.96,83.18
GHA,GHA_GHA5.7_2,AssinNorth,Central,2014,1803.9,1228.1,313.31,25.37,29.64,22.89,85.49
GHA,GHA_GHA5.7_2,AssinNorth,Central,2015,1293.8,816.1,-196.79,25.73,30.29,22.96,82.78
GHA,GHA_GHA5.7_2,AssinNorth,Central,2016,1815.9,1344.9,325.31,26.07,30.7,23.38,83.19
GHA,GHA_GHA5.7_2,AssinNorth,Central,2017,1409.4,924.3,-81.19,25.94,30.63,23.13,83.37
GHA,GHA_GHA5.7_2,AssinNorth,Central,2018,1273.5,888.9,-217.09,25.88,30.68,23.02,83.75
GHA,GHA_GHA5.7_2,AssinNorth,Central,2019,1395.1,1016.7,-95.49,26.19,30.9,23.43,84.6
GHA,GHA_GHA5.7_2,AssinNorth,Central,2020,1398.3,1008.3,-92.29,26.33,31.39,23.35,82.1
GHA,GHA_GHA5.7_2,AssinNorth,Central,2021,1674.9,1257.0,184.31,26.25,31.4,23.3,83.39
GHA,GHA_GHA5.7_2,AssinNorth,Central,2022,1629.7,1102.7,139.11,25.84,31.32,22.69,82.27
GHA,GHA_GHA5.7_2,AssinNorth,Central,2023,1819.6,1236.6,329.01,26.29,31.7,23.21,82.59
GHA,GHA_GHA5.7_2,AssinNorth,Central,2024,1448.6,967.3,-41.99,26.76,32.23,23.52,80.57
GHA,GHA_GHA5.7_2,AssinNorth,Central,2025,1167.0,787.4,-323.59,26.21,30.96,23.22,82.56
GHA,GHA_GHA5.8_2,AssinSouth,Central,2000,1672.8,1194.3,1.08,25.09,29.59,22.36,85.41
GHA,GHA_GHA5.8_2,AssinSouth,Central,2001,1669.9,1009.0,-1.82,24.89,29.09,22.34,86.65
GHA,GHA_GHA5.8_2,AssinSouth,Central,2002,1713.6,1124.4,41.88,25.11,29.45,22.46,86.42
GHA,GHA_GHA5.8_2,AssinSouth,Central,2003,1665.7,1038.0,-6.02,25.27,29.58,22.67,86.78
GHA,GHA_GHA5.8_2,AssinSouth,Central,2004,1630.0,1146.4,-41.72,25.17,29.53,22.48,86.17
GHA,GHA_GHA5.8_2,AssinSouth,Central,2005,1500.3,953.0,-171.42,25.27,29.49,22.65,86.08
GHA,GHA_GHA5.8_2,AssinSouth,Central,2006,1528.3,1021.2,-143.42,25.18,29.42,22.63,86.74
GHA,GHA_GHA5.8_2,AssinSouth,Central,2007,1856.4,1356.3,184.68,25.28,29.82,22.47,85.23
GHA,GHA_GHA5.8_2,AssinSouth,Central,2008,1628.9,1112.7,-42.82,25.29,29.83,22.42,84.95
GHA,GHA_GHA5.8_2,AssinSouth,Central,2009,1682.1,1159.5,10.38,25.24,29.48,22.66,86.28
GHA,GHA_GHA5.8_2,AssinSouth,Central,2010,1713.2,1171.4,41.48,25.55,29.79,22.89,86.34
GHA,GHA_GHA5.8_2,AssinSouth,Central,2011,1583.1,1144.7,-88.62,25.24,29.58,22.54,85.83
GHA,GHA_GHA5.8_2,AssinSouth,Central,2012,1894.1,1268.2,222.38,25.08,29.34,22.51,86.18
GHA,GHA_GHA5.8_2,AssinSouth,Central,2013,1498.8,908.3,-172.92,25.32,29.58,22.71,85.32
GHA,GHA_GHA5.8_2,AssinSouth,Central,2014,2032.8,1314.1,361.08,25.06,29.07,22.69,87.55
GHA,GHA_GHA5.8_2,AssinSouth,Central,2015,1475.9,888.9,-195.82,25.33,29.54,22.68,85.58
GHA,GHA_GHA5.8_2,AssinSouth,Central,2016,2044.2,1462.5,372.48,25.72,30.06,23.13,85.56
GHA,GHA_GHA5.8_2,AssinSouth,Central,2017,1659.0,990.6,-12.72,25.28,29.66,22.72,86.84
GHA,GHA_GHA5.8_2,AssinSouth,Central,2018,1760.7,1261.8,88.98,25.25,29.78,22.59,86.9
GHA,GHA_GHA5.8_2,AssinSouth,Central,2019,1602.4,1148.4,-69.32,25.61,30.11,22.97,87.45
GHA,GHA_GHA5.8_2,AssinSouth,Central,2020,1658.9,1238.9,-12.82,25.63,30.38,22.82,85.61
GHA,GHA_GHA5.8_2,AssinSouth,Central,2021,1635.6,1262.0,-36.12,25.54,30.33,22.78,86.69
GHA,GHA_GHA5.8_2,AssinSouth,Central,2022,1687.1,1177.2,15.38,25.13,30.3,22.16,85.69
GHA,GHA_GHA5.8_2,AssinSouth,Central,2023,1820.7,1324.4,148.98,25.73,30.98,22.74,85.13
GHA,GHA_GHA5.8_2,AssinSouth,Central,2024,1450.6,962.1,-221.12,26.05,31.38,22.95,84.05
GHA,GHA_GHA5.8_2,AssinSouth,Central,2025,1399.5,931.2,-272.22,25.66,30.79,22.75,85.22
GHA,GHA_GHA5.10_2,AwutuSenyaEast,Central,2000,650.1,499.3,-252.18,26.27,29.54,24.07,81.87
GHA,GHA_GHA5.10_2,AwutuSenyaEast,Central,2001,770.3,498.4,-131.98,26.17,29.26,24.08,82.36
GHA,GHA_GHA5.10_2,AwutuSenyaEast,Central,2002,682.2,481.9,-220.08,26.43,29.71,24.16,81.67
GHA,GHA_GHA5.10_2,AwutuSenyaEast,Central,2003,764.8,480.2,-137.48,26.58,29.79,24.39,82.2
GHA,GHA_GHA5.10_2,AwutuSenyaEast,Central,2004,585.2,434.6,-317.08,26.5,29.78,24.24,81.46
GHA,GHA_GHA5.10_2,AwutuSenyaEast,Central,2005,808.8,595.4,-93.48,26.47,29.6,24.28,82.26
GHA,GHA_GHA5.10_2,AwutuSenyaEast,Central,2006,671.5,525.0,-230.78,26.61,29.84,24.4,81.49
GHA,GHA_GHA5.10_2,AwutuSenyaEast,Central,2007,1009.7,838.1,107.42,26.44,29.73,24.13,81.79
GHA,GHA_GHA5.10_2,AwutuSenyaEast,Central,2008,842.4,661.9,-59.88,26.44,29.66,24.14,81.77
GHA,GHA_GHA5.10_2,AwutuSenyaEast,Central,2009,875.5,722.8,-26.78,26.45,29.59,24.33,82.35
GHA,GHA_GHA5.10_2,AwutuSenyaEast,Central,2010,851.9,635.6,-50.38,26.8,29.83,24.69,82.28
GHA,GHA_GHA5.10_2,AwutuSenyaEast,Central,2011,714.9,544.8,-187.38,26.48,29.61,24.28,81.82
GHA,GHA_GHA5.10_2,AwutuSenyaEast,Central,2012,777.0,576.9,-125.28,26.31,29.47,24.19,82.15
GHA,GHA_GHA5.10_2,AwutuSenyaEast,Central,2013,605.4,434.7,-296.88,26.5,29.71,24.33,81.49
GHA,GHA_GHA5.10_2,AwutuSenyaEast,Central,2014,1185.9,908.1,283.62,26.27,29.19,24.3,83.8
GHA,GHA_GHA5.10_2,AwutuSenyaEast,Central,2015,798.9,588.8,-103.38,26.44,29.5,24.27,82.37
GHA,GHA_GHA5.10_2,AwutuSenyaEast,Central,2016,954.1,717.3,51.82,26.7,29.83,24.63,83.22
GHA,GHA_GHA5.10_2,AwutuSenyaEast,Central,2017,1074.1,655.8,171.82,26.24,29.83,23.83,84.37
GHA,GHA_GHA5.10_2,AwutuSenyaEast,Central,2018,969.3,685.8,67.02,26.31,30.15,23.65,83.35
GHA,GHA_GHA5.10_2,AwutuSenyaEast,Central,2019,1251.1,927.8,348.82,26.56,30.34,24.0,84.33
GHA,GHA_GHA5.10_2,AwutuSenyaEast,Central,2020,902.7,684.3,0.42,26.47,30.28,23.89,83.18
GHA,GHA_GHA5.10_2,AwutuSenyaEast,Central,2021,1068.0,820.6,165.72,26.55,30.39,23.95,83.34
GHA,GHA_GHA5.10_2,AwutuSenyaEast,Central,2022,1254.3,884.0,352.02,25.99,29.9,23.28,83.43
GHA,GHA_GHA5.10_2,AwutuSenyaEast,Central,2023,1256.1,925.7,353.82,26.53,30.59,23.71,83.06
GHA,GHA_GHA5.10_2,AwutuSenyaEast,Central,2024,1014.4,659.1,112.12,26.82,31.12,23.9,82.21
GHA,GHA_GHA5.10_2,AwutuSenyaEast,Central,2025,1120.6,733.0,218.32,26.49,30.54,23.75,82.84
GHA,GHA_GHA5.9_2,AwutuSenyaWest,Central,2000,1173.2,846.0,-191.21,25.43,29.2,23.03,81.62
GHA,GHA_GHA5.9_2,AwutuSenyaWest,Central,2001,1370.2,864.9,5.79,25.29,28.84,23.02,82.41
GHA,GHA_GHA5.9_2,AwutuSenyaWest,Central,2002,1353.6,935.1,-10.81,25.55,29.29,23.1,81.7
GHA,GHA_GHA5.9_2,AwutuSenyaWest,Central,2003,1403.6,899.5,39.19,25.71,29.37,23.33,82.2
GHA,GHA_GHA5.9_2,AwutuSenyaWest,Central,2004,1223.6,856.3,-140.81,25.63,29.35,23.19,81.47
GHA,GHA_GHA5.9_2,AwutuSenyaWest,Central,2005,1354.2,934.1,-10.21,25.62,29.19,23.24,82.17
GHA,GHA_GHA5.9_2,AwutuSenyaWest,Central,2006,1250.7,864.9,-113.71,25.73,29.39,23.34,81.61
GHA,GHA_GHA5.9_2,AwutuSenyaWest,Central,2007,1453.0,1117.1,88.59,25.59,29.39,23.05,81.52
GHA,GHA_GHA5.9_2,AwutuSenyaWest,Central,2008,1407.4,1040.3,42.99,25.57,29.31,23.04,81.54
GHA,GHA_GHA5.9_2,AwutuSenyaWest,Central,2009,1341.0,990.8,-23.41,25.64,29.25,23.29,82.05
GHA,GHA_GHA5.9_2,AwutuSenyaWest,Central,2010,1341.3,953.7,-23.11,25.94,29.45,23.62,82.22
GHA,GHA_GHA5.9_2,AwutuSenyaWest,Central,2011,1296.6,926.3,-67.81,25.62,29.23,23.2,81.73
GHA,GHA_GHA5.9_2,AwutuSenyaWest,Central,2012,1486.9,1011.0,122.49,25.46,29.06,23.15,82.1
GHA,GHA_GHA5.9_2,AwutuSenyaWest,Central,2013,1209.3,802.7,-155.11,25.67,29.35,23.29,81.28
GHA,GHA_GHA5.9_2,AwutuSenyaWest,Central,2014,1659.4,1088.2,294.99,25.4,28.77,23.25,83.84
GHA,GHA_GHA5.9_2,AwutuSenyaWest,Central,2015,1252.4,847.8,-112.01,25.59,29.13,23.22,82.12
GHA,GHA_GHA5.9_2,AwutuSenyaWest,Central,2016,1668.2,1215.4,303.79,25.88,29.5,23.59,82.84
GHA,GHA_GHA5.9_2,AwutuSenyaWest,Central,2017,1506.8,964.9,142.39,25.65,30.23,22.97,86.07
GHA,GHA_GHA5.9_2,AwutuSenyaWest,Central,2018,1296.7,928.5,-67.71,25.67,30.49,22.82,85.47
GHA,GHA_GHA5.9_2,AwutuSenyaWest,Central,2019,1495.1,1099.8,130.69,26.0,30.75,23.2,86.28
GHA,GHA_GHA5.9_2,AwutuSenyaWest,Central,2020,1326.5,991.1,-37.91,25.98,30.93,23.06,84.66
GHA,GHA_GHA5.9_2,AwutuSenyaWest,Central,2021,1340.0,1017.5,-24.41,25.97,30.95,23.11,85.43
GHA,GHA_GHA5.9_2,AwutuSenyaWest,Central,2022,1440.3,1019.9,75.89,25.51,30.86,22.4,84.62
GHA,GHA_GHA5.9_2,AwutuSenyaWest,Central,2023,1407.7,1037.9,43.29,26.06,31.37,23.03,84.32
GHA,GHA_GHA5.9_2,AwutuSenyaWest,Central,2024,1237.7,846.6,-126.71,26.38,31.68,23.27,83.21
GHA,GHA_GHA5.9_2,AwutuSenyaWest,Central,2025,1179.3,780.7,-185.11,26.2,30.79,23.34,83.04
GHA,GHA_GHA5.11_2,CapeCoast,Central,2000,1221.8,874.0,-13.28,25.61,28.81,23.6,85.24
GHA,GHA_GHA5.11_2,CapeCoast,Central,2001,1149.0,678.3,-86.08,25.48,28.5,23.6,85.82
GHA,GHA_GHA5.11_2,CapeCoast,Central,2002,1164.1,741.4,-70.98,25.68,28.8,23.68,85.76
GHA,GHA_GHA5.11_2,CapeCoast,Central,2003,1211.1,708.7,-23.98,25.83,28.96,23.85,86.16
GHA,GHA_GHA5.11_2,CapeCoast,Central,2004,1112.0,749.7,-123.08,25.69,28.79,23.71,85.77
GHA,GHA_GHA5.11_2,CapeCoast,Central,2005,1077.1,672.7,-157.98,25.79,28.8,23.82,85.74
GHA,GHA_GHA5.11_2,CapeCoast,Central,2006,1148.8,794.7,-86.28,25.75,28.82,23.83,86.04
GHA,GHA_GHA5.11_2,CapeCoast,Central,2007,1396.8,995.6,161.72,25.77,29.03,23.68,85.27
GHA,GHA_GHA5.11_2,CapeCoast,Central,2008,1209.6,829.1,-25.48,25.83,29.06,23.72,84.83
GHA,GHA_GHA5.11_2,CapeCoast,Central,2009,1168.7,796.3,-66.38,25.76,28.83,23.82,85.8
GHA,GHA_GHA5.11_2,CapeCoast,Central,2010,1225.8,803.2,-9.28,26.12,29.16,24.15,85.51
GHA,GHA_GHA5.11_2,CapeCoast,Central,2011,1108.5,760.0,-126.58,25.76,28.81,23.77,85.62
GHA,GHA_GHA5.11_2,CapeCoast,Central,2012,1392.3,966.5,157.22,25.59,28.66,23.65,85.82
GHA,GHA_GHA5.11_2,CapeCoast,Central,2013,1021.6,634.6,-213.48,25.77,28.8,23.86,85.33
GHA,GHA_GHA5.11_2,CapeCoast,Central,2014,1567.2,1042.1,332.12,25.59,28.49,23.81,86.97
GHA,GHA_GHA5.11_2,CapeCoast,Central,2015,998.9,608.6,-236.18,25.84,28.81,23.87,85.4
GHA,GHA_GHA5.11_2,CapeCoast,Central,2016,1444.6,1029.1,209.52,26.15,29.28,24.23,85.77
GHA,GHA_GHA5.11_2,CapeCoast,Central,2017,1301.6,776.1,66.52,25.86,28.81,23.79,87.01
GHA,GHA_GHA5.11_2,CapeCoast,Central,2018,1136.3,751.6,-98.78,25.82,28.81,23.61,86.88
GHA,GHA_GHA5.11_2,CapeCoast,Central,2019,1220.8,827.5,-14.28,26.14,29.11,23.95,87.23
GHA,GHA_GHA5.11_2,CapeCoast,Central,2020,1203.8,914.2,-31.28,26.02,29.04,23.84,86.4
GHA,GHA_GHA5.11_2,CapeCoast,Central,2021,1391.9,1051.4,156.82,26.12,29.2,23.9,86.22
GHA,GHA_GHA5.11_2,CapeCoast,Central,2022,1385.2,904.2,150.12,25.65,28.8,23.34,85.81
GHA,GHA_GHA5.11_2,CapeCoast,Central,2023,1433.8,1050.9,198.72,26.16,29.57,23.65,85.44
GHA,GHA_GHA5.11_2,CapeCoast,Central,2024,1311.1,853.8,76.02,26.31,29.9,23.68,85.33
GHA,GHA_GHA5.11_2,CapeCoast,Central,2025,1109.7,676.2,-125.38,26.15,29.31,23.69,84.62
GHA,GHA_GHA5.12_2,Effutu,Central,2000,650.1,499.3,-224.42,26.16,29.12,24.14,82.13
GHA,GHA_GHA5.12_2,Effutu,Central,2001,770.3,498.4,-104.22,26.07,28.85,24.15,82.57
GHA,GHA_GHA5.12_2,Effutu,Central,2002,682.2,481.9,-192.32,26.33,29.31,24.25,81.89
GHA,GHA_GHA5.12_2,Effutu,Central,2003,764.8,480.2,-109.72,26.46,29.36,24.43,82.48
GHA,GHA_GHA5.12_2,Effutu,Central,2004,585.2,434.6,-289.32,26.38,29.36,24.29,81.76
GHA,GHA_GHA5.12_2,Effutu,Central,2005,808.8,595.4,-65.72,26.36,29.18,24.34,82.51
GHA,GHA_GHA5.12_2,Effutu,Central,2006,671.5,525.0,-203.02,26.48,29.4,24.46,81.84
GHA,GHA_GHA5.12_2,Effutu,Central,2007,1009.7,838.1,135.18,26.34,29.32,24.22,81.99
GHA,GHA_GHA5.12_2,Effutu,Central,2008,842.4,661.9,-32.12,26.35,29.24,24.24,81.91
GHA,GHA_GHA5.12_2,Effutu,Central,2009,875.5,722.8,0.98,26.32,29.15,24.37,82.68
GHA,GHA_GHA5.12_2,Effutu,Central,2010,851.9,635.6,-22.62,26.7,29.42,24.74,82.39
GHA,GHA_GHA5.12_2,Effutu,Central,2011,714.9,544.8,-159.62,26.36,29.15,24.35,82.12
GHA,GHA_GHA5.12_2,Effutu,Central,2012,777.0,576.9,-97.52,26.19,29.01,24.24,82.48
GHA,GHA_GHA5.12_2,Effutu,Central,2013,605.4,434.7,-269.12,26.36,29.23,24.38,81.96
GHA,GHA_GHA5.12_2,Effutu,Central,2014,1185.9,908.1,311.38,26.17,28.81,24.36,83.9
GHA,GHA_GHA5.12_2,Effutu,Central,2015,798.9,588.8,-75.62,26.32,29.05,24.34,82.63
GHA,GHA_GHA5.12_2,Effutu,Central,2016,954.1,717.3,79.58,26.59,29.39,24.69,83.49
GHA,GHA_GHA5.12_2,Effutu,Central,2017,1058.0,631.0,183.48,26.29,28.9,24.34,85.83
GHA,GHA_GHA5.12_2,Effutu,Central,2018,880.5,619.8,5.98,26.34,29.11,24.14,85.03
GHA,GHA_GHA5.12_2,Effutu,Central,2019,1072.3,782.2,197.78,26.61,29.29,24.52,85.78
GHA,GHA_GHA5.12_2,Effutu,Central,2020,898.4,641.7,23.88,26.46,29.15,24.39,85.08
GHA,GHA_GHA5.12_2,Effutu,Central,2021,1104.3,828.9,229.78,26.58,29.28,24.5,85.05
GHA,GHA_GHA5.12_2,Effutu,Central,2022,1143.4,774.0,268.88,26.02,28.74,23.86,85.45
GHA,GHA_GHA5.12_2,Effutu,Central,2023,1138.3,838.2,263.78,26.58,29.48,24.27,84.29
GHA,GHA_GHA5.12_2,Effutu,Central,2024,931.8,585.7,57.28,26.86,29.94,24.44,82.82
GHA,GHA_GHA5.12_2,Effutu,Central,2025,962.0,603.0,87.48,26.78,30.14,24.28,81.39
GHA,GHA_GHA5.13_2,Ekumfi,Central,2000,916.4,698.7,-69.73,25.99,28.37,24.34,84.46
GHA,GHA_GHA5.13_2,Ekumfi,Central,2001,877.0,549.5,-109.13,25.89,28.14,24.32,84.85
GHA,GHA_GHA5.13_2,Ekumfi,Central,2002,876.2,598.5,-109.93,26.08,28.43,24.44,84.73
GHA,GHA_GHA5.13_2,Ekumfi,Central,2003,906.7,553.5,-79.43,26.24,28.56,24.58,85.16
GHA,GHA_GHA5.13_2,Ekumfi,Central,2004,762.6,532.0,-223.53,26.09,28.42,24.45,84.85
GHA,GHA_GHA5.13_2,Ekumfi,Central,2005,871.8,584.9,-114.33,26.15,28.4,24.52,85.04
GHA,GHA_GHA5.13_2,Ekumfi,Central,2006,859.4,637.2,-126.73,26.22,28.54,24.6,84.74
GHA,GHA_GHA5.13_2,Ekumfi,Central,2007,1101.4,845.2,115.27,26.19,28.65,24.43,84.1
GHA,GHA_GHA5.13_2,Ekumfi,Central,2008,961.7,691.8,-24.43,26.25,28.68,24.48,83.68
GHA,GHA_GHA5.13_2,Ekumfi,Central,2009,926.5,713.1,-59.63,26.17,28.51,24.54,84.71
GHA,GHA_GHA5.13_2,Ekumfi,Central,2010,976.7,661.2,-9.43,26.55,28.81,24.92,84.3
GHA,GHA_GHA5.13_2,Ekumfi,Central,2011,800.1,556.5,-186.03,26.18,28.46,24.53,84.48
GHA,GHA_GHA5.13_2,Ekumfi,Central,2012,1001.4,734.1,15.27,25.98,28.26,24.38,84.98
GHA,GHA_GHA5.13_2,Ekumfi,Central,2013,736.9,490.5,-249.23,26.13,28.42,24.55,84.66
GHA,GHA_GHA5.13_2,Ekumfi,Central,2014,1337.3,994.1,351.17,26.03,28.19,24.53,85.83
GHA,GHA_GHA5.13_2,Ekumfi,Central,2015,769.1,499.7,-217.03,26.22,28.49,24.57,84.4
GHA,GHA_GHA5.13_2,Ekumfi,Central,2016,1124.8,860.2,138.67,26.49,28.84,24.89,85.18
GHA,GHA_GHA5.13_2,Ekumfi,Central,2017,1086.7,692.9,100.57,26.23,28.63,24.4,86.17
GHA,GHA_GHA5.13_2,Ekumfi,Central,2018,950.9,641.4,-35.23,26.24,28.73,24.25,85.81
GHA,GHA_GHA5.13_2,Ekumfi,Central,2019,1163.2,784.2,177.07,26.51,28.91,24.57,86.39
GHA,GHA_GHA5.13_2,Ekumfi,Central,2020,1015.1,715.1,28.97,26.37,28.87,24.43,85.79
GHA,GHA_GHA5.13_2,Ekumfi,Central,2021,1328.4,995.8,342.27,26.49,28.96,24.56,85.57
GHA,GHA_GHA5.13_2,Ekumfi,Central,2022,1297.5,879.5,311.37,26.05,28.68,23.94,84.99
GHA,GHA_GHA5.13_2,Ekumfi,Central,2023,1114.9,812.6,128.77,26.57,29.25,24.33,84.14
GHA,GHA_GHA5.13_2,Ekumfi,Central,2024,906.4,603.1,-79.73,26.74,29.47,24.44,83.38
GHA,GHA_GHA5.13_2,Ekumfi,Central,2025,970.3,589.5,-15.83,26.29,28.89,24.17,84.6
GHA,GHA_GHA5.14_2,GomoaCentral,Central,2000,1057.5,761.4,-188.16,26.11,29.07,24.13,83.01
GHA,GHA_GHA5.14_2,GomoaCentral,Central,2001,1123.9,681.2,-121.76,26.01,28.81,24.12,83.51
GHA,GHA_GHA5.14_2,GomoaCentral,Central,2002,1120.3,743.4,-125.36,26.25,29.21,24.22,82.99
GHA,GHA_GHA5.14_2,GomoaCentral,Central,2003,1171.2,704.3,-74.46,26.38,29.29,24.39,83.55
GHA,GHA_GHA5.14_2,GomoaCentral,Central,2004,1014.7,716.3,-230.96,26.28,29.25,24.26,82.93
GHA,GHA_GHA5.14_2,GomoaCentral,Central,2005,1145.0,765.5,-100.66,26.3,29.12,24.32,83.49
GHA,GHA_GHA5.14_2,GomoaCentral,Central,2006,996.0,706.3,-249.66,26.4,29.31,24.42,82.95
GHA,GHA_GHA5.14_2,GomoaCentral,Central,2007,1436.8,1117.4,191.14,26.31,29.32,24.23,82.7
GHA,GHA_GHA5.14_2,GomoaCentral,Central,2008,1172.2,834.8,-73.46,26.32,29.29,24.24,82.55
GHA,GHA_GHA5.14_2,GomoaCentral,Central,2009,1226.9,938.4,-18.76,26.29,29.15,24.35,83.41
GHA,GHA_GHA5.14_2,GomoaCentral,Central,2010,1160.3,816.3,-85.36,26.66,29.44,24.71,83.12
GHA,GHA_GHA5.14_2,GomoaCentral,Central,2011,1055.8,749.2,-189.86,26.32,29.16,24.33,82.94
GHA,GHA_GHA5.14_2,GomoaCentral,Central,2012,1243.2,842.9,-2.46,26.13,28.98,24.2,83.42
GHA,GHA_GHA5.14_2,GomoaCentral,Central,2013,1007.0,647.8,-238.66,26.31,29.19,24.37,82.87
GHA,GHA_GHA5.14_2,GomoaCentral,Central,2014,1632.6,1161.5,386.94,26.12,28.79,24.32,84.72
GHA,GHA_GHA5.14_2,GomoaCentral,Central,2015,1038.4,676.0,-207.26,26.32,29.12,24.36,83.19
GHA,GHA_GHA5.14_2,GomoaCentral,Central,2016,1454.5,1072.2,208.84,26.59,29.48,24.69,83.95
GHA,GHA_GHA5.14_2,GomoaCentral,Central,2017,1528.2,873.4,282.54,26.06,29.61,23.7,85.84
GHA,GHA_GHA5.14_2,GomoaCentral,Central,2018,1436.2,982.9,190.54,26.07,29.83,23.5,85.3
GHA,GHA_GHA5.14_2,GomoaCentral,Central,2019,1393.2,981.0,147.54,26.38,30.08,23.9,85.89
GHA,GHA_GHA5.14_2,GomoaCentral,Central,2020,1347.7,950.9,102.04,26.32,30.13,23.83,84.68
GHA,GHA_GHA5.14_2,GomoaCentral,Central,2021,1519.8,1117.3,274.14,26.32,30.1,23.83,85.36
GHA,GHA_GHA5.14_2,GomoaCentral,Central,2022,1499.9,1005.9,254.24,25.86,29.83,23.22,84.81
GHA,GHA_GHA5.14_2,GomoaCentral,Central,2023,1430.5,1074.6,184.84,26.37,30.36,23.66,84.37
GHA,GHA_GHA5.14_2,GomoaCentral,Central,2024,1177.8,782.7,-67.86,26.65,30.73,23.86,83.26
GHA,GHA_GHA5.14_2,GomoaCentral,Central,2025,997.6,664.4,-248.06,26.39,30.36,23.59,82.86
GHA,GHA_GHA5.15_2,GomoaEast,Central,2000,650.1,499.3,-303.44,26.23,29.91,23.79,81.61
GHA,GHA_GHA5.15_2,GomoaEast,Central,2001,770.3,498.4,-183.24,26.1,29.58,23.8,82.32
GHA,GHA_GHA5.15_2,GomoaEast,Central,2002,682.2,481.9,-271.34,26.38,30.07,23.89,81.48
GHA,GHA_GHA5.15_2,GomoaEast,Central,2003,764.8,480.2,-188.74,26.51,30.1,24.1,82.17
GHA,GHA_GHA5.15_2,GomoaEast,Central,2004,585.2,434.6,-368.34,26.45,30.16,23.97,81.23
GHA,GHA_GHA5.15_2,GomoaEast,Central,2005,808.8,595.4,-144.74,26.42,29.94,24.01,82.13
GHA,GHA_GHA5.15_2,GomoaEast,Central,2006,671.5,525.0,-282.04,26.53,30.15,24.12,81.47
GHA,GHA_GHA5.15_2,GomoaEast,Central,2007,1009.7,838.1,56.16,26.38,30.1,23.84,81.61
GHA,GHA_GHA5.15_2,GomoaEast,Central,2008,842.4,661.9,-111.14,26.37,30.01,23.84,81.66
GHA,GHA_GHA5.15_2,GomoaEast,Central,2009,875.5,722.8,-78.04,26.41,29.94,24.07,82.15
GHA,GHA_GHA5.15_2,GomoaEast,Central,2010,851.9,635.6,-101.64,26.74,30.17,24.4,82.19
GHA,GHA_GHA5.15_2,GomoaEast,Central,2011,714.9,544.8,-238.64,26.42,29.96,24.0,81.67
GHA,GHA_GHA5.15_2,GomoaEast,Central,2012,777.0,576.9,-176.54,26.25,29.8,23.93,82.03
GHA,GHA_GHA5.15_2,GomoaEast,Central,2013,605.4,434.7,-348.14,26.47,30.08,24.08,81.2
GHA,GHA_GHA5.15_2,GomoaEast,Central,2014,1185.9,908.1,232.36,26.2,29.48,24.04,83.77
GHA,GHA_GHA5.15_2,GomoaEast,Central,2015,798.9,588.8,-154.64,26.4,29.85,24.02,82.11
GHA,GHA_GHA5.15_2,GomoaEast,Central,2016,954.1,717.3,0.56,26.68,30.23,24.39,82.85
GHA,GHA_GHA5.15_2,GomoaEast,Central,2017,1218.9,724.0,265.36,26.17,29.75,23.74,84.97
GHA,GHA_GHA5.15_2,GomoaEast,Central,2018,1239.6,875.3,286.06,26.2,29.98,23.51,84.36
GHA,GHA_GHA5.15_2,GomoaEast,Central,2019,1338.4,987.4,384.86,26.48,30.21,23.88,85.16
GHA,GHA_GHA5.15_2,GomoaEast,Central,2020,1159.2,831.4,205.66,26.38,30.19,23.75,84.14
GHA,GHA_GHA5.15_2,GomoaEast,Central,2021,1234.9,900.4,281.36,26.42,30.19,23.81,84.6
GHA,GHA_GHA5.15_2,GomoaEast,Central,2022,1317.8,904.5,364.26,25.89,29.83,23.12,84.4
GHA,GHA_GHA5.15_2,GomoaEast,Central,2023,1305.3,944.2,351.76,26.46,30.58,23.53,83.81
GHA,GHA_GHA5.15_2,GomoaEast,Central,2024,1122.3,752.0,168.76,26.75,31.11,23.72,82.82
GHA,GHA_GHA5.15_2,GomoaEast,Central,2025,1307.0,876.9,353.46,26.34,30.43,23.51,83.96
GHA,GHA_GHA5.16_2,GomoaWest,Central,2000,1057.5,761.4,-248.74,25.89,28.96,23.86,83.5
GHA,GHA_GHA5.16_2,GomoaWest,Central,2001,1123.9,681.2,-182.34,25.77,28.68,23.84,84.09
GHA,GHA_GHA5.16_2,GomoaWest,Central,2002,1120.3,743.4,-185.94,26.01,29.07,23.94,83.61
GHA,GHA_GHA5.16_2,GomoaWest,Central,2003,1171.2,704.3,-135.04,26.14,29.15,24.11,84.2
GHA,GHA_GHA5.16_2,GomoaWest,Central,2004,1014.7,716.3,-291.54,26.04,29.1,23.99,83.59
GHA,GHA_GHA5.16_2,GomoaWest,Central,2005,1145.0,765.5,-161.24,26.06,28.98,24.05,84.07
GHA,GHA_GHA5.16_2,GomoaWest,Central,2006,996.0,706.3,-310.24,26.14,29.15,24.14,83.67
GHA,GHA_GHA5.16_2,GomoaWest,Central,2007,1436.8,1117.4,130.56,26.09,29.24,23.96,83.1
GHA,GHA_GHA5.16_2,GomoaWest,Central,2008,1172.2,834.8,-134.04,26.1,29.21,23.96,82.95
GHA,GHA_GHA5.16_2,GomoaWest,Central,2009,1226.9,938.4,-79.34,26.08,29.07,24.09,83.82
GHA,GHA_GHA5.16_2,GomoaWest,Central,2010,1160.3,816.3,-145.94,26.44,29.35,24.44,83.53
GHA,GHA_GHA5.16_2,GomoaWest,Central,2011,1055.8,749.2,-250.44,26.08,29.05,24.05,83.51
GHA,GHA_GHA5.16_2,GomoaWest,Central,2012,1243.2,842.9,-63.04,25.9,28.85,23.93,83.99
GHA,GHA_GHA5.16_2,GomoaWest,Central,2013,1007.0,647.8,-299.24,26.08,29.06,24.11,83.45
GHA,GHA_GHA5.16_2,GomoaWest,Central,2014,1632.6,1161.5,326.36,25.9,28.69,24.06,85.18
GHA,GHA_GHA5.16_2,GomoaWest,Central,2015,1038.4,676.0,-267.84,26.11,29.03,24.11,83.55
GHA,GHA_GHA5.16_2,GomoaWest,Central,2016,1454.5,1072.2,148.26,26.4,29.42,24.44,84.2
GHA,GHA_GHA5.16_2,GomoaWest,Central,2017,1758.4,983.1,452.16,25.88,29.81,23.37,86.26
GHA,GHA_GHA5.16_2,GomoaWest,Central,2018,1611.3,1100.8,305.06,25.89,30.04,23.17,85.82
GHA,GHA_GHA5.16_2,GomoaWest,Central,2019,1514.4,1075.4,208.16,26.21,30.29,23.57,86.44
GHA,GHA_GHA5.16_2,GomoaWest,Central,2020,1632.6,1155.0,326.36,26.15,30.39,23.49,85.28
GHA,GHA_GHA5.16_2,GomoaWest,Central,2021,1787.1,1328.5,480.86,26.14,30.34,23.47,85.95
GHA,GHA_GHA5.16_2,GomoaWest,Central,2022,1640.1,1070.9,333.86,25.7,30.19,22.84,85.2
GHA,GHA_GHA5.16_2,GomoaWest,Central,2023,1475.8,1097.8,169.56,26.22,30.75,23.3,84.82
GHA,GHA_GHA5.16_2,GomoaWest,Central,2024,1217.9,801.8,-88.34,26.49,31.06,23.5,83.87
GHA,GHA_GHA5.16_2,GomoaWest,Central,2025,1268.3,822.9,-37.94,26.0,29.97,23.21,85.23
GHA,GHA_GHA5.17_2,Komenda-Edina-Eguafo-Abirem-,Central,2000,1566.6,1049.5,126.3,25.47,28.28,23.67,85.52
GHA,GHA_GHA5.17_2,Komenda-Edina-Eguafo-Abirem-,Central,2001,1513.9,850.2,73.6,25.34,27.98,23.65,86.08
GHA,GHA_GHA5.17_2,Komenda-Edina-Eguafo-Abirem-,Central,2002,1531.3,951.1,91.0,25.53,28.26,23.73,86.05
GHA,GHA_GHA5.17_2,Komenda-Edina-Eguafo-Abirem-,Central,2003,1565.6,889.3,125.3,25.69,28.43,23.91,86.39
GHA,GHA_GHA5.17_2,Komenda-Edina-Eguafo-Abirem-,Central,2004,1511.8,1004.2,71.5,25.55,28.28,23.75,85.94
GHA,GHA_GHA5.17_2,Komenda-Edina-Eguafo-Abirem-,Central,2005,1369.7,822.2,-70.6,25.66,28.32,23.88,85.87
GHA,GHA_GHA5.17_2,Komenda-Edina-Eguafo-Abirem-,Central,2006,1488.7,976.3,48.4,25.61,28.31,23.89,86.27
GHA,GHA_GHA5.17_2,Komenda-Edina-Eguafo-Abirem-,Central,2007,1848.5,1270.0,408.2,25.65,28.51,23.78,85.46
GHA,GHA_GHA5.17_2,Komenda-Edina-Eguafo-Abirem-,Central,2008,1528.4,999.2,88.1,25.73,28.58,23.82,84.76
GHA,GHA_GHA5.17_2,Komenda-Edina-Eguafo-Abirem-,Central,2009,1524.8,956.5,84.5,25.58,28.25,23.87,86.27
GHA,GHA_GHA5.17_2,Komenda-Edina-Eguafo-Abirem-,Central,2010,1513.6,980.7,73.3,26.0,28.65,24.21,85.52
GHA,GHA_GHA5.17_2,Komenda-Edina-Eguafo-Abirem-,Central,2011,1524.5,1030.7,84.2,25.64,28.34,23.85,85.62
GHA,GHA_GHA5.17_2,Komenda-Edina-Eguafo-Abirem-,Central,2012,1800.2,1195.3,359.9,25.47,28.16,23.74,85.9
GHA,GHA_GHA5.17_2,Komenda-Edina-Eguafo-Abirem-,Central,2013,1390.4,839.8,-49.9,25.63,28.28,23.93,85.52
GHA,GHA_GHA5.17_2,Komenda-Edina-Eguafo-Abirem-,Central,2014,1987.9,1228.5,547.6,25.47,28.01,23.89,87.04
GHA,GHA_GHA5.17_2,Komenda-Edina-Eguafo-Abirem-,Central,2015,1293.9,759.8,-146.4,25.71,28.31,23.95,85.61
GHA,GHA_GHA5.17_2,Komenda-Edina-Eguafo-Abirem-,Central,2016,1766.0,1190.4,325.7,26.01,28.76,24.28,86.07
GHA,GHA_GHA5.17_2,Komenda-Edina-Eguafo-Abirem-,Central,2017,1282.8,808.3,-157.5,25.9,28.45,24.05,87.41
GHA,GHA_GHA5.17_2,Komenda-Edina-Eguafo-Abirem-,Central,2018,1070.7,708.7,-369.6,25.88,28.53,23.9,87.3
GHA,GHA_GHA5.17_2,Komenda-Edina-Eguafo-Abirem-,Central,2019,1137.1,732.0,-303.2,26.19,28.8,24.23,87.6
GHA,GHA_GHA5.17_2,Komenda-Edina-Eguafo-Abirem-,Central,2020,1100.9,809.8,-339.4,26.08,28.76,24.11,86.79
GHA,GHA_GHA5.17_2,Komenda-Edina-Eguafo-Abirem-,Central,2021,1365.7,1041.3,-74.6,26.17,28.85,24.2,86.64
GHA,GHA_GHA5.17_2,Komenda-Edina-Eguafo-Abirem-,Central,2022,1271.8,796.9,-168.5,25.72,28.52,23.63,86.29
GHA,GHA_GHA5.17_2,Komenda-Edina-Eguafo-Abirem-,Central,2023,1461.0,1075.7,20.7,26.2,29.16,23.97,85.7
GHA,GHA_GHA5.17_2,Komenda-Edina-Eguafo-Abirem-,Central,2024,1106.6,666.4,-333.7,26.36,29.31,24.03,85.19
GHA,GHA_GHA5.17_2,Komenda-Edina-Eguafo-Abirem-,Central,2025,925.4,560.2,-514.9,26.21,29.06,23.85,83.89
GHA,GHA_GHA5.18_2,Mfantseman,Central,2000,916.4,698.7,-102.98,25.64,28.67,23.71,85.15
GHA,GHA_GHA5.18_2,Mfantseman,Central,2001,877.0,549.5,-142.38,25.51,28.38,23.69,85.74
GHA,GHA_GHA5.18_2,Mfantseman,Central,2002,876.2,598.5,-143.18,25.72,28.7,23.8,85.59
GHA,GHA_GHA5.18_2,Mfantseman,Central,2003,906.7,553.5,-112.68,25.86,28.82,23.96,86.11
GHA,GHA_GHA5.18_2,Mfantseman,Central,2004,762.6,532.0,-256.78,25.72,28.67,23.81,85.78
GHA,GHA_GHA5.18_2,Mfantseman,Central,2005,871.8,584.9,-147.58,25.82,28.69,23.93,85.71
GHA,GHA_GHA5.18_2,Mfantseman,Central,2006,859.4,637.2,-159.98,25.81,28.74,23.96,85.8
GHA,GHA_GHA5.18_2,Mfantseman,Central,2007,1101.4,845.2,82.02,25.83,28.95,23.8,84.95
GHA,GHA_GHA5.18_2,Mfantseman,Central,2008,961.7,691.8,-57.68,25.86,28.95,23.82,84.74
GHA,GHA_GHA5.18_2,Mfantseman,Central,2009,926.5,713.1,-92.88,25.83,28.8,23.93,85.41
GHA,GHA_GHA5.18_2,Mfantseman,Central,2010,976.7,661.2,-42.68,26.16,29.05,24.26,85.41
GHA,GHA_GHA5.18_2,Mfantseman,Central,2011,800.1,556.5,-219.28,25.8,28.7,23.88,85.5
GHA,GHA_GHA5.18_2,Mfantseman,Central,2012,1001.4,734.1,-17.98,25.62,28.53,23.76,85.79
GHA,GHA_GHA5.18_2,Mfantseman,Central,2013,736.9,490.5,-282.48,25.79,28.69,23.94,85.29
GHA,GHA_GHA5.18_2,Mfantseman,Central,2014,1337.3,994.1,317.92,25.64,28.4,23.91,86.78
GHA,GHA_GHA5.18_2,Mfantseman,Central,2015,769.1,499.7,-250.28,25.87,28.76,23.97,85.25
GHA,GHA_GHA5.18_2,Mfantseman,Central,2016,1124.8,860.2,105.42,26.18,29.18,24.32,85.62
GHA,GHA_GHA5.18_2,Mfantseman,Central,2017,1189.4,677.2,170.02,25.81,29.0,23.71,87.03
GHA,GHA_GHA5.18_2,Mfantseman,Central,2018,1039.2,673.9,19.82,25.82,29.14,23.54,86.59
GHA,GHA_GHA5.18_2,Mfantseman,Central,2019,1253.3,870.8,233.92,26.14,29.42,23.89,86.98
GHA,GHA_GHA5.18_2,Mfantseman,Central,2020,1127.7,878.2,108.32,26.07,29.46,23.81,85.84
GHA,GHA_GHA5.18_2,Mfantseman,Central,2021,1206.2,894.5,186.82,26.14,29.57,23.85,85.93
GHA,GHA_GHA5.18_2,Mfantseman,Central,2022,1365.9,895.7,346.52,25.66,29.2,23.28,85.55
GHA,GHA_GHA5.18_2,Mfantseman,Central,2023,1295.0,885.9,275.62,26.16,29.74,23.68,85.26
GHA,GHA_GHA5.18_2,Mfantseman,Central,2024,999.3,623.7,-20.08,26.31,29.71,23.84,85.08
GHA,GHA_GHA5.18_2,Mfantseman,Central,2025,1221.9,743.7,202.52,25.88,28.72,23.65,86.43
GHA,GHA_GHA5.19_2,Twifo-Atti-Morkwa,Central,2000,1349.4,1014.8,-64.97,25.47,29.96,22.77,83.88
GHA,GHA_GHA5.19_2,Twifo-Atti-Morkwa,Central,2001,1148.5,722.0,-265.87,25.3,29.59,22.75,84.85
GHA,GHA_GHA5.19_2,Twifo-Atti-Morkwa,Central,2002,1316.6,897.4,-97.77,25.48,29.81,22.88,84.99
GHA,GHA_GHA5.19_2,Twifo-Atti-Morkwa,Central,2003,1149.9,711.7,-264.47,25.7,30.06,23.07,84.82
GHA,GHA_GHA5.19_2,Twifo-Atti-Morkwa,Central,2004,1207.6,854.9,-206.77,25.61,30.0,22.92,84.27
GHA,GHA_GHA5.19_2,Twifo-Atti-Morkwa,Central,2005,1177.9,768.0,-236.47,25.66,29.92,23.02,84.49
GHA,GHA_GHA5.19_2,Twifo-Atti-Morkwa,Central,2006,1225.5,833.0,-188.87,25.58,29.86,23.01,84.98
GHA,GHA_GHA5.19_2,Twifo-Atti-Morkwa,Central,2007,1349.2,1003.3,-65.17,25.7,30.21,22.92,83.5
GHA,GHA_GHA5.19_2,Twifo-Atti-Morkwa,Central,2008,1249.1,904.5,-165.27,25.7,30.23,22.86,83.17
GHA,GHA_GHA5.19_2,Twifo-Atti-Morkwa,Central,2009,1232.9,847.1,-181.47,25.61,29.81,23.06,84.84
GHA,GHA_GHA5.19_2,Twifo-Atti-Morkwa,Central,2010,1337.5,941.3,-76.87,25.96,30.23,23.3,84.53
GHA,GHA_GHA5.19_2,Twifo-Atti-Morkwa,Central,2011,1222.9,883.6,-191.47,25.64,29.99,22.96,84.11
GHA,GHA_GHA5.19_2,Twifo-Atti-Morkwa,Central,2012,1340.0,887.4,-74.37,25.47,29.7,22.89,84.48
GHA,GHA_GHA5.19_2,Twifo-Atti-Morkwa,Central,2013,1126.2,717.1,-288.17,25.73,30.0,23.13,83.58
GHA,GHA_GHA5.19_2,Twifo-Atti-Morkwa,Central,2014,1526.9,1025.4,112.53,25.45,29.49,23.06,85.9
GHA,GHA_GHA5.19_2,Twifo-Atti-Morkwa,Central,2015,1019.6,628.6,-394.77,25.82,30.15,23.14,83.28
GHA,GHA_GHA5.19_2,Twifo-Atti-Morkwa,Central,2016,1500.6,1081.1,86.23,26.19,30.6,23.58,83.33
GHA,GHA_GHA5.19_2,Twifo-Atti-Morkwa,Central,2017,1611.0,979.1,196.63,25.71,30.25,23.02,85.62
GHA,GHA_GHA5.19_2,Twifo-Atti-Morkwa,Central,2018,1753.3,1311.9,338.93,25.69,30.43,22.9,85.76
GHA,GHA_GHA5.19_2,Twifo-Atti-Morkwa,Central,2019,1772.0,1321.6,357.63,26.04,30.72,23.34,86.46
GHA,GHA_GHA5.19_2,Twifo-Atti-Morkwa,Central,2020,1630.0,1192.9,215.63,26.13,31.11,23.23,84.3
GHA,GHA_GHA5.19_2,Twifo-Atti-Morkwa,Central,2021,1662.5,1254.7,248.13,26.02,31.03,23.16,85.49
GHA,GHA_GHA5.19_2,Twifo-Atti-Morkwa,Central,2022,1908.1,1326.9,493.73,25.66,31.14,22.55,84.26
GHA,GHA_GHA5.19_2,Twifo-Atti-Morkwa,Central,2023,1983.7,1450.3,569.33,26.11,31.47,23.09,84.59
GHA,GHA_GHA5.19_2,Twifo-Atti-Morkwa,Central,2024,1641.3,1116.7,226.93,26.58,31.99,23.44,82.64
GHA,GHA_GHA5.19_2,Twifo-Atti-Morkwa,Central,2025,1331.5,903.1,-82.87,26.1,30.98,23.07,83.82
GHA,GHA_GHA5.20_2,Twifo-Hemang-LowerDenkyira,Central,2000,1688.4,1185.3,18.45,24.99,29.38,22.29,85.8
GHA,GHA_GHA5.20_2,Twifo-Hemang-LowerDenkyira,Central,2001,1643.2,964.1,-26.75,24.8,28.89,22.25,87.0
GHA,GHA_GHA5.20_2,Twifo-Hemang-LowerDenkyira,Central,2002,1735.2,1071.0,65.25,25.02,29.24,22.39,86.78
GHA,GHA_GHA5.20_2,Twifo-Hemang-LowerDenkyira,Central,2003,1631.6,981.7,-38.35,25.17,29.39,22.58,87.16
GHA,GHA_GHA5.20_2,Twifo-Hemang-LowerDenkyira,Central,2004,1614.1,1103.1,-55.85,25.07,29.32,22.4,86.5
GHA,GHA_GHA5.20_2,Twifo-Hemang-LowerDenkyira,Central,2005,1537.8,941.5,-132.15,25.17,29.28,22.56,86.47
GHA,GHA_GHA5.20_2,Twifo-Hemang-LowerDenkyira,Central,2006,1522.6,981.7,-147.35,25.07,29.21,22.54,87.17
GHA,GHA_GHA5.20_2,Twifo-Hemang-LowerDenkyira,Central,2007,1898.1,1356.4,228.15,25.18,29.59,22.42,85.73
GHA,GHA_GHA5.20_2,Twifo-Hemang-LowerDenkyira,Central,2008,1620.3,1070.8,-49.65,25.2,29.63,22.37,85.34
GHA,GHA_GHA5.20_2,Twifo-Hemang-LowerDenkyira,Central,2009,1678.7,1068.9,8.75,25.11,29.22,22.57,86.86
GHA,GHA_GHA5.20_2,Twifo-Hemang-LowerDenkyira,Central,2010,1715.4,1140.5,45.45,25.45,29.59,22.82,86.66
GHA,GHA_GHA5.20_2,Twifo-Hemang-LowerDenkyira,Central,2011,1643.9,1142.9,-26.05,25.13,29.36,22.47,86.29
GHA,GHA_GHA5.20_2,Twifo-Hemang-LowerDenkyira,Central,2012,1946.1,1262.1,276.15,24.98,29.14,22.43,86.53
GHA,GHA_GHA5.20_2,Twifo-Hemang-LowerDenkyira,Central,2013,1502.1,903.4,-167.85,25.21,29.36,22.63,85.72
GHA,GHA_GHA5.20_2,Twifo-Hemang-LowerDenkyira,Central,2014,1982.4,1238.0,312.45,24.96,28.87,22.61,87.91
GHA,GHA_GHA5.20_2,Twifo-Hemang-LowerDenkyira,Central,2015,1427.8,843.4,-242.15,25.23,29.3,22.62,86.04
GHA,GHA_GHA5.20_2,Twifo-Hemang-LowerDenkyira,Central,2016,1929.9,1318.6,259.95,25.62,29.84,23.07,85.95
GHA,GHA_GHA5.20_2,Twifo-Hemang-LowerDenkyira,Central,2017,1564.7,915.5,-105.25,25.01,28.9,22.68,88.43
GHA,GHA_GHA5.20_2,Twifo-Hemang-LowerDenkyira,Central,2018,1604.2,1138.2,-65.75,25.01,29.12,22.59,88.29
GHA,GHA_GHA5.20_2,Twifo-Hemang-LowerDenkyira,Central,2019,1557.0,1079.4,-112.95,25.36,29.48,22.97,88.72
GHA,GHA_GHA5.20_2,Twifo-Hemang-LowerDenkyira,Central,2020,1607.5,1127.9,-62.45,25.35,29.62,22.84,87.26
GHA,GHA_GHA5.20_2,Twifo-Hemang-LowerDenkyira,Central,2021,1826.7,1415.6,156.75,25.26,29.51,22.78,88.22
GHA,GHA_GHA5.20_2,Twifo-Hemang-LowerDenkyira,Central,2022,1821.6,1229.3,151.65,24.94,29.69,22.23,86.82
GHA,GHA_GHA5.20_2,Twifo-Hemang-LowerDenkyira,Central,2023,1671.0,1210.3,1.05,25.54,30.32,22.81,86.11
GHA,GHA_GHA5.20_2,Twifo-Hemang-LowerDenkyira,Central,2024,1438.2,919.5,-231.75,25.8,30.67,23.03,85.28
GHA,GHA_GHA5.20_2,Twifo-Hemang-LowerDenkyira,Central,2025,1610.1,1059.3,-59.85,25.22,29.84,22.66,87.58
GHA,GHA_GHA5.21_2,UpperDenkyiraEast,Central,2000,1232.9,908.7,-96.26,25.53,30.09,22.7,81.62
GHA,GHA_GHA5.21_2,UpperDenkyiraEast,Central,2001,1084.9,678.7,-244.26,25.38,29.76,22.69,82.5
GHA,GHA_GHA5.21_2,UpperDenkyiraEast,Central,2002,1262.0,841.1,-67.16,25.56,29.99,22.82,82.57
GHA,GHA_GHA5.21_2,UpperDenkyiraEast,Central,2003,1069.6,646.2,-259.56,25.79,30.24,23.0,82.36
GHA,GHA_GHA5.21_2,UpperDenkyiraEast,Central,2004,1114.3,768.2,-214.86,25.69,30.15,22.87,81.93
GHA,GHA_GHA5.21_2,UpperDenkyiraEast,Central,2005,1176.0,767.4,-153.16,25.74,30.1,22.94,81.99
GHA,GHA_GHA5.21_2,UpperDenkyiraEast,Central,2006,1132.4,775.1,-196.76,25.64,30.01,22.95,82.71
GHA,GHA_GHA5.21_2,UpperDenkyiraEast,Central,2007,1332.8,986.1,3.64,25.74,30.27,22.82,81.31
GHA,GHA_GHA5.21_2,UpperDenkyiraEast,Central,2008,1192.9,858.0,-136.26,25.72,30.27,22.74,81.02
GHA,GHA_GHA5.21_2,UpperDenkyiraEast,Central,2009,1183.9,766.6,-145.26,25.66,29.91,22.99,82.67
GHA,GHA_GHA5.21_2,UpperDenkyiraEast,Central,2010,1294.9,887.0,-34.26,25.96,30.28,23.19,82.67
GHA,GHA_GHA5.21_2,UpperDenkyiraEast,Central,2011,1185.2,835.1,-143.96,25.68,30.08,22.87,81.91
GHA,GHA_GHA5.21_2,UpperDenkyiraEast,Central,2012,1255.3,836.8,-73.86,25.48,29.76,22.79,82.48
GHA,GHA_GHA5.21_2,UpperDenkyiraEast,Central,2013,1086.9,689.3,-242.26,25.75,30.08,23.02,81.48
GHA,GHA_GHA5.21_2,UpperDenkyiraEast,Central,2014,1430.7,976.2,101.54,25.47,29.58,22.95,83.9
GHA,GHA_GHA5.21_2,UpperDenkyiraEast,Central,2015,977.7,596.8,-351.46,25.9,30.32,23.07,80.78
GHA,GHA_GHA5.21_2,UpperDenkyiraEast,Central,2016,1323.3,906.4,-5.86,26.25,30.72,23.49,81.14
GHA,GHA_GHA5.21_2,UpperDenkyiraEast,Central,2017,1543.9,1014.3,214.74,25.54,30.22,22.7,84.68
GHA,GHA_GHA5.21_2,UpperDenkyiraEast,Central,2018,1392.1,1042.1,62.94,25.45,30.24,22.58,85.23
GHA,GHA_GHA5.21_2,UpperDenkyiraEast,Central,2019,1702.6,1242.4,373.44,25.83,30.62,22.99,85.7
GHA,GHA_GHA5.21_2,UpperDenkyiraEast,Central,2020,1394.9,1018.7,65.74,25.97,31.05,22.89,82.97
GHA,GHA_GHA5.21_2,UpperDenkyiraEast,Central,2021,1739.1,1375.1,409.94,25.86,31.03,22.86,84.6
GHA,GHA_GHA5.21_2,UpperDenkyiraEast,Central,2022,1769.7,1187.4,440.54,25.53,31.19,22.24,82.87
GHA,GHA_GHA5.21_2,UpperDenkyiraEast,Central,2023,2011.0,1434.9,681.84,25.88,31.34,22.73,83.8
GHA,GHA_GHA5.21_2,UpperDenkyiraEast,Central,2024,1540.1,987.3,210.94,26.41,31.83,23.09,81.55
GHA,GHA_GHA5.21_2,UpperDenkyiraEast,Central,2025,1129.0,760.7,-200.16,25.93,30.78,22.97,83.24
GHA,GHA_GHA5.22_2,UpperDenkyiraWest,Central,2000,1043.8,784.7,-218.73,25.81,30.48,22.92,80.06
GHA,GHA_GHA5.22_2,UpperDenkyiraWest,Central,2001,945.9,625.2,-316.63,25.67,30.2,22.93,81.05
GHA,GHA_GHA5.22_2,UpperDenkyiraWest,Central,2002,1214.6,844.6,-47.93,25.81,30.36,23.02,81.42
GHA,GHA_GHA5.22_2,UpperDenkyiraWest,Central,2003,1057.1,657.8,-205.43,25.99,30.59,23.18,81.52
GHA,GHA_GHA5.22_2,UpperDenkyiraWest,Central,2004,1040.6,717.3,-221.93,25.9,30.46,23.06,81.15
GHA,GHA_GHA5.22_2,UpperDenkyiraWest,Central,2005,1046.0,694.3,-216.53,25.97,30.47,23.12,80.91
GHA,GHA_GHA5.22_2,UpperDenkyiraWest,Central,2006,1129.1,761.9,-133.43,25.89,30.45,23.16,81.59
GHA,GHA_GHA5.22_2,UpperDenkyiraWest,Central,2007,1271.2,991.3,8.67,25.99,30.6,23.02,80.05
GHA,GHA_GHA5.22_2,UpperDenkyiraWest,Central,2008,1111.6,833.7,-150.93,26.0,30.65,22.95,79.49
GHA,GHA_GHA5.22_2,UpperDenkyiraWest,Central,2009,1073.3,690.0,-189.23,25.88,30.27,23.17,81.7
GHA,GHA_GHA5.22_2,UpperDenkyiraWest,Central,2010,1170.3,782.4,-92.23,26.11,30.48,23.37,82.31
GHA,GHA_GHA5.22_2,UpperDenkyiraWest,Central,2011,1259.7,967.5,-2.83,25.84,30.32,23.03,81.25
GHA,GHA_GHA5.22_2,UpperDenkyiraWest,Central,2012,1130.9,784.3,-131.63,25.69,30.08,22.97,81.53
GHA,GHA_GHA5.22_2,UpperDenkyiraWest,Central,2013,1001.8,646.8,-260.73,26.01,30.49,23.2,80.18
GHA,GHA_GHA5.22_2,UpperDenkyiraWest,Central,2014,1397.6,990.8,135.07,25.69,29.95,23.12,82.87
GHA,GHA_GHA5.22_2,UpperDenkyiraWest,Central,2015,872.1,555.7,-390.43,26.17,30.74,23.25,79.42
GHA,GHA_GHA5.22_2,UpperDenkyiraWest,Central,2016,1270.8,904.9,8.27,26.47,30.99,23.65,80.11
GHA,GHA_GHA5.22_2,UpperDenkyiraWest,Central,2017,1289.2,862.3,26.67,25.84,30.42,23.13,83.3
GHA,GHA_GHA5.22_2,UpperDenkyiraWest,Central,2018,1423.9,1015.5,161.37,25.77,30.46,23.04,83.83
GHA,GHA_GHA5.22_2,UpperDenkyiraWest,Central,2019,1741.0,1284.5,478.47,26.12,30.72,23.42,84.29
GHA,GHA_GHA5.22_2,UpperDenkyiraWest,Central,2020,1292.7,928.5,30.17,26.29,31.26,23.3,81.31
GHA,GHA_GHA5.22_2,UpperDenkyiraWest,Central,2021,1510.3,1151.0,247.77,26.25,31.4,23.33,82.55
GHA,GHA_GHA5.22_2,UpperDenkyiraWest,Central,2022,1779.0,1174.4,516.47,25.89,31.4,22.75,81.05
GHA,GHA_GHA5.22_2,UpperDenkyiraWest,Central,2023,2025.3,1371.0,762.77,26.13,31.4,23.14,82.34
GHA,GHA_GHA5.22_2,UpperDenkyiraWest,Central,2024,1333.3,871.0,70.77,26.66,32.03,23.45,80.23
GHA,GHA_GHA5.22_2,UpperDenkyiraWest,Central,2025,1394.7,893.6,132.17,25.97,31.16,22.84,83.19
GHA,GHA_GHA6.1_2,AbuakwaNorth,Eastern,2000,1268.5,983.6,-79.18,25.75,30.43,22.8,81.59
GHA,GHA_GHA6.1_2,AbuakwaNorth,Eastern,2001,1263.5,885.7,-84.18,25.58,30.06,22.78,82.63
GHA,GHA_GHA6.1_2,AbuakwaNorth,Eastern,2002,1480.2,1038.1,132.52,25.71,30.26,22.82,82.84
GHA,GHA_GHA6.1_2,AbuakwaNorth,Eastern,2003,1362.3,869.4,14.62,25.91,30.41,23.08,83.2
GHA,GHA_GHA6.1_2,AbuakwaNorth,Eastern,2004,1271.3,891.0,-76.38,25.82,30.3,22.96,82.81
GHA,GHA_GHA6.1_2,AbuakwaNorth,Eastern,2005,1321.3,934.0,-26.38,25.83,30.24,23.01,83.04
GHA,GHA_GHA6.1_2,AbuakwaNorth,Eastern,2006,1246.6,880.4,-101.08,25.88,30.32,23.08,82.85
GHA,GHA_GHA6.1_2,AbuakwaNorth,Eastern,2007,1421.3,1118.2,73.62,25.95,30.65,22.87,81.07
GHA,GHA_GHA6.1_2,AbuakwaNorth,Eastern,2008,1470.4,1080.3,122.72,25.87,30.54,22.79,81.21
GHA,GHA_GHA6.1_2,AbuakwaNorth,Eastern,2009,1463.7,1030.6,116.02,25.88,30.27,23.1,83.0
GHA,GHA_GHA6.1_2,AbuakwaNorth,Eastern,2010,1473.9,1104.0,126.22,26.16,30.53,23.35,83.12
GHA,GHA_GHA6.1_2,AbuakwaNorth,Eastern,2011,1360.1,1029.0,12.42,25.88,30.42,22.95,82.1
GHA,GHA_GHA6.1_2,AbuakwaNorth,Eastern,2012,1489.2,1027.4,141.52,25.65,30.08,22.87,83.22
GHA,GHA_GHA6.1_2,AbuakwaNorth,Eastern,2013,1356.5,950.4,8.82,25.87,30.35,23.02,82.16
GHA,GHA_GHA6.1_2,AbuakwaNorth,Eastern,2014,1621.9,1118.8,274.22,25.65,29.85,23.04,84.55
GHA,GHA_GHA6.1_2,AbuakwaNorth,Eastern,2015,1218.4,828.8,-129.28,25.92,30.37,22.98,81.9
GHA,GHA_GHA6.1_2,AbuakwaNorth,Eastern,2016,1635.7,1229.1,288.02,26.31,30.88,23.45,82.26
GHA,GHA_GHA6.1_2,AbuakwaNorth,Eastern,2017,1240.2,825.9,-107.48,25.31,30.34,22.27,83.2
GHA,GHA_GHA6.1_2,AbuakwaNorth,Eastern,2018,1183.8,882.3,-163.88,25.29,30.37,22.16,83.14
GHA,GHA_GHA6.1_2,AbuakwaNorth,Eastern,2019,1457.6,1043.4,109.92,25.61,30.71,22.6,84.15
GHA,GHA_GHA6.1_2,AbuakwaNorth,Eastern,2020,1243.6,952.7,-104.08,25.63,30.85,22.42,81.85
GHA,GHA_GHA6.1_2,AbuakwaNorth,Eastern,2021,1257.1,959.8,-90.58,25.64,30.99,22.5,83.01
GHA,GHA_GHA6.1_2,AbuakwaNorth,Eastern,2022,1216.2,913.7,-131.48,25.3,31.14,21.92,81.04
GHA,GHA_GHA6.1_2,AbuakwaNorth,Eastern,2023,1487.9,1109.4,140.22,25.63,31.3,22.35,82.02
GHA,GHA_GHA6.1_2,AbuakwaNorth,Eastern,2024,1214.1,882.2,-133.58,26.16,31.92,22.64,79.61
GHA,GHA_GHA6.1_2,AbuakwaNorth,Eastern,2025,1014.3,762.5,-333.38,25.91,31.21,22.56,80.37
GHA,GHA_GHA6.2_2,AbuakwaSouth,Eastern,2000,1268.5,983.6,-95.54,25.32,30.08,22.37,82.36
GHA,GHA_GHA6.2_2,AbuakwaSouth,Eastern,2001,1263.5,885.7,-100.54,25.16,29.7,22.36,83.53
GHA,GHA_GHA6.2_2,AbuakwaSouth,Eastern,2002,1480.2,1038.1,116.16,25.3,29.92,22.41,83.6
GHA,GHA_GHA6.2_2,AbuakwaSouth,Eastern,2003,1362.3,869.4,-1.74,25.48,30.05,22.66,84.09
GHA,GHA_GHA6.2_2,AbuakwaSouth,Eastern,2004,1271.3,891.0,-92.74,25.38,29.94,22.53,83.71
GHA,GHA_GHA6.2_2,AbuakwaSouth,Eastern,2005,1321.3,934.0,-42.74,25.4,29.87,22.6,83.96
GHA,GHA_GHA6.2_2,AbuakwaSouth,Eastern,2006,1246.6,880.4,-117.44,25.43,29.93,22.65,83.83
GHA,GHA_GHA6.2_2,AbuakwaSouth,Eastern,2007,1421.3,1118.2,57.26,25.5,30.27,22.43,81.97
GHA,GHA_GHA6.2_2,AbuakwaSouth,Eastern,2008,1470.4,1080.3,106.36,25.43,30.16,22.34,82.06
GHA,GHA_GHA6.2_2,AbuakwaSouth,Eastern,2009,1463.7,1030.6,99.66,25.45,29.89,22.67,83.91
GHA,GHA_GHA6.2_2,AbuakwaSouth,Eastern,2010,1473.9,1104.0,109.86,25.73,30.18,22.91,83.97
GHA,GHA_GHA6.2_2,AbuakwaSouth,Eastern,2011,1360.1,1029.0,-3.94,25.44,30.03,22.5,83.04
GHA,GHA_GHA6.2_2,AbuakwaSouth,Eastern,2012,1489.2,1027.4,125.16,25.22,29.7,22.44,83.99
GHA,GHA_GHA6.2_2,AbuakwaSouth,Eastern,2013,1356.5,950.4,-7.54,25.45,29.97,22.58,82.97
GHA,GHA_GHA6.2_2,AbuakwaSouth,Eastern,2014,1621.9,1118.8,257.86,25.23,29.49,22.62,85.41
GHA,GHA_GHA6.2_2,AbuakwaSouth,Eastern,2015,1218.4,828.8,-145.64,25.48,29.98,22.57,82.76
GHA,GHA_GHA6.2_2,AbuakwaSouth,Eastern,2016,1635.7,1229.1,271.66,25.88,30.53,23.01,83.08
GHA,GHA_GHA6.2_2,AbuakwaSouth,Eastern,2017,1284.9,881.1,-79.14,25.4,30.39,22.31,83.06
GHA,GHA_GHA6.2_2,AbuakwaSouth,Eastern,2018,1283.4,973.4,-80.64,25.35,30.42,22.18,82.97
GHA,GHA_GHA6.2_2,AbuakwaSouth,Eastern,2019,1461.1,1056.4,97.06,25.69,30.75,22.61,83.96
GHA,GHA_GHA6.2_2,AbuakwaSouth,Eastern,2020,1297.9,1035.7,-66.14,25.78,31.08,22.49,81.22
GHA,GHA_GHA6.2_2,AbuakwaSouth,Eastern,2021,1353.9,1084.8,-10.14,25.74,31.08,22.51,82.71
GHA,GHA_GHA6.2_2,AbuakwaSouth,Eastern,2022,1278.7,968.4,-85.34,25.37,31.18,21.9,81.08
GHA,GHA_GHA6.2_2,AbuakwaSouth,Eastern,2023,1546.4,1184.4,182.36,25.76,31.47,22.38,81.77
GHA,GHA_GHA6.2_2,AbuakwaSouth,Eastern,2024,1189.7,889.5,-174.34,26.28,32.04,22.68,79.43
GHA,GHA_GHA6.2_2,AbuakwaSouth,Eastern,2025,1044.3,779.0,-319.74,26.04,31.31,22.67,79.93
GHA,GHA_GHA6.3_2,Achiase,Eastern,2000,1515.8,1117.8,-35.54,25.34,30.05,22.56,83.16
GHA,GHA_GHA6.3_2,Achiase,Eastern,2001,1582.6,1026.1,31.26,25.14,29.61,22.5,84.36
GHA,GHA_GHA6.3_2,Achiase,Eastern,2002,1748.3,1226.3,196.96,25.31,29.87,22.59,84.37
GHA,GHA_GHA6.3_2,Achiase,Eastern,2003,1521.4,971.0,-29.94,25.52,30.07,22.79,84.44
GHA,GHA_GHA6.3_2,Achiase,Eastern,2004,1483.3,1053.0,-68.04,25.39,29.95,22.66,84.08
GHA,GHA_GHA6.3_2,Achiase,Eastern,2005,1470.9,996.4,-80.44,25.49,29.94,22.78,84.03
GHA,GHA_GHA6.3_2,Achiase,Eastern,2006,1498.9,949.1,-52.44,25.41,29.87,22.77,84.57
GHA,GHA_GHA6.3_2,Achiase,Eastern,2007,1719.1,1291.2,167.76,25.54,30.3,22.64,82.74
GHA,GHA_GHA6.3_2,Achiase,Eastern,2008,1560.9,1116.3,9.56,25.52,30.26,22.56,82.63
GHA,GHA_GHA6.3_2,Achiase,Eastern,2009,1626.6,1138.6,75.26,25.49,29.93,22.83,84.03
GHA,GHA_GHA6.3_2,Achiase,Eastern,2010,1628.0,1123.2,76.66,25.76,30.22,23.03,84.25
GHA,GHA_GHA6.3_2,Achiase,Eastern,2011,1562.5,1144.3,11.16,25.47,30.02,22.68,83.64
GHA,GHA_GHA6.3_2,Achiase,Eastern,2012,1680.2,1144.4,128.86,25.31,29.78,22.66,84.02
GHA,GHA_GHA6.3_2,Achiase,Eastern,2013,1466.1,968.6,-85.24,25.55,30.04,22.85,83.18
GHA,GHA_GHA6.3_2,Achiase,Eastern,2014,1886.1,1291.3,334.76,25.27,29.52,22.78,85.5
GHA,GHA_GHA6.3_2,Achiase,Eastern,2015,1436.9,925.1,-114.44,25.59,30.08,22.83,83.0
GHA,GHA_GHA6.3_2,Achiase,Eastern,2016,1949.2,1444.5,397.86,25.94,30.55,23.24,83.38
GHA,GHA_GHA6.3_2,Achiase,Eastern,2017,1384.1,905.9,-167.24,25.5,30.03,22.78,85.02
GHA,GHA_GHA6.3_2,Achiase,Eastern,2018,1288.4,952.9,-262.94,25.48,30.18,22.65,84.87
GHA,GHA_GHA6.3_2,Achiase,Eastern,2019,1567.3,1161.7,15.96,25.83,30.55,23.08,85.5
GHA,GHA_GHA6.3_2,Achiase,Eastern,2020,1343.4,972.2,-207.94,25.89,30.87,22.97,83.48
GHA,GHA_GHA6.3_2,Achiase,Eastern,2021,1531.0,1167.2,-20.34,25.83,30.86,22.93,84.57
GHA,GHA_GHA6.3_2,Achiase,Eastern,2022,1553.7,1084.3,2.36,25.39,30.76,22.29,83.71
GHA,GHA_GHA6.3_2,Achiase,Eastern,2023,1633.1,1141.1,81.76,25.92,31.24,22.87,83.61
GHA,GHA_GHA6.3_2,Achiase,Eastern,2024,1356.8,918.7,-194.54,26.34,31.77,23.18,81.9
GHA,GHA_GHA6.3_2,Achiase,Eastern,2025,1340.2,929.7,-211.14,25.84,30.71,22.93,83.73
GHA,GHA_GHA6.4_2,AkwapemNorth,Eastern,2000,1171.5,843.8,-140.56,25.79,30.48,22.94,81.48
GHA,GHA_GHA6.4_2,AkwapemNorth,Eastern,2001,1286.1,822.7,-25.96,25.61,30.05,22.91,82.67
GHA,GHA_GHA6.4_2,AkwapemNorth,Eastern,2002,1433.9,953.0,121.84,25.8,30.36,22.96,82.29
GHA,GHA_GHA6.4_2,AkwapemNorth,Eastern,2003,1285.6,804.5,-26.46,26.02,30.53,23.22,82.63
GHA,GHA_GHA6.4_2,AkwapemNorth,Eastern,2004,1182.2,781.9,-129.86,25.95,30.48,23.1,81.95
GHA,GHA_GHA6.4_2,AkwapemNorth,Eastern,2005,1236.7,826.2,-75.36,25.97,30.42,23.16,82.23
GHA,GHA_GHA6.4_2,AkwapemNorth,Eastern,2006,1211.4,803.8,-100.66,26.02,30.51,23.23,82.03
GHA,GHA_GHA6.4_2,AkwapemNorth,Eastern,2007,1288.9,976.9,-23.16,26.03,30.81,22.98,80.6
GHA,GHA_GHA6.4_2,AkwapemNorth,Eastern,2008,1368.2,961.1,56.14,25.93,30.64,22.91,81.05
GHA,GHA_GHA6.4_2,AkwapemNorth,Eastern,2009,1415.3,967.1,103.24,26.03,30.53,23.23,81.98
GHA,GHA_GHA6.4_2,AkwapemNorth,Eastern,2010,1368.3,978.4,56.24,26.29,30.69,23.52,82.34
GHA,GHA_GHA6.4_2,AkwapemNorth,Eastern,2011,1260.1,914.8,-51.96,25.99,30.59,23.08,81.45
GHA,GHA_GHA6.4_2,AkwapemNorth,Eastern,2012,1519.7,1017.4,207.64,25.83,30.38,23.04,82.12
GHA,GHA_GHA6.4_2,AkwapemNorth,Eastern,2013,1276.4,814.4,-35.66,26.05,30.66,23.2,81.04
GHA,GHA_GHA6.4_2,AkwapemNorth,Eastern,2014,1564.8,997.5,252.74,25.78,30.05,23.17,83.73
GHA,GHA_GHA6.4_2,AkwapemNorth,Eastern,2015,1149.0,762.4,-163.06,25.96,30.39,23.1,81.67
GHA,GHA_GHA6.4_2,AkwapemNorth,Eastern,2016,1539.7,1155.4,227.64,26.34,30.93,23.57,82.07
GHA,GHA_GHA6.4_2,AkwapemNorth,Eastern,2017,1335.3,876.9,23.24,25.24,29.61,22.81,85.31
GHA,GHA_GHA6.4_2,AkwapemNorth,Eastern,2018,1213.4,871.2,-98.66,25.25,29.79,22.71,84.77
GHA,GHA_GHA6.4_2,AkwapemNorth,Eastern,2019,1382.3,988.4,70.24,25.52,29.96,23.08,85.9
GHA,GHA_GHA6.4_2,AkwapemNorth,Eastern,2020,1245.4,960.4,-66.66,25.53,30.23,22.94,83.83
GHA,GHA_GHA6.4_2,AkwapemNorth,Eastern,2021,1317.7,992.6,5.64,25.54,30.26,23.01,84.78
GHA,GHA_GHA6.4_2,AkwapemNorth,Eastern,2022,1292.1,923.7,-19.96,25.16,30.31,22.45,83.45
GHA,GHA_GHA6.4_2,AkwapemNorth,Eastern,2023,1360.3,981.8,48.24,25.65,30.71,22.91,83.38
GHA,GHA_GHA6.4_2,AkwapemNorth,Eastern,2024,1143.0,788.4,-169.06,25.9,31.07,23.03,82.6
GHA,GHA_GHA6.4_2,AkwapemNorth,Eastern,2025,1266.2,896.8,-45.86,25.46,30.0,22.78,84.71
GHA,GHA_GHA6.5_2,AkwapemSouth,Eastern,2000,713.1,513.4,-270.74,24.69,29.07,22.01,80.86
GHA,GHA_GHA6.5_2,AkwapemSouth,Eastern,2001,754.5,475.0,-229.34,24.54,28.69,21.99,81.86
GHA,GHA_GHA6.5_2,AkwapemSouth,Eastern,2002,836.6,576.3,-147.24,24.75,29.05,22.05,81.32
GHA,GHA_GHA6.5_2,AkwapemSouth,Eastern,2003,862.4,527.7,-121.44,24.96,29.22,22.29,81.65
GHA,GHA_GHA6.5_2,AkwapemSouth,Eastern,2004,714.3,464.6,-269.54,24.88,29.15,22.18,81.0
GHA,GHA_GHA6.5_2,AkwapemSouth,Eastern,2005,877.9,620.4,-105.94,24.9,29.08,22.23,81.41
GHA,GHA_GHA6.5_2,AkwapemSouth,Eastern,2006,744.3,522.8,-239.54,24.97,29.21,22.31,81.01
GHA,GHA_GHA6.5_2,AkwapemSouth,Eastern,2007,876.4,676.4,-107.44,24.92,29.41,22.04,80.07
GHA,GHA_GHA6.5_2,AkwapemSouth,Eastern,2008,885.3,647.9,-98.54,24.84,29.23,21.99,80.48
GHA,GHA_GHA6.5_2,AkwapemSouth,Eastern,2009,831.7,643.9,-152.14,24.96,29.19,22.3,81.1
GHA,GHA_GHA6.5_2,AkwapemSouth,Eastern,2010,869.9,618.9,-113.94,25.21,29.33,22.6,81.56
GHA,GHA_GHA6.5_2,AkwapemSouth,Eastern,2011,791.1,551.4,-192.74,24.89,29.17,22.16,80.85
GHA,GHA_GHA6.5_2,AkwapemSouth,Eastern,2012,904.6,606.7,-79.24,24.74,29.0,22.11,81.39
GHA,GHA_GHA6.5_2,AkwapemSouth,Eastern,2013,694.9,430.7,-288.94,24.96,29.29,22.27,80.3
GHA,GHA_GHA6.5_2,AkwapemSouth,Eastern,2014,1129.1,750.9,145.26,24.69,28.69,22.23,83.0
GHA,GHA_GHA6.5_2,AkwapemSouth,Eastern,2015,902.6,644.7,-81.24,24.84,28.96,22.15,81.28
GHA,GHA_GHA6.5_2,AkwapemSouth,Eastern,2016,1071.0,794.8,87.16,25.22,29.49,22.61,81.64
GHA,GHA_GHA6.5_2,AkwapemSouth,Eastern,2017,1334.1,916.9,350.26,24.43,28.74,22.02,85.82
GHA,GHA_GHA6.5_2,AkwapemSouth,Eastern,2018,1163.9,810.0,180.06,24.45,28.94,21.92,85.24
GHA,GHA_GHA6.5_2,AkwapemSouth,Eastern,2019,1332.9,924.3,349.06,24.73,29.12,22.3,86.33
GHA,GHA_GHA6.5_2,AkwapemSouth,Eastern,2020,1244.8,947.2,260.96,24.71,29.33,22.17,84.44
GHA,GHA_GHA6.5_2,AkwapemSouth,Eastern,2021,1272.9,981.6,289.06,24.74,29.37,22.24,85.21
GHA,GHA_GHA6.5_2,AkwapemSouth,Eastern,2022,1286.3,934.0,302.46,24.34,29.38,21.67,84.02
GHA,GHA_GHA6.5_2,AkwapemSouth,Eastern,2023,1294.7,950.2,310.86,24.85,29.82,22.16,83.8
GHA,GHA_GHA6.5_2,AkwapemSouth,Eastern,2024,1095.3,775.0,111.46,25.18,30.31,22.35,82.52
GHA,GHA_GHA6.5_2,AkwapemSouth,Eastern,2025,1095.2,763.8,111.36,24.89,29.71,22.07,83.19
GHA,GHA_GHA6.6_2,Akyemansa,Eastern,2000,966.4,747.4,-260.91,26.03,30.85,23.03,78.79
GHA,GHA_GHA6.6_2,Akyemansa,Eastern,2001,1025.9,699.3,-201.41,25.91,30.61,23.05,79.43
GHA,GHA_GHA6.6_2,Akyemansa,Eastern,2002,1208.8,881.9,-18.51,26.04,30.76,23.09,79.83
GHA,GHA_GHA6.6_2,Akyemansa,Eastern,2003,1017.6,647.5,-209.71,26.24,30.98,23.32,79.84
GHA,GHA_GHA6.6_2,Akyemansa,Eastern,2004,979.4,676.2,-247.91,26.13,30.87,23.21,79.47
GHA,GHA_GHA6.6_2,Akyemansa,Eastern,2005,1018.6,695.0,-208.71,26.23,30.92,23.28,79.25
GHA,GHA_GHA6.6_2,Akyemansa,Eastern,2006,1045.3,673.0,-182.01,26.2,30.95,23.33,79.48
GHA,GHA_GHA6.6_2,Akyemansa,Eastern,2007,1124.4,864.6,-102.91,26.26,31.14,23.13,78.19
GHA,GHA_GHA6.6_2,Akyemansa,Eastern,2008,1166.5,856.5,-60.81,26.19,31.01,23.05,78.3
GHA,GHA_GHA6.6_2,Akyemansa,Eastern,2009,1163.2,801.8,-64.11,26.17,30.73,23.33,79.73
GHA,GHA_GHA6.6_2,Akyemansa,Eastern,2010,1133.3,792.5,-94.01,26.37,30.94,23.49,80.48
GHA,GHA_GHA6.6_2,Akyemansa,Eastern,2011,1057.8,804.0,-169.51,26.18,30.89,23.19,79.1
GHA,GHA_GHA6.6_2,Akyemansa,Eastern,2012,1109.5,758.6,-117.81,25.96,30.55,23.11,79.89
GHA,GHA_GHA6.6_2,Akyemansa,Eastern,2013,1033.8,712.5,-193.51,26.21,30.84,23.28,78.92
GHA,GHA_GHA6.6_2,Akyemansa,Eastern,2014,1313.7,915.2,86.39,25.84,30.17,23.19,81.92
GHA,GHA_GHA6.6_2,Akyemansa,Eastern,2015,930.2,600.2,-297.11,26.32,30.98,23.32,78.31
GHA,GHA_GHA6.6_2,Akyemansa,Eastern,2016,1366.2,1027.7,138.89,26.59,31.28,23.69,79.4
GHA,GHA_GHA6.6_2,Akyemansa,Eastern,2017,1342.2,882.5,114.89,26.03,30.73,23.17,82.51
GHA,GHA_GHA6.6_2,Akyemansa,Eastern,2018,1259.7,886.3,32.39,25.97,30.76,23.05,82.64
GHA,GHA_GHA6.6_2,Akyemansa,Eastern,2019,1621.2,1136.5,393.89,26.3,31.05,23.46,83.54
GHA,GHA_GHA6.6_2,Akyemansa,Eastern,2020,1253.6,902.8,26.29,26.47,31.5,23.4,80.57
GHA,GHA_GHA6.6_2,Akyemansa,Eastern,2021,1689.8,1196.9,462.49,26.44,31.63,23.38,81.79
GHA,GHA_GHA6.6_2,Akyemansa,Eastern,2022,1559.9,1082.5,332.59,25.99,31.49,22.76,80.87
GHA,GHA_GHA6.6_2,Akyemansa,Eastern,2023,1812.6,1220.0,585.29,26.37,31.77,23.22,81.59
GHA,GHA_GHA6.6_2,Akyemansa,Eastern,2024,1399.1,941.2,171.79,26.93,32.45,23.57,79.02
GHA,GHA_GHA6.6_2,Akyemansa,Eastern,2025,1311.4,902.1,84.09,26.31,31.28,23.2,81.43
GHA,GHA_GHA6.7_2,Asene-Manso-Akroso,Eastern,2000,1433.5,1031.8,-94.11,25.13,29.76,22.32,82.62
GHA,GHA_GHA6.7_2,Asene-Manso-Akroso,Eastern,2001,1562.5,1003.8,34.89,24.92,29.29,22.24,83.92
GHA,GHA_GHA6.7_2,Asene-Manso-Akroso,Eastern,2002,1674.2,1157.1,146.59,25.11,29.59,22.33,83.68
GHA,GHA_GHA6.7_2,Asene-Manso-Akroso,Eastern,2003,1541.2,978.0,13.59,25.29,29.72,22.53,83.98
GHA,GHA_GHA6.7_2,Asene-Manso-Akroso,Eastern,2004,1432.0,1030.7,-95.61,25.2,29.66,22.42,83.37
GHA,GHA_GHA6.7_2,Asene-Manso-Akroso,Eastern,2005,1471.1,1010.8,-56.51,25.26,29.62,22.52,83.52
GHA,GHA_GHA6.7_2,Asene-Manso-Akroso,Eastern,2006,1454.1,959.6,-73.51,25.21,29.58,22.53,83.97
GHA,GHA_GHA6.7_2,Asene-Manso-Akroso,Eastern,2007,1707.6,1321.1,179.99,25.33,30.01,22.38,82.17
GHA,GHA_GHA6.7_2,Asene-Manso-Akroso,Eastern,2008,1565.4,1126.8,37.79,25.29,29.94,22.29,82.11
GHA,GHA_GHA6.7_2,Asene-Manso-Akroso,Eastern,2009,1616.9,1152.5,89.29,25.28,29.64,22.57,83.5
GHA,GHA_GHA6.7_2,Asene-Manso-Akroso,Eastern,2010,1609.5,1115.2,81.89,25.56,29.94,22.78,83.62
GHA,GHA_GHA6.7_2,Asene-Manso-Akroso,Eastern,2011,1540.8,1115.1,13.19,25.25,29.72,22.41,83.06
GHA,GHA_GHA6.7_2,Asene-Manso-Akroso,Eastern,2012,1688.0,1148.1,160.39,25.09,29.48,22.41,83.55
GHA,GHA_GHA6.7_2,Asene-Manso-Akroso,Eastern,2013,1424.3,951.2,-103.31,25.33,29.76,22.59,82.64
GHA,GHA_GHA6.7_2,Asene-Manso-Akroso,Eastern,2014,1831.3,1221.7,303.69,25.06,29.23,22.51,84.98
GHA,GHA_GHA6.7_2,Asene-Manso-Akroso,Eastern,2015,1416.2,928.7,-111.41,25.35,29.75,22.55,82.6
GHA,GHA_GHA6.7_2,Asene-Manso-Akroso,Eastern,2016,1935.0,1415.9,407.39,25.72,30.25,22.97,82.92
GHA,GHA_GHA6.7_2,Asene-Manso-Akroso,Eastern,2017,1304.4,886.1,-223.21,25.53,29.99,22.89,84.48
GHA,GHA_GHA6.7_2,Asene-Manso-Akroso,Eastern,2018,1340.2,972.0,-187.41,25.49,30.12,22.75,84.43
GHA,GHA_GHA6.7_2,Asene-Manso-Akroso,Eastern,2019,1521.5,1090.5,-6.11,25.84,30.43,23.15,85.19
GHA,GHA_GHA6.7_2,Asene-Manso-Akroso,Eastern,2020,1288.6,954.3,-239.01,25.91,30.78,23.04,83.01
GHA,GHA_GHA6.7_2,Asene-Manso-Akroso,Eastern,2021,1385.1,1029.6,-142.51,25.87,30.81,23.02,84.01
GHA,GHA_GHA6.7_2,Asene-Manso-Akroso,Eastern,2022,1570.5,1151.6,42.89,25.48,30.79,22.39,82.77
GHA,GHA_GHA6.7_2,Asene-Manso-Akroso,Eastern,2023,1689.2,1203.3,161.59,25.95,31.2,22.91,83.01
GHA,GHA_GHA6.7_2,Asene-Manso-Akroso,Eastern,2024,1362.9,955.9,-164.71,26.38,31.77,23.2,81.27
GHA,GHA_GHA6.7_2,Asene-Manso-Akroso,Eastern,2025,1351.8,906.0,-175.81,25.81,30.77,22.97,83.87
GHA,GHA_GHA6.8_2,Asuogyaman,Eastern,2000,1066.9,902.8,-85.73,26.78,31.06,23.98,78.1
GHA,GHA_GHA6.8_2,Asuogyaman,Eastern,2001,1007.9,743.5,-144.73,26.69,30.89,23.99,78.54
GHA,GHA_GHA6.8_2,Asuogyaman,Eastern,2002,1228.9,874.7,76.27,26.82,31.01,24.08,78.92
GHA,GHA_GHA6.8_2,Asuogyaman,Eastern,2003,1190.6,870.3,37.97,27.06,31.24,24.34,79.11
GHA,GHA_GHA6.8_2,Asuogyaman,Eastern,2004,1077.9,812.8,-74.73,26.97,31.1,24.24,78.84
GHA,GHA_GHA6.8_2,Asuogyaman,Eastern,2005,1079.1,766.7,-73.53,26.95,31.02,24.26,79.28
GHA,GHA_GHA6.8_2,Asuogyaman,Eastern,2006,1006.1,802.5,-146.53,27.06,31.18,24.33,78.58
GHA,GHA_GHA6.8_2,Asuogyaman,Eastern,2007,1152.6,978.1,-0.03,26.99,31.34,24.08,77.78
GHA,GHA_GHA6.8_2,Asuogyaman,Eastern,2008,1122.5,911.0,-30.13,26.95,31.25,24.06,77.69
GHA,GHA_GHA6.8_2,Asuogyaman,Eastern,2009,1166.1,892.9,13.47,27.06,31.17,24.36,78.62
GHA,GHA_GHA6.8_2,Asuogyaman,Eastern,2010,1250.6,968.5,97.97,27.25,31.25,24.6,79.32
GHA,GHA_GHA6.8_2,Asuogyaman,Eastern,2011,1122.5,883.8,-30.13,26.95,31.17,24.15,78.39
GHA,GHA_GHA6.8_2,Asuogyaman,Eastern,2012,1231.5,915.8,78.87,26.73,30.84,24.07,79.54
GHA,GHA_GHA6.8_2,Asuogyaman,Eastern,2013,1122.0,804.9,-30.63,26.98,31.14,24.25,78.27
GHA,GHA_GHA6.8_2,Asuogyaman,Eastern,2014,1414.7,1057.3,262.07,26.77,30.7,24.23,80.72
GHA,GHA_GHA6.8_2,Asuogyaman,Eastern,2015,994.5,720.9,-158.13,26.96,31.14,24.18,78.4
GHA,GHA_GHA6.8_2,Asuogyaman,Eastern,2016,1466.6,1175.9,313.97,27.28,31.53,24.55,79.15
GHA,GHA_GHA6.8_2,Asuogyaman,Eastern,2017,1141.2,837.4,-11.43,26.61,31.18,23.79,81.11
GHA,GHA_GHA6.8_2,Asuogyaman,Eastern,2018,1113.8,881.3,-38.83,26.63,31.27,23.68,80.52
GHA,GHA_GHA6.8_2,Asuogyaman,Eastern,2019,1323.3,1088.1,170.67,26.96,31.73,24.01,81.11
GHA,GHA_GHA6.8_2,Asuogyaman,Eastern,2020,864.2,716.2,-288.43,26.88,31.84,23.76,79.38
GHA,GHA_GHA6.8_2,Asuogyaman,Eastern,2021,1167.8,942.4,15.17,27.01,32.13,23.9,79.65
GHA,GHA_GHA6.8_2,Asuogyaman,Eastern,2022,1239.1,1001.6,86.47,26.54,31.85,23.32,79.03
GHA,GHA_GHA6.8_2,Asuogyaman,Eastern,2023,1387.7,1104.2,235.07,26.83,32.01,23.72,79.96
GHA,GHA_GHA6.8_2,Asuogyaman,Eastern,2024,1104.1,824.3,-48.53,27.34,32.84,23.92,77.48
GHA,GHA_GHA6.8_2,Asuogyaman,Eastern,2025,926.3,699.0,-226.33,27.14,32.0,23.99,77.58
GHA,GHA_GHA6.9_2,AtiwaEast,Eastern,2000,1077.5,857.1,-159.25,25.76,30.84,22.57,80.39
GHA,GHA_GHA6.9_2,AtiwaEast,Eastern,2001,1014.9,719.6,-221.85,25.61,30.48,22.56,81.38
GHA,GHA_GHA6.9_2,AtiwaEast,Eastern,2002,1274.7,919.2,37.95,25.73,30.65,22.61,81.78
GHA,GHA_GHA6.9_2,AtiwaEast,Eastern,2003,1159.1,763.7,-77.65,25.91,30.82,22.87,82.25
GHA,GHA_GHA6.9_2,AtiwaEast,Eastern,2004,1053.0,735.5,-183.75,25.8,30.68,22.73,81.94
GHA,GHA_GHA6.9_2,AtiwaEast,Eastern,2005,1130.1,815.8,-106.65,25.81,30.61,22.78,82.13
GHA,GHA_GHA6.9_2,AtiwaEast,Eastern,2006,1092.4,777.5,-144.35,25.88,30.76,22.85,81.81
GHA,GHA_GHA6.9_2,AtiwaEast,Eastern,2007,1215.9,966.6,-20.85,25.96,31.05,22.66,79.84
GHA,GHA_GHA6.9_2,AtiwaEast,Eastern,2008,1258.2,964.9,21.45,25.88,30.91,22.58,79.95
GHA,GHA_GHA6.9_2,AtiwaEast,Eastern,2009,1354.1,950.3,117.35,25.83,30.57,22.87,82.33
GHA,GHA_GHA6.9_2,AtiwaEast,Eastern,2010,1263.8,944.9,27.05,26.12,30.88,23.08,82.29
GHA,GHA_GHA6.9_2,AtiwaEast,Eastern,2011,1167.9,886.8,-68.85,25.9,30.84,22.74,80.98
GHA,GHA_GHA6.9_2,AtiwaEast,Eastern,2012,1318.7,932.9,81.95,25.63,30.4,22.62,82.18
GHA,GHA_GHA6.9_2,AtiwaEast,Eastern,2013,1152.2,818.7,-84.55,25.86,30.66,22.77,81.17
GHA,GHA_GHA6.9_2,AtiwaEast,Eastern,2014,1388.3,971.4,151.55,25.57,30.13,22.77,83.96
GHA,GHA_GHA6.9_2,AtiwaEast,Eastern,2015,1031.6,703.8,-205.15,25.96,30.77,22.81,80.55
GHA,GHA_GHA6.9_2,AtiwaEast,Eastern,2016,1476.2,1116.7,239.45,26.32,31.26,23.23,81.13
GHA,GHA_GHA6.9_2,AtiwaEast,Eastern,2017,1026.3,688.6,-210.45,26.06,31.25,23.05,80.64
GHA,GHA_GHA6.9_2,AtiwaEast,Eastern,2018,1104.2,841.5,-132.55,26.03,31.22,22.96,80.5
GHA,GHA_GHA6.9_2,AtiwaEast,Eastern,2019,1610.5,1282.7,373.75,26.31,31.49,23.36,81.99
GHA,GHA_GHA6.9_2,AtiwaEast,Eastern,2020,1286.5,1007.2,49.75,26.42,31.79,23.2,78.78
GHA,GHA_GHA6.9_2,AtiwaEast,Eastern,2021,1257.2,1030.0,20.45,26.47,32.08,23.3,80.18
GHA,GHA_GHA6.9_2,AtiwaEast,Eastern,2022,1286.6,945.9,49.85,26.13,32.18,22.67,77.45
GHA,GHA_GHA6.9_2,AtiwaEast,Eastern,2023,1544.9,1151.6,308.15,26.37,32.35,23.03,79.06
GHA,GHA_GHA6.9_2,AtiwaEast,Eastern,2024,1273.4,903.3,36.65,26.94,32.87,23.41,76.23
GHA,GHA_GHA6.9_2,AtiwaEast,Eastern,2025,1337.2,1004.3,100.45,26.44,31.78,23.26,79.61
GHA,GHA_GHA6.10_2,AtiwaWest,Eastern,2000,1062.5,835.7,-144.94,25.61,30.43,22.64,82.46
GHA,GHA_GHA6.10_2,AtiwaWest,Eastern,2001,1076.3,785.3,-131.14,25.46,30.06,22.65,83.69
GHA,GHA_GHA6.10_2,AtiwaWest,Eastern,2002,1269.4,929.8,61.96,25.6,30.28,22.69,83.66
GHA,GHA_GHA6.10_2,AtiwaWest,Eastern,2003,1103.9,710.3,-103.54,25.78,30.4,22.94,84.2
GHA,GHA_GHA6.10_2,AtiwaWest,Eastern,2004,1044.4,736.8,-163.04,25.68,30.29,22.8,83.81
GHA,GHA_GHA6.10_2,AtiwaWest,Eastern,2005,1126.5,820.4,-80.94,25.7,30.23,22.89,84.04
GHA,GHA_GHA6.10_2,AtiwaWest,Eastern,2006,1044.5,751.4,-162.94,25.71,30.27,22.92,84.0
GHA,GHA_GHA6.10_2,AtiwaWest,Eastern,2007,1190.8,945.2,-16.64,25.78,30.61,22.7,82.09
GHA,GHA_GHA6.10_2,AtiwaWest,Eastern,2008,1291.2,963.6,83.76,25.71,30.51,22.61,82.11
GHA,GHA_GHA6.10_2,AtiwaWest,Eastern,2009,1287.6,923.7,80.16,25.74,30.24,22.95,84.04
GHA,GHA_GHA6.10_2,AtiwaWest,Eastern,2010,1268.7,942.3,61.26,26.02,30.54,23.19,84.07
GHA,GHA_GHA6.10_2,AtiwaWest,Eastern,2011,1144.4,883.1,-63.04,25.72,30.37,22.77,83.14
GHA,GHA_GHA6.10_2,AtiwaWest,Eastern,2012,1278.4,900.1,70.96,25.52,30.04,22.72,84.01
GHA,GHA_GHA6.10_2,AtiwaWest,Eastern,2013,1146.8,829.2,-60.64,25.74,30.32,22.87,83.01
GHA,GHA_GHA6.10_2,AtiwaWest,Eastern,2014,1423.4,1002.8,215.96,25.51,29.83,22.89,85.55
GHA,GHA_GHA6.10_2,AtiwaWest,Eastern,2015,1010.2,691.5,-197.24,25.77,30.32,22.84,82.78
GHA,GHA_GHA6.10_2,AtiwaWest,Eastern,2016,1453.3,1091.0,245.86,26.17,30.89,23.29,83.15
GHA,GHA_GHA6.10_2,AtiwaWest,Eastern,2017,1088.0,698.1,-119.44,25.61,30.76,22.56,82.44
GHA,GHA_GHA6.10_2,AtiwaWest,Eastern,2018,1084.7,783.1,-122.74,25.53,30.75,22.41,82.63
GHA,GHA_GHA6.10_2,AtiwaWest,Eastern,2019,1436.2,1100.7,228.76,25.9,31.12,22.88,83.47
GHA,GHA_GHA6.10_2,AtiwaWest,Eastern,2020,1273.7,980.7,66.26,25.97,31.41,22.7,80.78
GHA,GHA_GHA6.10_2,AtiwaWest,Eastern,2021,1193.9,929.7,-13.54,26.04,31.65,22.79,81.68
GHA,GHA_GHA6.10_2,AtiwaWest,Eastern,2022,1290.0,897.1,82.56,25.68,31.73,22.12,79.74
GHA,GHA_GHA6.10_2,AtiwaWest,Eastern,2023,1642.5,1181.4,435.06,26.01,31.99,22.6,80.98
GHA,GHA_GHA6.10_2,AtiwaWest,Eastern,2024,1118.0,773.2,-89.44,26.61,32.51,23.05,78.13
GHA,GHA_GHA6.10_2,AtiwaWest,Eastern,2025,1044.1,775.6,-163.34,26.23,31.24,23.13,80.15
GHA,GHA_GHA6.11_2,Ayensuano,Eastern,2000,1404.8,1021.3,-129.23,25.84,30.44,23.09,82.97
GHA,GHA_GHA6.11_2,Ayensuano,Eastern,2001,1513.3,1004.8,-20.73,25.63,29.97,23.03,84.25
GHA,GHA_GHA6.11_2,Ayensuano,Eastern,2002,1658.2,1142.3,124.17,25.86,30.33,23.1,83.82
GHA,GHA_GHA6.11_2,Ayensuano,Eastern,2003,1546.4,968.3,12.37,26.04,30.44,23.35,84.23
GHA,GHA_GHA6.11_2,Ayensuano,Eastern,2004,1469.1,996.0,-64.93,25.94,30.35,23.22,83.74
GHA,GHA_GHA6.11_2,Ayensuano,Eastern,2005,1493.1,1033.1,-40.93,25.97,30.3,23.29,84.0
GHA,GHA_GHA6.11_2,Ayensuano,Eastern,2006,1438.9,973.6,-95.13,26.0,30.34,23.36,84.03
GHA,GHA_GHA6.11_2,Ayensuano,Eastern,2007,1601.9,1225.7,67.87,26.02,30.66,23.12,82.65
GHA,GHA_GHA6.11_2,Ayensuano,Eastern,2008,1626.3,1164.1,92.27,25.97,30.57,23.04,82.69
GHA,GHA_GHA6.11_2,Ayensuano,Eastern,2009,1566.7,1102.3,32.67,26.03,30.4,23.37,83.74
GHA,GHA_GHA6.11_2,Ayensuano,Eastern,2010,1654.8,1175.7,120.77,26.28,30.6,23.61,84.11
GHA,GHA_GHA6.11_2,Ayensuano,Eastern,2011,1466.5,1086.7,-67.53,25.98,30.43,23.2,83.42
GHA,GHA_GHA6.11_2,Ayensuano,Eastern,2012,1734.5,1191.9,200.47,25.82,30.17,23.19,84.02
GHA,GHA_GHA6.11_2,Ayensuano,Eastern,2013,1485.7,999.5,-48.33,26.05,30.48,23.35,83.02
GHA,GHA_GHA6.11_2,Ayensuano,Eastern,2014,1814.2,1183.5,280.17,25.78,29.91,23.31,85.49
GHA,GHA_GHA6.11_2,Ayensuano,Eastern,2015,1384.8,890.2,-149.23,26.02,30.37,23.28,83.27
GHA,GHA_GHA6.11_2,Ayensuano,Eastern,2016,1822.9,1336.9,288.87,26.37,30.85,23.7,83.68
GHA,GHA_GHA6.11_2,Ayensuano,Eastern,2017,1698.6,1212.5,164.57,25.9,30.81,23.03,83.92
GHA,GHA_GHA6.11_2,Ayensuano,Eastern,2018,1374.7,962.9,-159.33,25.9,30.95,22.89,83.52
GHA,GHA_GHA6.11_2,Ayensuano,Eastern,2019,1569.6,1171.8,35.57,26.21,31.23,23.26,84.53
GHA,GHA_GHA6.11_2,Ayensuano,Eastern,2020,1401.1,1058.7,-132.93,26.24,31.48,23.15,82.3
GHA,GHA_GHA6.11_2,Ayensuano,Eastern,2021,1411.7,1124.7,-122.33,26.26,31.6,23.16,83.15
GHA,GHA_GHA6.11_2,Ayensuano,Eastern,2022,1482.0,1082.3,-52.03,25.84,31.61,22.55,81.92
GHA,GHA_GHA6.11_2,Ayensuano,Eastern,2023,1789.1,1370.0,255.07,26.3,31.97,23.02,82.15
GHA,GHA_GHA6.11_2,Ayensuano,Eastern,2024,1329.8,937.7,-204.23,26.81,32.58,23.37,79.98
GHA,GHA_GHA6.11_2,Ayensuano,Eastern,2025,1146.2,806.8,-387.83,26.66,31.74,23.46,79.8
GHA,GHA_GHA6.12_2,BirimCentral,Eastern,2000,966.4,747.4,-268.53,25.94,30.63,23.07,80.41
GHA,GHA_GHA6.12_2,BirimCentral,Eastern,2001,1025.9,699.3,-209.03,25.77,30.27,23.05,81.47
GHA,GHA_GHA6.12_2,BirimCentral,Eastern,2002,1208.8,881.9,-26.13,25.93,30.51,23.11,81.57
GHA,GHA_GHA6.12_2,BirimCentral,Eastern,2003,1017.6,647.5,-217.33,26.12,30.67,23.33,81.79
GHA,GHA_GHA6.12_2,BirimCentral,Eastern,2004,979.4,676.2,-255.53,26.0,30.56,23.22,81.4
GHA,GHA_GHA6.12_2,BirimCentral,Eastern,2005,1018.6,695.0,-216.33,26.09,30.58,23.3,81.31
GHA,GHA_GHA6.12_2,BirimCentral,Eastern,2006,1045.3,673.0,-189.63,26.05,30.58,23.32,81.66
GHA,GHA_GHA6.12_2,BirimCentral,Eastern,2007,1124.4,864.6,-110.53,26.14,30.89,23.15,80.03
GHA,GHA_GHA6.12_2,BirimCentral,Eastern,2008,1166.5,856.5,-68.43,26.1,30.8,23.08,80.02
GHA,GHA_GHA6.12_2,BirimCentral,Eastern,2009,1163.2,801.8,-71.73,26.07,30.47,23.35,81.54
GHA,GHA_GHA6.12_2,BirimCentral,Eastern,2010,1133.3,792.5,-101.63,26.3,30.72,23.53,82.02
GHA,GHA_GHA6.12_2,BirimCentral,Eastern,2011,1057.8,804.0,-177.13,26.07,30.62,23.21,80.94
GHA,GHA_GHA6.12_2,BirimCentral,Eastern,2012,1109.5,758.6,-125.43,25.88,30.33,23.16,81.54
GHA,GHA_GHA6.12_2,BirimCentral,Eastern,2013,1033.8,712.5,-201.13,26.11,30.59,23.32,80.7
GHA,GHA_GHA6.12_2,BirimCentral,Eastern,2014,1313.7,915.2,78.77,25.8,30.03,23.26,83.3
GHA,GHA_GHA6.12_2,BirimCentral,Eastern,2015,930.2,600.2,-304.73,26.2,30.69,23.34,80.25
GHA,GHA_GHA6.12_2,BirimCentral,Eastern,2016,1366.2,1027.7,131.27,26.5,31.06,23.73,81.01
GHA,GHA_GHA6.12_2,BirimCentral,Eastern,2017,1401.4,971.1,166.47,25.84,30.45,23.08,83.61
GHA,GHA_GHA6.12_2,BirimCentral,Eastern,2018,1356.3,917.8,121.37,25.8,30.54,22.95,83.69
GHA,GHA_GHA6.12_2,BirimCentral,Eastern,2019,1581.1,1157.5,346.17,26.17,30.88,23.39,84.22
GHA,GHA_GHA6.12_2,BirimCentral,Eastern,2020,1270.6,933.4,35.67,26.28,31.3,23.3,81.77
GHA,GHA_GHA6.12_2,BirimCentral,Eastern,2021,1610.0,1249.4,375.07,26.19,31.3,23.26,83.16
GHA,GHA_GHA6.12_2,BirimCentral,Eastern,2022,1692.2,1153.0,457.27,25.78,31.25,22.61,82.09
GHA,GHA_GHA6.12_2,BirimCentral,Eastern,2023,1815.4,1243.3,580.47,26.2,31.58,23.13,82.66
GHA,GHA_GHA6.12_2,BirimCentral,Eastern,2024,1351.6,911.3,116.67,26.75,32.33,23.47,80.08
GHA,GHA_GHA6.12_2,BirimCentral,Eastern,2025,1369.1,913.1,134.17,26.18,31.15,23.1,82.23
GHA,GHA_GHA6.13_2,BirimNorth,Eastern,2000,872.0,669.8,-255.33,25.56,30.44,22.44,78.58
GHA,GHA_GHA6.13_2,BirimNorth,Eastern,2001,836.2,590.2,-291.13,25.52,30.29,22.53,78.83
GHA,GHA_GHA6.13_2,BirimNorth,Eastern,2002,1081.2,796.5,-46.13,25.59,30.34,22.54,79.6
GHA,GHA_GHA6.13_2,BirimNorth,Eastern,2003,916.8,598.8,-210.53,25.8,30.61,22.79,79.73
GHA,GHA_GHA6.13_2,BirimNorth,Eastern,2004,813.7,568.2,-313.63,25.71,30.48,22.68,79.27
GHA,GHA_GHA6.13_2,BirimNorth,Eastern,2005,905.3,646.6,-222.03,25.76,30.49,22.72,79.16
GHA,GHA_GHA6.13_2,BirimNorth,Eastern,2006,861.7,583.2,-265.63,25.83,30.66,22.8,78.83
GHA,GHA_GHA6.13_2,BirimNorth,Eastern,2007,980.8,783.9,-146.53,25.83,30.77,22.57,77.56
GHA,GHA_GHA6.13_2,BirimNorth,Eastern,2008,1124.8,837.5,-2.53,25.73,30.65,22.47,77.69
GHA,GHA_GHA6.13_2,BirimNorth,Eastern,2009,1075.6,757.1,-51.73,25.74,30.35,22.79,79.65
GHA,GHA_GHA6.13_2,BirimNorth,Eastern,2010,1054.3,744.7,-73.03,25.96,30.58,22.97,80.18
GHA,GHA_GHA6.13_2,BirimNorth,Eastern,2011,946.0,717.5,-181.33,25.75,30.57,22.65,78.74
GHA,GHA_GHA6.13_2,BirimNorth,Eastern,2012,1051.1,717.4,-76.23,25.48,30.1,22.53,79.96
GHA,GHA_GHA6.13_2,BirimNorth,Eastern,2013,890.7,630.6,-236.63,25.74,30.4,22.69,78.64
GHA,GHA_GHA6.13_2,BirimNorth,Eastern,2014,1197.4,850.9,70.07,25.36,29.72,22.62,82.08
GHA,GHA_GHA6.13_2,BirimNorth,Eastern,2015,791.4,535.5,-335.93,25.88,30.6,22.73,77.77
GHA,GHA_GHA6.13_2,BirimNorth,Eastern,2016,1189.6,879.9,62.27,26.16,30.95,23.12,79.08
GHA,GHA_GHA6.13_2,BirimNorth,Eastern,2017,1100.3,727.8,-27.03,25.78,30.64,22.85,82.0
GHA,GHA_GHA6.13_2,BirimNorth,Eastern,2018,1077.6,736.1,-49.73,25.79,30.72,22.75,81.61
GHA,GHA_GHA6.13_2,BirimNorth,Eastern,2019,1664.8,1182.9,537.47,26.07,30.96,23.13,82.84
GHA,GHA_GHA6.13_2,BirimNorth,Eastern,2020,1347.2,995.0,219.87,26.24,31.37,23.02,79.81
GHA,GHA_GHA6.13_2,BirimNorth,Eastern,2021,1451.8,1080.5,324.47,26.19,31.49,23.05,81.19
GHA,GHA_GHA6.13_2,BirimNorth,Eastern,2022,1608.4,1167.1,481.07,25.76,31.39,22.43,79.89
GHA,GHA_GHA6.13_2,BirimNorth,Eastern,2023,1895.6,1386.5,768.27,26.04,31.57,22.83,81.22
GHA,GHA_GHA6.13_2,BirimNorth,Eastern,2024,1379.1,922.9,251.77,26.7,32.31,23.23,77.95
GHA,GHA_GHA6.13_2,BirimNorth,Eastern,2025,1197.3,853.5,69.97,26.03,31.16,22.82,81.08
GHA,GHA_GHA6.14_2,BirimSouth,Eastern,2000,966.4,747.4,-264.19,25.65,30.42,22.81,81.76
GHA,GHA_GHA6.14_2,BirimSouth,Eastern,2001,1025.9,699.3,-204.69,25.48,30.04,22.78,82.78
GHA,GHA_GHA6.14_2,BirimSouth,Eastern,2002,1208.8,881.9,-21.79,25.64,30.28,22.86,82.94
GHA,GHA_GHA6.14_2,BirimSouth,Eastern,2003,1017.6,647.5,-212.99,25.85,30.49,23.08,82.93
GHA,GHA_GHA6.14_2,BirimSouth,Eastern,2004,979.4,676.2,-251.19,25.71,30.35,22.94,82.69
GHA,GHA_GHA6.14_2,BirimSouth,Eastern,2005,1018.6,695.0,-211.99,25.81,30.38,23.04,82.53
GHA,GHA_GHA6.14_2,BirimSouth,Eastern,2006,1045.3,673.0,-185.29,25.75,30.34,23.05,83.0
GHA,GHA_GHA6.14_2,BirimSouth,Eastern,2007,1124.4,864.6,-106.19,25.86,30.68,22.9,81.34
GHA,GHA_GHA6.14_2,BirimSouth,Eastern,2008,1166.5,856.5,-64.09,25.83,30.61,22.83,81.29
GHA,GHA_GHA6.14_2,BirimSouth,Eastern,2009,1163.2,801.8,-67.39,25.8,30.3,23.1,82.66
GHA,GHA_GHA6.14_2,BirimSouth,Eastern,2010,1133.3,792.5,-97.29,26.04,30.55,23.28,83.14
GHA,GHA_GHA6.14_2,BirimSouth,Eastern,2011,1057.8,804.0,-172.79,25.79,30.41,22.96,82.23
GHA,GHA_GHA6.14_2,BirimSouth,Eastern,2012,1109.5,758.6,-121.09,25.62,30.15,22.92,82.67
GHA,GHA_GHA6.14_2,BirimSouth,Eastern,2013,1033.8,712.5,-196.79,25.85,30.4,23.1,81.87
GHA,GHA_GHA6.14_2,BirimSouth,Eastern,2014,1313.7,915.2,83.11,25.55,29.84,23.03,84.39
GHA,GHA_GHA6.14_2,BirimSouth,Eastern,2015,930.2,600.2,-300.39,25.92,30.48,23.1,81.54
GHA,GHA_GHA6.14_2,BirimSouth,Eastern,2016,1366.2,1027.7,135.61,26.24,30.88,23.5,82.15
GHA,GHA_GHA6.14_2,BirimSouth,Eastern,2017,1412.0,960.2,181.41,25.78,30.33,23.04,83.87
GHA,GHA_GHA6.14_2,BirimSouth,Eastern,2018,1296.9,895.0,66.31,25.74,30.43,22.91,83.96
GHA,GHA_GHA6.14_2,BirimSouth,Eastern,2019,1590.2,1160.6,359.61,26.1,30.77,23.36,84.54
GHA,GHA_GHA6.14_2,BirimSouth,Eastern,2020,1297.5,943.6,66.91,26.21,31.2,23.28,82.16
GHA,GHA_GHA6.14_2,BirimSouth,Eastern,2021,1723.4,1337.3,492.81,26.11,31.15,23.21,83.58
GHA,GHA_GHA6.14_2,BirimSouth,Eastern,2022,1574.3,1128.5,343.71,25.7,31.07,22.59,82.53
GHA,GHA_GHA6.14_2,BirimSouth,Eastern,2023,1752.8,1212.9,522.21,26.19,31.52,23.15,82.69
GHA,GHA_GHA6.14_2,BirimSouth,Eastern,2024,1397.5,947.1,166.91,26.7,32.19,23.48,80.48
GHA,GHA_GHA6.14_2,BirimSouth,Eastern,2025,1290.1,874.0,59.51,26.14,31.02,23.08,82.4
GHA,GHA_GHA6.15_2,Denkyembour,Eastern,2000,1078.3,820.2,-247.43,25.63,30.27,22.81,81.3
GHA,GHA_GHA6.15_2,Denkyembour,Eastern,2001,1220.8,829.1,-104.93,25.45,29.88,22.78,82.51
GHA,GHA_GHA6.15_2,Denkyembour,Eastern,2002,1335.7,950.3,9.97,25.63,30.14,22.84,82.42
GHA,GHA_GHA6.15_2,Denkyembour,Eastern,2003,1204.6,759.1,-121.13,25.8,30.26,23.08,82.91
GHA,GHA_GHA6.15_2,Denkyembour,Eastern,2004,1151.3,796.2,-174.43,25.69,30.15,22.95,82.46
GHA,GHA_GHA6.15_2,Denkyembour,Eastern,2005,1221.9,854.1,-103.83,25.75,30.14,23.02,82.59
GHA,GHA_GHA6.15_2,Denkyembour,Eastern,2006,1152.6,773.7,-173.13,25.73,30.16,23.06,82.72
GHA,GHA_GHA6.15_2,Denkyembour,Eastern,2007,1293.4,1003.2,-32.33,25.83,30.51,22.88,80.9
GHA,GHA_GHA6.15_2,Denkyembour,Eastern,2008,1343.0,971.1,17.27,25.78,30.43,22.79,80.87
GHA,GHA_GHA6.15_2,Denkyembour,Eastern,2009,1303.1,916.3,-22.63,25.75,30.09,23.08,82.62
GHA,GHA_GHA6.15_2,Denkyembour,Eastern,2010,1309.5,924.8,-16.23,26.02,30.4,23.3,82.84
GHA,GHA_GHA6.15_2,Denkyembour,Eastern,2011,1192.1,893.4,-133.63,25.78,30.3,22.94,81.78
GHA,GHA_GHA6.15_2,Denkyembour,Eastern,2012,1306.2,899.7,-19.53,25.57,29.95,22.9,82.58
GHA,GHA_GHA6.15_2,Denkyembour,Eastern,2013,1179.9,821.3,-145.83,25.8,30.21,23.05,81.66
GHA,GHA_GHA6.15_2,Denkyembour,Eastern,2014,1481.8,1005.0,156.07,25.52,29.7,23.0,84.2
GHA,GHA_GHA6.15_2,Denkyembour,Eastern,2015,1105.8,721.0,-219.93,25.88,30.29,23.05,81.18
GHA,GHA_GHA6.15_2,Denkyembour,Eastern,2016,1512.8,1115.8,187.07,26.2,30.71,23.44,81.91
GHA,GHA_GHA6.15_2,Denkyembour,Eastern,2017,1366.4,913.5,40.67,25.91,30.88,23.04,83.42
GHA,GHA_GHA6.15_2,Denkyembour,Eastern,2018,1347.1,948.7,21.37,25.87,30.91,22.9,83.51
GHA,GHA_GHA6.15_2,Denkyembour,Eastern,2019,1658.4,1240.7,332.67,26.21,31.21,23.35,84.45
GHA,GHA_GHA6.15_2,Denkyembour,Eastern,2020,1298.2,980.7,-27.53,26.32,31.57,23.23,81.65
GHA,GHA_GHA6.15_2,Denkyembour,Eastern,2021,1507.3,1139.6,181.57,26.29,31.62,23.25,82.87
GHA,GHA_GHA6.15_2,Denkyembour,Eastern,2022,1547.7,1114.2,221.97,25.93,31.74,22.58,81.04
GHA,GHA_GHA6.15_2,Denkyembour,Eastern,2023,1727.2,1253.9,401.47,26.29,32.0,23.08,82.12
GHA,GHA_GHA6.15_2,Denkyembour,Eastern,2024,1331.9,948.8,6.17,26.95,32.65,23.56,79.02
GHA,GHA_GHA6.15_2,Denkyembour,Eastern,2025,1292.1,936.1,-33.63,26.51,31.47,23.45,80.66
GHA,GHA_GHA6.16_2,FanteakwaNorth,Eastern,2000,799.1,697.6,-242.23,24.96,29.48,21.94,77.25
GHA,GHA_GHA6.16_2,FanteakwaNorth,Eastern,2001,723.0,578.0,-318.33,24.9,29.33,21.98,77.9
GHA,GHA_GHA6.16_2,FanteakwaNorth,Eastern,2002,963.5,731.7,-77.83,24.93,29.3,22.04,78.94
GHA,GHA_GHA6.16_2,FanteakwaNorth,Eastern,2003,880.9,680.9,-160.43,25.16,29.54,22.3,79.17
GHA,GHA_GHA6.16_2,FanteakwaNorth,Eastern,2004,856.3,669.2,-185.03,25.05,29.37,22.19,79.04
GHA,GHA_GHA6.16_2,FanteakwaNorth,Eastern,2005,874.5,678.9,-166.83,25.07,29.34,22.24,79.26
GHA,GHA_GHA6.16_2,FanteakwaNorth,Eastern,2006,826.1,685.0,-215.23,25.12,29.5,22.24,78.58
GHA,GHA_GHA6.16_2,FanteakwaNorth,Eastern,2007,1076.5,950.4,35.17,25.12,29.62,22.06,77.28
GHA,GHA_GHA6.16_2,FanteakwaNorth,Eastern,2008,1033.1,896.9,-8.23,25.03,29.43,22.02,77.42
GHA,GHA_GHA6.16_2,FanteakwaNorth,Eastern,2009,937.4,733.6,-103.93,25.11,29.35,22.31,79.14
GHA,GHA_GHA6.16_2,FanteakwaNorth,Eastern,2010,1036.5,830.7,-4.83,25.35,29.55,22.56,79.48
GHA,GHA_GHA6.16_2,FanteakwaNorth,Eastern,2011,939.1,784.4,-102.23,25.04,29.39,22.13,78.43
GHA,GHA_GHA6.16_2,FanteakwaNorth,Eastern,2012,1034.9,792.7,-6.43,24.81,29.06,22.02,79.62
GHA,GHA_GHA6.16_2,FanteakwaNorth,Eastern,2013,889.5,693.0,-151.83,25.03,29.3,22.16,78.58
GHA,GHA_GHA6.16_2,FanteakwaNorth,Eastern,2014,1097.0,844.1,55.67,24.88,28.98,22.22,80.74
GHA,GHA_GHA6.16_2,FanteakwaNorth,Eastern,2015,767.1,599.3,-274.23,25.15,29.5,22.18,77.66
GHA,GHA_GHA6.16_2,FanteakwaNorth,Eastern,2016,1133.1,923.1,91.77,25.5,29.91,22.59,78.35
GHA,GHA_GHA6.16_2,FanteakwaNorth,Eastern,2017,1191.3,852.4,149.97,24.32,29.1,21.25,82.29
GHA,GHA_GHA6.16_2,FanteakwaNorth,Eastern,2018,1166.0,844.4,124.67,24.25,29.09,21.11,82.14
GHA,GHA_GHA6.16_2,FanteakwaNorth,Eastern,2019,1337.6,1085.4,296.27,24.63,29.58,21.52,82.84
GHA,GHA_GHA6.16_2,FanteakwaNorth,Eastern,2020,1106.8,855.4,65.47,24.62,29.7,21.27,80.37
GHA,GHA_GHA6.16_2,FanteakwaNorth,Eastern,2021,1275.6,1054.1,234.27,24.73,30.0,21.42,81.41
GHA,GHA_GHA6.16_2,FanteakwaNorth,Eastern,2022,1178.1,913.9,136.77,24.23,29.55,20.88,80.12
GHA,GHA_GHA6.16_2,FanteakwaNorth,Eastern,2023,1595.4,1241.4,554.07,24.58,29.79,21.33,81.14
GHA,GHA_GHA6.16_2,FanteakwaNorth,Eastern,2024,1244.0,839.3,202.67,25.06,30.38,21.55,78.98
GHA,GHA_GHA6.16_2,FanteakwaNorth,Eastern,2025,1112.2,852.8,70.87,24.47,29.13,21.36,83.0
GHA,GHA_GHA6.17_2,FanteakwaSouth,Eastern,2000,1268.5,983.6,-62.2,23.83,28.5,20.83,80.13
GHA,GHA_GHA6.17_2,FanteakwaSouth,Eastern,2001,1263.5,885.7,-67.2,23.7,28.23,20.83,80.95
GHA,GHA_GHA6.17_2,FanteakwaSouth,Eastern,2002,1480.2,1038.1,149.5,23.79,28.34,20.86,81.44
GHA,GHA_GHA6.17_2,FanteakwaSouth,Eastern,2003,1362.3,869.4,31.6,24.0,28.52,21.14,81.81
GHA,GHA_GHA6.17_2,FanteakwaSouth,Eastern,2004,1271.3,891.0,-59.4,23.91,28.39,21.01,81.38
GHA,GHA_GHA6.17_2,FanteakwaSouth,Eastern,2005,1321.3,934.0,-9.4,23.9,28.29,21.05,81.81
GHA,GHA_GHA6.17_2,FanteakwaSouth,Eastern,2006,1246.6,880.4,-84.1,23.97,28.43,21.11,81.36
GHA,GHA_GHA6.17_2,FanteakwaSouth,Eastern,2007,1421.3,1118.2,90.6,24.01,28.68,20.91,79.72
GHA,GHA_GHA6.17_2,FanteakwaSouth,Eastern,2008,1470.4,1080.3,139.7,23.93,28.56,20.85,79.81
GHA,GHA_GHA6.17_2,FanteakwaSouth,Eastern,2009,1463.7,1030.6,133.0,23.95,28.31,21.14,81.77
GHA,GHA_GHA6.17_2,FanteakwaSouth,Eastern,2010,1473.9,1104.0,143.2,24.22,28.58,21.39,81.88
GHA,GHA_GHA6.17_2,FanteakwaSouth,Eastern,2011,1360.1,1029.0,29.4,23.94,28.47,20.98,80.78
GHA,GHA_GHA6.17_2,FanteakwaSouth,Eastern,2012,1489.2,1027.4,158.5,23.69,28.1,20.88,82.04
GHA,GHA_GHA6.17_2,FanteakwaSouth,Eastern,2013,1356.5,950.4,25.8,23.91,28.35,21.02,80.98
GHA,GHA_GHA6.17_2,FanteakwaSouth,Eastern,2014,1621.9,1118.8,291.2,23.72,27.95,21.08,83.29
GHA,GHA_GHA6.17_2,FanteakwaSouth,Eastern,2015,1218.4,828.8,-112.3,23.98,28.42,21.02,80.57
GHA,GHA_GHA6.17_2,FanteakwaSouth,Eastern,2016,1635.7,1229.1,305.0,24.38,28.94,21.48,80.93
GHA,GHA_GHA6.17_2,FanteakwaSouth,Eastern,2017,1147.3,788.2,-183.4,24.25,28.93,21.59,84.51
GHA,GHA_GHA6.17_2,FanteakwaSouth,Eastern,2018,1099.1,827.8,-231.6,24.23,28.91,21.52,84.28
GHA,GHA_GHA6.17_2,FanteakwaSouth,Eastern,2019,1468.5,1097.9,137.8,24.55,29.31,21.91,85.36
GHA,GHA_GHA6.17_2,FanteakwaSouth,Eastern,2020,1193.2,912.7,-137.5,24.55,29.5,21.69,82.89
GHA,GHA_GHA6.17_2,FanteakwaSouth,Eastern,2021,1179.9,944.5,-150.8,24.64,29.85,21.8,83.61
GHA,GHA_GHA6.17_2,FanteakwaSouth,Eastern,2022,1106.2,866.4,-224.5,24.28,29.71,21.3,81.66
GHA,GHA_GHA6.17_2,FanteakwaSouth,Eastern,2023,1448.2,1099.3,117.5,24.62,29.93,21.74,82.55
GHA,GHA_GHA6.17_2,FanteakwaSouth,Eastern,2024,1150.0,840.4,-180.7,24.96,30.21,21.9,81.08
GHA,GHA_GHA6.17_2,FanteakwaSouth,Eastern,2025,1081.1,860.6,-249.6,24.28,28.71,21.61,85.42
GHA,GHA_GHA6.18_2,Kwaebibirem,Eastern,2000,1062.5,835.7,-170.25,25.57,30.39,22.59,80.1
GHA,GHA_GHA6.18_2,Kwaebibirem,Eastern,2001,1076.3,785.3,-156.45,25.44,30.08,22.61,81.0
GHA,GHA_GHA6.18_2,Kwaebibirem,Eastern,2002,1269.4,929.8,36.65,25.59,30.28,22.65,81.12
GHA,GHA_GHA6.18_2,Kwaebibirem,Eastern,2003,1103.9,710.3,-128.85,25.77,30.46,22.9,81.43
GHA,GHA_GHA6.18_2,Kwaebibirem,Eastern,2004,1044.4,736.8,-188.35,25.67,30.36,22.78,80.97
GHA,GHA_GHA6.18_2,Kwaebibirem,Eastern,2005,1126.5,820.4,-106.25,25.73,30.36,22.84,81.03
GHA,GHA_GHA6.18_2,Kwaebibirem,Eastern,2006,1044.5,751.4,-188.25,25.75,30.43,22.89,80.98
GHA,GHA_GHA6.18_2,Kwaebibirem,Eastern,2007,1190.8,945.2,-41.95,25.81,30.69,22.69,79.3
GHA,GHA_GHA6.18_2,Kwaebibirem,Eastern,2008,1291.2,963.6,58.45,25.73,30.58,22.6,79.45
GHA,GHA_GHA6.18_2,Kwaebibirem,Eastern,2009,1287.6,923.7,54.85,25.71,30.24,22.9,81.32
GHA,GHA_GHA6.18_2,Kwaebibirem,Eastern,2010,1268.7,942.3,35.95,25.96,30.52,23.1,81.63
GHA,GHA_GHA6.18_2,Kwaebibirem,Eastern,2011,1144.4,883.1,-88.35,25.75,30.48,22.75,80.31
GHA,GHA_GHA6.18_2,Kwaebibirem,Eastern,2012,1278.4,900.1,45.65,25.51,30.08,22.69,81.31
GHA,GHA_GHA6.18_2,Kwaebibirem,Eastern,2013,1146.8,829.2,-85.95,25.75,30.36,22.84,80.27
GHA,GHA_GHA6.18_2,Kwaebibirem,Eastern,2014,1423.4,1002.8,190.65,25.42,29.73,22.78,83.22
GHA,GHA_GHA6.18_2,Kwaebibirem,Eastern,2015,1010.2,691.5,-222.55,25.84,30.46,22.84,79.7
GHA,GHA_GHA6.18_2,Kwaebibirem,Eastern,2016,1453.3,1091.0,220.55,26.16,30.86,23.26,80.63
GHA,GHA_GHA6.18_2,Kwaebibirem,Eastern,2017,1085.4,686.2,-147.35,26.12,31.01,23.24,81.76
GHA,GHA_GHA6.18_2,Kwaebibirem,Eastern,2018,1105.1,783.9,-127.65,26.12,31.07,23.16,81.55
GHA,GHA_GHA6.18_2,Kwaebibirem,Eastern,2019,1548.1,1184.2,315.35,26.44,31.38,23.57,82.53
GHA,GHA_GHA6.18_2,Kwaebibirem,Eastern,2020,1238.1,982.8,5.35,26.55,31.71,23.43,79.68
GHA,GHA_GHA6.18_2,Kwaebibirem,Eastern,2021,1315.9,1019.2,83.15,26.58,31.93,23.5,80.67
GHA,GHA_GHA6.18_2,Kwaebibirem,Eastern,2022,1348.5,964.5,115.75,26.19,31.97,22.8,79.14
GHA,GHA_GHA6.18_2,Kwaebibirem,Eastern,2023,1711.5,1217.4,478.75,26.5,32.18,23.25,80.44
GHA,GHA_GHA6.18_2,Kwaebibirem,Eastern,2024,1334.6,932.7,101.85,27.02,32.65,23.61,78.01
GHA,GHA_GHA6.18_2,Kwaebibirem,Eastern,2025,1141.9,827.2,-90.85,26.44,31.37,23.35,80.58
GHA,GHA_GHA6.19_2,KwahuAframPlainsNorth,Eastern,2000,1009.9,926.5,-140.74,27.13,30.63,24.57,75.86
GHA,GHA_GHA6.19_2,KwahuAframPlainsNorth,Eastern,2001,817.7,738.7,-332.94,27.13,30.64,24.66,76.22
GHA,GHA_GHA6.19_2,KwahuAframPlainsNorth,Eastern,2002,1178.1,985.2,27.46,27.22,30.62,24.77,76.56
GHA,GHA_GHA6.19_2,KwahuAframPlainsNorth,Eastern,2003,1095.8,938.6,-54.84,27.48,30.92,25.02,76.53
GHA,GHA_GHA6.19_2,KwahuAframPlainsNorth,Eastern,2004,915.6,753.3,-235.04,27.37,30.8,24.92,76.34
GHA,GHA_GHA6.19_2,KwahuAframPlainsNorth,Eastern,2005,1094.7,946.3,-55.94,27.4,30.8,24.94,76.79
GHA,GHA_GHA6.19_2,KwahuAframPlainsNorth,Eastern,2006,898.7,809.7,-251.94,27.49,30.95,24.98,75.98
GHA,GHA_GHA6.19_2,KwahuAframPlainsNorth,Eastern,2007,1191.3,1091.1,40.66,27.38,30.89,24.81,75.32
GHA,GHA_GHA6.19_2,KwahuAframPlainsNorth,Eastern,2008,1224.8,1108.0,74.16,27.32,30.81,24.73,75.25
GHA,GHA_GHA6.19_2,KwahuAframPlainsNorth,Eastern,2009,1077.7,911.4,-72.94,27.44,30.78,25.02,76.4
GHA,GHA_GHA6.19_2,KwahuAframPlainsNorth,Eastern,2010,1172.1,1024.4,21.46,27.59,30.89,25.19,77.17
GHA,GHA_GHA6.19_2,KwahuAframPlainsNorth,Eastern,2011,1067.3,928.8,-83.34,27.3,30.74,24.81,76.25
GHA,GHA_GHA6.19_2,KwahuAframPlainsNorth,Eastern,2012,1315.7,1127.9,165.06,27.09,30.47,24.69,77.22
GHA,GHA_GHA6.19_2,KwahuAframPlainsNorth,Eastern,2013,1018.5,805.2,-132.14,27.34,30.71,24.86,76.25
GHA,GHA_GHA6.19_2,KwahuAframPlainsNorth,Eastern,2014,1334.6,1127.9,183.96,27.23,30.48,24.86,78.0
GHA,GHA_GHA6.19_2,KwahuAframPlainsNorth,Eastern,2015,1045.5,916.1,-105.14,27.44,30.89,24.9,75.69
GHA,GHA_GHA6.19_2,KwahuAframPlainsNorth,Eastern,2016,1403.7,1178.7,253.06,27.59,31.01,25.11,77.18
GHA,GHA_GHA6.19_2,KwahuAframPlainsNorth,Eastern,2017,1072.8,928.1,-77.84,27.65,31.17,24.89,78.1
GHA,GHA_GHA6.19_2,KwahuAframPlainsNorth,Eastern,2018,1171.3,994.1,20.66,27.49,31.09,24.66,78.44
GHA,GHA_GHA6.19_2,KwahuAframPlainsNorth,Eastern,2019,1557.3,1370.2,406.66,27.71,31.26,25.0,79.58
GHA,GHA_GHA6.19_2,KwahuAframPlainsNorth,Eastern,2020,1188.8,1024.8,38.16,27.69,31.43,24.78,77.29
GHA,GHA_GHA6.19_2,KwahuAframPlainsNorth,Eastern,2021,1100.0,979.6,-50.64,27.93,31.73,24.99,77.0
GHA,GHA_GHA6.19_2,KwahuAframPlainsNorth,Eastern,2022,1164.7,948.7,14.06,27.4,31.48,24.4,76.4
GHA,GHA_GHA6.19_2,KwahuAframPlainsNorth,Eastern,2023,1542.7,1294.4,392.06,27.73,31.81,24.71,76.87
GHA,GHA_GHA6.19_2,KwahuAframPlainsNorth,Eastern,2024,1236.1,1064.6,85.46,28.37,32.96,24.97,73.57
GHA,GHA_GHA6.19_2,KwahuAframPlainsNorth,Eastern,2025,1021.3,859.1,-129.34,27.91,32.15,24.79,76.4
GHA,GHA_GHA6.20_2,KwahuAframPlainsSouth,Eastern,2000,929.2,838.1,-158.73,27.42,32.7,23.6,73.07
GHA,GHA_GHA6.20_2,KwahuAframPlainsSouth,Eastern,2001,802.7,688.3,-285.23,27.54,32.85,23.84,72.25
GHA,GHA_GHA6.20_2,KwahuAframPlainsSouth,Eastern,2002,1081.9,868.5,-6.03,27.48,32.66,23.81,74.12
GHA,GHA_GHA6.20_2,KwahuAframPlainsSouth,Eastern,2003,962.4,770.3,-125.53,27.81,33.13,24.12,73.6
GHA,GHA_GHA6.20_2,KwahuAframPlainsSouth,Eastern,2004,876.7,690.5,-211.23,27.65,32.87,23.97,73.74
GHA,GHA_GHA6.20_2,KwahuAframPlainsSouth,Eastern,2005,1067.9,899.7,-20.03,27.66,32.84,24.02,74.05
GHA,GHA_GHA6.20_2,KwahuAframPlainsSouth,Eastern,2006,878.9,751.9,-209.03,27.78,33.08,24.07,72.95
GHA,GHA_GHA6.20_2,KwahuAframPlainsSouth,Eastern,2007,1099.2,983.4,11.27,27.6,32.95,23.76,73.0
GHA,GHA_GHA6.20_2,KwahuAframPlainsSouth,Eastern,2008,1061.5,966.9,-26.43,27.49,32.78,23.62,72.86
GHA,GHA_GHA6.20_2,KwahuAframPlainsSouth,Eastern,2009,1024.0,842.5,-63.93,27.65,32.7,24.1,74.41
GHA,GHA_GHA6.20_2,KwahuAframPlainsSouth,Eastern,2010,1092.6,924.0,4.67,27.82,32.83,24.29,75.16
GHA,GHA_GHA6.20_2,KwahuAframPlainsSouth,Eastern,2011,1040.3,888.0,-47.63,27.47,32.66,23.83,74.34
GHA,GHA_GHA6.20_2,KwahuAframPlainsSouth,Eastern,2012,1192.0,976.4,104.07,27.18,32.21,23.67,75.63
GHA,GHA_GHA6.20_2,KwahuAframPlainsSouth,Eastern,2013,928.3,729.0,-159.63,27.56,32.66,23.91,73.72
GHA,GHA_GHA6.20_2,KwahuAframPlainsSouth,Eastern,2014,1253.8,1011.6,165.87,27.33,32.25,23.96,76.59
GHA,GHA_GHA6.20_2,KwahuAframPlainsSouth,Eastern,2015,925.4,763.1,-162.53,27.72,32.93,23.95,72.48
GHA,GHA_GHA6.20_2,KwahuAframPlainsSouth,Eastern,2016,1284.3,1043.5,196.37,27.91,33.09,24.23,74.28
GHA,GHA_GHA6.20_2,KwahuAframPlainsSouth,Eastern,2017,1196.2,858.6,108.27,27.11,32.79,23.3,76.59
GHA,GHA_GHA6.20_2,KwahuAframPlainsSouth,Eastern,2018,1073.6,865.4,-14.33,27.03,32.83,23.11,76.21
GHA,GHA_GHA6.20_2,KwahuAframPlainsSouth,Eastern,2019,1504.1,1247.5,416.17,27.37,33.22,23.53,77.21
GHA,GHA_GHA6.20_2,KwahuAframPlainsSouth,Eastern,2020,998.6,768.1,-89.33,27.39,33.4,23.22,74.5
GHA,GHA_GHA6.20_2,KwahuAframPlainsSouth,Eastern,2021,1217.3,1017.1,129.37,27.7,33.94,23.54,74.51
GHA,GHA_GHA6.20_2,KwahuAframPlainsSouth,Eastern,2022,1242.6,1004.7,154.67,27.04,33.52,22.74,73.56
GHA,GHA_GHA6.20_2,KwahuAframPlainsSouth,Eastern,2023,1437.6,1215.2,349.67,27.15,33.47,22.97,75.81
GHA,GHA_GHA6.20_2,KwahuAframPlainsSouth,Eastern,2024,1188.4,902.3,100.47,28.0,34.36,23.48,71.51
GHA,GHA_GHA6.20_2,KwahuAframPlainsSouth,Eastern,2025,926.7,788.7,-161.23,27.65,33.14,23.61,73.7
GHA,GHA_GHA6.21_2,KwahuEast,Eastern,2000,830.3,676.1,-216.43,26.46,31.72,23.07,76.75
GHA,GHA_GHA6.21_2,KwahuEast,Eastern,2001,724.0,513.4,-322.73,26.46,31.6,23.2,77.04
GHA,GHA_GHA6.21_2,KwahuEast,Eastern,2002,997.1,728.7,-49.63,26.45,31.51,23.21,78.28
GHA,GHA_GHA6.21_2,KwahuEast,Eastern,2003,855.8,588.1,-190.93,26.67,31.84,23.46,78.62
GHA,GHA_GHA6.21_2,KwahuEast,Eastern,2004,811.8,576.8,-234.93,26.56,31.63,23.33,78.34
GHA,GHA_GHA6.21_2,KwahuEast,Eastern,2005,941.4,696.2,-105.33,26.56,31.57,23.37,78.55
GHA,GHA_GHA6.21_2,KwahuEast,Eastern,2006,833.8,600.3,-212.93,26.64,31.77,23.42,78.04
GHA,GHA_GHA6.21_2,KwahuEast,Eastern,2007,945.5,773.3,-101.23,26.65,31.92,23.19,76.3
GHA,GHA_GHA6.21_2,KwahuEast,Eastern,2008,969.3,769.7,-77.43,26.52,31.71,23.09,76.53
GHA,GHA_GHA6.21_2,KwahuEast,Eastern,2009,1061.8,730.1,15.07,26.59,31.52,23.45,78.81
GHA,GHA_GHA6.21_2,KwahuEast,Eastern,2010,968.1,716.8,-78.63,26.85,31.8,23.66,78.86
GHA,GHA_GHA6.21_2,KwahuEast,Eastern,2011,936.0,723.3,-110.73,26.58,31.69,23.28,77.59
GHA,GHA_GHA6.21_2,KwahuEast,Eastern,2012,1068.2,761.9,21.47,26.27,31.2,23.14,79.08
GHA,GHA_GHA6.21_2,KwahuEast,Eastern,2013,912.7,642.3,-134.03,26.5,31.45,23.26,77.99
GHA,GHA_GHA6.21_2,KwahuEast,Eastern,2014,1111.0,795.2,64.27,26.28,31.04,23.34,80.71
GHA,GHA_GHA6.21_2,KwahuEast,Eastern,2015,810.0,552.9,-236.73,26.68,31.75,23.34,76.58
GHA,GHA_GHA6.21_2,KwahuEast,Eastern,2016,1161.3,881.0,114.57,27.02,32.17,23.72,77.53
GHA,GHA_GHA6.21_2,KwahuEast,Eastern,2017,1237.0,861.1,190.27,26.36,31.68,23.2,79.93
GHA,GHA_GHA6.21_2,KwahuEast,Eastern,2018,1143.7,841.6,96.97,26.28,31.63,23.05,79.9
GHA,GHA_GHA6.21_2,KwahuEast,Eastern,2019,1632.2,1312.4,585.47,26.65,32.1,23.44,80.64
GHA,GHA_GHA6.21_2,KwahuEast,Eastern,2020,1195.6,906.6,148.87,26.7,32.28,23.26,77.95
GHA,GHA_GHA6.21_2,KwahuEast,Eastern,2021,1371.8,1151.1,325.07,26.78,32.66,23.37,79.03
GHA,GHA_GHA6.21_2,KwahuEast,Eastern,2022,1243.9,909.9,197.17,26.28,32.33,22.77,77.29
GHA,GHA_GHA6.21_2,KwahuEast,Eastern,2023,1480.6,1120.0,433.87,26.54,32.46,23.17,79.02
GHA,GHA_GHA6.21_2,KwahuEast,Eastern,2024,1212.8,840.2,166.07,27.23,33.13,23.64,76.02
GHA,GHA_GHA6.21_2,KwahuEast,Eastern,2025,759.2,583.5,-287.53,27.26,32.58,23.75,75.37
GHA,GHA_GHA6.22_2,KwahuSouth,Eastern,2000,790.8,690.4,-211.16,25.62,30.69,22.31,77.53
GHA,GHA_GHA6.22_2,KwahuSouth,Eastern,2001,651.7,506.3,-350.26,25.54,30.46,22.38,78.39
GHA,GHA_GHA6.22_2,KwahuSouth,Eastern,2002,933.9,701.9,-68.06,25.53,30.37,22.4,79.79
GHA,GHA_GHA6.22_2,KwahuSouth,Eastern,2003,765.8,581.3,-236.16,25.75,30.64,22.66,80.08
GHA,GHA_GHA6.22_2,KwahuSouth,Eastern,2004,820.5,627.7,-181.46,25.61,30.41,22.52,80.15
GHA,GHA_GHA6.22_2,KwahuSouth,Eastern,2005,919.9,720.6,-82.06,25.65,30.41,22.6,80.12
GHA,GHA_GHA6.22_2,KwahuSouth,Eastern,2006,777.7,622.0,-224.26,25.69,30.56,22.59,79.67
GHA,GHA_GHA6.22_2,KwahuSouth,Eastern,2007,920.4,803.6,-81.56,25.74,30.79,22.4,77.72
GHA,GHA_GHA6.22_2,KwahuSouth,Eastern,2008,951.2,806.8,-50.76,25.64,30.57,22.34,77.87
GHA,GHA_GHA6.22_2,KwahuSouth,Eastern,2009,965.8,702.8,-36.16,25.68,30.41,22.67,80.29
GHA,GHA_GHA6.22_2,KwahuSouth,Eastern,2010,959.1,740.0,-42.86,25.95,30.65,22.9,80.3
GHA,GHA_GHA6.22_2,KwahuSouth,Eastern,2011,931.3,767.3,-70.66,25.65,30.55,22.5,79.02
GHA,GHA_GHA6.22_2,KwahuSouth,Eastern,2012,996.7,743.3,-5.26,25.4,30.12,22.39,80.26
GHA,GHA_GHA6.22_2,KwahuSouth,Eastern,2013,873.5,651.8,-128.46,25.6,30.34,22.5,79.43
GHA,GHA_GHA6.22_2,KwahuSouth,Eastern,2014,1088.7,828.4,86.74,25.44,30.01,22.6,81.81
GHA,GHA_GHA6.22_2,KwahuSouth,Eastern,2015,795.2,597.4,-206.76,25.76,30.59,22.57,78.24
GHA,GHA_GHA6.22_2,KwahuSouth,Eastern,2016,1090.8,860.7,88.84,26.13,31.04,22.95,78.82
GHA,GHA_GHA6.22_2,KwahuSouth,Eastern,2017,1029.6,766.4,27.64,24.9,29.79,21.87,80.38
GHA,GHA_GHA6.22_2,KwahuSouth,Eastern,2018,1068.4,820.4,66.44,24.78,29.68,21.73,80.74
GHA,GHA_GHA6.22_2,KwahuSouth,Eastern,2019,1421.6,1170.4,419.64,25.16,30.18,22.11,81.42
GHA,GHA_GHA6.22_2,KwahuSouth,Eastern,2020,1066.1,829.6,64.14,25.25,30.46,21.89,78.24
GHA,GHA_GHA6.22_2,KwahuSouth,Eastern,2021,1282.1,1084.3,280.14,25.34,30.78,22.04,79.43
GHA,GHA_GHA6.22_2,KwahuSouth,Eastern,2022,1218.3,961.0,216.34,24.84,30.34,21.46,77.77
GHA,GHA_GHA6.22_2,KwahuSouth,Eastern,2023,1585.8,1235.7,583.84,25.14,30.59,21.93,79.28
GHA,GHA_GHA6.22_2,KwahuSouth,Eastern,2024,1160.6,842.6,158.64,25.7,31.22,22.23,76.81
GHA,GHA_GHA6.22_2,KwahuSouth,Eastern,2025,985.4,743.5,-16.56,25.28,29.92,22.19,80.04
GHA,GHA_GHA6.23_2,KwahuWest,Eastern,2000,1077.5,857.1,-222.01,25.49,30.61,22.3,79.47
GHA,GHA_GHA6.23_2,KwahuWest,Eastern,2001,1014.9,719.6,-284.61,25.38,30.3,22.36,80.39
GHA,GHA_GHA6.23_2,KwahuWest,Eastern,2002,1274.7,919.2,-24.81,25.46,30.39,22.38,81.01
GHA,GHA_GHA6.23_2,KwahuWest,Eastern,2003,1159.1,763.7,-140.41,25.66,30.64,22.63,81.42
GHA,GHA_GHA6.23_2,KwahuWest,Eastern,2004,1053.0,735.5,-246.51,25.54,30.47,22.5,81.11
GHA,GHA_GHA6.23_2,KwahuWest,Eastern,2005,1130.1,815.8,-169.41,25.56,30.41,22.55,81.23
GHA,GHA_GHA6.23_2,KwahuWest,Eastern,2006,1092.4,777.5,-207.11,25.62,30.56,22.61,80.99
GHA,GHA_GHA6.23_2,KwahuWest,Eastern,2007,1215.9,966.6,-83.61,25.68,30.8,22.39,78.94
GHA,GHA_GHA6.23_2,KwahuWest,Eastern,2008,1258.2,964.9,-41.31,25.61,30.68,22.31,78.97
GHA,GHA_GHA6.23_2,KwahuWest,Eastern,2009,1354.1,950.3,54.59,25.59,30.37,22.64,81.45
GHA,GHA_GHA6.23_2,KwahuWest,Eastern,2010,1263.8,944.9,-35.71,25.87,30.67,22.84,81.46
GHA,GHA_GHA6.23_2,KwahuWest,Eastern,2011,1167.9,886.8,-131.61,25.65,30.64,22.5,79.98
GHA,GHA_GHA6.23_2,KwahuWest,Eastern,2012,1318.7,932.9,19.19,25.37,30.18,22.37,81.31
GHA,GHA_GHA6.23_2,KwahuWest,Eastern,2013,1152.2,818.7,-147.31,25.57,30.4,22.49,80.38
GHA,GHA_GHA6.23_2,KwahuWest,Eastern,2014,1388.3,971.4,88.79,25.3,29.9,22.52,83.26
GHA,GHA_GHA6.23_2,KwahuWest,Eastern,2015,1031.6,703.8,-267.91,25.71,30.58,22.55,79.44
GHA,GHA_GHA6.23_2,KwahuWest,Eastern,2016,1476.2,1116.7,176.69,26.05,31.04,22.95,80.21
GHA,GHA_GHA6.23_2,KwahuWest,Eastern,2017,1208.6,829.3,-90.91,25.2,30.36,22.27,83.31
GHA,GHA_GHA6.23_2,KwahuWest,Eastern,2018,1273.2,1008.5,-26.31,25.12,30.25,22.17,83.44
GHA,GHA_GHA6.23_2,KwahuWest,Eastern,2019,1830.9,1459.0,531.39,25.46,30.64,22.59,84.65
GHA,GHA_GHA6.23_2,KwahuWest,Eastern,2020,1510.5,1207.0,210.99,25.57,30.93,22.45,81.53
GHA,GHA_GHA6.23_2,KwahuWest,Eastern,2021,1555.6,1242.9,256.09,25.6,31.17,22.52,82.77
GHA,GHA_GHA6.23_2,KwahuWest,Eastern,2022,1384.7,1030.1,85.19,25.25,31.25,21.9,79.98
GHA,GHA_GHA6.23_2,KwahuWest,Eastern,2023,1864.7,1433.1,565.19,25.45,31.34,22.28,81.82
GHA,GHA_GHA6.23_2,KwahuWest,Eastern,2024,1386.1,1005.2,86.59,26.01,31.87,22.6,79.29
GHA,GHA_GHA6.23_2,KwahuWest,Eastern,2025,1344.3,1033.0,44.79,25.55,30.72,22.45,82.0
GHA,GHA_GHA6.24_2,LowerManya-Krobo,Eastern,2000,1066.9,902.8,-112.18,25.98,30.63,23.05,78.95
GHA,GHA_GHA6.24_2,LowerManya-Krobo,Eastern,2001,1007.9,743.5,-171.18,25.85,30.33,23.04,79.6
GHA,GHA_GHA6.24_2,LowerManya-Krobo,Eastern,2002,1228.9,874.7,49.82,26.01,30.55,23.1,79.74
GHA,GHA_GHA6.24_2,LowerManya-Krobo,Eastern,2003,1190.6,870.3,11.52,26.23,30.73,23.37,80.08
GHA,GHA_GHA6.24_2,LowerManya-Krobo,Eastern,2004,1077.9,812.8,-101.18,26.17,30.66,23.27,79.49
GHA,GHA_GHA6.24_2,LowerManya-Krobo,Eastern,2005,1079.1,766.7,-99.98,26.13,30.52,23.28,80.08
GHA,GHA_GHA6.24_2,LowerManya-Krobo,Eastern,2006,1006.1,802.5,-172.98,26.26,30.76,23.37,79.29
GHA,GHA_GHA6.24_2,LowerManya-Krobo,Eastern,2007,1152.6,978.1,-26.48,26.19,30.9,23.1,78.59
GHA,GHA_GHA6.24_2,LowerManya-Krobo,Eastern,2008,1122.5,911.0,-56.58,26.13,30.78,23.06,78.68
GHA,GHA_GHA6.24_2,LowerManya-Krobo,Eastern,2009,1166.1,892.9,-12.98,26.26,30.74,23.4,79.41
GHA,GHA_GHA6.24_2,LowerManya-Krobo,Eastern,2010,1250.6,968.5,71.52,26.46,30.81,23.64,80.05
GHA,GHA_GHA6.24_2,LowerManya-Krobo,Eastern,2011,1122.5,883.8,-56.58,26.18,30.74,23.22,79.05
GHA,GHA_GHA6.24_2,LowerManya-Krobo,Eastern,2012,1231.5,915.8,52.42,25.98,30.48,23.15,80.02
GHA,GHA_GHA6.24_2,LowerManya-Krobo,Eastern,2013,1122.0,804.9,-57.08,26.22,30.78,23.33,78.81
GHA,GHA_GHA6.24_2,LowerManya-Krobo,Eastern,2014,1414.7,1057.3,235.62,25.97,30.25,23.29,81.4
GHA,GHA_GHA6.24_2,LowerManya-Krobo,Eastern,2015,994.5,720.9,-184.58,26.1,30.51,23.2,79.61
GHA,GHA_GHA6.24_2,LowerManya-Krobo,Eastern,2016,1466.6,1175.9,287.52,26.47,31.04,23.64,80.03
GHA,GHA_GHA6.24_2,LowerManya-Krobo,Eastern,2017,1200.9,871.6,21.82,26.27,31.35,23.25,80.23
GHA,GHA_GHA6.24_2,LowerManya-Krobo,Eastern,2018,1094.3,873.2,-84.78,26.27,31.44,23.12,79.89
GHA,GHA_GHA6.24_2,LowerManya-Krobo,Eastern,2019,1286.3,1038.5,107.22,26.59,31.84,23.46,80.96
GHA,GHA_GHA6.24_2,LowerManya-Krobo,Eastern,2020,993.5,814.8,-185.58,26.54,31.92,23.27,78.89
GHA,GHA_GHA6.24_2,LowerManya-Krobo,Eastern,2021,1245.9,1005.0,66.82,26.6,32.13,23.37,79.86
GHA,GHA_GHA6.24_2,LowerManya-Krobo,Eastern,2022,1182.6,922.3,3.52,26.18,32.02,22.75,78.55
GHA,GHA_GHA6.24_2,LowerManya-Krobo,Eastern,2023,1642.8,1270.4,463.72,26.48,32.21,23.11,79.89
GHA,GHA_GHA6.24_2,LowerManya-Krobo,Eastern,2024,1166.2,845.2,-12.88,26.98,32.94,23.39,77.88
GHA,GHA_GHA6.24_2,LowerManya-Krobo,Eastern,2025,1142.5,850.0,-36.58,26.76,31.75,23.54,78.76
GHA,GHA_GHA6.25_2,NewJuabenNorth,Eastern,2000,1044.6,837.6,-228.14,25.54,30.27,22.58,81.9
GHA,GHA_GHA6.25_2,NewJuabenNorth,Eastern,2001,1038.4,749.7,-234.34,25.35,29.86,22.53,83.07
GHA,GHA_GHA6.25_2,NewJuabenNorth,Eastern,2002,1296.6,933.9,23.86,25.5,30.1,22.57,83.05
GHA,GHA_GHA6.25_2,NewJuabenNorth,Eastern,2003,1166.8,812.6,-105.94,25.73,30.27,22.85,83.31
GHA,GHA_GHA6.25_2,NewJuabenNorth,Eastern,2004,1059.2,771.5,-213.54,25.65,30.18,22.71,82.76
GHA,GHA_GHA6.25_2,NewJuabenNorth,Eastern,2005,1094.3,768.5,-178.44,25.68,30.15,22.79,82.88
GHA,GHA_GHA6.25_2,NewJuabenNorth,Eastern,2006,1052.3,769.9,-220.44,25.73,30.22,22.86,82.88
GHA,GHA_GHA6.25_2,NewJuabenNorth,Eastern,2007,1254.1,1027.4,-18.64,25.78,30.58,22.65,81.07
GHA,GHA_GHA6.25_2,NewJuabenNorth,Eastern,2008,1213.0,954.4,-59.74,25.67,30.42,22.53,81.51
GHA,GHA_GHA6.25_2,NewJuabenNorth,Eastern,2009,1212.0,888.1,-60.74,25.73,30.2,22.87,82.87
GHA,GHA_GHA6.25_2,NewJuabenNorth,Eastern,2010,1268.8,968.2,-3.94,26.0,30.44,23.13,83.07
GHA,GHA_GHA6.25_2,NewJuabenNorth,Eastern,2011,1154.1,911.0,-118.64,25.73,30.35,22.7,82.05
GHA,GHA_GHA6.25_2,NewJuabenNorth,Eastern,2012,1289.6,917.7,16.86,25.52,30.06,22.67,83.02
GHA,GHA_GHA6.25_2,NewJuabenNorth,Eastern,2013,1157.0,822.9,-115.74,25.74,30.32,22.82,82.04
GHA,GHA_GHA6.25_2,NewJuabenNorth,Eastern,2014,1379.7,986.9,106.96,25.49,29.77,22.82,84.47
GHA,GHA_GHA6.25_2,NewJuabenNorth,Eastern,2015,1026.1,711.2,-246.64,25.74,30.24,22.76,81.94
GHA,GHA_GHA6.25_2,NewJuabenNorth,Eastern,2016,1430.2,1107.2,157.46,26.12,30.76,23.24,82.35
GHA,GHA_GHA6.25_2,NewJuabenNorth,Eastern,2017,1552.5,1044.5,279.76,25.31,30.26,22.39,84.29
GHA,GHA_GHA6.25_2,NewJuabenNorth,Eastern,2018,1362.6,1033.8,89.86,25.28,30.29,22.28,84.17
GHA,GHA_GHA6.25_2,NewJuabenNorth,Eastern,2019,1572.2,1172.1,299.46,25.62,30.64,22.74,85.1
GHA,GHA_GHA6.25_2,NewJuabenNorth,Eastern,2020,1341.5,1028.0,68.76,25.69,30.86,22.62,82.43
GHA,GHA_GHA6.25_2,NewJuabenNorth,Eastern,2021,1446.3,1109.3,173.56,25.63,30.88,22.61,83.93
GHA,GHA_GHA6.25_2,NewJuabenNorth,Eastern,2022,1397.3,1040.8,124.56,25.27,31.0,22.05,82.08
GHA,GHA_GHA6.25_2,NewJuabenNorth,Eastern,2023,1658.9,1211.7,386.16,25.64,31.21,22.46,82.82
GHA,GHA_GHA6.25_2,NewJuabenNorth,Eastern,2024,1320.4,949.9,47.66,26.12,31.84,22.72,80.59
GHA,GHA_GHA6.25_2,NewJuabenNorth,Eastern,2025,1302.7,993.2,29.96,25.81,30.91,22.62,82.15
GHA,GHA_GHA6.26_2,NewJuabenSouth,Eastern,2000,1171.5,843.8,-130.72,25.53,30.26,22.56,81.9
GHA,GHA_GHA6.26_2,NewJuabenSouth,Eastern,2001,1286.1,822.7,-16.12,25.34,29.84,22.52,83.07
GHA,GHA_GHA6.26_2,NewJuabenSouth,Eastern,2002,1433.9,953.0,131.68,25.49,30.08,22.56,83.05
GHA,GHA_GHA6.26_2,NewJuabenSouth,Eastern,2003,1285.6,804.5,-16.62,25.72,30.25,22.83,83.31
GHA,GHA_GHA6.26_2,NewJuabenSouth,Eastern,2004,1182.2,781.9,-120.02,25.64,30.17,22.7,82.76
GHA,GHA_GHA6.26_2,NewJuabenSouth,Eastern,2005,1236.7,826.2,-65.52,25.67,30.14,22.77,82.88
GHA,GHA_GHA6.26_2,NewJuabenSouth,Eastern,2006,1211.4,803.8,-90.82,25.71,30.21,22.85,82.87
GHA,GHA_GHA6.26_2,NewJuabenSouth,Eastern,2007,1288.9,976.9,-13.32,25.77,30.57,22.63,81.07
GHA,GHA_GHA6.26_2,NewJuabenSouth,Eastern,2008,1368.2,961.1,65.98,25.66,30.41,22.52,81.51
GHA,GHA_GHA6.26_2,NewJuabenSouth,Eastern,2009,1415.3,967.1,113.08,25.71,30.19,22.85,82.86
GHA,GHA_GHA6.26_2,NewJuabenSouth,Eastern,2010,1368.3,978.4,66.08,25.98,30.43,23.11,83.07
GHA,GHA_GHA6.26_2,NewJuabenSouth,Eastern,2011,1260.1,914.8,-42.12,25.71,30.34,22.69,82.05
GHA,GHA_GHA6.26_2,NewJuabenSouth,Eastern,2012,1519.7,1017.4,217.48,25.5,30.04,22.66,83.02
GHA,GHA_GHA6.26_2,NewJuabenSouth,Eastern,2013,1276.4,814.4,-25.82,25.73,30.31,22.81,82.04
GHA,GHA_GHA6.26_2,NewJuabenSouth,Eastern,2014,1564.8,997.5,262.58,25.48,29.75,22.81,84.47
GHA,GHA_GHA6.26_2,NewJuabenSouth,Eastern,2015,1149.0,762.4,-153.22,25.73,30.23,22.75,81.94
GHA,GHA_GHA6.26_2,NewJuabenSouth,Eastern,2016,1539.7,1155.4,237.48,26.11,30.75,23.23,82.35
GHA,GHA_GHA6.26_2,NewJuabenSouth,Eastern,2017,1332.6,840.7,30.38,25.29,30.11,22.45,84.47
GHA,GHA_GHA6.26_2,NewJuabenSouth,Eastern,2018,1209.6,886.0,-92.62,25.27,30.22,22.36,84.28
GHA,GHA_GHA6.26_2,NewJuabenSouth,Eastern,2019,1335.9,986.8,33.68,25.58,30.5,22.75,85.25
GHA,GHA_GHA6.26_2,NewJuabenSouth,Eastern,2020,1211.5,949.1,-90.72,25.68,30.86,22.64,82.51
GHA,GHA_GHA6.26_2,NewJuabenSouth,Eastern,2021,1329.5,997.8,27.28,25.59,30.84,22.62,84.21
GHA,GHA_GHA6.26_2,NewJuabenSouth,Eastern,2022,1320.3,962.8,18.08,25.22,30.89,22.02,82.57
GHA,GHA_GHA6.26_2,NewJuabenSouth,Eastern,2023,1406.5,1039.2,104.28,25.63,31.14,22.5,83.0
GHA,GHA_GHA6.26_2,NewJuabenSouth,Eastern,2024,1167.9,818.0,-134.32,26.06,31.68,22.78,81.11
GHA,GHA_GHA6.26_2,NewJuabenSouth,Eastern,2025,986.0,732.8,-316.22,25.63,30.47,22.66,83.2
GHA,GHA_GHA6.27_2,NsawamAdoagyiri,Eastern,2000,713.1,513.4,-296.92,26.4,30.68,23.79,81.21
GHA,GHA_GHA6.27_2,NsawamAdoagyiri,Eastern,2001,754.5,475.0,-255.52,26.26,30.31,23.77,82.04
GHA,GHA_GHA6.27_2,NsawamAdoagyiri,Eastern,2002,836.6,576.3,-173.42,26.52,30.73,23.85,81.38
GHA,GHA_GHA6.27_2,NsawamAdoagyiri,Eastern,2003,862.4,527.7,-147.62,26.71,30.91,24.09,81.69
GHA,GHA_GHA6.27_2,NsawamAdoagyiri,Eastern,2004,714.3,464.6,-295.72,26.62,30.81,23.97,81.1
GHA,GHA_GHA6.27_2,NsawamAdoagyiri,Eastern,2005,877.9,620.4,-132.12,26.64,30.75,24.02,81.49
GHA,GHA_GHA6.27_2,NsawamAdoagyiri,Eastern,2006,744.3,522.8,-265.72,26.73,30.89,24.11,81.04
GHA,GHA_GHA6.27_2,NsawamAdoagyiri,Eastern,2007,876.4,676.4,-133.62,26.65,31.04,23.84,80.42
GHA,GHA_GHA6.27_2,NsawamAdoagyiri,Eastern,2008,885.3,647.9,-124.72,26.56,30.84,23.77,80.84
GHA,GHA_GHA6.27_2,NsawamAdoagyiri,Eastern,2009,831.7,643.9,-178.32,26.7,30.87,24.1,81.19
GHA,GHA_GHA6.27_2,NsawamAdoagyiri,Eastern,2010,869.9,618.9,-140.12,26.93,30.97,24.38,81.8
GHA,GHA_GHA6.27_2,NsawamAdoagyiri,Eastern,2011,791.1,551.4,-218.92,26.6,30.76,23.94,81.26
GHA,GHA_GHA6.27_2,NsawamAdoagyiri,Eastern,2012,904.6,606.7,-105.42,26.47,30.63,23.91,81.61
GHA,GHA_GHA6.27_2,NsawamAdoagyiri,Eastern,2013,694.9,430.7,-315.12,26.7,30.93,24.08,80.49
GHA,GHA_GHA6.27_2,NsawamAdoagyiri,Eastern,2014,1129.1,750.9,119.08,26.42,30.33,24.01,83.21
GHA,GHA_GHA6.27_2,NsawamAdoagyiri,Eastern,2015,902.6,644.7,-107.42,26.56,30.59,23.95,81.67
GHA,GHA_GHA6.27_2,NsawamAdoagyiri,Eastern,2016,1071.0,794.8,60.98,26.92,31.09,24.38,82.02
GHA,GHA_GHA6.27_2,NsawamAdoagyiri,Eastern,2017,1539.3,1064.9,529.28,26.08,30.68,23.37,84.06
GHA,GHA_GHA6.27_2,NsawamAdoagyiri,Eastern,2018,1198.4,853.9,188.38,26.09,30.92,23.23,83.52
GHA,GHA_GHA6.27_2,NsawamAdoagyiri,Eastern,2019,1383.8,981.7,373.78,26.36,31.07,23.61,84.61
GHA,GHA_GHA6.27_2,NsawamAdoagyiri,Eastern,2020,1278.3,944.1,268.28,26.36,31.28,23.5,82.77
GHA,GHA_GHA6.27_2,NsawamAdoagyiri,Eastern,2021,1318.6,1024.2,308.58,26.38,31.32,23.54,83.55
GHA,GHA_GHA6.27_2,NsawamAdoagyiri,Eastern,2022,1380.5,1027.2,370.48,25.95,31.28,22.91,82.57
GHA,GHA_GHA6.27_2,NsawamAdoagyiri,Eastern,2023,1444.8,1058.9,434.78,26.46,31.71,23.45,82.47
GHA,GHA_GHA6.27_2,NsawamAdoagyiri,Eastern,2024,1099.3,755.5,89.28,26.88,32.32,23.75,80.74
GHA,GHA_GHA6.27_2,NsawamAdoagyiri,Eastern,2025,1157.8,791.5,147.78,26.5,31.46,23.5,81.74
GHA,GHA_GHA6.28_2,Okere,Eastern,2000,909.9,711.9,-216.56,25.97,30.76,22.95,79.83
GHA,GHA_GHA6.28_2,Okere,Eastern,2001,1016.6,693.9,-109.86,25.81,30.37,22.94,80.9
GHA,GHA_GHA6.28_2,Okere,Eastern,2002,1184.2,820.0,57.74,25.97,30.65,22.98,80.71
GHA,GHA_GHA6.28_2,Okere,Eastern,2003,1136.2,775.5,9.74,26.19,30.81,23.24,81.08
GHA,GHA_GHA6.28_2,Okere,Eastern,2004,964.5,687.0,-161.96,26.15,30.79,23.14,80.28
GHA,GHA_GHA6.28_2,Okere,Eastern,2005,1061.5,730.9,-64.96,26.13,30.67,23.18,80.79
GHA,GHA_GHA6.28_2,Okere,Eastern,2006,1003.3,762.0,-123.16,26.22,30.82,23.27,80.33
GHA,GHA_GHA6.28_2,Okere,Eastern,2007,987.5,781.2,-138.96,26.18,31.06,22.98,79.2
GHA,GHA_GHA6.28_2,Okere,Eastern,2008,1101.1,826.9,-25.36,26.09,30.89,22.91,79.56
GHA,GHA_GHA6.28_2,Okere,Eastern,2009,1035.3,818.8,-91.16,26.23,30.85,23.28,80.25
GHA,GHA_GHA6.28_2,Okere,Eastern,2010,1107.8,829.3,-18.66,26.46,30.95,23.54,80.83
GHA,GHA_GHA6.28_2,Okere,Eastern,2011,1030.3,776.2,-96.16,26.17,30.87,23.11,79.84
GHA,GHA_GHA6.28_2,Okere,Eastern,2012,1202.6,844.2,76.14,25.99,30.64,23.07,80.68
GHA,GHA_GHA6.28_2,Okere,Eastern,2013,916.0,612.5,-210.46,26.22,30.94,23.24,79.46
GHA,GHA_GHA6.28_2,Okere,Eastern,2014,1278.1,896.2,151.64,25.96,30.34,23.22,82.17
GHA,GHA_GHA6.28_2,Okere,Eastern,2015,1024.2,697.2,-102.26,26.09,30.62,23.1,80.32
GHA,GHA_GHA6.28_2,Okere,Eastern,2016,1441.6,1104.8,315.14,26.49,31.16,23.58,80.73
GHA,GHA_GHA6.28_2,Okere,Eastern,2017,1292.1,825.2,165.64,25.31,30.16,22.49,84.21
GHA,GHA_GHA6.28_2,Okere,Eastern,2018,1229.6,933.5,103.14,25.3,30.29,22.39,83.91
GHA,GHA_GHA6.28_2,Okere,Eastern,2019,1317.0,966.2,190.54,25.59,30.52,22.78,85.07
GHA,GHA_GHA6.28_2,Okere,Eastern,2020,1163.2,916.6,36.74,25.66,30.83,22.63,82.43
GHA,GHA_GHA6.28_2,Okere,Eastern,2021,1278.6,984.1,152.14,25.62,30.89,22.67,83.85
GHA,GHA_GHA6.28_2,Okere,Eastern,2022,1246.6,907.7,120.14,25.23,30.94,22.08,82.4
GHA,GHA_GHA6.28_2,Okere,Eastern,2023,1391.1,1012.9,264.64,25.66,31.19,22.55,82.72
GHA,GHA_GHA6.28_2,Okere,Eastern,2024,1157.4,812.6,30.94,26.04,31.65,22.82,81.17
GHA,GHA_GHA6.28_2,Okere,Eastern,2025,811.7,566.5,-314.76,25.62,30.3,22.71,82.88
GHA,GHA_GHA6.29_2,Suhum,Eastern,2000,1404.8,1021.3,-62.4,25.1,29.71,22.3,83.11
GHA,GHA_GHA6.29_2,Suhum,Eastern,2001,1513.3,1004.8,46.1,24.88,29.25,22.25,84.42
GHA,GHA_GHA6.29_2,Suhum,Eastern,2002,1658.2,1142.3,191.0,25.09,29.58,22.32,84.1
GHA,GHA_GHA6.29_2,Suhum,Eastern,2003,1546.4,968.3,79.2,25.29,29.71,22.57,84.46
GHA,GHA_GHA6.29_2,Suhum,Eastern,2004,1469.1,996.0,1.9,25.19,29.62,22.44,84.02
GHA,GHA_GHA6.29_2,Suhum,Eastern,2005,1493.1,1033.1,25.9,25.24,29.59,22.51,84.08
GHA,GHA_GHA6.29_2,Suhum,Eastern,2006,1438.9,973.6,-28.3,25.28,29.64,22.59,84.14
GHA,GHA_GHA6.29_2,Suhum,Eastern,2007,1601.9,1225.7,134.7,25.32,30.0,22.35,82.54
GHA,GHA_GHA6.29_2,Suhum,Eastern,2008,1626.3,1164.1,159.1,25.24,29.88,22.24,82.78
GHA,GHA_GHA6.29_2,Suhum,Eastern,2009,1566.7,1102.3,99.5,25.29,29.66,22.59,83.95
GHA,GHA_GHA6.29_2,Suhum,Eastern,2010,1654.8,1175.7,187.6,25.55,29.89,22.83,84.26
GHA,GHA_GHA6.29_2,Suhum,Eastern,2011,1466.5,1086.7,-0.7,25.28,29.77,22.43,83.4
GHA,GHA_GHA6.29_2,Suhum,Eastern,2012,1734.5,1191.9,267.3,25.09,29.49,22.4,84.15
GHA,GHA_GHA6.29_2,Suhum,Eastern,2013,1485.7,999.5,18.5,25.32,29.78,22.57,83.13
GHA,GHA_GHA6.29_2,Suhum,Eastern,2014,1814.2,1183.5,347.0,25.06,29.21,22.54,85.61
GHA,GHA_GHA6.29_2,Suhum,Eastern,2015,1384.8,890.2,-82.4,25.31,29.69,22.5,83.22
GHA,GHA_GHA6.29_2,Suhum,Eastern,2016,1822.9,1336.9,355.7,25.66,30.18,22.93,83.71
GHA,GHA_GHA6.29_2,Suhum,Eastern,2017,1256.8,835.6,-210.4,25.63,30.54,22.67,83.04
GHA,GHA_GHA6.29_2,Suhum,Eastern,2018,1184.7,882.5,-282.5,25.6,30.57,22.56,82.84
GHA,GHA_GHA6.29_2,Suhum,Eastern,2019,1436.8,1040.5,-30.4,25.91,30.88,22.96,84.05
GHA,GHA_GHA6.29_2,Suhum,Eastern,2020,1252.2,1010.6,-215.0,26.02,31.19,22.86,81.2
GHA,GHA_GHA6.29_2,Suhum,Eastern,2021,1322.4,1050.1,-144.8,25.95,31.19,22.84,82.73
GHA,GHA_GHA6.29_2,Suhum,Eastern,2022,1282.8,919.6,-184.4,25.59,31.3,22.29,81.12
GHA,GHA_GHA6.29_2,Suhum,Eastern,2023,1468.7,1128.7,1.5,26.03,31.65,22.77,81.53
GHA,GHA_GHA6.29_2,Suhum,Eastern,2024,1182.0,856.3,-285.2,26.5,32.14,23.06,79.49
GHA,GHA_GHA6.29_2,Suhum,Eastern,2025,1078.7,812.9,-388.5,26.29,31.31,23.09,79.76
GHA,GHA_GHA6.30_2,UpperManya,Eastern,2000,799.1,697.6,-276.22,25.57,29.63,22.93,78.04
GHA,GHA_GHA6.30_2,UpperManya,Eastern,2001,723.0,578.0,-352.32,25.5,29.5,22.95,78.36
GHA,GHA_GHA6.30_2,UpperManya,Eastern,2002,963.5,731.7,-111.82,25.6,29.55,23.02,79.03
GHA,GHA_GHA6.30_2,UpperManya,Eastern,2003,880.9,680.9,-194.42,25.84,29.77,23.29,79.22
GHA,GHA_GHA6.30_2,UpperManya,Eastern,2004,856.3,669.2,-219.02,25.73,29.61,23.18,78.99
GHA,GHA_GHA6.30_2,UpperManya,Eastern,2005,874.5,678.9,-200.82,25.72,29.54,23.21,79.45
GHA,GHA_GHA6.30_2,UpperManya,Eastern,2006,826.1,685.0,-249.22,25.82,29.72,23.26,78.64
GHA,GHA_GHA6.30_2,UpperManya,Eastern,2007,1076.5,950.4,1.18,25.77,29.85,23.06,77.82
GHA,GHA_GHA6.30_2,UpperManya,Eastern,2008,1033.1,896.9,-42.22,25.73,29.76,23.04,77.71
GHA,GHA_GHA6.30_2,UpperManya,Eastern,2009,937.4,733.6,-137.92,25.8,29.65,23.29,79.08
GHA,GHA_GHA6.30_2,UpperManya,Eastern,2010,1036.5,830.7,-38.82,26.01,29.78,23.53,79.55
GHA,GHA_GHA6.30_2,UpperManya,Eastern,2011,939.1,784.4,-136.22,25.73,29.7,23.11,78.5
GHA,GHA_GHA6.30_2,UpperManya,Eastern,2012,1034.9,792.7,-40.42,25.5,29.37,23.01,79.68
GHA,GHA_GHA6.30_2,UpperManya,Eastern,2013,889.5,693.0,-185.82,25.71,29.62,23.15,78.71
GHA,GHA_GHA6.30_2,UpperManya,Eastern,2014,1097.0,844.1,21.68,25.57,29.28,23.17,80.74
GHA,GHA_GHA6.30_2,UpperManya,Eastern,2015,767.1,599.3,-308.22,25.76,29.68,23.15,78.45
GHA,GHA_GHA6.30_2,UpperManya,Eastern,2016,1133.1,923.1,57.78,26.1,30.13,23.52,78.97
GHA,GHA_GHA6.30_2,UpperManya,Eastern,2017,1491.7,1108.7,416.38,25.52,30.62,22.41,80.1
GHA,GHA_GHA6.30_2,UpperManya,Eastern,2018,1280.3,1018.9,204.98,25.44,30.5,22.26,80.22
GHA,GHA_GHA6.30_2,UpperManya,Eastern,2019,1472.7,1207.3,397.38,25.8,30.94,22.63,81.03
GHA,GHA_GHA6.30_2,UpperManya,Eastern,2020,1184.9,981.8,109.58,25.79,31.14,22.4,78.59
GHA,GHA_GHA6.30_2,UpperManya,Eastern,2021,1352.8,1158.5,277.48,25.86,31.35,22.51,79.59
GHA,GHA_GHA6.30_2,UpperManya,Eastern,2022,1200.7,955.9,125.38,25.37,30.99,21.91,78.52
GHA,GHA_GHA6.30_2,UpperManya,Eastern,2023,1634.0,1303.6,558.68,25.71,31.18,22.37,79.5
GHA,GHA_GHA6.30_2,UpperManya,Eastern,2024,1259.4,941.5,184.08,26.2,31.67,22.69,77.48
GHA,GHA_GHA6.30_2,UpperManya,Eastern,2025,1214.1,961.3,138.78,25.86,30.55,22.68,79.69
GHA,GHA_GHA6.31_2,UpperWestAkim,Eastern,2000,1173.2,846.0,-199.88,25.73,30.44,22.89,82.4
GHA,GHA_GHA6.31_2,UpperWestAkim,Eastern,2001,1370.2,864.9,-2.88,25.5,29.95,22.78,83.72
GHA,GHA_GHA6.31_2,UpperWestAkim,Eastern,2002,1353.6,935.1,-19.48,25.75,30.33,22.89,83.2
GHA,GHA_GHA6.31_2,UpperWestAkim,Eastern,2003,1403.6,899.5,30.52,25.91,30.43,23.13,83.66
GHA,GHA_GHA6.31_2,UpperWestAkim,Eastern,2004,1223.6,856.3,-149.48,25.84,30.38,23.01,82.98
GHA,GHA_GHA6.31_2,UpperWestAkim,Eastern,2005,1354.2,934.1,-18.88,25.86,30.29,23.07,83.36
GHA,GHA_GHA6.31_2,UpperWestAkim,Eastern,2006,1250.7,864.9,-122.38,25.86,30.32,23.12,83.51
GHA,GHA_GHA6.31_2,UpperWestAkim,Eastern,2007,1453.0,1117.1,79.92,25.9,30.63,22.93,82.14
GHA,GHA_GHA6.31_2,UpperWestAkim,Eastern,2008,1407.4,1040.3,34.32,25.85,30.55,22.83,82.16
GHA,GHA_GHA6.31_2,UpperWestAkim,Eastern,2009,1341.0,990.8,-32.08,25.92,30.39,23.15,83.09
GHA,GHA_GHA6.31_2,UpperWestAkim,Eastern,2010,1341.3,953.7,-31.78,26.16,30.58,23.37,83.47
GHA,GHA_GHA6.31_2,UpperWestAkim,Eastern,2011,1296.6,926.3,-76.48,25.85,30.39,22.97,82.88
GHA,GHA_GHA6.31_2,UpperWestAkim,Eastern,2012,1486.9,1011.0,113.82,25.7,30.17,22.97,83.37
GHA,GHA_GHA6.31_2,UpperWestAkim,Eastern,2013,1209.3,802.7,-163.78,25.95,30.47,23.16,82.4
GHA,GHA_GHA6.31_2,UpperWestAkim,Eastern,2014,1659.4,1088.2,286.32,25.65,29.89,23.08,84.91
GHA,GHA_GHA6.31_2,UpperWestAkim,Eastern,2015,1252.4,847.8,-120.68,25.9,30.34,23.09,82.71
GHA,GHA_GHA6.31_2,UpperWestAkim,Eastern,2016,1668.2,1215.4,295.12,26.26,30.84,23.51,83.04
GHA,GHA_GHA6.31_2,UpperWestAkim,Eastern,2017,1537.3,1033.0,164.22,25.95,30.56,23.3,84.23
GHA,GHA_GHA6.31_2,UpperWestAkim,Eastern,2018,1277.7,900.9,-95.38,25.97,30.76,23.19,83.65
GHA,GHA_GHA6.31_2,UpperWestAkim,Eastern,2019,1389.4,996.0,16.32,26.26,30.97,23.57,84.71
GHA,GHA_GHA6.31_2,UpperWestAkim,Eastern,2020,1299.8,981.0,-73.28,26.3,31.28,23.45,82.66
GHA,GHA_GHA6.31_2,UpperWestAkim,Eastern,2021,1336.9,1005.2,-36.18,26.29,31.31,23.49,83.55
GHA,GHA_GHA6.31_2,UpperWestAkim,Eastern,2022,1426.2,1045.3,53.12,25.89,31.34,22.87,82.41
GHA,GHA_GHA6.31_2,UpperWestAkim,Eastern,2023,1533.0,1127.3,159.92,26.41,31.81,23.4,82.19
GHA,GHA_GHA6.31_2,UpperWestAkim,Eastern,2024,1248.8,844.4,-124.28,26.82,32.35,23.68,80.6
GHA,GHA_GHA6.31_2,UpperWestAkim,Eastern,2025,1406.3,906.9,33.22,26.4,31.18,23.47,81.91
GHA,GHA_GHA6.32_2,WestAkim,Eastern,2000,1078.3,820.2,-293.1,25.55,30.16,22.76,82.55
GHA,GHA_GHA6.32_2,WestAkim,Eastern,2001,1220.8,829.1,-150.6,25.34,29.69,22.69,83.88
GHA,GHA_GHA6.32_2,WestAkim,Eastern,2002,1335.7,950.3,-35.7,25.54,30.02,22.77,83.6
GHA,GHA_GHA6.32_2,WestAkim,Eastern,2003,1204.6,759.1,-166.8,25.71,30.12,22.98,84.04
GHA,GHA_GHA6.32_2,WestAkim,Eastern,2004,1151.3,796.2,-220.1,25.62,30.03,22.86,83.5
GHA,GHA_GHA6.32_2,WestAkim,Eastern,2005,1221.9,854.1,-149.5,25.67,30.0,22.96,83.68
GHA,GHA_GHA6.32_2,WestAkim,Eastern,2006,1152.6,773.7,-218.8,25.64,29.99,22.98,83.95
GHA,GHA_GHA6.32_2,WestAkim,Eastern,2007,1293.4,1003.2,-78.0,25.73,30.37,22.81,82.24
GHA,GHA_GHA6.32_2,WestAkim,Eastern,2008,1343.0,971.1,-28.4,25.68,30.3,22.71,82.19
GHA,GHA_GHA6.32_2,WestAkim,Eastern,2009,1303.1,916.3,-68.3,25.7,30.04,23.01,83.55
GHA,GHA_GHA6.32_2,WestAkim,Eastern,2010,1309.5,924.8,-61.9,25.97,30.3,23.24,83.79
GHA,GHA_GHA6.32_2,WestAkim,Eastern,2011,1192.1,893.4,-179.3,25.67,30.11,22.85,83.09
GHA,GHA_GHA6.32_2,WestAkim,Eastern,2012,1306.2,899.7,-65.2,25.5,29.84,22.84,83.7
GHA,GHA_GHA6.32_2,WestAkim,Eastern,2013,1179.9,821.3,-191.5,25.73,30.13,23.0,82.75
GHA,GHA_GHA6.32_2,WestAkim,Eastern,2014,1481.8,1005.0,110.4,25.46,29.6,22.96,85.17
GHA,GHA_GHA6.32_2,WestAkim,Eastern,2015,1105.8,721.0,-265.6,25.76,30.12,22.97,82.68
GHA,GHA_GHA6.32_2,WestAkim,Eastern,2016,1512.8,1115.8,141.4,26.11,30.6,23.39,83.11
GHA,GHA_GHA6.32_2,WestAkim,Eastern,2017,1489.1,992.5,117.7,25.06,29.53,22.5,85.58
GHA,GHA_GHA6.32_2,WestAkim,Eastern,2018,1470.1,1055.8,98.7,25.02,29.6,22.38,85.5
GHA,GHA_GHA6.32_2,WestAkim,Eastern,2019,1607.4,1177.3,236.0,25.37,29.94,22.78,86.26
GHA,GHA_GHA6.32_2,WestAkim,Eastern,2020,1450.2,1085.5,78.8,25.43,30.27,22.64,84.0
GHA,GHA_GHA6.32_2,WestAkim,Eastern,2021,1624.0,1230.9,252.6,25.36,30.19,22.63,85.36
GHA,GHA_GHA6.32_2,WestAkim,Eastern,2022,1677.1,1205.4,305.7,25.03,30.3,22.05,83.49
GHA,GHA_GHA6.32_2,WestAkim,Eastern,2023,1836.0,1372.4,464.6,25.44,30.61,22.56,84.01
GHA,GHA_GHA6.32_2,WestAkim,Eastern,2024,1493.8,1061.7,122.4,25.83,31.15,22.77,82.32
GHA,GHA_GHA6.32_2,WestAkim,Eastern,2025,1615.9,1123.6,244.5,25.1,29.78,22.42,85.96
GHA,GHA_GHA6.33_2,Yilo-Krobo,Eastern,2000,1044.6,837.6,-169.51,26.17,30.69,23.32,80.4
GHA,GHA_GHA6.33_2,Yilo-Krobo,Eastern,2001,1038.4,749.7,-175.71,26.05,30.41,23.31,81.16
GHA,GHA_GHA6.33_2,Yilo-Krobo,Eastern,2002,1296.6,933.9,82.49,26.17,30.57,23.36,81.47
GHA,GHA_GHA6.33_2,Yilo-Krobo,Eastern,2003,1166.8,812.6,-47.31,26.41,30.77,23.63,81.64
GHA,GHA_GHA6.33_2,Yilo-Krobo,Eastern,2004,1059.2,771.5,-154.91,26.33,30.68,23.52,81.17
GHA,GHA_GHA6.33_2,Yilo-Krobo,Eastern,2005,1094.3,768.5,-119.81,26.33,30.6,23.56,81.55
GHA,GHA_GHA6.33_2,Yilo-Krobo,Eastern,2006,1052.3,769.9,-161.81,26.39,30.74,23.61,81.12
GHA,GHA_GHA6.33_2,Yilo-Krobo,Eastern,2007,1254.1,1027.4,39.99,26.39,30.96,23.39,79.83
GHA,GHA_GHA6.33_2,Yilo-Krobo,Eastern,2008,1213.0,954.4,-1.11,26.31,30.83,23.34,80.0
GHA,GHA_GHA6.33_2,Yilo-Krobo,Eastern,2009,1212.0,888.1,-2.11,26.39,30.69,23.64,81.32
GHA,GHA_GHA6.33_2,Yilo-Krobo,Eastern,2010,1268.8,968.2,54.69,26.64,30.88,23.91,81.67
GHA,GHA_GHA6.33_2,Yilo-Krobo,Eastern,2011,1154.1,911.0,-60.01,26.36,30.78,23.49,80.58
GHA,GHA_GHA6.33_2,Yilo-Krobo,Eastern,2012,1289.6,917.7,75.49,26.14,30.48,23.41,81.71
GHA,GHA_GHA6.33_2,Yilo-Krobo,Eastern,2013,1157.0,822.9,-57.11,26.34,30.72,23.55,80.68
GHA,GHA_GHA6.33_2,Yilo-Krobo,Eastern,2014,1379.7,986.9,165.59,26.16,30.27,23.57,82.98
GHA,GHA_GHA6.33_2,Yilo-Krobo,Eastern,2015,1026.1,711.2,-188.01,26.35,30.67,23.51,80.68
GHA,GHA_GHA6.33_2,Yilo-Krobo,Eastern,2016,1430.2,1107.2,216.09,26.73,31.18,23.96,81.1
GHA,GHA_GHA6.33_2,Yilo-Krobo,Eastern,2017,1400.8,911.6,186.69,25.23,30.19,22.41,83.99
GHA,GHA_GHA6.33_2,Yilo-Krobo,Eastern,2018,1293.1,989.6,78.99,25.22,30.27,22.34,83.77
GHA,GHA_GHA6.33_2,Yilo-Krobo,Eastern,2019,1413.3,1066.7,199.19,25.53,30.61,22.73,84.88
GHA,GHA_GHA6.33_2,Yilo-Krobo,Eastern,2020,1195.6,964.5,-18.51,25.56,30.8,22.54,82.3
GHA,GHA_GHA6.33_2,Yilo-Krobo,Eastern,2021,1329.2,1040.8,115.09,25.55,30.93,22.61,83.71
GHA,GHA_GHA6.33_2,Yilo-Krobo,Eastern,2022,1247.0,945.8,32.89,25.15,30.9,22.01,82.19
GHA,GHA_GHA6.33_2,Yilo-Krobo,Eastern,2023,1488.1,1118.9,273.99,25.53,31.16,22.44,82.82
GHA,GHA_GHA6.33_2,Yilo-Krobo,Eastern,2024,1225.0,902.1,10.89,25.99,31.66,22.75,80.77
GHA,GHA_GHA6.33_2,Yilo-Krobo,Eastern,2025,837.9,600.3,-376.21,25.65,30.27,22.75,82.14
GHA,GHA_GHA7.1_2,AblekumaCentral,GreaterAccra,2000,713.1,513.4,-155.75,26.24,28.98,24.34,81.99
GHA,GHA_GHA7.1_2,AblekumaCentral,GreaterAccra,2001,754.5,475.0,-114.35,26.17,28.75,24.36,82.31
GHA,GHA_GHA7.1_2,AblekumaCentral,GreaterAccra,2002,836.6,576.3,-32.25,26.37,29.09,24.42,82.01
GHA,GHA_GHA7.1_2,AblekumaCentral,GreaterAccra,2003,862.4,527.7,-6.45,26.59,29.31,24.66,81.99
GHA,GHA_GHA7.1_2,AblekumaCentral,GreaterAccra,2004,714.3,464.6,-154.55,26.44,29.14,24.5,81.77
GHA,GHA_GHA7.1_2,AblekumaCentral,GreaterAccra,2005,877.9,620.4,9.05,26.47,29.09,24.56,82.2
GHA,GHA_GHA7.1_2,AblekumaCentral,GreaterAccra,2006,744.3,522.8,-124.55,26.63,29.35,24.7,81.35
GHA,GHA_GHA7.1_2,AblekumaCentral,GreaterAccra,2007,876.4,676.4,7.55,26.45,29.24,24.43,81.53
GHA,GHA_GHA7.1_2,AblekumaCentral,GreaterAccra,2008,885.3,647.9,16.45,26.45,29.17,24.43,81.47
GHA,GHA_GHA7.1_2,AblekumaCentral,GreaterAccra,2009,831.7,643.9,-37.15,26.47,29.16,24.57,82.04
GHA,GHA_GHA7.1_2,AblekumaCentral,GreaterAccra,2010,869.9,618.9,1.05,26.81,29.35,24.96,82.09
GHA,GHA_GHA7.1_2,AblekumaCentral,GreaterAccra,2011,791.1,551.4,-77.75,26.45,29.1,24.53,81.81
GHA,GHA_GHA7.1_2,AblekumaCentral,GreaterAccra,2012,904.6,606.7,35.75,26.3,28.98,24.43,82.2
GHA,GHA_GHA7.1_2,AblekumaCentral,GreaterAccra,2013,694.9,430.7,-173.95,26.44,29.16,24.55,81.82
GHA,GHA_GHA7.1_2,AblekumaCentral,GreaterAccra,2014,1129.1,750.9,260.25,26.29,28.8,24.55,83.59
GHA,GHA_GHA7.1_2,AblekumaCentral,GreaterAccra,2015,902.6,644.7,33.75,26.39,28.97,24.49,82.44
GHA,GHA_GHA7.1_2,AblekumaCentral,GreaterAccra,2016,1071.0,794.8,202.15,26.65,29.28,24.84,83.31
GHA,GHA_GHA7.1_2,AblekumaCentral,GreaterAccra,2017,821.6,517.8,-47.25,26.5,29.47,24.33,83.63
GHA,GHA_GHA7.1_2,AblekumaCentral,GreaterAccra,2018,640.7,449.9,-228.15,26.57,29.71,24.13,82.54
GHA,GHA_GHA7.1_2,AblekumaCentral,GreaterAccra,2019,919.5,679.0,50.65,26.75,29.73,24.47,83.99
GHA,GHA_GHA7.1_2,AblekumaCentral,GreaterAccra,2020,781.8,620.9,-87.05,26.61,29.61,24.3,82.91
GHA,GHA_GHA7.1_2,AblekumaCentral,GreaterAccra,2021,834.1,656.5,-34.75,26.73,29.73,24.4,83.08
GHA,GHA_GHA7.1_2,AblekumaCentral,GreaterAccra,2022,1035.0,761.1,166.15,26.24,29.37,23.75,82.52
GHA,GHA_GHA7.1_2,AblekumaCentral,GreaterAccra,2023,1097.6,820.2,228.75,26.68,29.95,24.14,82.95
GHA,GHA_GHA7.1_2,AblekumaCentral,GreaterAccra,2024,916.2,606.3,47.35,26.96,30.54,24.31,81.96
GHA,GHA_GHA7.1_2,AblekumaCentral,GreaterAccra,2025,1084.0,688.0,215.15,26.72,30.18,24.28,81.9
GHA,GHA_GHA7.2_2,AblekumaNorth,GreaterAccra,2000,713.1,513.4,-155.75,26.11,28.85,24.21,81.97
GHA,GHA_GHA7.2_2,AblekumaNorth,GreaterAccra,2001,754.5,475.0,-114.35,26.04,28.62,24.24,82.3
GHA,GHA_GHA7.2_2,AblekumaNorth,GreaterAccra,2002,836.6,576.3,-32.25,26.24,28.96,24.3,82.0
GHA,GHA_GHA7.2_2,AblekumaNorth,GreaterAccra,2003,862.4,527.7,-6.45,26.46,29.19,24.54,81.98
GHA,GHA_GHA7.2_2,AblekumaNorth,GreaterAccra,2004,714.3,464.6,-154.55,26.32,29.02,24.38,81.76
GHA,GHA_GHA7.2_2,AblekumaNorth,GreaterAccra,2005,877.9,620.4,9.05,26.34,28.97,24.43,82.19
GHA,GHA_GHA7.2_2,AblekumaNorth,GreaterAccra,2006,744.3,522.8,-124.55,26.51,29.23,24.58,81.33
GHA,GHA_GHA7.2_2,AblekumaNorth,GreaterAccra,2007,876.4,676.4,7.55,26.33,29.11,24.3,81.51
GHA,GHA_GHA7.2_2,AblekumaNorth,GreaterAccra,2008,885.3,647.9,16.45,26.33,29.05,24.3,81.45
GHA,GHA_GHA7.2_2,AblekumaNorth,GreaterAccra,2009,831.7,643.9,-37.15,26.34,29.04,24.45,82.02
GHA,GHA_GHA7.2_2,AblekumaNorth,GreaterAccra,2010,869.9,618.9,1.05,26.68,29.23,24.84,82.07
GHA,GHA_GHA7.2_2,AblekumaNorth,GreaterAccra,2011,791.1,551.4,-77.75,26.33,28.98,24.41,81.8
GHA,GHA_GHA7.2_2,AblekumaNorth,GreaterAccra,2012,904.6,606.7,35.75,26.17,28.86,24.3,82.18
GHA,GHA_GHA7.2_2,AblekumaNorth,GreaterAccra,2013,694.9,430.7,-173.95,26.32,29.04,24.43,81.8
GHA,GHA_GHA7.2_2,AblekumaNorth,GreaterAccra,2014,1129.1,750.9,260.25,26.17,28.68,24.43,83.58
GHA,GHA_GHA7.2_2,AblekumaNorth,GreaterAccra,2015,902.6,644.7,33.75,26.27,28.85,24.37,82.43
GHA,GHA_GHA7.2_2,AblekumaNorth,GreaterAccra,2016,1071.0,794.8,202.15,26.53,29.15,24.71,83.3
GHA,GHA_GHA7.2_2,AblekumaNorth,GreaterAccra,2017,821.6,517.8,-47.25,26.5,29.47,24.33,83.63
GHA,GHA_GHA7.2_2,AblekumaNorth,GreaterAccra,2018,640.7,449.9,-228.15,26.57,29.71,24.13,82.54
GHA,GHA_GHA7.2_2,AblekumaNorth,GreaterAccra,2019,919.5,679.0,50.65,26.75,29.73,24.47,83.99
GHA,GHA_GHA7.2_2,AblekumaNorth,GreaterAccra,2020,781.8,620.9,-87.05,26.61,29.61,24.3,82.91
GHA,GHA_GHA7.2_2,AblekumaNorth,GreaterAccra,2021,834.1,656.5,-34.75,26.73,29.73,24.4,83.08
GHA,GHA_GHA7.2_2,AblekumaNorth,GreaterAccra,2022,1035.0,761.1,166.15,26.24,29.37,23.75,82.52
GHA,GHA_GHA7.2_2,AblekumaNorth,GreaterAccra,2023,1097.6,820.2,228.75,26.68,29.95,24.14,82.95
GHA,GHA_GHA7.2_2,AblekumaNorth,GreaterAccra,2024,916.2,606.3,47.35,26.96,30.54,24.31,81.96
GHA,GHA_GHA7.2_2,AblekumaNorth,GreaterAccra,2025,1084.0,688.0,215.15,26.72,30.18,24.28,81.9
GHA,GHA_GHA7.3_2,AblekumaWest,GreaterAccra,2000,713.1,513.4,-155.75,26.27,29.28,24.24,82.17
GHA,GHA_GHA7.3_2,AblekumaWest,GreaterAccra,2001,754.5,475.0,-114.35,26.2,29.03,24.26,82.51
GHA,GHA_GHA7.3_2,AblekumaWest,GreaterAccra,2002,836.6,576.3,-32.25,26.41,29.4,24.32,82.18
GHA,GHA_GHA7.3_2,AblekumaWest,GreaterAccra,2003,862.4,527.7,-6.45,26.62,29.6,24.58,82.21
GHA,GHA_GHA7.3_2,AblekumaWest,GreaterAccra,2004,714.3,464.6,-154.55,26.49,29.45,24.41,81.91
GHA,GHA_GHA7.3_2,AblekumaWest,GreaterAccra,2005,877.9,620.4,9.05,26.51,29.39,24.46,82.34
GHA,GHA_GHA7.3_2,AblekumaWest,GreaterAccra,2006,744.3,522.8,-124.55,26.67,29.64,24.61,81.5
GHA,GHA_GHA7.3_2,AblekumaWest,GreaterAccra,2007,876.4,676.4,7.55,26.49,29.55,24.3,81.7
GHA,GHA_GHA7.3_2,AblekumaWest,GreaterAccra,2008,885.3,647.9,16.45,26.47,29.46,24.3,81.72
GHA,GHA_GHA7.3_2,AblekumaWest,GreaterAccra,2009,831.7,643.9,-37.15,26.52,29.47,24.49,82.17
GHA,GHA_GHA7.3_2,AblekumaWest,GreaterAccra,2010,869.9,618.9,1.05,26.84,29.63,24.87,82.31
GHA,GHA_GHA7.3_2,AblekumaWest,GreaterAccra,2011,791.1,551.4,-77.75,26.49,29.38,24.44,82.03
GHA,GHA_GHA7.3_2,AblekumaWest,GreaterAccra,2012,904.6,606.7,35.75,26.35,29.28,24.35,82.31
GHA,GHA_GHA7.3_2,AblekumaWest,GreaterAccra,2013,694.9,430.7,-173.95,26.5,29.48,24.48,81.84
GHA,GHA_GHA7.3_2,AblekumaWest,GreaterAccra,2014,1129.1,750.9,260.25,26.32,29.06,24.46,83.78
GHA,GHA_GHA7.3_2,AblekumaWest,GreaterAccra,2015,902.6,644.7,33.75,26.44,29.27,24.4,82.58
GHA,GHA_GHA7.3_2,AblekumaWest,GreaterAccra,2016,1071.0,794.8,202.15,26.69,29.56,24.75,83.47
GHA,GHA_GHA7.3_2,AblekumaWest,GreaterAccra,2017,821.6,517.8,-47.25,26.61,29.58,24.44,83.64
GHA,GHA_GHA7.3_2,AblekumaWest,GreaterAccra,2018,640.7,449.9,-228.15,26.68,29.82,24.24,82.56
GHA,GHA_GHA7.3_2,AblekumaWest,GreaterAccra,2019,919.5,679.0,50.65,26.86,29.84,24.58,84.0
GHA,GHA_GHA7.3_2,AblekumaWest,GreaterAccra,2020,781.8,620.9,-87.05,26.72,29.72,24.41,82.92
GHA,GHA_GHA7.3_2,AblekumaWest,GreaterAccra,2021,834.1,656.5,-34.75,26.84,29.84,24.52,83.09
GHA,GHA_GHA7.3_2,AblekumaWest,GreaterAccra,2022,1035.0,761.1,166.15,26.35,29.48,23.86,82.53
GHA,GHA_GHA7.3_2,AblekumaWest,GreaterAccra,2023,1097.6,820.2,228.75,26.79,30.06,24.25,82.96
GHA,GHA_GHA7.3_2,AblekumaWest,GreaterAccra,2024,916.2,606.3,47.35,27.07,30.65,24.42,81.97
GHA,GHA_GHA7.3_2,AblekumaWest,GreaterAccra,2025,1084.0,688.0,215.15,26.83,30.29,24.39,81.91
GHA,GHA_GHA7.4_2,Accra,GreaterAccra,2000,713.1,513.4,-155.75,26.35,29.09,24.45,82.0
GHA,GHA_GHA7.4_2,Accra,GreaterAccra,2001,754.5,475.0,-114.35,26.28,28.86,24.47,82.32
GHA,GHA_GHA7.4_2,Accra,GreaterAccra,2002,836.6,576.3,-32.25,26.48,29.2,24.53,82.03
GHA,GHA_GHA7.4_2,Accra,GreaterAccra,2003,862.4,527.7,-6.45,26.7,29.42,24.77,82.0
GHA,GHA_GHA7.4_2,Accra,GreaterAccra,2004,714.3,464.6,-154.55,26.55,29.26,24.61,81.79
GHA,GHA_GHA7.4_2,Accra,GreaterAccra,2005,877.9,620.4,9.05,26.58,29.2,24.67,82.22
GHA,GHA_GHA7.4_2,Accra,GreaterAccra,2006,744.3,522.8,-124.55,26.74,29.46,24.81,81.36
GHA,GHA_GHA7.4_2,Accra,GreaterAccra,2007,876.4,676.4,7.55,26.56,29.35,24.54,81.54
GHA,GHA_GHA7.4_2,Accra,GreaterAccra,2008,885.3,647.9,16.45,26.56,29.29,24.54,81.48
GHA,GHA_GHA7.4_2,Accra,GreaterAccra,2009,831.7,643.9,-37.15,26.58,29.27,24.68,82.05
GHA,GHA_GHA7.4_2,Accra,GreaterAccra,2010,869.9,618.9,1.05,26.92,29.46,25.07,82.1
GHA,GHA_GHA7.4_2,Accra,GreaterAccra,2011,791.1,551.4,-77.75,26.56,29.21,24.64,81.83
GHA,GHA_GHA7.4_2,Accra,GreaterAccra,2012,904.6,606.7,35.75,26.41,29.09,24.54,82.21
GHA,GHA_GHA7.4_2,Accra,GreaterAccra,2013,694.9,430.7,-173.95,26.55,29.27,24.67,81.83
GHA,GHA_GHA7.4_2,Accra,GreaterAccra,2014,1129.1,750.9,260.25,26.4,28.91,24.66,83.6
GHA,GHA_GHA7.4_2,Accra,GreaterAccra,2015,902.6,644.7,33.75,26.51,29.08,24.6,82.46
GHA,GHA_GHA7.4_2,Accra,GreaterAccra,2016,1071.0,794.8,202.15,26.76,29.39,24.95,83.32
GHA,GHA_GHA7.4_2,Accra,GreaterAccra,2017,821.6,517.8,-47.25,26.63,29.59,24.45,83.64
GHA,GHA_GHA7.4_2,Accra,GreaterAccra,2018,640.7,449.9,-228.15,26.69,29.83,24.25,82.56
GHA,GHA_GHA7.4_2,Accra,GreaterAccra,2019,919.5,679.0,50.65,26.87,29.85,24.6,84.0
GHA,GHA_GHA7.4_2,Accra,GreaterAccra,2020,781.8,620.9,-87.05,26.73,29.73,24.42,82.92
GHA,GHA_GHA7.4_2,Accra,GreaterAccra,2021,834.1,656.5,-34.75,26.85,29.85,24.53,83.09
GHA,GHA_GHA7.4_2,Accra,GreaterAccra,2022,1035.0,761.1,166.15,26.36,29.49,23.88,82.53
GHA,GHA_GHA7.4_2,Accra,GreaterAccra,2023,1097.6,820.2,228.75,26.81,30.07,24.27,82.96
GHA,GHA_GHA7.4_2,Accra,GreaterAccra,2024,916.2,606.3,47.35,27.08,30.66,24.43,81.97
GHA,GHA_GHA7.4_2,Accra,GreaterAccra,2025,1084.0,688.0,215.15,26.84,30.3,24.4,81.91
GHA,GHA_GHA7.5_2,AdaEast,GreaterAccra,2000,679.5,501.3,-161.5,26.36,27.63,25.31,83.06
GHA,GHA_GHA7.5_2,AdaEast,GreaterAccra,2001,779.9,520.1,-61.1,26.32,27.52,25.31,83.28
GHA,GHA_GHA7.5_2,AdaEast,GreaterAccra,2002,808.5,540.5,-32.5,26.4,27.64,25.36,83.66
GHA,GHA_GHA7.5_2,AdaEast,GreaterAccra,2003,855.3,512.9,14.3,26.62,27.84,25.58,83.75
GHA,GHA_GHA7.5_2,AdaEast,GreaterAccra,2004,662.7,458.7,-178.3,26.44,27.63,25.41,83.93
GHA,GHA_GHA7.5_2,AdaEast,GreaterAccra,2005,810.5,570.0,-30.5,26.53,27.73,25.48,83.64
GHA,GHA_GHA7.5_2,AdaEast,GreaterAccra,2006,735.4,557.7,-105.6,26.66,27.87,25.61,83.32
GHA,GHA_GHA7.5_2,AdaEast,GreaterAccra,2007,828.4,669.7,-12.6,26.56,27.85,25.44,82.71
GHA,GHA_GHA7.5_2,AdaEast,GreaterAccra,2008,781.8,572.7,-59.2,26.63,27.92,25.5,82.11
GHA,GHA_GHA7.5_2,AdaEast,GreaterAccra,2009,753.5,595.0,-87.5,26.48,27.73,25.46,83.85
GHA,GHA_GHA7.5_2,AdaEast,GreaterAccra,2010,831.0,610.5,-10.0,26.92,28.07,25.88,83.13
GHA,GHA_GHA7.5_2,AdaEast,GreaterAccra,2011,798.9,605.6,-42.1,26.51,27.71,25.48,83.31
GHA,GHA_GHA7.5_2,AdaEast,GreaterAccra,2012,839.7,583.1,-1.3,26.35,27.54,25.32,83.8
GHA,GHA_GHA7.5_2,AdaEast,GreaterAccra,2013,619.3,385.4,-221.7,26.41,27.62,25.41,84.07
GHA,GHA_GHA7.5_2,AdaEast,GreaterAccra,2014,1005.3,724.8,164.3,26.44,27.62,25.45,84.56
GHA,GHA_GHA7.5_2,AdaEast,GreaterAccra,2015,780.6,536.4,-60.4,26.48,27.73,25.41,83.52
GHA,GHA_GHA7.5_2,AdaEast,GreaterAccra,2016,1015.1,781.5,174.1,26.69,27.93,25.69,84.83
GHA,GHA_GHA7.5_2,AdaEast,GreaterAccra,2017,988.8,668.6,147.8,26.82,29.45,25.02,83.62
GHA,GHA_GHA7.5_2,AdaEast,GreaterAccra,2018,711.6,509.4,-129.4,26.9,29.63,24.91,82.58
GHA,GHA_GHA7.5_2,AdaEast,GreaterAccra,2019,927.5,675.7,86.5,27.12,29.77,25.19,83.52
GHA,GHA_GHA7.5_2,AdaEast,GreaterAccra,2020,752.9,552.8,-88.1,26.96,29.7,25.01,82.2
GHA,GHA_GHA7.5_2,AdaEast,GreaterAccra,2021,939.2,720.8,98.2,27.16,29.8,25.22,82.08
GHA,GHA_GHA7.5_2,AdaEast,GreaterAccra,2022,1040.8,776.1,199.8,26.67,29.56,24.56,81.44
GHA,GHA_GHA7.5_2,AdaEast,GreaterAccra,2023,1078.7,745.7,237.7,27.18,30.26,24.9,81.26
GHA,GHA_GHA7.5_2,AdaEast,GreaterAccra,2024,923.4,612.9,82.4,27.48,31.06,25.0,79.61
GHA,GHA_GHA7.5_2,AdaEast,GreaterAccra,2025,917.6,584.6,76.6,27.3,30.98,24.79,79.34
GHA,GHA_GHA7.6_2,AdaWest,GreaterAccra,2000,679.5,501.3,-177.17,26.49,29.16,24.66,80.67
GHA,GHA_GHA7.6_2,AdaWest,GreaterAccra,2001,779.9,520.1,-76.77,26.43,28.96,24.68,80.99
GHA,GHA_GHA7.6_2,AdaWest,GreaterAccra,2002,808.5,540.5,-48.17,26.59,29.25,24.74,80.83
GHA,GHA_GHA7.6_2,AdaWest,GreaterAccra,2003,855.3,512.9,-1.37,26.81,29.45,24.97,81.01
GHA,GHA_GHA7.6_2,AdaWest,GreaterAccra,2004,662.7,458.7,-193.97,26.71,29.39,24.83,80.49
GHA,GHA_GHA7.6_2,AdaWest,GreaterAccra,2005,810.5,570.0,-46.17,26.7,29.27,24.87,81.04
GHA,GHA_GHA7.6_2,AdaWest,GreaterAccra,2006,735.4,557.7,-121.27,26.85,29.47,25.01,80.45
GHA,GHA_GHA7.6_2,AdaWest,GreaterAccra,2007,828.4,669.7,-28.27,26.71,29.45,24.75,80.16
GHA,GHA_GHA7.6_2,AdaWest,GreaterAccra,2008,781.8,572.7,-74.87,26.75,29.46,24.79,79.78
GHA,GHA_GHA7.6_2,AdaWest,GreaterAccra,2009,753.5,595.0,-103.17,26.77,29.48,24.93,80.38
GHA,GHA_GHA7.6_2,AdaWest,GreaterAccra,2010,831.0,610.5,-25.67,27.07,29.56,25.29,80.82
GHA,GHA_GHA7.6_2,AdaWest,GreaterAccra,2011,798.9,605.6,-57.77,26.66,29.25,24.85,80.79
GHA,GHA_GHA7.6_2,AdaWest,GreaterAccra,2012,839.7,583.1,-16.97,26.55,29.19,24.73,80.96
GHA,GHA_GHA7.6_2,AdaWest,GreaterAccra,2013,619.3,385.4,-237.37,26.71,29.41,24.89,80.38
GHA,GHA_GHA7.6_2,AdaWest,GreaterAccra,2014,1005.3,724.8,148.63,26.55,29.05,24.84,82.33
GHA,GHA_GHA7.6_2,AdaWest,GreaterAccra,2015,780.6,536.4,-76.07,26.61,29.16,24.76,81.17
GHA,GHA_GHA7.6_2,AdaWest,GreaterAccra,2016,1015.1,781.5,158.43,26.85,29.42,25.1,82.28
GHA,GHA_GHA7.6_2,AdaWest,GreaterAccra,2017,1097.4,694.4,240.73,26.71,29.36,24.88,84.28
GHA,GHA_GHA7.6_2,AdaWest,GreaterAccra,2018,790.6,551.3,-66.07,26.78,29.52,24.75,83.25
GHA,GHA_GHA7.6_2,AdaWest,GreaterAccra,2019,983.0,747.6,126.33,27.03,29.7,25.05,83.92
GHA,GHA_GHA7.6_2,AdaWest,GreaterAccra,2020,767.9,546.6,-88.77,26.88,29.64,24.87,82.68
GHA,GHA_GHA7.6_2,AdaWest,GreaterAccra,2021,911.3,703.7,54.63,27.06,29.75,25.07,82.65
GHA,GHA_GHA7.6_2,AdaWest,GreaterAccra,2022,1064.1,796.6,207.43,26.56,29.45,24.41,82.21
GHA,GHA_GHA7.6_2,AdaWest,GreaterAccra,2023,1119.5,783.8,262.83,27.07,30.17,24.76,82.0
GHA,GHA_GHA7.6_2,AdaWest,GreaterAccra,2024,969.8,651.8,113.13,27.39,30.97,24.9,80.39
GHA,GHA_GHA7.6_2,AdaWest,GreaterAccra,2025,984.5,641.0,127.83,27.18,30.84,24.72,80.44
GHA,GHA_GHA7.7_2,Adenta,GreaterAccra,2000,713.1,513.4,-286.6,26.27,29.49,24.19,80.71
GHA,GHA_GHA7.7_2,Adenta,GreaterAccra,2001,754.5,475.0,-245.2,26.17,29.19,24.19,81.28
GHA,GHA_GHA7.7_2,Adenta,GreaterAccra,2002,836.6,576.3,-163.1,26.41,29.61,24.29,80.68
GHA,GHA_GHA7.7_2,Adenta,GreaterAccra,2003,862.4,527.7,-137.3,26.61,29.8,24.51,80.9
GHA,GHA_GHA7.7_2,Adenta,GreaterAccra,2004,714.3,464.6,-285.4,26.5,29.67,24.37,80.46
GHA,GHA_GHA7.7_2,Adenta,GreaterAccra,2005,877.9,620.4,-121.8,26.49,29.57,24.4,81.13
GHA,GHA_GHA7.7_2,Adenta,GreaterAccra,2006,744.3,522.8,-255.4,26.64,29.83,24.53,80.3
GHA,GHA_GHA7.7_2,Adenta,GreaterAccra,2007,876.4,676.4,-123.3,26.49,29.77,24.26,80.27
GHA,GHA_GHA7.7_2,Adenta,GreaterAccra,2008,885.3,647.9,-114.4,26.47,29.68,24.28,80.31
GHA,GHA_GHA7.7_2,Adenta,GreaterAccra,2009,831.7,643.9,-168.0,26.53,29.71,24.45,80.7
GHA,GHA_GHA7.7_2,Adenta,GreaterAccra,2010,869.9,618.9,-129.8,26.84,29.85,24.8,81.01
GHA,GHA_GHA7.7_2,Adenta,GreaterAccra,2011,791.1,551.4,-208.6,26.48,29.6,24.38,80.65
GHA,GHA_GHA7.7_2,Adenta,GreaterAccra,2012,904.6,606.7,-95.1,26.31,29.46,24.27,81.17
GHA,GHA_GHA7.7_2,Adenta,GreaterAccra,2013,694.9,430.7,-304.8,26.5,29.7,24.43,80.41
GHA,GHA_GHA7.7_2,Adenta,GreaterAccra,2014,1129.1,750.9,129.4,26.3,29.23,24.37,82.65
GHA,GHA_GHA7.7_2,Adenta,GreaterAccra,2015,902.6,644.7,-97.1,26.39,29.39,24.33,81.48
GHA,GHA_GHA7.7_2,Adenta,GreaterAccra,2016,1071.0,794.8,71.3,26.72,29.83,24.7,81.95
GHA,GHA_GHA7.7_2,Adenta,GreaterAccra,2017,1440.8,895.6,441.1,26.0,30.39,23.39,84.81
GHA,GHA_GHA7.7_2,Adenta,GreaterAccra,2018,1261.6,875.1,261.9,26.04,30.62,23.25,84.08
GHA,GHA_GHA7.7_2,Adenta,GreaterAccra,2019,1357.9,1003.7,358.2,26.3,30.83,23.62,85.06
GHA,GHA_GHA7.7_2,Adenta,GreaterAccra,2020,1280.4,972.1,280.7,26.21,30.81,23.47,83.82
GHA,GHA_GHA7.7_2,Adenta,GreaterAccra,2021,1351.1,999.1,351.4,26.24,30.87,23.5,84.46
GHA,GHA_GHA7.7_2,Adenta,GreaterAccra,2022,1355.5,957.0,355.8,25.75,30.56,22.85,83.85
GHA,GHA_GHA7.7_2,Adenta,GreaterAccra,2023,1357.0,975.4,357.3,26.27,31.07,23.4,83.53
GHA,GHA_GHA7.7_2,Adenta,GreaterAccra,2024,1074.7,712.6,75.0,26.57,31.41,23.63,82.5
GHA,GHA_GHA7.7_2,Adenta,GreaterAccra,2025,1053.5,718.1,53.8,26.32,30.84,23.48,83.02
GHA,GHA_GHA7.8_2,Ashaiman,GreaterAccra,2000,439.4,321.8,-280.93,26.54,29.7,24.46,79.59
GHA,GHA_GHA7.8_2,Ashaiman,GreaterAccra,2001,557.1,365.9,-163.23,26.42,29.35,24.44,80.35
GHA,GHA_GHA7.8_2,Ashaiman,GreaterAccra,2002,554.4,387.2,-165.93,26.68,29.8,24.55,79.64
GHA,GHA_GHA7.8_2,Ashaiman,GreaterAccra,2003,571.8,359.1,-148.53,26.88,29.99,24.77,79.85
GHA,GHA_GHA7.8_2,Ashaiman,GreaterAccra,2004,396.9,257.1,-323.43,26.77,29.9,24.63,79.35
GHA,GHA_GHA7.8_2,Ashaiman,GreaterAccra,2005,694.1,493.5,-26.23,26.72,29.71,24.65,80.34
GHA,GHA_GHA7.8_2,Ashaiman,GreaterAccra,2006,521.3,398.2,-199.03,26.91,30.03,24.79,79.34
GHA,GHA_GHA7.8_2,Ashaiman,GreaterAccra,2007,651.1,524.3,-69.23,26.72,29.86,24.54,79.56
GHA,GHA_GHA7.8_2,Ashaiman,GreaterAccra,2008,587.5,432.0,-132.83,26.74,29.85,24.55,79.35
GHA,GHA_GHA7.8_2,Ashaiman,GreaterAccra,2009,644.5,529.4,-75.83,26.78,29.89,24.7,79.73
GHA,GHA_GHA7.8_2,Ashaiman,GreaterAccra,2010,620.8,462.0,-99.53,27.08,30.0,25.06,80.11
GHA,GHA_GHA7.8_2,Ashaiman,GreaterAccra,2011,534.8,395.8,-185.53,26.74,29.79,24.64,79.64
GHA,GHA_GHA7.8_2,Ashaiman,GreaterAccra,2012,654.1,455.5,-66.23,26.55,29.63,24.51,80.31
GHA,GHA_GHA7.8_2,Ashaiman,GreaterAccra,2013,485.9,300.3,-234.43,26.74,29.89,24.68,79.56
GHA,GHA_GHA7.8_2,Ashaiman,GreaterAccra,2014,795.1,568.5,74.77,26.53,29.38,24.61,81.86
GHA,GHA_GHA7.8_2,Ashaiman,GreaterAccra,2015,670.4,505.9,-49.93,26.64,29.56,24.57,80.59
GHA,GHA_GHA7.8_2,Ashaiman,GreaterAccra,2016,752.7,616.7,32.37,26.94,29.98,24.93,81.11
GHA,GHA_GHA7.8_2,Ashaiman,GreaterAccra,2017,912.5,579.5,192.17,26.83,30.61,24.42,82.13
GHA,GHA_GHA7.8_2,Ashaiman,GreaterAccra,2018,784.7,539.7,64.37,26.95,30.91,24.29,80.73
GHA,GHA_GHA7.8_2,Ashaiman,GreaterAccra,2019,1011.8,766.7,291.47,27.12,30.94,24.6,82.25
GHA,GHA_GHA7.8_2,Ashaiman,GreaterAccra,2020,913.9,741.3,193.57,27.04,30.92,24.47,80.82
GHA,GHA_GHA7.8_2,Ashaiman,GreaterAccra,2021,965.9,754.9,245.57,27.12,31.02,24.54,81.27
GHA,GHA_GHA7.8_2,Ashaiman,GreaterAccra,2022,1118.4,805.2,398.07,26.56,30.55,23.9,81.24
GHA,GHA_GHA7.8_2,Ashaiman,GreaterAccra,2023,1049.2,727.9,328.87,27.09,31.15,24.35,80.82
GHA,GHA_GHA7.8_2,Ashaiman,GreaterAccra,2024,892.4,594.8,172.07,27.35,31.53,24.56,80.03
GHA,GHA_GHA7.8_2,Ashaiman,GreaterAccra,2025,948.0,621.0,227.67,27.08,31.07,24.42,80.84
GHA,GHA_GHA7.9_2,AyawasoCentral,GreaterAccra,2000,713.1,513.4,-155.75,26.29,29.03,24.39,81.99
GHA,GHA_GHA7.9_2,AyawasoCentral,GreaterAccra,2001,754.5,475.0,-114.35,26.22,28.8,24.41,82.32
GHA,GHA_GHA7.9_2,AyawasoCentral,GreaterAccra,2002,836.6,576.3,-32.25,26.42,29.14,24.47,82.02
GHA,GHA_GHA7.9_2,AyawasoCentral,GreaterAccra,2003,862.4,527.7,-6.45,26.64,29.36,24.72,82.0
GHA,GHA_GHA7.9_2,AyawasoCentral,GreaterAccra,2004,714.3,464.6,-154.55,26.49,29.2,24.55,81.78
GHA,GHA_GHA7.9_2,AyawasoCentral,GreaterAccra,2005,877.9,620.4,9.05,26.52,29.14,24.61,82.21
GHA,GHA_GHA7.9_2,AyawasoCentral,GreaterAccra,2006,744.3,522.8,-124.55,26.68,29.4,24.75,81.35
GHA,GHA_GHA7.9_2,AyawasoCentral,GreaterAccra,2007,876.4,676.4,7.55,26.5,29.29,24.48,81.54
GHA,GHA_GHA7.9_2,AyawasoCentral,GreaterAccra,2008,885.3,647.9,16.45,26.5,29.23,24.48,81.47
GHA,GHA_GHA7.9_2,AyawasoCentral,GreaterAccra,2009,831.7,643.9,-37.15,26.52,29.22,24.62,82.04
GHA,GHA_GHA7.9_2,AyawasoCentral,GreaterAccra,2010,869.9,618.9,1.05,26.86,29.4,25.01,82.1
GHA,GHA_GHA7.9_2,AyawasoCentral,GreaterAccra,2011,791.1,551.4,-77.75,26.5,29.15,24.58,81.82
GHA,GHA_GHA7.9_2,AyawasoCentral,GreaterAccra,2012,904.6,606.7,35.75,26.35,29.03,24.48,82.2
GHA,GHA_GHA7.9_2,AyawasoCentral,GreaterAccra,2013,694.9,430.7,-173.95,26.49,29.21,24.61,81.82
GHA,GHA_GHA7.9_2,AyawasoCentral,GreaterAccra,2014,1129.1,750.9,260.25,26.34,28.85,24.6,83.6
GHA,GHA_GHA7.9_2,AyawasoCentral,GreaterAccra,2015,902.6,644.7,33.75,26.45,29.03,24.54,82.45
GHA,GHA_GHA7.9_2,AyawasoCentral,GreaterAccra,2016,1071.0,794.8,202.15,26.7,29.33,24.89,83.32
GHA,GHA_GHA7.9_2,AyawasoCentral,GreaterAccra,2017,821.6,517.8,-47.25,26.5,29.47,24.33,83.63
GHA,GHA_GHA7.9_2,AyawasoCentral,GreaterAccra,2018,640.7,449.9,-228.15,26.57,29.71,24.13,82.54
GHA,GHA_GHA7.9_2,AyawasoCentral,GreaterAccra,2019,919.5,679.0,50.65,26.75,29.73,24.47,83.99
GHA,GHA_GHA7.9_2,AyawasoCentral,GreaterAccra,2020,781.8,620.9,-87.05,26.61,29.61,24.3,82.91
GHA,GHA_GHA7.9_2,AyawasoCentral,GreaterAccra,2021,834.1,656.5,-34.75,26.73,29.73,24.4,83.08
GHA,GHA_GHA7.9_2,AyawasoCentral,GreaterAccra,2022,1035.0,761.1,166.15,26.24,29.37,23.75,82.52
GHA,GHA_GHA7.9_2,AyawasoCentral,GreaterAccra,2023,1097.6,820.2,228.75,26.68,29.95,24.14,82.95
GHA,GHA_GHA7.9_2,AyawasoCentral,GreaterAccra,2024,916.2,606.3,47.35,26.96,30.54,24.31,81.96
GHA,GHA_GHA7.9_2,AyawasoCentral,GreaterAccra,2025,1084.0,688.0,215.15,26.72,30.18,24.28,81.9
GHA,GHA_GHA7.10_2,AyawasoEast,GreaterAccra,2000,713.1,513.4,-155.75,26.2,28.95,24.3,81.98
GHA,GHA_GHA7.10_2,AyawasoEast,GreaterAccra,2001,754.5,475.0,-114.35,26.14,28.71,24.33,82.31
GHA,GHA_GHA7.10_2,AyawasoEast,GreaterAccra,2002,836.6,576.3,-32.25,26.33,29.05,24.39,82.01
GHA,GHA_GHA7.10_2,AyawasoEast,GreaterAccra,2003,862.4,527.7,-6.45,26.55,29.28,24.63,81.99
GHA,GHA_GHA7.10_2,AyawasoEast,GreaterAccra,2004,714.3,464.6,-154.55,26.41,29.11,24.47,81.77
GHA,GHA_GHA7.10_2,AyawasoEast,GreaterAccra,2005,877.9,620.4,9.05,26.44,29.06,24.52,82.2
GHA,GHA_GHA7.10_2,AyawasoEast,GreaterAccra,2006,744.3,522.8,-124.55,26.6,29.32,24.67,81.34
GHA,GHA_GHA7.10_2,AyawasoEast,GreaterAccra,2007,876.4,676.4,7.55,26.42,29.2,24.39,81.53
GHA,GHA_GHA7.10_2,AyawasoEast,GreaterAccra,2008,885.3,647.9,16.45,26.42,29.14,24.39,81.46
GHA,GHA_GHA7.10_2,AyawasoEast,GreaterAccra,2009,831.7,643.9,-37.15,26.43,29.13,24.54,82.03
GHA,GHA_GHA7.10_2,AyawasoEast,GreaterAccra,2010,869.9,618.9,1.05,26.77,29.32,24.93,82.09
GHA,GHA_GHA7.10_2,AyawasoEast,GreaterAccra,2011,791.1,551.4,-77.75,26.42,29.07,24.5,81.81
GHA,GHA_GHA7.10_2,AyawasoEast,GreaterAccra,2012,904.6,606.7,35.75,26.26,28.95,24.4,82.19
GHA,GHA_GHA7.10_2,AyawasoEast,GreaterAccra,2013,694.9,430.7,-173.95,26.41,29.13,24.52,81.81
GHA,GHA_GHA7.10_2,AyawasoEast,GreaterAccra,2014,1129.1,750.9,260.25,26.26,28.77,24.52,83.59
GHA,GHA_GHA7.10_2,AyawasoEast,GreaterAccra,2015,902.6,644.7,33.75,26.36,28.94,24.46,82.44
GHA,GHA_GHA7.10_2,AyawasoEast,GreaterAccra,2016,1071.0,794.8,202.15,26.62,29.24,24.8,83.31
GHA,GHA_GHA7.10_2,AyawasoEast,GreaterAccra,2017,821.6,517.8,-47.25,26.5,29.47,24.33,83.63
GHA,GHA_GHA7.10_2,AyawasoEast,GreaterAccra,2018,640.7,449.9,-228.15,26.57,29.71,24.13,82.54
GHA,GHA_GHA7.10_2,AyawasoEast,GreaterAccra,2019,919.5,679.0,50.65,26.75,29.73,24.47,83.99
GHA,GHA_GHA7.10_2,AyawasoEast,GreaterAccra,2020,781.8,620.9,-87.05,26.61,29.61,24.3,82.91
GHA,GHA_GHA7.10_2,AyawasoEast,GreaterAccra,2021,834.1,656.5,-34.75,26.73,29.73,24.4,83.08
GHA,GHA_GHA7.10_2,AyawasoEast,GreaterAccra,2022,1035.0,761.1,166.15,26.24,29.37,23.75,82.52
GHA,GHA_GHA7.10_2,AyawasoEast,GreaterAccra,2023,1097.6,820.2,228.75,26.68,29.95,24.14,82.95
GHA,GHA_GHA7.10_2,AyawasoEast,GreaterAccra,2024,916.2,606.3,47.35,26.96,30.54,24.31,81.96
GHA,GHA_GHA7.10_2,AyawasoEast,GreaterAccra,2025,1084.0,688.0,215.15,26.72,30.18,24.28,81.9
GHA,GHA_GHA7.11_2,AyawasoNorth,GreaterAccra,2000,713.1,513.4,-155.75,26.3,29.04,24.4,81.99
GHA,GHA_GHA7.11_2,AyawasoNorth,GreaterAccra,2001,754.5,475.0,-114.35,26.23,28.81,24.42,82.32
GHA,GHA_GHA7.11_2,AyawasoNorth,GreaterAccra,2002,836.6,576.3,-32.25,26.43,29.15,24.48,82.02
GHA,GHA_GHA7.11_2,AyawasoNorth,GreaterAccra,2003,862.4,527.7,-6.45,26.65,29.38,24.73,82.0
GHA,GHA_GHA7.11_2,AyawasoNorth,GreaterAccra,2004,714.3,464.6,-154.55,26.51,29.21,24.57,81.78
GHA,GHA_GHA7.11_2,AyawasoNorth,GreaterAccra,2005,877.9,620.4,9.05,26.53,29.16,24.62,82.21
GHA,GHA_GHA7.11_2,AyawasoNorth,GreaterAccra,2006,744.3,522.8,-124.55,26.7,29.41,24.77,81.35
GHA,GHA_GHA7.11_2,AyawasoNorth,GreaterAccra,2007,876.4,676.4,7.55,26.52,29.3,24.49,81.54
GHA,GHA_GHA7.11_2,AyawasoNorth,GreaterAccra,2008,885.3,647.9,16.45,26.51,29.24,24.49,81.47
GHA,GHA_GHA7.11_2,AyawasoNorth,GreaterAccra,2009,831.7,643.9,-37.15,26.53,29.23,24.64,82.05
GHA,GHA_GHA7.11_2,AyawasoNorth,GreaterAccra,2010,869.9,618.9,1.05,26.87,29.41,25.02,82.1
GHA,GHA_GHA7.11_2,AyawasoNorth,GreaterAccra,2011,791.1,551.4,-77.75,26.52,29.17,24.6,81.82
GHA,GHA_GHA7.11_2,AyawasoNorth,GreaterAccra,2012,904.6,606.7,35.75,26.36,29.05,24.49,82.2
GHA,GHA_GHA7.11_2,AyawasoNorth,GreaterAccra,2013,694.9,430.7,-173.95,26.5,29.23,24.62,81.83
GHA,GHA_GHA7.11_2,AyawasoNorth,GreaterAccra,2014,1129.1,750.9,260.25,26.36,28.86,24.61,83.6
GHA,GHA_GHA7.11_2,AyawasoNorth,GreaterAccra,2015,902.6,644.7,33.75,26.46,29.04,24.56,82.45
GHA,GHA_GHA7.11_2,AyawasoNorth,GreaterAccra,2016,1071.0,794.8,202.15,26.71,29.34,24.9,83.32
GHA,GHA_GHA7.11_2,AyawasoNorth,GreaterAccra,2017,821.6,517.8,-47.25,26.5,29.47,24.33,83.63
GHA,GHA_GHA7.11_2,AyawasoNorth,GreaterAccra,2018,640.7,449.9,-228.15,26.57,29.71,24.13,82.54
GHA,GHA_GHA7.11_2,AyawasoNorth,GreaterAccra,2019,919.5,679.0,50.65,26.75,29.73,24.47,83.99
GHA,GHA_GHA7.11_2,AyawasoNorth,GreaterAccra,2020,781.8,620.9,-87.05,26.61,29.61,24.3,82.91
GHA,GHA_GHA7.11_2,AyawasoNorth,GreaterAccra,2021,834.1,656.5,-34.75,26.73,29.73,24.4,83.08
GHA,GHA_GHA7.11_2,AyawasoNorth,GreaterAccra,2022,1035.0,761.1,166.15,26.24,29.37,23.75,82.52
GHA,GHA_GHA7.11_2,AyawasoNorth,GreaterAccra,2023,1097.6,820.2,228.75,26.68,29.95,24.14,82.95
GHA,GHA_GHA7.11_2,AyawasoNorth,GreaterAccra,2024,916.2,606.3,47.35,26.96,30.54,24.31,81.96
GHA,GHA_GHA7.11_2,AyawasoNorth,GreaterAccra,2025,1084.0,688.0,215.15,26.72,30.18,24.28,81.9
GHA,GHA_GHA7.12_2,AyawasoWest,GreaterAccra,2000,713.1,513.4,-238.23,26.07,28.82,24.17,81.97
GHA,GHA_GHA7.12_2,AyawasoWest,GreaterAccra,2001,754.5,475.0,-196.83,26.01,28.58,24.2,82.29
GHA,GHA_GHA7.12_2,AyawasoWest,GreaterAccra,2002,836.6,576.3,-114.73,26.2,28.92,24.26,82.0
GHA,GHA_GHA7.12_2,AyawasoWest,GreaterAccra,2003,862.4,527.7,-88.93,26.42,29.15,24.5,81.97
GHA,GHA_GHA7.12_2,AyawasoWest,GreaterAccra,2004,714.3,464.6,-237.03,26.28,28.98,24.34,81.75
GHA,GHA_GHA7.12_2,AyawasoWest,GreaterAccra,2005,877.9,620.4,-73.43,26.31,28.93,24.39,82.18
GHA,GHA_GHA7.12_2,AyawasoWest,GreaterAccra,2006,744.3,522.8,-207.03,26.47,29.19,24.54,81.33
GHA,GHA_GHA7.12_2,AyawasoWest,GreaterAccra,2007,876.4,676.4,-74.93,26.29,29.07,24.26,81.51
GHA,GHA_GHA7.12_2,AyawasoWest,GreaterAccra,2008,885.3,647.9,-66.03,26.29,29.01,24.26,81.45
GHA,GHA_GHA7.12_2,AyawasoWest,GreaterAccra,2009,831.7,643.9,-119.63,26.3,29.0,24.41,82.02
GHA,GHA_GHA7.12_2,AyawasoWest,GreaterAccra,2010,869.9,618.9,-81.43,26.64,29.19,24.8,82.07
GHA,GHA_GHA7.12_2,AyawasoWest,GreaterAccra,2011,791.1,551.4,-160.23,26.29,28.94,24.37,81.8
GHA,GHA_GHA7.12_2,AyawasoWest,GreaterAccra,2012,904.6,606.7,-46.73,26.13,28.82,24.27,82.18
GHA,GHA_GHA7.12_2,AyawasoWest,GreaterAccra,2013,694.9,430.7,-256.43,26.28,29.0,24.39,81.8
GHA,GHA_GHA7.12_2,AyawasoWest,GreaterAccra,2014,1129.1,750.9,177.77,26.13,28.64,24.39,83.57
GHA,GHA_GHA7.12_2,AyawasoWest,GreaterAccra,2015,902.6,644.7,-48.73,26.23,28.81,24.33,82.43
GHA,GHA_GHA7.12_2,AyawasoWest,GreaterAccra,2016,1071.0,794.8,119.67,26.49,29.11,24.67,83.29
GHA,GHA_GHA7.12_2,AyawasoWest,GreaterAccra,2017,1287.5,776.0,336.17,26.25,29.91,23.88,84.67
GHA,GHA_GHA7.12_2,AyawasoWest,GreaterAccra,2018,1013.0,657.6,61.67,26.3,30.17,23.7,83.72
GHA,GHA_GHA7.12_2,AyawasoWest,GreaterAccra,2019,1176.0,841.0,224.67,26.54,30.33,24.07,84.74
GHA,GHA_GHA7.12_2,AyawasoWest,GreaterAccra,2020,1088.9,804.4,137.57,26.43,30.21,23.93,83.6
GHA,GHA_GHA7.12_2,AyawasoWest,GreaterAccra,2021,1197.9,891.8,246.57,26.48,30.27,23.99,84.13
GHA,GHA_GHA7.12_2,AyawasoWest,GreaterAccra,2022,1240.3,857.7,288.97,25.98,29.89,23.33,83.74
GHA,GHA_GHA7.12_2,AyawasoWest,GreaterAccra,2023,1255.7,891.4,304.37,26.48,30.42,23.84,83.45
GHA,GHA_GHA7.12_2,AyawasoWest,GreaterAccra,2024,987.9,645.9,36.57,26.78,30.83,24.06,82.29
GHA,GHA_GHA7.12_2,AyawasoWest,GreaterAccra,2025,1027.8,680.5,76.47,26.64,30.63,23.98,81.91
GHA,GHA_GHA7.13_2,GaCentral,GreaterAccra,2000,713.1,513.4,-210.7,25.83,28.84,23.79,82.12
GHA,GHA_GHA7.13_2,GaCentral,GreaterAccra,2001,754.5,475.0,-169.3,25.75,28.59,23.82,82.46
GHA,GHA_GHA7.13_2,GaCentral,GreaterAccra,2002,836.6,576.3,-87.2,25.97,28.95,23.88,82.12
GHA,GHA_GHA7.13_2,GaCentral,GreaterAccra,2003,862.4,527.7,-61.4,26.18,29.16,24.14,82.16
GHA,GHA_GHA7.13_2,GaCentral,GreaterAccra,2004,714.3,464.6,-209.5,26.04,29.01,23.97,81.86
GHA,GHA_GHA7.13_2,GaCentral,GreaterAccra,2005,877.9,620.4,-45.9,26.07,28.95,24.02,82.29
GHA,GHA_GHA7.13_2,GaCentral,GreaterAccra,2006,744.3,522.8,-179.5,26.23,29.2,24.16,81.45
GHA,GHA_GHA7.13_2,GaCentral,GreaterAccra,2007,876.4,676.4,-47.4,26.05,29.11,23.86,81.64
GHA,GHA_GHA7.13_2,GaCentral,GreaterAccra,2008,885.3,647.9,-38.5,26.03,29.02,23.86,81.67
GHA,GHA_GHA7.13_2,GaCentral,GreaterAccra,2009,831.7,643.9,-92.1,26.07,29.03,24.05,82.11
GHA,GHA_GHA7.13_2,GaCentral,GreaterAccra,2010,869.9,618.9,-53.9,26.39,29.19,24.42,82.26
GHA,GHA_GHA7.13_2,GaCentral,GreaterAccra,2011,791.1,551.4,-132.7,26.05,28.94,24.0,81.97
GHA,GHA_GHA7.13_2,GaCentral,GreaterAccra,2012,904.6,606.7,-19.2,25.9,28.84,23.91,82.26
GHA,GHA_GHA7.13_2,GaCentral,GreaterAccra,2013,694.9,430.7,-228.9,26.06,29.04,24.04,81.79
GHA,GHA_GHA7.13_2,GaCentral,GreaterAccra,2014,1129.1,750.9,205.3,25.88,28.62,24.02,83.74
GHA,GHA_GHA7.13_2,GaCentral,GreaterAccra,2015,902.6,644.7,-21.2,26.0,28.83,23.96,82.53
GHA,GHA_GHA7.13_2,GaCentral,GreaterAccra,2016,1071.0,794.8,147.2,26.25,29.12,24.31,83.42
GHA,GHA_GHA7.13_2,GaCentral,GreaterAccra,2017,1015.6,618.9,91.8,26.5,29.81,24.2,84.48
GHA,GHA_GHA7.13_2,GaCentral,GreaterAccra,2018,812.6,564.4,-111.2,26.55,30.06,24.0,83.55
GHA,GHA_GHA7.13_2,GaCentral,GreaterAccra,2019,1134.7,844.3,210.9,26.78,30.18,24.36,84.57
GHA,GHA_GHA7.13_2,GaCentral,GreaterAccra,2020,883.1,680.0,-40.7,26.66,30.1,24.22,83.41
GHA,GHA_GHA7.13_2,GaCentral,GreaterAccra,2021,1033.9,774.9,110.1,26.73,30.15,24.3,84.0
GHA,GHA_GHA7.13_2,GaCentral,GreaterAccra,2022,1219.5,895.3,295.7,26.21,29.75,23.66,83.67
GHA,GHA_GHA7.13_2,GaCentral,GreaterAccra,2023,1250.3,913.8,326.5,26.7,30.44,24.0,83.56
GHA,GHA_GHA7.13_2,GaCentral,GreaterAccra,2024,1009.4,674.7,85.6,26.98,31.07,24.14,82.48
GHA,GHA_GHA7.13_2,GaCentral,GreaterAccra,2025,1200.1,761.1,276.3,26.7,30.57,24.1,82.83
GHA,GHA_GHA7.14_2,GaEast,GreaterAccra,2000,713.1,513.4,-293.31,26.2,29.66,24.0,81.16
GHA,GHA_GHA7.14_2,GaEast,GreaterAccra,2001,754.5,475.0,-251.91,26.11,29.37,24.0,81.69
GHA,GHA_GHA7.14_2,GaEast,GreaterAccra,2002,836.6,576.3,-169.81,26.35,29.78,24.08,81.1
GHA,GHA_GHA7.14_2,GaEast,GreaterAccra,2003,862.4,527.7,-144.01,26.54,29.96,24.32,81.33
GHA,GHA_GHA7.14_2,GaEast,GreaterAccra,2004,714.3,464.6,-292.11,26.43,29.84,24.17,80.87
GHA,GHA_GHA7.14_2,GaEast,GreaterAccra,2005,877.9,620.4,-128.51,26.44,29.76,24.21,81.39
GHA,GHA_GHA7.14_2,GaEast,GreaterAccra,2006,744.3,522.8,-262.11,26.58,29.99,24.34,80.65
GHA,GHA_GHA7.14_2,GaEast,GreaterAccra,2007,876.4,676.4,-130.01,26.43,29.99,24.04,80.54
GHA,GHA_GHA7.14_2,GaEast,GreaterAccra,2008,885.3,647.9,-121.11,26.39,29.85,24.04,80.71
GHA,GHA_GHA7.14_2,GaEast,GreaterAccra,2009,831.7,643.9,-174.71,26.48,29.9,24.27,81.02
GHA,GHA_GHA7.14_2,GaEast,GreaterAccra,2010,869.9,618.9,-136.51,26.77,30.01,24.61,81.43
GHA,GHA_GHA7.14_2,GaEast,GreaterAccra,2011,791.1,551.4,-215.31,26.42,29.77,24.18,81.06
GHA,GHA_GHA7.14_2,GaEast,GreaterAccra,2012,904.6,606.7,-101.81,26.27,29.64,24.1,81.46
GHA,GHA_GHA7.14_2,GaEast,GreaterAccra,2013,694.9,430.7,-311.51,26.46,29.9,24.26,80.62
GHA,GHA_GHA7.14_2,GaEast,GreaterAccra,2014,1129.1,750.9,122.69,26.24,29.4,24.2,82.97
GHA,GHA_GHA7.14_2,GaEast,GreaterAccra,2015,902.6,644.7,-103.81,26.34,29.59,24.13,81.73
GHA,GHA_GHA7.14_2,GaEast,GreaterAccra,2016,1071.0,794.8,64.59,26.67,30.02,24.53,82.26
GHA,GHA_GHA7.14_2,GaEast,GreaterAccra,2017,1544.0,969.2,537.59,25.82,30.17,23.22,85.5
GHA,GHA_GHA7.14_2,GaEast,GreaterAccra,2018,1268.9,870.1,262.49,25.85,30.38,23.08,84.85
GHA,GHA_GHA7.14_2,GaEast,GreaterAccra,2019,1374.7,999.6,368.29,26.13,30.63,23.47,85.79
GHA,GHA_GHA7.14_2,GaEast,GreaterAccra,2020,1331.9,1000.6,325.49,26.04,30.64,23.34,84.52
GHA,GHA_GHA7.14_2,GaEast,GreaterAccra,2021,1338.4,984.8,331.99,26.07,30.69,23.37,85.19
GHA,GHA_GHA7.14_2,GaEast,GreaterAccra,2022,1403.6,941.1,397.19,25.6,30.43,22.73,84.42
GHA,GHA_GHA7.14_2,GaEast,GreaterAccra,2023,1364.4,980.5,357.99,26.12,30.98,23.29,84.1
GHA,GHA_GHA7.14_2,GaEast,GreaterAccra,2024,1069.1,722.9,62.69,26.45,31.46,23.48,82.82
GHA,GHA_GHA7.14_2,GaEast,GreaterAccra,2025,1012.0,693.3,5.59,26.33,31.24,23.3,81.91
GHA,GHA_GHA7.15_2,GaNorth,GreaterAccra,2000,713.1,513.4,-285.16,26.08,29.78,23.75,81.58
GHA,GHA_GHA7.15_2,GaNorth,GreaterAccra,2001,754.5,475.0,-243.76,25.98,29.49,23.75,82.13
GHA,GHA_GHA7.15_2,GaNorth,GreaterAccra,2002,836.6,576.3,-161.66,26.22,29.89,23.82,81.55
GHA,GHA_GHA7.15_2,GaNorth,GreaterAccra,2003,862.4,527.7,-135.86,26.42,30.06,24.08,81.81
GHA,GHA_GHA7.15_2,GaNorth,GreaterAccra,2004,714.3,464.6,-283.96,26.3,29.94,23.93,81.33
GHA,GHA_GHA7.15_2,GaNorth,GreaterAccra,2005,877.9,620.4,-120.36,26.33,29.89,23.98,81.72
GHA,GHA_GHA7.15_2,GaNorth,GreaterAccra,2006,744.3,522.8,-253.96,26.45,30.07,24.1,81.1
GHA,GHA_GHA7.15_2,GaNorth,GreaterAccra,2007,876.4,676.4,-121.86,26.31,30.14,23.77,80.88
GHA,GHA_GHA7.15_2,GaNorth,GreaterAccra,2008,885.3,647.9,-112.96,26.26,29.97,23.75,81.14
GHA,GHA_GHA7.15_2,GaNorth,GreaterAccra,2009,831.7,643.9,-166.56,26.37,30.0,24.04,81.44
GHA,GHA_GHA7.15_2,GaNorth,GreaterAccra,2010,869.9,618.9,-128.36,26.64,30.12,24.37,81.88
GHA,GHA_GHA7.15_2,GaNorth,GreaterAccra,2011,791.1,551.4,-207.16,26.29,29.87,23.93,81.51
GHA,GHA_GHA7.15_2,GaNorth,GreaterAccra,2012,904.6,606.7,-93.66,26.16,29.76,23.88,81.8
GHA,GHA_GHA7.15_2,GaNorth,GreaterAccra,2013,694.9,430.7,-303.36,26.36,30.03,24.03,80.91
GHA,GHA_GHA7.15_2,GaNorth,GreaterAccra,2014,1129.1,750.9,130.84,26.12,29.51,23.98,83.33
GHA,GHA_GHA7.15_2,GaNorth,GreaterAccra,2015,902.6,644.7,-95.66,26.24,29.73,23.9,82.02
GHA,GHA_GHA7.15_2,GaNorth,GreaterAccra,2016,1071.0,794.8,72.74,26.56,30.16,24.3,82.54
GHA,GHA_GHA7.15_2,GaNorth,GreaterAccra,2017,1465.5,971.3,467.24,25.98,30.38,23.34,84.79
GHA,GHA_GHA7.15_2,GaNorth,GreaterAccra,2018,1203.4,840.0,205.14,25.98,30.58,23.17,84.31
GHA,GHA_GHA7.15_2,GaNorth,GreaterAccra,2019,1330.2,982.4,331.94,26.27,30.82,23.56,85.2
GHA,GHA_GHA7.15_2,GaNorth,GreaterAccra,2020,1260.1,950.1,261.84,26.2,30.9,23.43,83.79
GHA,GHA_GHA7.15_2,GaNorth,GreaterAccra,2021,1249.9,937.3,251.64,26.23,30.94,23.46,84.45
GHA,GHA_GHA7.15_2,GaNorth,GreaterAccra,2022,1303.9,927.4,305.64,25.77,30.76,22.81,83.65
GHA,GHA_GHA7.15_2,GaNorth,GreaterAccra,2023,1343.2,1002.3,344.94,26.29,31.28,23.35,83.41
GHA,GHA_GHA7.15_2,GaNorth,GreaterAccra,2024,1088.0,748.9,89.74,26.6,31.74,23.53,82.31
GHA,GHA_GHA7.15_2,GaNorth,GreaterAccra,2025,1250.9,854.0,252.64,26.15,30.8,23.28,84.11
GHA,GHA_GHA7.16_2,GaSouth,GreaterAccra,2000,1173.2,846.0,-191.15,26.03,29.99,23.58,81.81
GHA,GHA_GHA7.16_2,GaSouth,GreaterAccra,2001,1370.2,864.9,5.85,25.9,29.64,23.56,82.57
GHA,GHA_GHA7.16_2,GaSouth,GreaterAccra,2002,1353.6,935.1,-10.75,26.15,30.05,23.65,81.94
GHA,GHA_GHA7.16_2,GaSouth,GreaterAccra,2003,1403.6,899.5,39.25,26.33,30.19,23.89,82.3
GHA,GHA_GHA7.16_2,GaSouth,GreaterAccra,2004,1223.6,856.3,-140.75,26.24,30.11,23.76,81.72
GHA,GHA_GHA7.16_2,GaSouth,GreaterAccra,2005,1354.2,934.1,-10.15,26.25,30.03,23.8,82.17
GHA,GHA_GHA7.16_2,GaSouth,GreaterAccra,2006,1250.7,864.9,-113.65,26.34,30.17,23.9,81.76
GHA,GHA_GHA7.16_2,GaSouth,GreaterAccra,2007,1453.0,1117.1,88.65,26.24,30.28,23.59,81.32
GHA,GHA_GHA7.16_2,GaSouth,GreaterAccra,2008,1407.4,1040.3,43.05,26.19,30.16,23.57,81.47
GHA,GHA_GHA7.16_2,GaSouth,GreaterAccra,2009,1341.0,990.8,-23.35,26.3,30.13,23.87,81.92
GHA,GHA_GHA7.16_2,GaSouth,GreaterAccra,2010,1341.3,953.7,-23.05,26.56,30.28,24.18,82.31
GHA,GHA_GHA7.16_2,GaSouth,GreaterAccra,2011,1296.6,926.3,-67.75,26.23,30.05,23.74,81.88
GHA,GHA_GHA7.16_2,GaSouth,GreaterAccra,2012,1486.9,1011.0,122.55,26.09,29.91,23.71,82.2
GHA,GHA_GHA7.16_2,GaSouth,GreaterAccra,2013,1209.3,802.7,-155.05,26.3,30.19,23.86,81.3
GHA,GHA_GHA7.16_2,GaSouth,GreaterAccra,2014,1659.4,1088.2,295.05,26.04,29.64,23.81,83.78
GHA,GHA_GHA7.16_2,GaSouth,GreaterAccra,2015,1252.4,847.8,-111.95,26.2,29.94,23.74,82.21
GHA,GHA_GHA7.16_2,GaSouth,GreaterAccra,2016,1668.2,1215.4,303.85,26.53,30.38,24.15,82.69
GHA,GHA_GHA7.16_2,GaSouth,GreaterAccra,2017,1509.7,974.2,145.35,25.95,30.44,23.28,85.05
GHA,GHA_GHA7.16_2,GaSouth,GreaterAccra,2018,1297.7,919.7,-66.65,25.97,30.74,23.1,84.46
GHA,GHA_GHA7.16_2,GaSouth,GreaterAccra,2019,1496.0,1103.6,131.65,26.27,30.98,23.5,85.31
GHA,GHA_GHA7.16_2,GaSouth,GreaterAccra,2020,1290.5,974.5,-73.85,26.23,31.1,23.36,83.79
GHA,GHA_GHA7.16_2,GaSouth,GreaterAccra,2021,1351.8,1025.1,-12.55,26.23,31.12,23.4,84.5
GHA,GHA_GHA7.16_2,GaSouth,GreaterAccra,2022,1488.2,1046.2,123.85,25.74,30.93,22.72,83.92
GHA,GHA_GHA7.16_2,GaSouth,GreaterAccra,2023,1429.2,1042.0,64.85,26.27,31.41,23.3,83.7
GHA,GHA_GHA7.16_2,GaSouth,GreaterAccra,2024,1172.1,805.4,-192.25,26.59,31.77,23.54,82.63
GHA,GHA_GHA7.16_2,GaSouth,GreaterAccra,2025,1193.3,793.9,-171.05,26.41,31.02,23.55,82.52
GHA,GHA_GHA7.17_2,GaWest,GreaterAccra,2000,713.1,513.4,-283.92,26.15,30.1,23.7,81.82
GHA,GHA_GHA7.17_2,GaWest,GreaterAccra,2001,754.5,475.0,-242.52,26.01,29.76,23.68,82.59
GHA,GHA_GHA7.17_2,GaWest,GreaterAccra,2002,836.6,576.3,-160.42,26.27,30.17,23.76,81.96
GHA,GHA_GHA7.17_2,GaWest,GreaterAccra,2003,862.4,527.7,-134.62,26.45,30.31,24.01,82.32
GHA,GHA_GHA7.17_2,GaWest,GreaterAccra,2004,714.3,464.6,-282.72,26.35,30.22,23.87,81.74
GHA,GHA_GHA7.17_2,GaWest,GreaterAccra,2005,877.9,620.4,-119.12,26.37,30.15,23.91,82.19
GHA,GHA_GHA7.17_2,GaWest,GreaterAccra,2006,744.3,522.8,-252.72,26.46,30.29,24.02,81.78
GHA,GHA_GHA7.17_2,GaWest,GreaterAccra,2007,876.4,676.4,-120.62,26.35,30.4,23.71,81.33
GHA,GHA_GHA7.17_2,GaWest,GreaterAccra,2008,885.3,647.9,-111.72,26.31,30.27,23.68,81.49
GHA,GHA_GHA7.17_2,GaWest,GreaterAccra,2009,831.7,643.9,-165.32,26.41,30.25,23.99,81.93
GHA,GHA_GHA7.17_2,GaWest,GreaterAccra,2010,869.9,618.9,-127.12,26.68,30.4,24.29,82.32
GHA,GHA_GHA7.17_2,GaWest,GreaterAccra,2011,791.1,551.4,-205.92,26.34,30.17,23.86,81.89
GHA,GHA_GHA7.17_2,GaWest,GreaterAccra,2012,904.6,606.7,-92.42,26.21,30.03,23.82,82.21
GHA,GHA_GHA7.17_2,GaWest,GreaterAccra,2013,694.9,430.7,-302.12,26.42,30.3,23.97,81.32
GHA,GHA_GHA7.17_2,GaWest,GreaterAccra,2014,1129.1,750.9,132.08,26.16,29.75,23.93,83.79
GHA,GHA_GHA7.17_2,GaWest,GreaterAccra,2015,902.6,644.7,-94.42,26.32,30.05,23.86,82.22
GHA,GHA_GHA7.17_2,GaWest,GreaterAccra,2016,1071.0,794.8,73.98,26.64,30.49,24.27,82.7
GHA,GHA_GHA7.17_2,GaWest,GreaterAccra,2017,1437.9,957.7,440.88,26.14,30.69,23.43,84.15
GHA,GHA_GHA7.17_2,GaWest,GreaterAccra,2018,1162.5,820.3,165.48,26.14,30.93,23.25,83.65
GHA,GHA_GHA7.17_2,GaWest,GreaterAccra,2019,1372.7,990.9,375.68,26.42,31.1,23.63,84.71
GHA,GHA_GHA7.17_2,GaWest,GreaterAccra,2020,1258.4,962.9,261.38,26.39,31.3,23.5,83.02
GHA,GHA_GHA7.17_2,GaWest,GreaterAccra,2021,1266.2,952.9,269.18,26.4,31.29,23.54,83.8
GHA,GHA_GHA7.17_2,GaWest,GreaterAccra,2022,1350.8,1001.7,353.78,25.94,31.16,22.88,83.03
GHA,GHA_GHA7.17_2,GaWest,GreaterAccra,2023,1383.6,1007.2,386.58,26.47,31.65,23.45,82.8
GHA,GHA_GHA7.17_2,GaWest,GreaterAccra,2024,1098.8,755.0,101.78,26.79,32.08,23.68,81.7
GHA,GHA_GHA7.17_2,GaWest,GreaterAccra,2025,1131.9,754.3,134.88,26.43,31.17,23.51,82.54
GHA,GHA_GHA7.18_2,Korle-Klottey,GreaterAccra,2000,713.1,513.4,-155.75,26.16,28.91,24.26,81.98
GHA,GHA_GHA7.18_2,Korle-Klottey,GreaterAccra,2001,754.5,475.0,-114.35,26.1,28.67,24.29,82.3
GHA,GHA_GHA7.18_2,Korle-Klottey,GreaterAccra,2002,836.6,576.3,-32.25,26.29,29.02,24.35,82.01
GHA,GHA_GHA7.18_2,Korle-Klottey,GreaterAccra,2003,862.4,527.7,-6.45,26.52,29.24,24.59,81.98
GHA,GHA_GHA7.18_2,Korle-Klottey,GreaterAccra,2004,714.3,464.6,-154.55,26.37,29.07,24.43,81.76
GHA,GHA_GHA7.18_2,Korle-Klottey,GreaterAccra,2005,877.9,620.4,9.05,26.4,29.02,24.48,82.2
GHA,GHA_GHA7.18_2,Korle-Klottey,GreaterAccra,2006,744.3,522.8,-124.55,26.56,29.28,24.63,81.34
GHA,GHA_GHA7.18_2,Korle-Klottey,GreaterAccra,2007,876.4,676.4,7.55,26.38,29.17,24.35,81.52
GHA,GHA_GHA7.18_2,Korle-Klottey,GreaterAccra,2008,885.3,647.9,16.45,26.38,29.1,24.35,81.46
GHA,GHA_GHA7.18_2,Korle-Klottey,GreaterAccra,2009,831.7,643.9,-37.15,26.39,29.09,24.5,82.03
GHA,GHA_GHA7.18_2,Korle-Klottey,GreaterAccra,2010,869.9,618.9,1.05,26.73,29.28,24.89,82.08
GHA,GHA_GHA7.18_2,Korle-Klottey,GreaterAccra,2011,791.1,551.4,-77.75,26.38,29.03,24.46,81.81
GHA,GHA_GHA7.18_2,Korle-Klottey,GreaterAccra,2012,904.6,606.7,35.75,26.23,28.91,24.36,82.19
GHA,GHA_GHA7.18_2,Korle-Klottey,GreaterAccra,2013,694.9,430.7,-173.95,26.37,29.09,24.48,81.81
GHA,GHA_GHA7.18_2,Korle-Klottey,GreaterAccra,2014,1129.1,750.9,260.25,26.22,28.73,24.48,83.58
GHA,GHA_GHA7.18_2,Korle-Klottey,GreaterAccra,2015,902.6,644.7,33.75,26.32,28.9,24.42,82.44
GHA,GHA_GHA7.18_2,Korle-Klottey,GreaterAccra,2016,1071.0,794.8,202.15,26.58,29.2,24.77,83.3
GHA,GHA_GHA7.18_2,Korle-Klottey,GreaterAccra,2017,821.6,517.8,-47.25,26.5,29.47,24.33,83.63
GHA,GHA_GHA7.18_2,Korle-Klottey,GreaterAccra,2018,640.7,449.9,-228.15,26.57,29.71,24.13,82.54
GHA,GHA_GHA7.18_2,Korle-Klottey,GreaterAccra,2019,919.5,679.0,50.65,26.75,29.73,24.47,83.99
GHA,GHA_GHA7.18_2,Korle-Klottey,GreaterAccra,2020,781.8,620.9,-87.05,26.61,29.61,24.3,82.91
GHA,GHA_GHA7.18_2,Korle-Klottey,GreaterAccra,2021,834.1,656.5,-34.75,26.73,29.73,24.4,83.08
GHA,GHA_GHA7.18_2,Korle-Klottey,GreaterAccra,2022,1035.0,761.1,166.15,26.24,29.37,23.75,82.52
GHA,GHA_GHA7.18_2,Korle-Klottey,GreaterAccra,2023,1097.6,820.2,228.75,26.68,29.95,24.14,82.95
GHA,GHA_GHA7.18_2,Korle-Klottey,GreaterAccra,2024,916.2,606.3,47.35,26.96,30.54,24.31,81.96
GHA,GHA_GHA7.18_2,Korle-Klottey,GreaterAccra,2025,1084.0,688.0,215.15,26.72,30.18,24.28,81.9
GHA,GHA_GHA7.19_2,Kpone-Katamanso,GreaterAccra,2000,439.4,321.8,-356.05,26.54,30.46,24.05,79.76
GHA,GHA_GHA7.19_2,Kpone-Katamanso,GreaterAccra,2001,557.1,365.9,-238.35,26.41,30.11,24.04,80.56
GHA,GHA_GHA7.19_2,Kpone-Katamanso,GreaterAccra,2002,554.4,387.2,-241.05,26.67,30.55,24.12,79.81
GHA,GHA_GHA7.19_2,Kpone-Katamanso,GreaterAccra,2003,571.8,359.1,-223.65,26.86,30.73,24.36,80.14
GHA,GHA_GHA7.19_2,Kpone-Katamanso,GreaterAccra,2004,396.9,257.1,-398.55,26.79,30.65,24.23,79.47
GHA,GHA_GHA7.19_2,Kpone-Katamanso,GreaterAccra,2005,694.1,493.5,-101.35,26.76,30.52,24.27,80.27
GHA,GHA_GHA7.19_2,Kpone-Katamanso,GreaterAccra,2006,521.3,398.2,-274.15,26.89,30.75,24.39,79.51
GHA,GHA_GHA7.19_2,Kpone-Katamanso,GreaterAccra,2007,651.1,524.3,-144.35,26.75,30.76,24.07,79.3
GHA,GHA_GHA7.19_2,Kpone-Katamanso,GreaterAccra,2008,587.5,432.0,-207.95,26.7,30.63,24.05,79.49
GHA,GHA_GHA7.19_2,Kpone-Katamanso,GreaterAccra,2009,644.5,529.4,-150.95,26.83,30.68,24.35,79.73
GHA,GHA_GHA7.19_2,Kpone-Katamanso,GreaterAccra,2010,620.8,462.0,-174.65,27.09,30.76,24.66,80.28
GHA,GHA_GHA7.19_2,Kpone-Katamanso,GreaterAccra,2011,534.8,395.8,-260.65,26.75,30.57,24.21,79.75
GHA,GHA_GHA7.19_2,Kpone-Katamanso,GreaterAccra,2012,654.1,455.5,-141.35,26.59,30.42,24.14,80.26
GHA,GHA_GHA7.19_2,Kpone-Katamanso,GreaterAccra,2013,485.9,300.3,-309.55,26.81,30.73,24.33,79.18
GHA,GHA_GHA7.19_2,Kpone-Katamanso,GreaterAccra,2014,795.1,568.5,-0.35,26.55,30.13,24.26,81.86
GHA,GHA_GHA7.19_2,Kpone-Katamanso,GreaterAccra,2015,670.4,505.9,-125.05,26.65,30.33,24.15,80.54
GHA,GHA_GHA7.19_2,Kpone-Katamanso,GreaterAccra,2016,752.7,616.7,-42.75,27.01,30.83,24.58,80.87
GHA,GHA_GHA7.19_2,Kpone-Katamanso,GreaterAccra,2017,1355.4,793.5,559.95,26.44,30.63,23.91,83.71
GHA,GHA_GHA7.19_2,Kpone-Katamanso,GreaterAccra,2018,1090.2,744.7,294.75,26.5,30.87,23.77,82.84
GHA,GHA_GHA7.19_2,Kpone-Katamanso,GreaterAccra,2019,1223.6,924.6,428.15,26.73,31.0,24.12,83.94
GHA,GHA_GHA7.19_2,Kpone-Katamanso,GreaterAccra,2020,1179.6,900.8,384.15,26.63,30.95,23.97,82.77
GHA,GHA_GHA7.19_2,Kpone-Katamanso,GreaterAccra,2021,1223.7,958.7,428.25,26.69,31.06,24.03,83.2
GHA,GHA_GHA7.19_2,Kpone-Katamanso,GreaterAccra,2022,1265.9,882.8,470.45,26.16,30.66,23.38,82.95
GHA,GHA_GHA7.19_2,Kpone-Katamanso,GreaterAccra,2023,1252.0,896.9,456.55,26.69,31.19,23.89,82.53
GHA,GHA_GHA7.19_2,Kpone-Katamanso,GreaterAccra,2024,999.3,667.5,203.85,26.99,31.6,24.1,81.35
GHA,GHA_GHA7.19_2,Kpone-Katamanso,GreaterAccra,2025,960.2,625.3,164.75,26.87,31.48,23.9,80.51
GHA,GHA_GHA7.20_2,Krowor,GreaterAccra,2000,439.4,321.8,-241.72,26.37,29.59,24.29,80.72
GHA,GHA_GHA7.20_2,Krowor,GreaterAccra,2001,557.1,365.9,-124.02,26.27,29.29,24.29,81.29
GHA,GHA_GHA7.20_2,Krowor,GreaterAccra,2002,554.4,387.2,-126.72,26.51,29.7,24.39,80.69
GHA,GHA_GHA7.20_2,Krowor,GreaterAccra,2003,571.8,359.1,-109.32,26.71,29.89,24.61,80.91
GHA,GHA_GHA7.20_2,Krowor,GreaterAccra,2004,396.9,257.1,-284.22,26.6,29.77,24.46,80.47
GHA,GHA_GHA7.20_2,Krowor,GreaterAccra,2005,694.1,493.5,12.98,26.59,29.67,24.5,81.14
GHA,GHA_GHA7.20_2,Krowor,GreaterAccra,2006,521.3,398.2,-159.82,26.74,29.92,24.63,80.31
GHA,GHA_GHA7.20_2,Krowor,GreaterAccra,2007,651.1,524.3,-30.02,26.59,29.87,24.36,80.28
GHA,GHA_GHA7.20_2,Krowor,GreaterAccra,2008,587.5,432.0,-93.62,26.57,29.78,24.37,80.33
GHA,GHA_GHA7.20_2,Krowor,GreaterAccra,2009,644.5,529.4,-36.62,26.63,29.81,24.54,80.71
GHA,GHA_GHA7.20_2,Krowor,GreaterAccra,2010,620.8,462.0,-60.32,26.94,29.94,24.9,81.02
GHA,GHA_GHA7.20_2,Krowor,GreaterAccra,2011,534.8,395.8,-146.32,26.58,29.69,24.48,80.67
GHA,GHA_GHA7.20_2,Krowor,GreaterAccra,2012,654.1,455.5,-27.02,26.41,29.56,24.36,81.19
GHA,GHA_GHA7.20_2,Krowor,GreaterAccra,2013,485.9,300.3,-195.22,26.6,29.8,24.53,80.42
GHA,GHA_GHA7.20_2,Krowor,GreaterAccra,2014,795.1,568.5,113.98,26.4,29.33,24.47,82.66
GHA,GHA_GHA7.20_2,Krowor,GreaterAccra,2015,670.4,505.9,-10.72,26.49,29.49,24.43,81.49
GHA,GHA_GHA7.20_2,Krowor,GreaterAccra,2016,752.7,616.7,71.58,26.81,29.93,24.8,81.96
GHA,GHA_GHA7.20_2,Krowor,GreaterAccra,2017,860.2,567.3,179.08,26.51,29.82,24.29,83.11
GHA,GHA_GHA7.20_2,Krowor,GreaterAccra,2018,653.1,431.3,-28.02,26.6,30.09,24.12,81.93
GHA,GHA_GHA7.20_2,Krowor,GreaterAccra,2019,860.4,627.6,179.28,26.8,30.18,24.46,83.19
GHA,GHA_GHA7.20_2,Krowor,GreaterAccra,2020,786.0,606.4,104.88,26.68,30.06,24.32,82.03
GHA,GHA_GHA7.20_2,Krowor,GreaterAccra,2021,842.9,640.9,161.78,26.78,30.17,24.4,82.33
GHA,GHA_GHA7.20_2,Krowor,GreaterAccra,2022,994.5,704.5,313.38,26.24,29.67,23.78,82.24
GHA,GHA_GHA7.20_2,Krowor,GreaterAccra,2023,938.3,669.5,257.18,26.75,30.18,24.27,81.95
GHA,GHA_GHA7.20_2,Krowor,GreaterAccra,2024,796.9,521.9,115.78,27.0,30.46,24.5,81.17
GHA,GHA_GHA7.20_2,Krowor,GreaterAccra,2025,845.0,553.2,163.88,26.8,30.26,24.38,81.24
GHA,GHA_GHA7.21_2,La-Dade-Kotopon,GreaterAccra,2000,713.1,513.4,-120.08,26.17,28.91,24.27,81.98
GHA,GHA_GHA7.21_2,La-Dade-Kotopon,GreaterAccra,2001,754.5,475.0,-78.68,26.1,28.68,24.29,82.3
GHA,GHA_GHA7.21_2,La-Dade-Kotopon,GreaterAccra,2002,836.6,576.3,3.42,26.3,29.02,24.35,82.01
GHA,GHA_GHA7.21_2,La-Dade-Kotopon,GreaterAccra,2003,862.4,527.7,29.22,26.52,29.25,24.6,81.98
GHA,GHA_GHA7.21_2,La-Dade-Kotopon,GreaterAccra,2004,714.3,464.6,-118.88,26.38,29.08,24.44,81.77
GHA,GHA_GHA7.21_2,La-Dade-Kotopon,GreaterAccra,2005,877.9,620.4,44.72,26.4,29.03,24.49,82.2
GHA,GHA_GHA7.21_2,La-Dade-Kotopon,GreaterAccra,2006,744.3,522.8,-88.88,26.57,29.28,24.64,81.34
GHA,GHA_GHA7.21_2,La-Dade-Kotopon,GreaterAccra,2007,876.4,676.4,43.22,26.39,29.17,24.36,81.52
GHA,GHA_GHA7.21_2,La-Dade-Kotopon,GreaterAccra,2008,885.3,647.9,52.12,26.38,29.11,24.36,81.46
GHA,GHA_GHA7.21_2,La-Dade-Kotopon,GreaterAccra,2009,831.7,643.9,-1.48,26.4,29.1,24.51,82.03
GHA,GHA_GHA7.21_2,La-Dade-Kotopon,GreaterAccra,2010,869.9,618.9,36.72,26.74,29.28,24.89,82.08
GHA,GHA_GHA7.21_2,La-Dade-Kotopon,GreaterAccra,2011,791.1,551.4,-42.08,26.39,29.04,24.47,81.81
GHA,GHA_GHA7.21_2,La-Dade-Kotopon,GreaterAccra,2012,904.6,606.7,71.42,26.23,28.92,24.36,82.19
GHA,GHA_GHA7.21_2,La-Dade-Kotopon,GreaterAccra,2013,694.9,430.7,-138.28,26.37,29.1,24.49,81.81
GHA,GHA_GHA7.21_2,La-Dade-Kotopon,GreaterAccra,2014,1129.1,750.9,295.92,26.23,28.73,24.48,83.58
GHA,GHA_GHA7.21_2,La-Dade-Kotopon,GreaterAccra,2015,902.6,644.7,69.42,26.33,28.91,24.43,82.44
GHA,GHA_GHA7.21_2,La-Dade-Kotopon,GreaterAccra,2016,1071.0,794.8,237.82,26.58,29.21,24.77,83.31
GHA,GHA_GHA7.21_2,La-Dade-Kotopon,GreaterAccra,2017,843.7,536.9,10.52,26.46,29.0,24.53,84.78
GHA,GHA_GHA7.21_2,La-Dade-Kotopon,GreaterAccra,2018,634.2,441.8,-198.98,26.55,29.24,24.35,83.48
GHA,GHA_GHA7.21_2,La-Dade-Kotopon,GreaterAccra,2019,843.7,607.6,10.52,26.7,29.22,24.68,85.12
GHA,GHA_GHA7.21_2,La-Dade-Kotopon,GreaterAccra,2020,778.7,605.0,-54.48,26.55,29.06,24.52,84.23
GHA,GHA_GHA7.21_2,La-Dade-Kotopon,GreaterAccra,2021,891.6,682.6,58.42,26.68,29.17,24.65,84.35
GHA,GHA_GHA7.21_2,La-Dade-Kotopon,GreaterAccra,2022,1038.6,754.2,205.42,26.18,28.77,24.03,84.17
GHA,GHA_GHA7.21_2,La-Dade-Kotopon,GreaterAccra,2023,881.9,654.1,48.72,26.76,29.49,24.51,82.88
GHA,GHA_GHA7.21_2,La-Dade-Kotopon,GreaterAccra,2024,657.3,442.8,-175.88,27.04,30.01,24.71,81.25
GHA,GHA_GHA7.21_2,La-Dade-Kotopon,GreaterAccra,2025,633.2,421.0,-199.98,26.79,29.71,24.58,81.1
GHA,GHA_GHA7.22_2,La-Nkwantanang-Madina,GreaterAccra,2000,713.1,513.4,-286.6,26.05,29.51,23.85,81.14
GHA,GHA_GHA7.22_2,La-Nkwantanang-Madina,GreaterAccra,2001,754.5,475.0,-245.2,25.96,29.22,23.85,81.67
GHA,GHA_GHA7.22_2,La-Nkwantanang-Madina,GreaterAccra,2002,836.6,576.3,-163.1,26.2,29.63,23.93,81.08
GHA,GHA_GHA7.22_2,La-Nkwantanang-Madina,GreaterAccra,2003,862.4,527.7,-137.3,26.4,29.81,24.17,81.31
GHA,GHA_GHA7.22_2,La-Nkwantanang-Madina,GreaterAccra,2004,714.3,464.6,-285.4,26.28,29.69,24.02,80.85
GHA,GHA_GHA7.22_2,La-Nkwantanang-Madina,GreaterAccra,2005,877.9,620.4,-121.8,26.29,29.61,24.06,81.37
GHA,GHA_GHA7.22_2,La-Nkwantanang-Madina,GreaterAccra,2006,744.3,522.8,-255.4,26.43,29.84,24.19,80.64
GHA,GHA_GHA7.22_2,La-Nkwantanang-Madina,GreaterAccra,2007,876.4,676.4,-123.3,26.28,29.84,23.89,80.53
GHA,GHA_GHA7.22_2,La-Nkwantanang-Madina,GreaterAccra,2008,885.3,647.9,-114.4,26.24,29.7,23.89,80.69
GHA,GHA_GHA7.22_2,La-Nkwantanang-Madina,GreaterAccra,2009,831.7,643.9,-168.0,26.34,29.75,24.12,81.0
GHA,GHA_GHA7.22_2,La-Nkwantanang-Madina,GreaterAccra,2010,869.9,618.9,-129.8,26.62,29.86,24.46,81.41
GHA,GHA_GHA7.22_2,La-Nkwantanang-Madina,GreaterAccra,2011,791.1,551.4,-208.6,26.27,29.62,24.03,81.04
GHA,GHA_GHA7.22_2,La-Nkwantanang-Madina,GreaterAccra,2012,904.6,606.7,-95.1,26.12,29.49,23.95,81.44
GHA,GHA_GHA7.22_2,La-Nkwantanang-Madina,GreaterAccra,2013,694.9,430.7,-304.8,26.31,29.75,24.11,80.6
GHA,GHA_GHA7.22_2,La-Nkwantanang-Madina,GreaterAccra,2014,1129.1,750.9,129.4,26.09,29.25,24.06,82.95
GHA,GHA_GHA7.22_2,La-Nkwantanang-Madina,GreaterAccra,2015,902.6,644.7,-97.1,26.2,29.44,23.98,81.71
GHA,GHA_GHA7.22_2,La-Nkwantanang-Madina,GreaterAccra,2016,1071.0,794.8,71.3,26.52,29.87,24.38,82.24
GHA,GHA_GHA7.22_2,La-Nkwantanang-Madina,GreaterAccra,2017,1440.8,895.6,441.1,26.0,30.39,23.39,84.81
GHA,GHA_GHA7.22_2,La-Nkwantanang-Madina,GreaterAccra,2018,1261.6,875.1,261.9,26.04,30.62,23.25,84.08
GHA,GHA_GHA7.22_2,La-Nkwantanang-Madina,GreaterAccra,2019,1357.9,1003.7,358.2,26.3,30.83,23.62,85.06
GHA,GHA_GHA7.22_2,La-Nkwantanang-Madina,GreaterAccra,2020,1280.4,972.1,280.7,26.21,30.81,23.47,83.82
GHA,GHA_GHA7.22_2,La-Nkwantanang-Madina,GreaterAccra,2021,1351.1,999.1,351.4,26.24,30.87,23.5,84.46
GHA,GHA_GHA7.22_2,La-Nkwantanang-Madina,GreaterAccra,2022,1355.5,957.0,355.8,25.75,30.56,22.85,83.85
GHA,GHA_GHA7.22_2,La-Nkwantanang-Madina,GreaterAccra,2023,1357.0,975.4,357.3,26.27,31.07,23.4,83.53
GHA,GHA_GHA7.22_2,La-Nkwantanang-Madina,GreaterAccra,2024,1074.7,712.6,75.0,26.57,31.41,23.63,82.5
GHA,GHA_GHA7.22_2,La-Nkwantanang-Madina,GreaterAccra,2025,1053.5,718.1,53.8,26.32,30.84,23.48,83.02
GHA,GHA_GHA7.23_2,Ledzokuku,GreaterAccra,2000,439.4,321.8,-227.32,26.18,28.92,24.28,81.98
GHA,GHA_GHA7.23_2,Ledzokuku,GreaterAccra,2001,557.1,365.9,-109.62,26.11,28.69,24.3,82.3
GHA,GHA_GHA7.23_2,Ledzokuku,GreaterAccra,2002,554.4,387.2,-112.32,26.31,29.03,24.36,82.01
GHA,GHA_GHA7.23_2,Ledzokuku,GreaterAccra,2003,571.8,359.1,-94.92,26.53,29.25,24.6,81.98
GHA,GHA_GHA7.23_2,Ledzokuku,GreaterAccra,2004,396.9,257.1,-269.82,26.38,29.09,24.44,81.77
GHA,GHA_GHA7.23_2,Ledzokuku,GreaterAccra,2005,694.1,493.5,27.38,26.41,29.03,24.5,82.2
GHA,GHA_GHA7.23_2,Ledzokuku,GreaterAccra,2006,521.3,398.2,-145.42,26.57,29.29,24.64,81.34
GHA,GHA_GHA7.23_2,Ledzokuku,GreaterAccra,2007,651.1,524.3,-15.62,26.39,29.18,24.37,81.52
GHA,GHA_GHA7.23_2,Ledzokuku,GreaterAccra,2008,587.5,432.0,-79.22,26.39,29.12,24.37,81.46
GHA,GHA_GHA7.23_2,Ledzokuku,GreaterAccra,2009,644.5,529.4,-22.22,26.41,29.11,24.51,82.03
GHA,GHA_GHA7.23_2,Ledzokuku,GreaterAccra,2010,620.8,462.0,-45.92,26.75,29.29,24.9,82.08
GHA,GHA_GHA7.23_2,Ledzokuku,GreaterAccra,2011,534.8,395.8,-131.92,26.39,29.04,24.47,81.81
GHA,GHA_GHA7.23_2,Ledzokuku,GreaterAccra,2012,654.1,455.5,-12.62,26.24,28.92,24.37,82.19
GHA,GHA_GHA7.23_2,Ledzokuku,GreaterAccra,2013,485.9,300.3,-180.82,26.38,29.1,24.5,81.81
GHA,GHA_GHA7.23_2,Ledzokuku,GreaterAccra,2014,795.1,568.5,128.38,26.23,28.74,24.49,83.58
GHA,GHA_GHA7.23_2,Ledzokuku,GreaterAccra,2015,670.4,505.9,3.68,26.34,28.92,24.43,82.44
GHA,GHA_GHA7.23_2,Ledzokuku,GreaterAccra,2016,752.7,616.7,85.98,26.59,29.22,24.78,83.31
GHA,GHA_GHA7.23_2,Ledzokuku,GreaterAccra,2017,843.7,536.9,176.98,26.46,29.0,24.53,84.78
GHA,GHA_GHA7.23_2,Ledzokuku,GreaterAccra,2018,634.2,441.8,-32.52,26.55,29.24,24.35,83.48
GHA,GHA_GHA7.23_2,Ledzokuku,GreaterAccra,2019,843.7,607.6,176.98,26.7,29.22,24.68,85.12
GHA,GHA_GHA7.23_2,Ledzokuku,GreaterAccra,2020,778.7,605.0,111.98,26.55,29.06,24.52,84.23
GHA,GHA_GHA7.23_2,Ledzokuku,GreaterAccra,2021,891.6,682.6,224.88,26.68,29.17,24.65,84.35
GHA,GHA_GHA7.23_2,Ledzokuku,GreaterAccra,2022,1038.6,754.2,371.88,26.18,28.77,24.03,84.17
GHA,GHA_GHA7.23_2,Ledzokuku,GreaterAccra,2023,881.9,654.1,215.18,26.76,29.49,24.51,82.88
GHA,GHA_GHA7.23_2,Ledzokuku,GreaterAccra,2024,657.3,442.8,-9.42,27.04,30.01,24.71,81.25
GHA,GHA_GHA7.23_2,Ledzokuku,GreaterAccra,2025,633.2,421.0,-33.52,26.79,29.71,24.58,81.1
GHA,GHA_GHA7.24_2,Ningo-Prampram,GreaterAccra,2000,439.4,321.8,-290.16,26.51,29.05,24.76,80.92
GHA,GHA_GHA7.24_2,Ningo-Prampram,GreaterAccra,2001,557.1,365.9,-172.46,26.44,28.84,24.76,81.29
GHA,GHA_GHA7.24_2,Ningo-Prampram,GreaterAccra,2002,554.4,387.2,-175.16,26.63,29.15,24.86,80.99
GHA,GHA_GHA7.24_2,Ningo-Prampram,GreaterAccra,2003,571.8,359.1,-157.76,26.86,29.39,25.08,81.04
GHA,GHA_GHA7.24_2,Ningo-Prampram,GreaterAccra,2004,396.9,257.1,-332.66,26.73,29.24,24.93,80.73
GHA,GHA_GHA7.24_2,Ningo-Prampram,GreaterAccra,2005,694.1,493.5,-35.46,26.71,29.13,24.96,81.41
GHA,GHA_GHA7.24_2,Ningo-Prampram,GreaterAccra,2006,521.3,398.2,-208.26,26.88,29.4,25.09,80.58
GHA,GHA_GHA7.24_2,Ningo-Prampram,GreaterAccra,2007,651.1,524.3,-78.46,26.71,29.27,24.86,80.64
GHA,GHA_GHA7.24_2,Ningo-Prampram,GreaterAccra,2008,587.5,432.0,-142.06,26.76,29.29,24.91,80.25
GHA,GHA_GHA7.24_2,Ningo-Prampram,GreaterAccra,2009,644.5,529.4,-85.06,26.75,29.28,25.0,80.96
GHA,GHA_GHA7.24_2,Ningo-Prampram,GreaterAccra,2010,620.8,462.0,-108.76,27.09,29.44,25.38,81.04
GHA,GHA_GHA7.24_2,Ningo-Prampram,GreaterAccra,2011,534.8,395.8,-194.76,26.72,29.16,24.97,80.84
GHA,GHA_GHA7.24_2,Ningo-Prampram,GreaterAccra,2012,654.1,455.5,-75.46,26.57,29.07,24.82,81.25
GHA,GHA_GHA7.24_2,Ningo-Prampram,GreaterAccra,2013,485.9,300.3,-243.66,26.68,29.19,24.96,80.99
GHA,GHA_GHA7.24_2,Ningo-Prampram,GreaterAccra,2014,795.1,568.5,65.54,26.56,28.88,24.92,82.64
GHA,GHA_GHA7.24_2,Ningo-Prampram,GreaterAccra,2015,670.4,505.9,-59.16,26.64,29.01,24.88,81.57
GHA,GHA_GHA7.24_2,Ningo-Prampram,GreaterAccra,2016,752.7,616.7,23.14,26.9,29.33,25.21,82.39
GHA,GHA_GHA7.24_2,Ningo-Prampram,GreaterAccra,2017,1046.1,673.4,316.54,26.63,30.16,24.35,83.31
GHA,GHA_GHA7.24_2,Ningo-Prampram,GreaterAccra,2018,852.9,582.9,123.34,26.76,30.5,24.23,81.83
GHA,GHA_GHA7.24_2,Ningo-Prampram,GreaterAccra,2019,1076.3,837.3,346.74,26.98,30.61,24.55,82.96
GHA,GHA_GHA7.24_2,Ningo-Prampram,GreaterAccra,2020,887.1,694.0,157.54,26.88,30.51,24.4,81.58
GHA,GHA_GHA7.24_2,Ningo-Prampram,GreaterAccra,2021,896.6,648.0,167.04,26.99,30.63,24.52,81.86
GHA,GHA_GHA7.24_2,Ningo-Prampram,GreaterAccra,2022,1066.7,745.2,337.14,26.39,30.1,23.86,82.09
GHA,GHA_GHA7.24_2,Ningo-Prampram,GreaterAccra,2023,1110.5,777.3,380.94,26.96,30.78,24.3,81.54
GHA,GHA_GHA7.24_2,Ningo-Prampram,GreaterAccra,2024,901.8,597.9,172.24,27.33,31.46,24.51,79.98
GHA,GHA_GHA7.24_2,Ningo-Prampram,GreaterAccra,2025,998.6,611.4,269.04,27.04,31.02,24.38,80.84
GHA,GHA_GHA7.25_2,OkaikweiNorth,GreaterAccra,2000,713.1,513.4,-155.75,26.03,28.78,24.13,81.96
GHA,GHA_GHA7.25_2,OkaikweiNorth,GreaterAccra,2001,754.5,475.0,-114.35,25.97,28.54,24.16,82.29
GHA,GHA_GHA7.25_2,OkaikweiNorth,GreaterAccra,2002,836.6,576.3,-32.25,26.16,28.89,24.22,81.99
GHA,GHA_GHA7.25_2,OkaikweiNorth,GreaterAccra,2003,862.4,527.7,-6.45,26.39,29.11,24.46,81.97
GHA,GHA_GHA7.25_2,OkaikweiNorth,GreaterAccra,2004,714.3,464.6,-154.55,26.24,28.94,24.3,81.75
GHA,GHA_GHA7.25_2,OkaikweiNorth,GreaterAccra,2005,877.9,620.4,9.05,26.27,28.89,24.35,82.18
GHA,GHA_GHA7.25_2,OkaikweiNorth,GreaterAccra,2006,744.3,522.8,-124.55,26.43,29.15,24.5,81.32
GHA,GHA_GHA7.25_2,OkaikweiNorth,GreaterAccra,2007,876.4,676.4,7.55,26.25,29.04,24.22,81.51
GHA,GHA_GHA7.25_2,OkaikweiNorth,GreaterAccra,2008,885.3,647.9,16.45,26.25,28.97,24.22,81.44
GHA,GHA_GHA7.25_2,OkaikweiNorth,GreaterAccra,2009,831.7,643.9,-37.15,26.26,28.96,24.37,82.02
GHA,GHA_GHA7.25_2,OkaikweiNorth,GreaterAccra,2010,869.9,618.9,1.05,26.6,29.15,24.76,82.07
GHA,GHA_GHA7.25_2,OkaikweiNorth,GreaterAccra,2011,791.1,551.4,-77.75,26.25,28.9,24.33,81.79
GHA,GHA_GHA7.25_2,OkaikweiNorth,GreaterAccra,2012,904.6,606.7,35.75,26.1,28.78,24.23,82.17
GHA,GHA_GHA7.25_2,OkaikweiNorth,GreaterAccra,2013,694.9,430.7,-173.95,26.24,28.96,24.35,81.79
GHA,GHA_GHA7.25_2,OkaikweiNorth,GreaterAccra,2014,1129.1,750.9,260.25,26.09,28.6,24.35,83.57
GHA,GHA_GHA7.25_2,OkaikweiNorth,GreaterAccra,2015,902.6,644.7,33.75,26.19,28.77,24.29,82.42
GHA,GHA_GHA7.25_2,OkaikweiNorth,GreaterAccra,2016,1071.0,794.8,202.15,26.45,29.07,24.64,83.29
GHA,GHA_GHA7.25_2,OkaikweiNorth,GreaterAccra,2017,821.6,517.8,-47.25,26.5,29.47,24.33,83.63
GHA,GHA_GHA7.25_2,OkaikweiNorth,GreaterAccra,2018,640.7,449.9,-228.15,26.57,29.71,24.13,82.54
GHA,GHA_GHA7.25_2,OkaikweiNorth,GreaterAccra,2019,919.5,679.0,50.65,26.75,29.73,24.47,83.99
GHA,GHA_GHA7.25_2,OkaikweiNorth,GreaterAccra,2020,781.8,620.9,-87.05,26.61,29.61,24.3,82.91
GHA,GHA_GHA7.25_2,OkaikweiNorth,GreaterAccra,2021,834.1,656.5,-34.75,26.73,29.73,24.4,83.08
GHA,GHA_GHA7.25_2,OkaikweiNorth,GreaterAccra,2022,1035.0,761.1,166.15,26.24,29.37,23.75,82.52
GHA,GHA_GHA7.25_2,OkaikweiNorth,GreaterAccra,2023,1097.6,820.2,228.75,26.68,29.95,24.14,82.95
GHA,GHA_GHA7.25_2,OkaikweiNorth,GreaterAccra,2024,916.2,606.3,47.35,26.96,30.54,24.31,81.96
GHA,GHA_GHA7.25_2,OkaikweiNorth,GreaterAccra,2025,1084.0,688.0,215.15,26.72,30.18,24.28,81.9
GHA,GHA_GHA7.26_2,ShaiOsudoku,GreaterAccra,2000,594.7,445.0,-262.08,26.66,31.24,23.71,78.23
GHA,GHA_GHA7.26_2,ShaiOsudoku,GreaterAccra,2001,633.7,423.8,-223.08,26.49,30.82,23.69,79.23
GHA,GHA_GHA7.26_2,ShaiOsudoku,GreaterAccra,2002,656.1,417.6,-200.68,26.69,31.16,23.75,78.84
GHA,GHA_GHA7.26_2,ShaiOsudoku,GreaterAccra,2003,698.6,447.3,-158.18,26.9,31.35,23.98,79.16
GHA,GHA_GHA7.26_2,ShaiOsudoku,GreaterAccra,2004,531.8,359.4,-324.98,26.92,31.45,23.91,77.93
GHA,GHA_GHA7.26_2,ShaiOsudoku,GreaterAccra,2005,680.6,472.3,-176.18,26.85,31.22,23.94,78.87
GHA,GHA_GHA7.26_2,ShaiOsudoku,GreaterAccra,2006,571.5,436.8,-285.28,26.99,31.46,24.05,78.18
GHA,GHA_GHA7.26_2,ShaiOsudoku,GreaterAccra,2007,721.7,591.2,-135.08,26.88,31.55,23.75,77.69
GHA,GHA_GHA7.26_2,ShaiOsudoku,GreaterAccra,2008,689.3,489.6,-167.48,26.79,31.36,23.7,78.01
GHA,GHA_GHA7.26_2,ShaiOsudoku,GreaterAccra,2009,652.5,495.9,-204.28,27.0,31.52,24.05,77.85
GHA,GHA_GHA7.26_2,ShaiOsudoku,GreaterAccra,2010,753.6,563.5,-103.18,27.18,31.47,24.32,78.91
GHA,GHA_GHA7.26_2,ShaiOsudoku,GreaterAccra,2011,679.6,501.4,-177.18,26.85,31.33,23.86,78.28
GHA,GHA_GHA7.26_2,ShaiOsudoku,GreaterAccra,2012,704.8,492.4,-151.98,26.7,31.2,23.81,78.75
GHA,GHA_GHA7.26_2,ShaiOsudoku,GreaterAccra,2013,521.9,340.8,-334.88,27.0,31.63,24.04,77.16
GHA,GHA_GHA7.26_2,ShaiOsudoku,GreaterAccra,2014,880.6,614.8,23.82,26.65,30.86,23.94,80.45
GHA,GHA_GHA7.26_2,ShaiOsudoku,GreaterAccra,2015,694.9,496.0,-161.88,26.73,31.0,23.83,79.05
GHA,GHA_GHA7.26_2,ShaiOsudoku,GreaterAccra,2016,950.3,748.1,93.52,27.05,31.43,24.26,79.86
GHA,GHA_GHA7.26_2,ShaiOsudoku,GreaterAccra,2017,1375.3,886.3,518.52,26.81,31.55,23.93,81.42
GHA,GHA_GHA7.26_2,ShaiOsudoku,GreaterAccra,2018,1118.3,813.4,261.52,27.01,32.02,23.87,79.6
GHA,GHA_GHA7.26_2,ShaiOsudoku,GreaterAccra,2019,1300.5,1004.8,443.72,27.22,32.16,24.15,80.94
GHA,GHA_GHA7.26_2,ShaiOsudoku,GreaterAccra,2020,1029.4,781.6,172.62,27.17,32.26,24.01,79.22
GHA,GHA_GHA7.26_2,ShaiOsudoku,GreaterAccra,2021,1176.8,878.8,320.02,27.2,32.26,24.08,80.05
GHA,GHA_GHA7.26_2,ShaiOsudoku,GreaterAccra,2022,1181.4,864.0,324.62,26.65,31.98,23.4,79.92
GHA,GHA_GHA7.26_2,ShaiOsudoku,GreaterAccra,2023,1271.4,908.3,414.62,27.16,32.3,24.0,79.67
GHA,GHA_GHA7.26_2,ShaiOsudoku,GreaterAccra,2024,937.5,688.9,80.72,27.52,32.89,24.31,78.34
GHA,GHA_GHA7.26_2,ShaiOsudoku,GreaterAccra,2025,1269.6,854.3,412.82,27.16,32.13,24.13,79.97
GHA,GHA_GHA7.27_2,Tema,GreaterAccra,2000,439.4,321.8,-200.12,26.55,29.7,24.47,79.59
GHA,GHA_GHA7.27_2,Tema,GreaterAccra,2001,557.1,365.9,-82.42,26.43,29.36,24.45,80.36
GHA,GHA_GHA7.27_2,Tema,GreaterAccra,2002,554.4,387.2,-85.12,26.68,29.8,24.56,79.64
GHA,GHA_GHA7.27_2,Tema,GreaterAccra,2003,571.8,359.1,-67.72,26.88,30.0,24.78,79.85
GHA,GHA_GHA7.27_2,Tema,GreaterAccra,2004,396.9,257.1,-242.62,26.78,29.9,24.63,79.35
GHA,GHA_GHA7.27_2,Tema,GreaterAccra,2005,694.1,493.5,54.58,26.73,29.71,24.66,80.34
GHA,GHA_GHA7.27_2,Tema,GreaterAccra,2006,521.3,398.2,-118.22,26.91,30.03,24.8,79.34
GHA,GHA_GHA7.27_2,Tema,GreaterAccra,2007,651.1,524.3,11.58,26.72,29.87,24.54,79.56
GHA,GHA_GHA7.27_2,Tema,GreaterAccra,2008,587.5,432.0,-52.02,26.74,29.85,24.56,79.35
GHA,GHA_GHA7.27_2,Tema,GreaterAccra,2009,644.5,529.4,4.98,26.79,29.9,24.7,79.73
GHA,GHA_GHA7.27_2,Tema,GreaterAccra,2010,620.8,462.0,-18.72,27.09,30.01,25.06,80.12
GHA,GHA_GHA7.27_2,Tema,GreaterAccra,2011,534.8,395.8,-104.72,26.75,29.8,24.65,79.64
GHA,GHA_GHA7.27_2,Tema,GreaterAccra,2012,654.1,455.5,14.58,26.56,29.64,24.51,80.31
GHA,GHA_GHA7.27_2,Tema,GreaterAccra,2013,485.9,300.3,-153.62,26.75,29.89,24.68,79.56
GHA,GHA_GHA7.27_2,Tema,GreaterAccra,2014,795.1,568.5,155.58,26.54,29.39,24.62,81.86
GHA,GHA_GHA7.27_2,Tema,GreaterAccra,2015,670.4,505.9,30.88,26.64,29.56,24.58,80.59
GHA,GHA_GHA7.27_2,Tema,GreaterAccra,2016,752.7,616.7,113.18,26.95,29.98,24.94,81.11
GHA,GHA_GHA7.27_2,Tema,GreaterAccra,2017,800.9,532.6,161.38,26.73,29.32,24.82,83.95
GHA,GHA_GHA7.27_2,Tema,GreaterAccra,2018,559.2,404.2,-80.32,26.85,29.59,24.69,82.46
GHA,GHA_GHA7.27_2,Tema,GreaterAccra,2019,767.2,590.9,127.68,27.01,29.58,25.0,84.04
GHA,GHA_GHA7.27_2,Tema,GreaterAccra,2020,720.9,563.7,81.38,26.88,29.45,24.86,82.86
GHA,GHA_GHA7.27_2,Tema,GreaterAccra,2021,749.4,601.6,109.88,27.03,29.63,24.98,82.9
GHA,GHA_GHA7.27_2,Tema,GreaterAccra,2022,950.6,701.7,311.08,26.51,29.16,24.41,82.73
GHA,GHA_GHA7.27_2,Tema,GreaterAccra,2023,777.4,548.3,137.88,27.1,29.88,24.88,81.47
GHA,GHA_GHA7.27_2,Tema,GreaterAccra,2024,600.3,402.7,-39.22,27.38,30.33,25.12,79.81
GHA,GHA_GHA7.27_2,Tema,GreaterAccra,2025,569.8,400.5,-69.72,27.08,29.97,24.93,80.09
GHA,GHA_GHA7.28_2,TemaWest,GreaterAccra,2000,439.4,321.8,-241.72,26.54,29.76,24.46,80.74
GHA,GHA_GHA7.28_2,TemaWest,GreaterAccra,2001,557.1,365.9,-124.02,26.44,29.46,24.46,81.31
GHA,GHA_GHA7.28_2,TemaWest,GreaterAccra,2002,554.4,387.2,-126.72,26.68,29.87,24.56,80.71
GHA,GHA_GHA7.28_2,TemaWest,GreaterAccra,2003,571.8,359.1,-109.32,26.88,30.06,24.78,80.93
GHA,GHA_GHA7.28_2,TemaWest,GreaterAccra,2004,396.9,257.1,-284.22,26.77,29.94,24.63,80.49
GHA,GHA_GHA7.28_2,TemaWest,GreaterAccra,2005,694.1,493.5,12.98,26.76,29.83,24.66,81.16
GHA,GHA_GHA7.28_2,TemaWest,GreaterAccra,2006,521.3,398.2,-159.82,26.91,30.09,24.8,80.33
GHA,GHA_GHA7.28_2,TemaWest,GreaterAccra,2007,651.1,524.3,-30.02,26.76,30.04,24.53,80.3
GHA,GHA_GHA7.28_2,TemaWest,GreaterAccra,2008,587.5,432.0,-93.62,26.74,29.95,24.54,80.35
GHA,GHA_GHA7.28_2,TemaWest,GreaterAccra,2009,644.5,529.4,-36.62,26.8,29.98,24.71,80.73
GHA,GHA_GHA7.28_2,TemaWest,GreaterAccra,2010,620.8,462.0,-60.32,27.11,30.11,25.07,81.04
GHA,GHA_GHA7.28_2,TemaWest,GreaterAccra,2011,534.8,395.8,-146.32,26.75,29.86,24.65,80.69
GHA,GHA_GHA7.28_2,TemaWest,GreaterAccra,2012,654.1,455.5,-27.02,26.58,29.72,24.53,81.21
GHA,GHA_GHA7.28_2,TemaWest,GreaterAccra,2013,485.9,300.3,-195.22,26.76,29.97,24.7,80.44
GHA,GHA_GHA7.28_2,TemaWest,GreaterAccra,2014,795.1,568.5,113.98,26.56,29.5,24.64,82.68
GHA,GHA_GHA7.28_2,TemaWest,GreaterAccra,2015,670.4,505.9,-10.72,26.66,29.66,24.59,81.51
GHA,GHA_GHA7.28_2,TemaWest,GreaterAccra,2016,752.7,616.7,71.58,26.98,30.1,24.96,81.98
GHA,GHA_GHA7.28_2,TemaWest,GreaterAccra,2017,860.2,567.3,179.08,26.59,29.9,24.37,83.11
GHA,GHA_GHA7.28_2,TemaWest,GreaterAccra,2018,653.1,431.3,-28.02,26.68,30.17,24.2,81.94
GHA,GHA_GHA7.28_2,TemaWest,GreaterAccra,2019,860.4,627.6,179.28,26.87,30.26,24.53,83.2
GHA,GHA_GHA7.28_2,TemaWest,GreaterAccra,2020,786.0,606.4,104.88,26.76,30.14,24.4,82.04
GHA,GHA_GHA7.28_2,TemaWest,GreaterAccra,2021,842.9,640.9,161.78,26.85,30.25,24.48,82.34
GHA,GHA_GHA7.28_2,TemaWest,GreaterAccra,2022,994.5,704.5,313.38,26.31,29.75,23.86,82.25
GHA,GHA_GHA7.28_2,TemaWest,GreaterAccra,2023,938.3,669.5,257.18,26.83,30.25,24.35,81.96
GHA,GHA_GHA7.28_2,TemaWest,GreaterAccra,2024,796.9,521.9,115.78,27.07,30.54,24.58,81.18
GHA,GHA_GHA7.28_2,TemaWest,GreaterAccra,2025,845.0,553.2,163.88,26.88,30.34,24.46,81.25
GHA,GHA_GHA7.29_2,WeijaGbawe,GreaterAccra,2000,650.1,499.3,-175.64,26.19,28.94,24.29,82.38
GHA,GHA_GHA7.29_2,WeijaGbawe,GreaterAccra,2001,770.3,498.4,-55.44,26.12,28.72,24.31,82.64
GHA,GHA_GHA7.29_2,WeijaGbawe,GreaterAccra,2002,682.2,481.9,-143.54,26.36,29.15,24.38,82.12
GHA,GHA_GHA7.29_2,WeijaGbawe,GreaterAccra,2003,764.8,480.2,-60.94,26.54,29.28,24.61,82.37
GHA,GHA_GHA7.29_2,WeijaGbawe,GreaterAccra,2004,585.2,434.6,-240.54,26.42,29.2,24.45,81.92
GHA,GHA_GHA7.29_2,WeijaGbawe,GreaterAccra,2005,808.8,595.4,-16.94,26.42,29.06,24.51,82.57
GHA,GHA_GHA7.29_2,WeijaGbawe,GreaterAccra,2006,671.5,525.0,-154.24,26.58,29.32,24.63,81.71
GHA,GHA_GHA7.29_2,WeijaGbawe,GreaterAccra,2007,1009.7,838.1,183.96,26.39,29.19,24.38,82.08
GHA,GHA_GHA7.29_2,WeijaGbawe,GreaterAccra,2008,842.4,661.9,16.66,26.4,29.11,24.41,81.98
GHA,GHA_GHA7.29_2,WeijaGbawe,GreaterAccra,2009,875.5,722.8,49.76,26.38,29.04,24.51,82.71
GHA,GHA_GHA7.29_2,WeijaGbawe,GreaterAccra,2010,851.9,635.6,26.16,26.75,29.28,24.9,82.48
GHA,GHA_GHA7.29_2,WeijaGbawe,GreaterAccra,2011,714.9,544.8,-110.84,26.4,29.02,24.5,82.22
GHA,GHA_GHA7.29_2,WeijaGbawe,GreaterAccra,2012,777.0,576.9,-48.74,26.25,28.91,24.39,82.51
GHA,GHA_GHA7.29_2,WeijaGbawe,GreaterAccra,2013,605.4,434.7,-220.34,26.39,29.1,24.51,82.19
GHA,GHA_GHA7.29_2,WeijaGbawe,GreaterAccra,2014,1185.9,908.1,360.16,26.23,28.73,24.49,83.95
GHA,GHA_GHA7.29_2,WeijaGbawe,GreaterAccra,2015,798.9,588.8,-26.84,26.35,28.9,24.47,82.88
GHA,GHA_GHA7.29_2,WeijaGbawe,GreaterAccra,2016,954.1,717.3,128.36,26.59,29.18,24.8,83.84
GHA,GHA_GHA7.29_2,WeijaGbawe,GreaterAccra,2017,770.2,494.0,-55.54,26.54,29.58,24.38,83.55
GHA,GHA_GHA7.29_2,WeijaGbawe,GreaterAccra,2018,700.9,502.2,-124.84,26.59,29.81,24.2,82.7
GHA,GHA_GHA7.29_2,WeijaGbawe,GreaterAccra,2019,1012.8,785.0,187.06,26.81,29.9,24.55,83.89
GHA,GHA_GHA7.29_2,WeijaGbawe,GreaterAccra,2020,754.5,586.3,-71.24,26.7,29.85,24.42,82.77
GHA,GHA_GHA7.29_2,WeijaGbawe,GreaterAccra,2021,888.8,697.5,63.06,26.83,29.98,24.53,82.76
GHA,GHA_GHA7.29_2,WeijaGbawe,GreaterAccra,2022,1009.8,747.2,184.06,26.26,29.43,23.9,83.1
GHA,GHA_GHA7.29_2,WeijaGbawe,GreaterAccra,2023,1012.1,729.1,186.36,26.78,30.03,24.34,82.56
GHA,GHA_GHA7.29_2,WeijaGbawe,GreaterAccra,2024,821.6,539.6,-4.14,26.99,30.34,24.51,81.88
GHA,GHA_GHA7.29_2,WeijaGbawe,GreaterAccra,2025,950.0,626.7,124.26,26.76,30.16,24.34,81.98
GHA,GHA_GHA8.1_2,BunkpuruguNakpanduri,NorthEast,2000,729.2,722.2,-65.07,27.27,32.92,22.2,55.12
GHA,GHA_GHA8.1_2,BunkpuruguNakpanduri,NorthEast,2001,713.0,675.7,-81.27,27.57,33.42,22.28,52.42
GHA,GHA_GHA8.1_2,BunkpuruguNakpanduri,NorthEast,2002,877.4,837.0,83.13,27.8,33.44,22.76,54.79
GHA,GHA_GHA8.1_2,BunkpuruguNakpanduri,NorthEast,2003,871.2,767.9,76.93,27.71,33.3,22.69,56.34
GHA,GHA_GHA8.1_2,BunkpuruguNakpanduri,NorthEast,2004,580.8,493.0,-213.47,27.8,33.49,22.69,56.06
GHA,GHA_GHA8.1_2,BunkpuruguNakpanduri,NorthEast,2005,717.6,638.7,-76.67,27.88,33.43,22.96,56.2
GHA,GHA_GHA8.1_2,BunkpuruguNakpanduri,NorthEast,2006,805.1,775.2,10.83,27.95,33.61,22.91,53.8
GHA,GHA_GHA8.1_2,BunkpuruguNakpanduri,NorthEast,2007,809.3,762.7,15.03,27.57,33.28,22.58,54.99
GHA,GHA_GHA8.1_2,BunkpuruguNakpanduri,NorthEast,2008,779.0,759.8,-15.27,27.37,33.14,22.24,53.35
GHA,GHA_GHA8.1_2,BunkpuruguNakpanduri,NorthEast,2009,758.6,717.4,-35.67,27.94,33.57,22.98,57.12
GHA,GHA_GHA8.1_2,BunkpuruguNakpanduri,NorthEast,2010,880.0,819.4,85.73,27.65,33.16,22.77,58.78
GHA,GHA_GHA8.1_2,BunkpuruguNakpanduri,NorthEast,2011,652.4,625.3,-141.87,27.91,33.54,22.9,55.38
GHA,GHA_GHA8.1_2,BunkpuruguNakpanduri,NorthEast,2012,930.4,815.1,136.13,27.4,32.86,22.55,57.89
GHA,GHA_GHA8.1_2,BunkpuruguNakpanduri,NorthEast,2013,760.5,650.2,-33.77,27.63,33.05,22.88,58.71
GHA,GHA_GHA8.1_2,BunkpuruguNakpanduri,NorthEast,2014,796.0,709.1,1.73,27.88,33.4,22.95,57.13
GHA,GHA_GHA8.1_2,BunkpuruguNakpanduri,NorthEast,2015,784.9,755.3,-9.37,27.88,33.53,22.8,53.74
GHA,GHA_GHA8.1_2,BunkpuruguNakpanduri,NorthEast,2016,821.3,733.8,27.03,27.97,33.56,23.03,56.08
GHA,GHA_GHA8.1_2,BunkpuruguNakpanduri,NorthEast,2017,505.0,484.2,-289.27,28.44,33.59,23.97,51.07
GHA,GHA_GHA8.1_2,BunkpuruguNakpanduri,NorthEast,2018,708.8,670.5,-85.47,28.04,33.05,23.84,56.0
GHA,GHA_GHA8.1_2,BunkpuruguNakpanduri,NorthEast,2019,925.1,878.4,130.83,28.27,33.23,24.02,56.4
GHA,GHA_GHA8.1_2,BunkpuruguNakpanduri,NorthEast,2020,871.6,836.4,77.33,28.18,33.11,23.83,54.07
GHA,GHA_GHA8.1_2,BunkpuruguNakpanduri,NorthEast,2021,627.5,607.3,-166.77,28.69,33.78,24.25,51.37
GHA,GHA_GHA8.1_2,BunkpuruguNakpanduri,NorthEast,2022,1041.8,935.3,247.53,27.76,32.91,23.34,52.78
GHA,GHA_GHA8.1_2,BunkpuruguNakpanduri,NorthEast,2023,919.6,859.7,125.33,28.23,33.53,23.78,54.58
GHA,GHA_GHA8.1_2,BunkpuruguNakpanduri,NorthEast,2024,932.5,888.3,138.23,28.49,33.77,24.09,51.98
GHA,GHA_GHA8.1_2,BunkpuruguNakpanduri,NorthEast,2025,852.3,847.1,58.03,28.54,34.02,24.19,54.42
GHA,GHA_GHA8.2_2,Chereponi,NorthEast,2000,525.5,518.9,-252.26,28.17,33.89,22.96,54.55
GHA,GHA_GHA8.2_2,Chereponi,NorthEast,2001,574.5,534.5,-203.26,28.48,34.35,23.15,51.98
GHA,GHA_GHA8.2_2,Chereponi,NorthEast,2002,858.4,830.4,80.64,28.61,34.29,23.52,54.66
GHA,GHA_GHA8.2_2,Chereponi,NorthEast,2003,908.6,790.5,130.84,28.5,34.13,23.4,56.59
GHA,GHA_GHA8.2_2,Chereponi,NorthEast,2004,565.7,473.6,-212.06,28.49,34.18,23.35,56.49
GHA,GHA_GHA8.2_2,Chereponi,NorthEast,2005,643.3,581.3,-134.46,28.62,34.21,23.64,56.46
GHA,GHA_GHA8.2_2,Chereponi,NorthEast,2006,717.6,693.4,-60.16,28.75,34.39,23.69,54.18
GHA,GHA_GHA8.2_2,Chereponi,NorthEast,2007,838.3,794.7,60.54,28.35,34.04,23.26,55.41
GHA,GHA_GHA8.2_2,Chereponi,NorthEast,2008,696.8,675.5,-80.96,28.18,33.92,22.98,53.88
GHA,GHA_GHA8.2_2,Chereponi,NorthEast,2009,657.4,620.1,-120.36,28.75,34.38,23.77,56.94
GHA,GHA_GHA8.2_2,Chereponi,NorthEast,2010,772.0,724.7,-5.76,28.48,33.97,23.58,58.71
GHA,GHA_GHA8.2_2,Chereponi,NorthEast,2011,525.8,504.0,-251.96,28.85,34.54,23.74,54.61
GHA,GHA_GHA8.2_2,Chereponi,NorthEast,2012,795.6,668.1,17.84,28.37,33.92,23.38,57.07
GHA,GHA_GHA8.2_2,Chereponi,NorthEast,2013,693.6,643.5,-84.16,28.51,34.01,23.66,58.09
GHA,GHA_GHA8.2_2,Chereponi,NorthEast,2014,749.1,685.0,-28.66,28.63,34.14,23.69,57.27
GHA,GHA_GHA8.2_2,Chereponi,NorthEast,2015,712.0,655.1,-65.76,28.57,34.19,23.53,54.51
GHA,GHA_GHA8.2_2,Chereponi,NorthEast,2016,762.2,679.8,-15.56,28.78,34.4,23.76,56.17
GHA,GHA_GHA8.2_2,Chereponi,NorthEast,2017,567.8,549.3,-209.96,28.46,33.76,23.86,54.8
GHA,GHA_GHA8.2_2,Chereponi,NorthEast,2018,799.0,739.3,21.24,28.06,33.28,23.73,58.84
GHA,GHA_GHA8.2_2,Chereponi,NorthEast,2019,1070.3,1009.3,292.54,28.4,33.56,23.97,58.87
GHA,GHA_GHA8.2_2,Chereponi,NorthEast,2020,1003.6,949.1,225.84,28.3,33.45,23.73,56.79
GHA,GHA_GHA8.2_2,Chereponi,NorthEast,2021,682.2,658.1,-95.56,28.71,34.01,24.02,54.67
GHA,GHA_GHA8.2_2,Chereponi,NorthEast,2022,983.2,879.5,205.44,27.71,33.06,23.06,55.95
GHA,GHA_GHA8.2_2,Chereponi,NorthEast,2023,1125.9,1064.8,348.14,28.28,33.72,23.69,57.86
GHA,GHA_GHA8.2_2,Chereponi,NorthEast,2024,1014.7,933.3,236.94,28.69,34.35,23.97,54.05
GHA,GHA_GHA8.2_2,Chereponi,NorthEast,2025,978.6,955.1,200.84,28.78,34.35,24.21,57.24
GHA,GHA_GHA8.3_2,EastMamprusi,NorthEast,2000,884.6,865.8,38.63,27.49,33.11,22.37,54.92
GHA,GHA_GHA8.3_2,EastMamprusi,NorthEast,2001,822.8,796.9,-23.17,27.77,33.55,22.47,52.23
GHA,GHA_GHA8.3_2,EastMamprusi,NorthEast,2002,969.6,921.2,123.63,27.97,33.53,22.96,54.79
GHA,GHA_GHA8.3_2,EastMamprusi,NorthEast,2003,925.4,832.3,79.43,27.83,33.32,22.83,56.66
GHA,GHA_GHA8.3_2,EastMamprusi,NorthEast,2004,639.3,561.4,-206.67,28.08,33.72,22.95,55.46
GHA,GHA_GHA8.3_2,EastMamprusi,NorthEast,2005,801.4,726.4,-44.57,28.13,33.65,23.13,55.62
GHA,GHA_GHA8.3_2,EastMamprusi,NorthEast,2006,852.0,808.3,6.03,28.19,33.78,23.13,53.55
GHA,GHA_GHA8.3_2,EastMamprusi,NorthEast,2007,853.2,781.5,7.23,27.77,33.38,22.77,54.86
GHA,GHA_GHA8.3_2,EastMamprusi,NorthEast,2008,822.5,792.6,-23.47,27.55,33.28,22.36,53.39
GHA,GHA_GHA8.3_2,EastMamprusi,NorthEast,2009,894.5,856.1,48.53,28.14,33.7,23.25,56.78
GHA,GHA_GHA8.3_2,EastMamprusi,NorthEast,2010,950.0,891.0,104.03,27.95,33.4,23.03,58.16
GHA,GHA_GHA8.3_2,EastMamprusi,NorthEast,2011,838.8,807.1,-7.17,28.06,33.63,23.04,55.4
GHA,GHA_GHA8.3_2,EastMamprusi,NorthEast,2012,960.5,855.5,114.53,27.69,33.16,22.79,56.91
GHA,GHA_GHA8.3_2,EastMamprusi,NorthEast,2013,732.9,641.9,-113.07,27.97,33.4,23.15,57.42
GHA,GHA_GHA8.3_2,EastMamprusi,NorthEast,2014,903.2,812.7,57.23,28.12,33.59,23.2,56.65
GHA,GHA_GHA8.3_2,EastMamprusi,NorthEast,2015,882.4,846.4,36.43,28.0,33.58,22.94,54.07
GHA,GHA_GHA8.3_2,EastMamprusi,NorthEast,2016,905.2,814.2,59.23,28.18,33.71,23.22,55.72
GHA,GHA_GHA8.3_2,EastMamprusi,NorthEast,2017,464.0,444.4,-381.97,28.36,33.48,23.91,51.64
GHA,GHA_GHA8.3_2,EastMamprusi,NorthEast,2018,690.6,647.6,-155.37,27.81,32.74,23.67,57.27
GHA,GHA_GHA8.3_2,EastMamprusi,NorthEast,2019,864.1,813.8,18.13,28.08,32.97,23.88,57.38
GHA,GHA_GHA8.3_2,EastMamprusi,NorthEast,2020,909.2,869.9,63.23,28.05,32.97,23.78,54.98
GHA,GHA_GHA8.3_2,EastMamprusi,NorthEast,2021,622.2,583.9,-223.77,28.49,33.57,24.08,52.76
GHA,GHA_GHA8.3_2,EastMamprusi,NorthEast,2022,939.7,834.4,93.73,27.62,32.7,23.26,53.53
GHA,GHA_GHA8.3_2,EastMamprusi,NorthEast,2023,947.7,842.2,101.73,28.11,33.28,23.64,55.52
GHA,GHA_GHA8.3_2,EastMamprusi,NorthEast,2024,1094.9,1060.7,248.93,28.15,33.32,23.89,54.09
GHA,GHA_GHA8.3_2,EastMamprusi,NorthEast,2025,824.4,791.1,-21.57,28.27,33.65,23.93,56.0
GHA,GHA_GHA8.4_2,MampruguMoagduri,NorthEast,2000,752.4,744.4,-43.68,28.35,34.14,22.93,54.54
GHA,GHA_GHA8.4_2,MampruguMoagduri,NorthEast,2001,714.4,693.4,-81.68,28.78,34.76,23.16,51.5
GHA,GHA_GHA8.4_2,MampruguMoagduri,NorthEast,2002,800.9,741.4,4.82,28.98,34.72,23.69,53.89
GHA,GHA_GHA8.4_2,MampruguMoagduri,NorthEast,2003,1032.6,958.6,236.52,28.75,34.39,23.52,56.21
GHA,GHA_GHA8.4_2,MampruguMoagduri,NorthEast,2004,642.8,547.2,-153.28,28.89,34.64,23.56,55.56
GHA,GHA_GHA8.4_2,MampruguMoagduri,NorthEast,2005,775.8,711.4,-20.28,28.84,34.51,23.69,56.32
GHA,GHA_GHA8.4_2,MampruguMoagduri,NorthEast,2006,724.5,683.0,-71.58,28.91,34.63,23.59,54.29
GHA,GHA_GHA8.4_2,MampruguMoagduri,NorthEast,2007,820.3,750.6,24.22,28.61,34.33,23.3,54.11
GHA,GHA_GHA8.4_2,MampruguMoagduri,NorthEast,2008,756.7,735.0,-39.38,28.39,34.3,22.88,53.23
GHA,GHA_GHA8.4_2,MampruguMoagduri,NorthEast,2009,681.4,652.6,-114.68,29.13,34.8,23.98,55.9
GHA,GHA_GHA8.4_2,MampruguMoagduri,NorthEast,2010,813.2,757.6,17.12,28.82,34.45,23.63,57.98
GHA,GHA_GHA8.4_2,MampruguMoagduri,NorthEast,2011,696.9,651.6,-99.18,28.86,34.5,23.62,55.56
GHA,GHA_GHA8.4_2,MampruguMoagduri,NorthEast,2012,774.3,688.0,-21.78,28.74,34.43,23.57,55.64
GHA,GHA_GHA8.4_2,MampruguMoagduri,NorthEast,2013,621.1,569.6,-174.98,29.01,34.59,23.94,56.08
GHA,GHA_GHA8.4_2,MampruguMoagduri,NorthEast,2014,718.6,659.6,-77.48,29.09,34.77,23.91,55.95
GHA,GHA_GHA8.4_2,MampruguMoagduri,NorthEast,2015,747.0,712.8,-49.08,29.08,34.84,23.73,52.67
GHA,GHA_GHA8.4_2,MampruguMoagduri,NorthEast,2016,793.7,706.9,-2.38,29.28,35.01,23.98,54.13
GHA,GHA_GHA8.4_2,MampruguMoagduri,NorthEast,2017,634.1,606.6,-161.98,28.82,34.44,23.73,52.87
GHA,GHA_GHA8.4_2,MampruguMoagduri,NorthEast,2018,867.7,817.1,71.62,28.37,33.82,23.57,57.13
GHA,GHA_GHA8.4_2,MampruguMoagduri,NorthEast,2019,972.0,948.9,175.92,28.77,34.29,23.86,56.39
GHA,GHA_GHA8.4_2,MampruguMoagduri,NorthEast,2020,908.6,872.3,112.52,28.73,34.33,23.66,54.3
GHA,GHA_GHA8.4_2,MampruguMoagduri,NorthEast,2021,661.1,645.6,-134.98,29.2,34.83,24.01,52.14
GHA,GHA_GHA8.4_2,MampruguMoagduri,NorthEast,2022,958.3,875.7,162.22,28.09,33.77,22.98,54.26
GHA,GHA_GHA8.4_2,MampruguMoagduri,NorthEast,2023,936.6,850.0,140.52,28.87,34.76,23.71,54.23
GHA,GHA_GHA8.4_2,MampruguMoagduri,NorthEast,2024,907.7,861.8,111.62,29.24,35.23,23.97,51.59
GHA,GHA_GHA8.4_2,MampruguMoagduri,NorthEast,2025,985.4,945.6,189.32,29.22,34.91,24.35,55.9
GHA,GHA_GHA8.5_2,WestMamprusi,NorthEast,2000,721.4,703.4,-56.48,28.12,33.81,22.91,54.55
GHA,GHA_GHA8.5_2,WestMamprusi,NorthEast,2001,641.7,617.2,-136.18,28.47,34.35,23.11,51.78
GHA,GHA_GHA8.5_2,WestMamprusi,NorthEast,2002,812.1,754.0,34.22,28.59,34.2,23.51,54.59
GHA,GHA_GHA8.5_2,WestMamprusi,NorthEast,2003,935.6,836.1,157.72,28.45,34.01,23.35,56.43
GHA,GHA_GHA8.5_2,WestMamprusi,NorthEast,2004,551.4,470.0,-226.48,28.72,34.43,23.53,55.04
GHA,GHA_GHA8.5_2,WestMamprusi,NorthEast,2005,673.8,607.8,-104.08,28.79,34.43,23.69,55.21
GHA,GHA_GHA8.5_2,WestMamprusi,NorthEast,2006,679.8,649.8,-98.08,28.8,34.46,23.62,53.44
GHA,GHA_GHA8.5_2,WestMamprusi,NorthEast,2007,761.8,690.4,-16.08,28.44,34.1,23.31,54.11
GHA,GHA_GHA8.5_2,WestMamprusi,NorthEast,2008,735.0,710.8,-42.88,28.15,33.95,22.84,53.55
GHA,GHA_GHA8.5_2,WestMamprusi,NorthEast,2009,740.1,718.0,-37.78,28.82,34.4,23.84,56.16
GHA,GHA_GHA8.5_2,WestMamprusi,NorthEast,2010,807.2,751.5,29.32,28.57,34.1,23.55,58.09
GHA,GHA_GHA8.5_2,WestMamprusi,NorthEast,2011,670.6,639.3,-107.28,28.63,34.23,23.55,55.43
GHA,GHA_GHA8.5_2,WestMamprusi,NorthEast,2012,711.2,613.4,-66.68,28.48,34.11,23.44,55.55
GHA,GHA_GHA8.5_2,WestMamprusi,NorthEast,2013,597.1,537.6,-180.78,28.79,34.34,23.81,55.97
GHA,GHA_GHA8.5_2,WestMamprusi,NorthEast,2014,700.9,636.6,-76.98,28.95,34.56,23.87,55.29
GHA,GHA_GHA8.5_2,WestMamprusi,NorthEast,2015,682.2,650.8,-95.68,28.76,34.43,23.56,53.11
GHA,GHA_GHA8.5_2,WestMamprusi,NorthEast,2016,824.3,729.2,46.42,28.89,34.51,23.78,55.0
GHA,GHA_GHA8.5_2,WestMamprusi,NorthEast,2017,556.6,520.2,-221.28,28.89,34.32,24.04,52.45
GHA,GHA_GHA8.5_2,WestMamprusi,NorthEast,2018,754.7,704.8,-23.18,28.47,33.72,23.88,56.91
GHA,GHA_GHA8.5_2,WestMamprusi,NorthEast,2019,976.9,939.3,199.02,28.83,34.14,24.14,56.45
GHA,GHA_GHA8.5_2,WestMamprusi,NorthEast,2020,1054.7,1031.9,276.82,28.77,34.14,23.98,54.42
GHA,GHA_GHA8.5_2,WestMamprusi,NorthEast,2021,687.5,676.2,-90.38,29.11,34.53,24.26,52.76
GHA,GHA_GHA8.5_2,WestMamprusi,NorthEast,2022,1032.6,952.8,254.72,28.14,33.67,23.23,53.98
GHA,GHA_GHA8.5_2,WestMamprusi,NorthEast,2023,937.9,839.7,160.02,28.75,34.4,23.89,55.43
GHA,GHA_GHA8.5_2,WestMamprusi,NorthEast,2024,1004.5,968.9,226.62,28.73,34.44,23.9,54.05
GHA,GHA_GHA8.5_2,WestMamprusi,NorthEast,2025,973.2,934.7,195.32,28.79,34.55,24.07,56.87
GHA,GHA_GHA8.6_2,Yunyoo-Nasuan,NorthEast,2000,729.2,722.2,-64.65,28.03,33.72,22.89,54.91
GHA,GHA_GHA8.6_2,Yunyoo-Nasuan,NorthEast,2001,713.0,675.7,-80.85,28.34,34.19,23.0,52.21
GHA,GHA_GHA8.6_2,Yunyoo-Nasuan,NorthEast,2002,877.4,837.0,83.55,28.56,34.2,23.48,54.64
GHA,GHA_GHA8.6_2,Yunyoo-Nasuan,NorthEast,2003,871.2,767.9,77.35,28.43,34.02,23.36,56.4
GHA,GHA_GHA8.6_2,Yunyoo-Nasuan,NorthEast,2004,580.8,493.0,-213.05,28.54,34.23,23.37,55.98
GHA,GHA_GHA8.6_2,Yunyoo-Nasuan,NorthEast,2005,717.6,638.7,-76.25,28.63,34.21,23.61,55.97
GHA,GHA_GHA8.6_2,Yunyoo-Nasuan,NorthEast,2006,805.1,775.2,11.25,28.72,34.4,23.64,53.74
GHA,GHA_GHA8.6_2,Yunyoo-Nasuan,NorthEast,2007,809.3,762.7,15.45,28.3,33.99,23.25,55.07
GHA,GHA_GHA8.6_2,Yunyoo-Nasuan,NorthEast,2008,779.0,759.8,-14.85,28.09,33.86,22.91,53.52
GHA,GHA_GHA8.6_2,Yunyoo-Nasuan,NorthEast,2009,758.6,717.4,-35.25,28.65,34.28,23.68,57.11
GHA,GHA_GHA8.6_2,Yunyoo-Nasuan,NorthEast,2010,880.0,819.4,86.15,28.4,33.92,23.47,58.64
GHA,GHA_GHA8.6_2,Yunyoo-Nasuan,NorthEast,2011,652.4,625.3,-141.45,28.65,34.29,23.58,55.25
GHA,GHA_GHA8.6_2,Yunyoo-Nasuan,NorthEast,2012,930.4,815.1,136.55,28.19,33.69,23.25,57.35
GHA,GHA_GHA8.6_2,Yunyoo-Nasuan,NorthEast,2013,760.5,650.2,-33.35,28.42,33.87,23.6,58.19
GHA,GHA_GHA8.6_2,Yunyoo-Nasuan,NorthEast,2014,796.0,709.1,2.15,28.62,34.14,23.65,57.02
GHA,GHA_GHA8.6_2,Yunyoo-Nasuan,NorthEast,2015,784.9,755.3,-8.95,28.56,34.2,23.47,54.02
GHA,GHA_GHA8.6_2,Yunyoo-Nasuan,NorthEast,2016,821.3,733.8,27.45,28.71,34.3,23.71,56.01
GHA,GHA_GHA8.6_2,Yunyoo-Nasuan,NorthEast,2017,485.1,465.8,-308.75,28.73,34.04,24.11,51.12
GHA,GHA_GHA8.6_2,Yunyoo-Nasuan,NorthEast,2018,734.9,682.3,-58.95,28.3,33.41,24.03,56.14
GHA,GHA_GHA8.6_2,Yunyoo-Nasuan,NorthEast,2019,893.4,859.2,99.55,28.51,33.57,24.19,56.61
GHA,GHA_GHA8.6_2,Yunyoo-Nasuan,NorthEast,2020,877.1,837.1,83.25,28.43,33.46,24.01,54.28
GHA,GHA_GHA8.6_2,Yunyoo-Nasuan,NorthEast,2021,688.2,671.7,-105.65,28.91,34.12,24.38,51.73
GHA,GHA_GHA8.6_2,Yunyoo-Nasuan,NorthEast,2022,996.5,894.3,202.65,28.0,33.26,23.49,52.99
GHA,GHA_GHA8.6_2,Yunyoo-Nasuan,NorthEast,2023,898.2,833.5,104.35,28.5,33.93,23.95,54.75
GHA,GHA_GHA8.6_2,Yunyoo-Nasuan,NorthEast,2024,929.0,870.2,135.15,28.73,34.1,24.3,52.27
GHA,GHA_GHA8.6_2,Yunyoo-Nasuan,NorthEast,2025,871.0,859.0,77.15,28.81,34.42,24.37,54.55
GHA,GHA_GHA9.1_2,Gushegu,Northern,2000,700.5,678.9,-167.28,27.89,33.38,22.93,57.03
GHA,GHA_GHA9.1_2,Gushegu,Northern,2001,694.4,656.4,-173.38,28.33,34.0,23.2,53.88
GHA,GHA_GHA9.1_2,Gushegu,Northern,2002,835.8,775.0,-31.98,28.41,33.84,23.59,56.81
GHA,GHA_GHA9.1_2,Gushegu,Northern,2003,1007.7,887.4,139.92,28.28,33.67,23.41,58.91
GHA,GHA_GHA9.1_2,Gushegu,Northern,2004,655.2,526.6,-212.58,28.19,33.6,23.3,59.5
GHA,GHA_GHA9.1_2,Gushegu,Northern,2005,729.6,665.3,-138.18,28.41,33.79,23.58,58.43
GHA,GHA_GHA9.1_2,Gushegu,Northern,2006,863.8,828.8,-3.98,28.47,33.89,23.59,56.59
GHA,GHA_GHA9.1_2,Gushegu,Northern,2007,846.7,756.7,-21.08,28.07,33.48,23.27,57.65
GHA,GHA_GHA9.1_2,Gushegu,Northern,2008,867.0,836.5,-0.78,27.95,33.49,22.99,56.3
GHA,GHA_GHA9.1_2,Gushegu,Northern,2009,821.7,772.1,-46.08,28.41,33.75,23.69,59.59
GHA,GHA_GHA9.1_2,Gushegu,Northern,2010,880.7,791.9,12.92,28.16,33.4,23.48,61.58
GHA,GHA_GHA9.1_2,Gushegu,Northern,2011,745.5,716.1,-122.28,28.35,33.75,23.55,58.08
GHA,GHA_GHA9.1_2,Gushegu,Northern,2012,791.0,670.8,-76.78,28.11,33.44,23.35,59.05
GHA,GHA_GHA9.1_2,Gushegu,Northern,2013,777.9,709.0,-89.88,28.32,33.62,23.63,59.57
GHA,GHA_GHA9.1_2,Gushegu,Northern,2014,913.1,811.6,45.32,28.4,33.66,23.68,59.4
GHA,GHA_GHA9.1_2,Gushegu,Northern,2015,838.7,766.4,-29.08,28.37,33.8,23.48,56.53
GHA,GHA_GHA9.1_2,Gushegu,Northern,2016,910.0,826.3,42.22,28.55,33.92,23.73,58.41
GHA,GHA_GHA9.1_2,Gushegu,Northern,2017,571.7,546.6,-296.08,28.41,33.61,23.85,54.91
GHA,GHA_GHA9.1_2,Gushegu,Northern,2018,873.1,802.1,5.32,27.94,33.01,23.65,58.78
GHA,GHA_GHA9.1_2,Gushegu,Northern,2019,1119.7,1058.9,251.92,28.3,33.35,23.91,58.87
GHA,GHA_GHA9.1_2,Gushegu,Northern,2020,1176.3,1115.1,308.52,28.18,33.2,23.74,57.21
GHA,GHA_GHA9.1_2,Gushegu,Northern,2021,713.7,686.6,-154.08,28.64,33.82,24.05,54.85
GHA,GHA_GHA9.1_2,Gushegu,Northern,2022,1164.4,999.1,296.62,27.65,32.91,23.13,55.83
GHA,GHA_GHA9.1_2,Gushegu,Northern,2023,1115.7,1013.2,247.92,28.14,33.46,23.63,58.2
GHA,GHA_GHA9.1_2,Gushegu,Northern,2024,998.2,906.9,130.42,28.65,34.19,23.95,54.07
GHA,GHA_GHA9.1_2,Gushegu,Northern,2025,950.2,918.5,82.42,28.52,33.84,24.09,59.05
GHA,GHA_GHA9.2_2,Karaga,Northern,2000,676.3,654.6,-144.94,28.14,33.72,23.04,55.36
GHA,GHA_GHA9.2_2,Karaga,Northern,2001,619.1,592.0,-202.14,28.6,34.37,23.33,52.09
GHA,GHA_GHA9.2_2,Karaga,Northern,2002,770.1,709.9,-51.14,28.67,34.19,23.71,55.19
GHA,GHA_GHA9.2_2,Karaga,Northern,2003,1009.6,889.5,188.36,28.49,33.93,23.48,57.38
GHA,GHA_GHA9.2_2,Karaga,Northern,2004,586.3,483.3,-234.94,28.61,34.18,23.54,56.9
GHA,GHA_GHA9.2_2,Karaga,Northern,2005,668.7,598.6,-152.54,28.74,34.25,23.73,56.35
GHA,GHA_GHA9.2_2,Karaga,Northern,2006,746.5,716.5,-74.74,28.77,34.28,23.7,54.7
GHA,GHA_GHA9.2_2,Karaga,Northern,2007,784.6,699.1,-36.64,28.39,33.93,23.4,55.51
GHA,GHA_GHA9.2_2,Karaga,Northern,2008,833.1,798.9,11.86,28.21,33.87,23.08,54.66
GHA,GHA_GHA9.2_2,Karaga,Northern,2009,731.2,695.8,-90.04,28.78,34.25,23.9,57.28
GHA,GHA_GHA9.2_2,Karaga,Northern,2010,817.0,754.1,-4.24,28.48,33.82,23.59,59.6
GHA,GHA_GHA9.2_2,Karaga,Northern,2011,765.1,738.5,-56.14,28.65,34.17,23.69,56.31
GHA,GHA_GHA9.2_2,Karaga,Northern,2012,779.6,658.3,-41.64,28.37,33.82,23.49,57.15
GHA,GHA_GHA9.2_2,Karaga,Northern,2013,691.9,629.7,-129.34,28.67,34.09,23.82,57.42
GHA,GHA_GHA9.2_2,Karaga,Northern,2014,768.6,696.6,-52.64,28.8,34.21,23.88,56.92
GHA,GHA_GHA9.2_2,Karaga,Northern,2015,741.9,694.4,-79.34,28.64,34.17,23.6,54.8
GHA,GHA_GHA9.2_2,Karaga,Northern,2016,875.5,799.0,54.26,28.82,34.29,23.88,56.53
GHA,GHA_GHA9.2_2,Karaga,Northern,2017,540.3,519.5,-280.94,28.77,34.12,24.12,53.7
GHA,GHA_GHA9.2_2,Karaga,Northern,2018,834.8,770.9,13.56,28.15,33.31,23.81,58.4
GHA,GHA_GHA9.2_2,Karaga,Northern,2019,1043.3,1005.8,222.06,28.65,33.9,24.17,57.59
GHA,GHA_GHA9.2_2,Karaga,Northern,2020,1176.6,1122.5,355.36,28.45,33.64,23.96,56.39
GHA,GHA_GHA9.2_2,Karaga,Northern,2021,644.9,591.7,-176.34,28.93,34.31,24.25,53.86
GHA,GHA_GHA9.2_2,Karaga,Northern,2022,1182.9,1045.2,361.66,27.98,33.44,23.34,54.76
GHA,GHA_GHA9.2_2,Karaga,Northern,2023,1081.5,970.8,260.26,28.52,34.01,23.91,56.93
GHA,GHA_GHA9.2_2,Karaga,Northern,2024,1030.3,923.6,209.06,28.69,34.44,23.94,54.37
GHA,GHA_GHA9.2_2,Karaga,Northern,2025,952.6,927.6,131.36,28.67,34.36,24.08,57.96
GHA,GHA_GHA9.3_2,Kpandai,Northern,2000,1341.9,1196.6,46.71,26.96,32.21,23.1,70.52
GHA,GHA_GHA9.3_2,Kpandai,Northern,2001,864.6,752.1,-430.59,27.37,32.69,23.48,68.8
GHA,GHA_GHA9.3_2,Kpandai,Northern,2002,1294.4,1100.2,-0.79,27.22,32.34,23.44,70.21
GHA,GHA_GHA9.3_2,Kpandai,Northern,2003,1420.5,1212.6,125.31,27.26,32.35,23.62,73.47
GHA,GHA_GHA9.3_2,Kpandai,Northern,2004,1138.1,910.7,-157.09,27.13,32.2,23.53,73.53
GHA,GHA_GHA9.3_2,Kpandai,Northern,2005,1148.6,956.2,-146.59,27.21,32.21,23.6,72.82
GHA,GHA_GHA9.3_2,Kpandai,Northern,2006,1164.5,1023.0,-130.69,27.32,32.48,23.55,71.14
GHA,GHA_GHA9.3_2,Kpandai,Northern,2007,1485.5,1360.8,190.31,27.2,32.44,23.35,70.25
GHA,GHA_GHA9.3_2,Kpandai,Northern,2008,1198.9,1059.3,-96.29,27.12,32.43,23.2,69.37
GHA,GHA_GHA9.3_2,Kpandai,Northern,2009,1122.9,910.7,-172.29,27.24,32.31,23.62,73.15
GHA,GHA_GHA9.3_2,Kpandai,Northern,2010,1263.9,1106.8,-31.29,27.34,32.19,23.79,74.26
GHA,GHA_GHA9.3_2,Kpandai,Northern,2011,1152.7,986.7,-142.49,27.1,32.26,23.35,71.28
GHA,GHA_GHA9.3_2,Kpandai,Northern,2012,1367.9,1111.6,72.71,26.77,31.65,23.21,73.61
GHA,GHA_GHA9.3_2,Kpandai,Northern,2013,1138.3,951.3,-156.89,27.06,32.05,23.42,72.55
GHA,GHA_GHA9.3_2,Kpandai,Northern,2014,1286.9,1127.2,-8.29,27.13,31.99,23.64,74.25
GHA,GHA_GHA9.3_2,Kpandai,Northern,2015,1065.4,874.8,-229.79,27.31,32.53,23.51,69.33
GHA,GHA_GHA9.3_2,Kpandai,Northern,2016,1719.1,1364.5,423.91,27.41,32.38,23.76,72.24
GHA,GHA_GHA9.3_2,Kpandai,Northern,2017,1055.6,919.6,-239.59,27.63,32.97,23.75,70.11
GHA,GHA_GHA9.3_2,Kpandai,Northern,2018,1415.6,1242.6,120.41,27.15,32.45,23.24,70.49
GHA,GHA_GHA9.3_2,Kpandai,Northern,2019,1712.4,1482.7,417.21,27.55,32.77,23.77,72.08
GHA,GHA_GHA9.3_2,Kpandai,Northern,2020,1227.0,1070.3,-68.19,27.5,32.88,23.51,69.73
GHA,GHA_GHA9.3_2,Kpandai,Northern,2021,1208.5,1107.3,-86.69,27.75,33.19,23.81,70.6
GHA,GHA_GHA9.3_2,Kpandai,Northern,2022,1479.7,1264.0,184.51,27.05,32.74,22.96,68.61
GHA,GHA_GHA9.3_2,Kpandai,Northern,2023,1719.4,1467.0,424.21,27.15,32.97,23.21,71.72
GHA,GHA_GHA9.3_2,Kpandai,Northern,2024,1469.7,1277.8,174.51,27.9,33.87,23.54,66.26
GHA,GHA_GHA9.3_2,Kpandai,Northern,2025,1213.0,1051.6,-82.19,27.79,32.78,23.99,70.81
GHA,GHA_GHA9.4_2,Kumbungu,Northern,2000,687.9,650.7,-123.34,28.32,33.96,23.15,55.31
GHA,GHA_GHA9.4_2,Kumbungu,Northern,2001,590.7,552.3,-220.54,28.89,34.69,23.58,51.72
GHA,GHA_GHA9.4_2,Kumbungu,Northern,2002,780.4,715.9,-30.84,28.96,34.55,23.92,54.97
GHA,GHA_GHA9.4_2,Kumbungu,Northern,2003,987.7,912.2,176.46,28.77,34.24,23.72,57.05
GHA,GHA_GHA9.4_2,Kumbungu,Northern,2004,613.3,511.5,-197.94,28.77,34.35,23.73,57.08
GHA,GHA_GHA9.4_2,Kumbungu,Northern,2005,681.8,615.8,-129.44,28.83,34.37,23.82,57.02
GHA,GHA_GHA9.4_2,Kumbungu,Northern,2006,670.0,638.0,-141.24,28.87,34.42,23.83,55.37
GHA,GHA_GHA9.4_2,Kumbungu,Northern,2007,972.2,901.2,160.96,28.48,33.98,23.47,55.41
GHA,GHA_GHA9.4_2,Kumbungu,Northern,2008,834.8,806.8,23.56,28.4,34.1,23.21,54.57
GHA,GHA_GHA9.4_2,Kumbungu,Northern,2009,726.4,692.9,-84.84,29.03,34.49,24.13,56.91
GHA,GHA_GHA9.4_2,Kumbungu,Northern,2010,902.8,825.4,91.56,28.59,33.99,23.75,59.99
GHA,GHA_GHA9.4_2,Kumbungu,Northern,2011,635.8,601.6,-175.44,28.89,34.48,23.86,55.8
GHA,GHA_GHA9.4_2,Kumbungu,Northern,2012,704.6,591.9,-106.64,28.73,34.28,23.74,56.21
GHA,GHA_GHA9.4_2,Kumbungu,Northern,2013,667.6,591.8,-143.64,28.95,34.42,24.03,56.71
GHA,GHA_GHA9.4_2,Kumbungu,Northern,2014,739.8,665.9,-71.44,28.96,34.45,24.0,57.01
GHA,GHA_GHA9.4_2,Kumbungu,Northern,2015,688.1,635.6,-123.14,29.02,34.64,23.9,53.89
GHA,GHA_GHA9.4_2,Kumbungu,Northern,2016,879.8,830.1,68.56,29.14,34.61,24.16,55.78
GHA,GHA_GHA9.4_2,Kumbungu,Northern,2017,567.2,529.1,-244.04,28.89,34.14,24.29,55.0
GHA,GHA_GHA9.4_2,Kumbungu,Northern,2018,840.7,786.5,29.46,28.3,33.49,23.84,59.34
GHA,GHA_GHA9.4_2,Kumbungu,Northern,2019,1092.8,1036.0,281.56,28.88,34.28,24.25,57.75
GHA,GHA_GHA9.4_2,Kumbungu,Northern,2020,954.5,914.8,143.26,28.86,34.18,24.13,55.74
GHA,GHA_GHA9.4_2,Kumbungu,Northern,2021,684.6,651.1,-126.64,29.2,34.63,24.38,54.38
GHA,GHA_GHA9.4_2,Kumbungu,Northern,2022,994.5,872.3,183.26,28.11,33.58,23.34,55.99
GHA,GHA_GHA9.4_2,Kumbungu,Northern,2023,1075.8,925.7,264.56,28.75,34.32,23.99,57.25
GHA,GHA_GHA9.4_2,Kumbungu,Northern,2024,1074.9,967.0,263.66,29.12,34.89,24.08,53.88
GHA,GHA_GHA9.4_2,Kumbungu,Northern,2025,1043.6,993.3,232.36,28.99,34.53,24.41,58.86
GHA,GHA_GHA9.5_2,Mion,Northern,2000,924.3,880.4,-45.17,27.35,32.62,22.68,61.18
GHA,GHA_GHA9.5_2,Mion,Northern,2001,718.6,673.0,-250.87,27.99,33.49,23.06,57.14
GHA,GHA_GHA9.5_2,Mion,Northern,2002,980.4,902.8,10.93,27.98,33.22,23.39,60.14
GHA,GHA_GHA9.5_2,Mion,Northern,2003,1117.5,1008.7,148.03,27.9,33.16,23.27,62.24
GHA,GHA_GHA9.5_2,Mion,Northern,2004,820.1,687.8,-149.37,27.71,32.95,23.16,63.43
GHA,GHA_GHA9.5_2,Mion,Northern,2005,817.1,743.8,-152.37,27.86,33.07,23.34,62.82
GHA,GHA_GHA9.5_2,Mion,Northern,2006,933.1,884.4,-36.37,27.9,33.14,23.28,60.63
GHA,GHA_GHA9.5_2,Mion,Northern,2007,1050.2,957.5,80.73,27.61,32.83,23.04,60.86
GHA,GHA_GHA9.5_2,Mion,Northern,2008,995.6,935.9,26.13,27.5,32.81,22.84,60.04
GHA,GHA_GHA9.5_2,Mion,Northern,2009,1005.9,923.3,36.43,27.77,32.88,23.35,63.71
GHA,GHA_GHA9.5_2,Mion,Northern,2010,1116.2,981.0,146.73,27.65,32.67,23.24,65.47
GHA,GHA_GHA9.5_2,Mion,Northern,2011,785.3,736.8,-184.17,27.8,33.05,23.3,61.6
GHA,GHA_GHA9.5_2,Mion,Northern,2012,943.6,807.6,-25.87,27.56,32.69,23.11,63.28
GHA,GHA_GHA9.5_2,Mion,Northern,2013,924.0,781.8,-45.47,27.7,32.8,23.26,63.38
GHA,GHA_GHA9.5_2,Mion,Northern,2014,1034.4,940.9,64.93,27.86,32.95,23.42,63.4
GHA,GHA_GHA9.5_2,Mion,Northern,2015,887.1,791.4,-82.37,27.88,33.12,23.28,60.38
GHA,GHA_GHA9.5_2,Mion,Northern,2016,1092.4,961.7,122.93,28.0,33.18,23.46,62.3
GHA,GHA_GHA9.5_2,Mion,Northern,2017,659.6,612.6,-309.87,28.09,33.14,23.79,59.5
GHA,GHA_GHA9.5_2,Mion,Northern,2018,930.3,840.7,-39.17,27.53,32.52,23.41,62.3
GHA,GHA_GHA9.5_2,Mion,Northern,2019,1172.7,1070.5,203.23,27.93,32.99,23.75,62.59
GHA,GHA_GHA9.5_2,Mion,Northern,2020,956.8,882.4,-12.67,27.87,32.92,23.55,60.6
GHA,GHA_GHA9.5_2,Mion,Northern,2021,706.2,668.9,-263.27,28.09,33.26,23.71,60.12
GHA,GHA_GHA9.5_2,Mion,Northern,2022,1242.5,1077.4,273.03,27.1,32.2,22.79,60.78
GHA,GHA_GHA9.5_2,Mion,Northern,2023,1288.5,1151.2,319.03,27.62,32.9,23.35,62.83
GHA,GHA_GHA9.5_2,Mion,Northern,2024,1143.9,1007.0,174.43,28.18,33.53,23.72,58.14
GHA,GHA_GHA9.5_2,Mion,Northern,2025,960.0,890.9,-9.47,27.94,33.08,23.81,64.34
GHA,GHA_GHA9.6_2,Nanton,Northern,2000,706.7,659.7,-132.39,27.82,33.24,22.9,57.7
GHA,GHA_GHA9.6_2,Nanton,Northern,2001,616.9,567.9,-222.19,28.35,33.97,23.24,54.26
GHA,GHA_GHA9.6_2,Nanton,Northern,2002,817.1,732.4,-21.99,28.4,33.76,23.6,57.32
GHA,GHA_GHA9.6_2,Nanton,Northern,2003,945.4,855.9,106.31,28.25,33.59,23.39,59.4
GHA,GHA_GHA9.6_2,Nanton,Northern,2004,643.7,523.7,-195.39,28.22,33.62,23.4,59.85
GHA,GHA_GHA9.6_2,Nanton,Northern,2005,715.4,636.0,-123.69,28.35,33.74,23.54,59.33
GHA,GHA_GHA9.6_2,Nanton,Northern,2006,688.6,660.1,-150.49,28.34,33.7,23.47,57.53
GHA,GHA_GHA9.6_2,Nanton,Northern,2007,956.9,895.4,117.81,28.04,33.38,23.24,57.67
GHA,GHA_GHA9.6_2,Nanton,Northern,2008,913.0,886.1,73.91,27.9,33.33,22.99,57.09
GHA,GHA_GHA9.6_2,Nanton,Northern,2009,806.4,767.0,-32.69,28.32,33.55,23.65,60.12
GHA,GHA_GHA9.6_2,Nanton,Northern,2010,1001.9,914.3,162.81,28.09,33.26,23.43,62.51
GHA,GHA_GHA9.6_2,Nanton,Northern,2011,729.6,684.4,-109.49,28.21,33.56,23.47,58.89
GHA,GHA_GHA9.6_2,Nanton,Northern,2012,760.0,641.9,-79.09,28.16,33.51,23.37,58.79
GHA,GHA_GHA9.6_2,Nanton,Northern,2013,664.5,570.4,-174.59,28.39,33.73,23.63,59.11
GHA,GHA_GHA9.6_2,Nanton,Northern,2014,836.9,755.1,-2.19,28.41,33.68,23.67,59.54
GHA,GHA_GHA9.6_2,Nanton,Northern,2015,758.8,672.0,-80.29,28.33,33.74,23.46,57.19
GHA,GHA_GHA9.6_2,Nanton,Northern,2016,921.0,849.5,81.91,28.6,33.93,23.78,58.27
GHA,GHA_GHA9.6_2,Nanton,Northern,2017,577.9,543.4,-261.19,28.6,33.77,24.1,56.79
GHA,GHA_GHA9.6_2,Nanton,Northern,2018,835.2,756.0,-3.89,27.98,33.14,23.69,60.41
GHA,GHA_GHA9.6_2,Nanton,Northern,2019,1103.2,1042.7,264.11,28.46,33.71,24.05,59.92
GHA,GHA_GHA9.6_2,Nanton,Northern,2020,850.1,792.8,11.01,28.38,33.53,23.9,58.31
GHA,GHA_GHA9.6_2,Nanton,Northern,2021,736.9,686.5,-102.19,28.7,34.02,24.05,57.11
GHA,GHA_GHA9.6_2,Nanton,Northern,2022,1158.7,1013.2,319.61,27.66,33.05,23.13,58.26
GHA,GHA_GHA9.6_2,Nanton,Northern,2023,1062.9,943.6,223.81,28.13,33.51,23.64,60.58
GHA,GHA_GHA9.6_2,Nanton,Northern,2024,1050.1,914.3,211.01,28.47,34.05,23.79,56.9
GHA,GHA_GHA9.6_2,Nanton,Northern,2025,958.6,918.5,119.51,28.26,33.78,23.84,61.79
GHA,GHA_GHA9.7_2,NanumbaNorth,Northern,2000,1192.0,1087.6,41.7,27.19,32.48,22.88,66.73
GHA,GHA_GHA9.7_2,NanumbaNorth,Northern,2001,790.7,734.5,-359.6,27.69,33.08,23.25,64.24
GHA,GHA_GHA9.7_2,NanumbaNorth,Northern,2002,1143.7,1004.2,-6.6,27.63,32.83,23.42,66.06
GHA,GHA_GHA9.7_2,NanumbaNorth,Northern,2003,1305.5,1164.0,155.2,27.64,32.88,23.48,68.92
GHA,GHA_GHA9.7_2,NanumbaNorth,Northern,2004,998.0,829.5,-152.3,27.53,32.71,23.4,69.04
GHA,GHA_GHA9.7_2,NanumbaNorth,Northern,2005,1025.5,886.0,-124.8,27.58,32.73,23.49,68.76
GHA,GHA_GHA9.7_2,NanumbaNorth,Northern,2006,1086.8,995.7,-63.5,27.64,32.92,23.4,66.7
GHA,GHA_GHA9.7_2,NanumbaNorth,Northern,2007,1206.5,1121.0,56.2,27.45,32.71,23.18,66.2
GHA,GHA_GHA9.7_2,NanumbaNorth,Northern,2008,1104.6,1027.7,-45.7,27.41,32.76,23.08,65.02
GHA,GHA_GHA9.7_2,NanumbaNorth,Northern,2009,1097.3,932.2,-53.0,27.55,32.69,23.46,69.23
GHA,GHA_GHA9.7_2,NanumbaNorth,Northern,2010,1165.7,1033.8,15.4,27.62,32.67,23.56,70.2
GHA,GHA_GHA9.7_2,NanumbaNorth,Northern,2011,983.3,859.9,-167.0,27.56,32.8,23.38,66.69
GHA,GHA_GHA9.7_2,NanumbaNorth,Northern,2012,1194.0,979.0,43.7,27.16,32.13,23.2,69.85
GHA,GHA_GHA9.7_2,NanumbaNorth,Northern,2013,1141.0,958.0,-9.3,27.44,32.52,23.38,68.59
GHA,GHA_GHA9.7_2,NanumbaNorth,Northern,2014,1134.7,1001.8,-15.6,27.58,32.63,23.58,69.69
GHA,GHA_GHA9.7_2,NanumbaNorth,Northern,2015,963.1,828.3,-187.2,27.7,32.98,23.51,65.49
GHA,GHA_GHA9.7_2,NanumbaNorth,Northern,2016,1416.1,1192.7,265.8,27.75,32.85,23.66,68.29
GHA,GHA_GHA9.7_2,NanumbaNorth,Northern,2017,865.3,809.2,-285.0,27.57,32.96,23.4,65.83
GHA,GHA_GHA9.7_2,NanumbaNorth,Northern,2018,1122.9,978.2,-27.4,27.03,32.31,23.02,67.52
GHA,GHA_GHA9.7_2,NanumbaNorth,Northern,2019,1412.9,1245.4,262.6,27.52,32.88,23.39,67.7
GHA,GHA_GHA9.7_2,NanumbaNorth,Northern,2020,1147.0,1032.7,-3.3,27.55,32.94,23.28,65.5
GHA,GHA_GHA9.7_2,NanumbaNorth,Northern,2021,1012.7,898.7,-137.6,27.63,33.12,23.38,66.42
GHA,GHA_GHA9.7_2,NanumbaNorth,Northern,2022,1374.0,1188.1,223.7,26.71,32.23,22.52,66.33
GHA,GHA_GHA9.7_2,NanumbaNorth,Northern,2023,1567.5,1380.7,417.2,26.98,32.63,22.93,69.27
GHA,GHA_GHA9.7_2,NanumbaNorth,Northern,2024,1304.8,1139.7,154.5,27.69,33.35,23.31,63.81
GHA,GHA_GHA9.7_2,NanumbaNorth,Northern,2025,1152.3,1049.5,2.0,27.79,33.01,23.79,67.3
GHA,GHA_GHA9.8_2,NanumbaSouth,Northern,2000,1410.4,1256.9,143.67,26.73,32.27,22.51,68.96
GHA,GHA_GHA9.8_2,NanumbaSouth,Northern,2001,928.0,833.6,-338.73,27.1,32.66,22.85,67.49
GHA,GHA_GHA9.8_2,NanumbaSouth,Northern,2002,1356.8,1170.8,90.07,27.0,32.36,22.92,68.92
GHA,GHA_GHA9.8_2,NanumbaSouth,Northern,2003,1479.7,1297.5,212.97,27.03,32.42,23.03,72.19
GHA,GHA_GHA9.8_2,NanumbaSouth,Northern,2004,1154.3,961.3,-112.43,26.89,32.24,22.92,72.5
GHA,GHA_GHA9.8_2,NanumbaSouth,Northern,2005,1211.7,1020.2,-55.03,26.99,32.29,23.05,71.72
GHA,GHA_GHA9.8_2,NanumbaSouth,Northern,2006,1175.6,1048.9,-91.13,27.09,32.51,22.98,69.81
GHA,GHA_GHA9.8_2,NanumbaSouth,Northern,2007,1397.8,1281.6,131.07,26.91,32.38,22.74,69.13
GHA,GHA_GHA9.8_2,NanumbaSouth,Northern,2008,1226.0,1107.2,-40.73,26.93,32.54,22.66,67.59
GHA,GHA_GHA9.8_2,NanumbaSouth,Northern,2009,1198.9,984.7,-67.83,26.97,32.3,23.01,72.21
GHA,GHA_GHA9.8_2,NanumbaSouth,Northern,2010,1294.2,1138.7,27.47,27.1,32.32,23.14,72.88
GHA,GHA_GHA9.8_2,NanumbaSouth,Northern,2011,1169.6,1009.5,-97.13,26.96,32.4,22.83,69.64
GHA,GHA_GHA9.8_2,NanumbaSouth,Northern,2012,1394.5,1123.0,127.77,26.58,31.71,22.73,72.56
GHA,GHA_GHA9.8_2,NanumbaSouth,Northern,2013,1252.5,1049.1,-14.23,26.89,32.15,22.96,71.15
GHA,GHA_GHA9.8_2,NanumbaSouth,Northern,2014,1346.5,1181.6,79.77,26.97,32.18,23.13,72.76
GHA,GHA_GHA9.8_2,NanumbaSouth,Northern,2015,1090.1,917.5,-176.63,27.11,32.54,23.05,68.34
GHA,GHA_GHA9.8_2,NanumbaSouth,Northern,2016,1734.8,1404.2,468.07,27.22,32.45,23.27,70.79
GHA,GHA_GHA9.8_2,NanumbaSouth,Northern,2017,1064.6,945.5,-202.13,27.36,33.03,23.23,68.65
GHA,GHA_GHA9.8_2,NanumbaSouth,Northern,2018,1235.2,1098.4,-31.53,26.84,32.47,22.8,69.66
GHA,GHA_GHA9.8_2,NanumbaSouth,Northern,2019,1459.3,1246.2,192.57,27.3,32.88,23.24,70.23
GHA,GHA_GHA9.8_2,NanumbaSouth,Northern,2020,1118.6,985.8,-148.13,27.21,32.83,22.99,68.58
GHA,GHA_GHA9.8_2,NanumbaSouth,Northern,2021,1007.1,871.3,-259.63,27.32,33.08,23.18,69.59
GHA,GHA_GHA9.8_2,NanumbaSouth,Northern,2022,1358.9,1210.2,92.17,26.57,32.54,22.28,68.12
GHA,GHA_GHA9.8_2,NanumbaSouth,Northern,2023,1559.5,1353.4,292.77,26.87,32.93,22.77,70.94
GHA,GHA_GHA9.8_2,NanumbaSouth,Northern,2024,1166.7,1031.7,-100.03,27.66,33.68,23.15,65.12
GHA,GHA_GHA9.8_2,NanumbaSouth,Northern,2025,1143.7,1011.5,-123.03,28.07,33.48,23.94,67.28
GHA,GHA_GHA9.9_2,Saboba,Northern,2000,691.1,671.1,-190.94,28.01,33.59,22.95,58.66
GHA,GHA_GHA9.9_2,Saboba,Northern,2001,642.8,598.8,-239.24,28.51,34.29,23.29,55.31
GHA,GHA_GHA9.9_2,Saboba,Northern,2002,897.7,840.4,15.66,28.43,33.9,23.58,58.78
GHA,GHA_GHA9.9_2,Saboba,Northern,2003,1033.0,933.6,150.96,28.45,33.95,23.53,60.35
GHA,GHA_GHA9.9_2,Saboba,Northern,2004,682.2,546.1,-199.84,28.21,33.69,23.32,61.72
GHA,GHA_GHA9.9_2,Saboba,Northern,2005,784.2,724.1,-97.84,28.53,33.97,23.7,60.39
GHA,GHA_GHA9.9_2,Saboba,Northern,2006,836.5,813.7,-45.54,28.57,34.08,23.65,58.39
GHA,GHA_GHA9.9_2,Saboba,Northern,2007,921.3,865.2,39.26,28.21,33.7,23.32,59.01
GHA,GHA_GHA9.9_2,Saboba,Northern,2008,811.6,771.6,-70.44,28.07,33.65,23.06,58.18
GHA,GHA_GHA9.9_2,Saboba,Northern,2009,849.4,774.2,-32.64,28.38,33.75,23.64,61.92
GHA,GHA_GHA9.9_2,Saboba,Northern,2010,813.8,755.1,-68.24,28.34,33.65,23.6,62.7
GHA,GHA_GHA9.9_2,Saboba,Northern,2011,663.0,633.0,-219.04,28.6,34.13,23.68,58.87
GHA,GHA_GHA9.9_2,Saboba,Northern,2012,829.2,700.0,-52.84,28.23,33.63,23.44,61.02
GHA,GHA_GHA9.9_2,Saboba,Northern,2013,846.0,741.2,-36.04,28.38,33.77,23.67,61.4
GHA,GHA_GHA9.9_2,Saboba,Northern,2014,919.7,842.0,37.66,28.49,33.83,23.74,61.1
GHA,GHA_GHA9.9_2,Saboba,Northern,2015,851.0,776.8,-31.04,28.47,33.95,23.58,58.55
GHA,GHA_GHA9.9_2,Saboba,Northern,2016,868.5,776.5,-13.54,28.69,34.15,23.79,59.81
GHA,GHA_GHA9.9_2,Saboba,Northern,2017,658.1,634.3,-223.94,28.49,33.82,23.93,57.71
GHA,GHA_GHA9.9_2,Saboba,Northern,2018,960.8,900.3,78.76,27.99,33.26,23.63,61.16
GHA,GHA_GHA9.9_2,Saboba,Northern,2019,1192.9,1141.5,310.86,28.31,33.54,23.91,61.6
GHA,GHA_GHA9.9_2,Saboba,Northern,2020,1070.7,1019.4,188.66,28.2,33.43,23.64,59.64
GHA,GHA_GHA9.9_2,Saboba,Northern,2021,699.4,680.9,-182.64,28.48,33.86,23.8,58.37
GHA,GHA_GHA9.9_2,Saboba,Northern,2022,1112.5,995.7,230.46,27.66,33.14,22.98,58.48
GHA,GHA_GHA9.9_2,Saboba,Northern,2023,1226.5,1144.1,344.46,28.13,33.69,23.58,60.83
GHA,GHA_GHA9.9_2,Saboba,Northern,2024,1099.4,964.5,217.36,28.54,34.22,23.79,57.31
GHA,GHA_GHA9.9_2,Saboba,Northern,2025,971.8,943.5,89.76,28.85,34.49,24.24,59.06
GHA,GHA_GHA9.10_2,Sagnerigu,Northern,2000,706.7,659.7,-129.13,27.83,33.26,22.91,57.88
GHA,GHA_GHA9.10_2,Sagnerigu,Northern,2001,616.9,567.9,-218.93,28.36,33.96,23.26,54.51
GHA,GHA_GHA9.10_2,Sagnerigu,Northern,2002,817.1,732.4,-18.73,28.41,33.76,23.62,57.66
GHA,GHA_GHA9.10_2,Sagnerigu,Northern,2003,945.4,855.9,109.57,28.27,33.61,23.43,59.65
GHA,GHA_GHA9.10_2,Sagnerigu,Northern,2004,643.7,523.7,-192.13,28.26,33.64,23.46,59.88
GHA,GHA_GHA9.10_2,Sagnerigu,Northern,2005,715.4,636.0,-120.43,28.34,33.74,23.57,59.69
GHA,GHA_GHA9.10_2,Sagnerigu,Northern,2006,688.6,660.1,-147.23,28.35,33.74,23.48,57.84
GHA,GHA_GHA9.10_2,Sagnerigu,Northern,2007,956.9,895.4,121.07,28.06,33.41,23.24,57.65
GHA,GHA_GHA9.10_2,Sagnerigu,Northern,2008,913.0,886.1,77.17,27.92,33.37,23.01,57.23
GHA,GHA_GHA9.10_2,Sagnerigu,Northern,2009,806.4,767.0,-29.43,28.35,33.59,23.67,60.19
GHA,GHA_GHA9.10_2,Sagnerigu,Northern,2010,1001.9,914.3,166.07,28.09,33.27,23.46,62.82
GHA,GHA_GHA9.10_2,Sagnerigu,Northern,2011,729.6,684.4,-106.23,28.2,33.55,23.47,59.23
GHA,GHA_GHA9.10_2,Sagnerigu,Northern,2012,760.0,641.9,-75.83,28.11,33.41,23.39,59.36
GHA,GHA_GHA9.10_2,Sagnerigu,Northern,2013,664.5,570.4,-171.33,28.45,33.79,23.7,58.92
GHA,GHA_GHA9.10_2,Sagnerigu,Northern,2014,836.9,755.1,1.07,28.4,33.69,23.69,59.88
GHA,GHA_GHA9.10_2,Sagnerigu,Northern,2015,758.8,672.0,-77.03,28.37,33.81,23.49,57.28
GHA,GHA_GHA9.10_2,Sagnerigu,Northern,2016,921.0,849.5,85.17,28.63,33.97,23.85,58.33
GHA,GHA_GHA9.10_2,Sagnerigu,Northern,2017,576.0,540.7,-259.83,28.59,33.7,24.12,56.7
GHA,GHA_GHA9.10_2,Sagnerigu,Northern,2018,826.9,760.6,-8.93,27.88,33.0,23.56,60.54
GHA,GHA_GHA9.10_2,Sagnerigu,Northern,2019,1112.2,1029.2,276.37,28.51,33.75,24.05,59.34
GHA,GHA_GHA9.10_2,Sagnerigu,Northern,2020,839.2,799.7,3.37,28.36,33.48,23.84,58.16
GHA,GHA_GHA9.10_2,Sagnerigu,Northern,2021,726.9,674.5,-108.93,28.6,33.85,23.96,57.43
GHA,GHA_GHA9.10_2,Sagnerigu,Northern,2022,1089.1,918.3,253.27,27.65,32.96,23.09,58.12
GHA,GHA_GHA9.10_2,Sagnerigu,Northern,2023,1020.6,913.4,184.77,28.11,33.44,23.61,60.41
GHA,GHA_GHA9.10_2,Sagnerigu,Northern,2024,1059.1,931.7,223.27,28.44,34.0,23.74,56.79
GHA,GHA_GHA9.10_2,Sagnerigu,Northern,2025,998.9,948.4,163.07,28.32,33.66,23.93,61.33
GHA,GHA_GHA9.11_2,Savelugu,Northern,2000,702.9,659.9,-122.24,28.42,33.99,23.32,56.07
GHA,GHA_GHA9.11_2,Savelugu,Northern,2001,613.4,577.7,-211.74,28.91,34.67,23.65,52.75
GHA,GHA_GHA9.11_2,Savelugu,Northern,2002,828.6,761.3,3.46,29.0,34.5,24.04,55.71
GHA,GHA_GHA9.11_2,Savelugu,Northern,2003,1000.9,912.3,175.76,28.8,34.23,23.79,57.92
GHA,GHA_GHA9.11_2,Savelugu,Northern,2004,647.7,534.2,-177.44,28.85,34.39,23.81,57.82
GHA,GHA_GHA9.11_2,Savelugu,Northern,2005,682.1,608.9,-143.04,28.97,34.46,23.97,57.43
GHA,GHA_GHA9.11_2,Savelugu,Northern,2006,696.1,670.4,-129.04,29.03,34.55,23.97,55.5
GHA,GHA_GHA9.11_2,Savelugu,Northern,2007,954.1,884.5,128.96,28.67,34.17,23.65,55.78
GHA,GHA_GHA9.11_2,Savelugu,Northern,2008,856.4,827.6,31.26,28.51,34.16,23.37,55.25
GHA,GHA_GHA9.11_2,Savelugu,Northern,2009,721.1,684.5,-104.04,29.05,34.46,24.22,58.04
GHA,GHA_GHA9.11_2,Savelugu,Northern,2010,939.5,866.2,114.36,28.76,34.08,23.88,60.44
GHA,GHA_GHA9.11_2,Savelugu,Northern,2011,691.2,658.8,-133.94,28.87,34.35,23.93,57.22
GHA,GHA_GHA9.11_2,Savelugu,Northern,2012,745.8,623.5,-79.34,28.76,34.23,23.84,57.21
GHA,GHA_GHA9.11_2,Savelugu,Northern,2013,697.8,613.6,-127.34,29.04,34.45,24.17,57.51
GHA,GHA_GHA9.11_2,Savelugu,Northern,2014,802.7,722.6,-22.44,29.1,34.52,24.16,57.43
GHA,GHA_GHA9.11_2,Savelugu,Northern,2015,731.1,664.2,-94.04,29.0,34.53,23.94,55.1
GHA,GHA_GHA9.11_2,Savelugu,Northern,2016,891.3,828.5,66.16,29.22,34.67,24.23,56.44
GHA,GHA_GHA9.11_2,Savelugu,Northern,2017,529.3,498.9,-295.84,28.92,34.19,24.19,54.18
GHA,GHA_GHA9.11_2,Savelugu,Northern,2018,821.3,765.5,-3.84,28.33,33.52,23.79,58.56
GHA,GHA_GHA9.11_2,Savelugu,Northern,2019,1077.1,1019.2,251.96,28.82,34.15,24.16,57.81
GHA,GHA_GHA9.11_2,Savelugu,Northern,2020,1032.8,988.8,207.66,28.72,34.0,24.01,55.98
GHA,GHA_GHA9.11_2,Savelugu,Northern,2021,657.9,627.9,-167.24,29.13,34.54,24.28,54.14
GHA,GHA_GHA9.11_2,Savelugu,Northern,2022,1044.1,921.7,218.96,28.01,33.48,23.22,55.94
GHA,GHA_GHA9.11_2,Savelugu,Northern,2023,1060.8,899.0,235.66,28.58,34.09,23.82,57.68
GHA,GHA_GHA9.11_2,Savelugu,Northern,2024,1031.6,931.9,206.46,28.72,34.38,23.81,55.35
GHA,GHA_GHA9.11_2,Savelugu,Northern,2025,996.1,933.1,170.96,28.5,34.14,23.96,60.09
GHA,GHA_GHA9.12_2,Tamale,Northern,2000,750.2,699.5,-96.28,27.95,33.35,23.07,58.57
GHA,GHA_GHA9.12_2,Tamale,Northern,2001,601.2,558.3,-245.28,28.47,34.06,23.41,55.16
GHA,GHA_GHA9.12_2,Tamale,Northern,2002,813.1,723.5,-33.38,28.51,33.82,23.77,58.2
GHA,GHA_GHA9.12_2,Tamale,Northern,2003,917.8,820.8,71.32,28.41,33.76,23.59,60.04
GHA,GHA_GHA9.12_2,Tamale,Northern,2004,643.2,525.7,-203.28,28.44,33.83,23.65,60.12
GHA,GHA_GHA9.12_2,Tamale,Northern,2005,771.7,678.3,-74.78,28.48,33.87,23.73,60.18
GHA,GHA_GHA9.12_2,Tamale,Northern,2006,706.7,672.3,-139.78,28.42,33.78,23.58,58.62
GHA,GHA_GHA9.12_2,Tamale,Northern,2007,906.0,845.6,59.52,28.17,33.5,23.41,58.35
GHA,GHA_GHA9.12_2,Tamale,Northern,2008,899.2,868.0,52.72,28.0,33.38,23.16,58.0
GHA,GHA_GHA9.12_2,Tamale,Northern,2009,850.7,806.2,4.22,28.38,33.58,23.73,61.12
GHA,GHA_GHA9.12_2,Tamale,Northern,2010,976.1,896.4,129.62,28.18,33.33,23.59,63.46
GHA,GHA_GHA9.12_2,Tamale,Northern,2011,746.5,698.1,-99.98,28.29,33.62,23.6,59.77
GHA,GHA_GHA9.12_2,Tamale,Northern,2012,755.6,634.5,-90.88,28.24,33.55,23.51,59.88
GHA,GHA_GHA9.12_2,Tamale,Northern,2013,660.6,558.2,-185.88,28.51,33.85,23.77,59.65
GHA,GHA_GHA9.12_2,Tamale,Northern,2014,823.1,740.7,-23.38,28.52,33.77,23.84,60.4
GHA,GHA_GHA9.12_2,Tamale,Northern,2015,759.8,658.2,-86.68,28.46,33.84,23.62,57.97
GHA,GHA_GHA9.12_2,Tamale,Northern,2016,962.8,872.5,116.32,28.7,34.04,23.94,59.17
GHA,GHA_GHA9.12_2,Tamale,Northern,2017,600.6,568.3,-245.88,28.76,33.92,24.26,57.16
GHA,GHA_GHA9.12_2,Tamale,Northern,2018,898.6,823.9,52.12,28.17,33.38,23.8,60.22
GHA,GHA_GHA9.12_2,Tamale,Northern,2019,1201.6,1120.9,355.12,28.61,33.85,24.2,60.15
GHA,GHA_GHA9.12_2,Tamale,Northern,2020,855.1,792.8,8.62,28.48,33.64,23.98,58.71
GHA,GHA_GHA9.12_2,Tamale,Northern,2021,762.6,723.8,-83.88,28.78,34.1,24.13,57.73
GHA,GHA_GHA9.12_2,Tamale,Northern,2022,1096.0,965.4,249.52,27.69,33.04,23.16,59.21
GHA,GHA_GHA9.12_2,Tamale,Northern,2023,981.5,878.0,135.02,28.25,33.65,23.72,60.9
GHA,GHA_GHA9.12_2,Tamale,Northern,2024,1076.7,944.5,230.22,28.7,34.31,23.94,56.75
GHA,GHA_GHA9.12_2,Tamale,Northern,2025,991.4,941.5,144.92,28.46,33.93,24.06,62.28
GHA,GHA_GHA9.13_2,TataleSanguli,Northern,2000,1146.8,1066.8,-102.52,27.35,33.11,22.51,64.72
GHA,GHA_GHA9.13_2,TataleSanguli,Northern,2001,901.5,806.4,-347.82,27.76,33.56,22.83,62.26
GHA,GHA_GHA9.13_2,TataleSanguli,Northern,2002,1254.9,1111.6,5.58,27.71,33.26,23.08,64.73
GHA,GHA_GHA9.13_2,TataleSanguli,Northern,2003,1411.7,1201.7,162.38,27.7,33.28,23.12,67.11
GHA,GHA_GHA9.13_2,TataleSanguli,Northern,2004,1245.5,1046.4,-3.82,27.52,33.05,23.02,68.19
GHA,GHA_GHA9.13_2,TataleSanguli,Northern,2005,1098.0,962.5,-151.32,27.79,33.36,23.29,66.83
GHA,GHA_GHA9.13_2,TataleSanguli,Northern,2006,1278.5,1200.5,29.18,27.74,33.31,23.09,65.73
GHA,GHA_GHA9.13_2,TataleSanguli,Northern,2007,1301.9,1189.4,52.58,27.48,33.11,22.84,65.2
GHA,GHA_GHA9.13_2,TataleSanguli,Northern,2008,1221.6,1113.0,-27.72,27.49,33.24,22.75,63.72
GHA,GHA_GHA9.13_2,TataleSanguli,Northern,2009,1305.4,1096.6,56.08,27.61,33.12,23.17,68.43
GHA,GHA_GHA9.13_2,TataleSanguli,Northern,2010,1276.6,1124.6,27.28,27.73,33.14,23.27,68.42
GHA,GHA_GHA9.13_2,TataleSanguli,Northern,2011,1039.3,915.0,-210.02,27.72,33.32,23.11,65.46
GHA,GHA_GHA9.13_2,TataleSanguli,Northern,2012,1191.0,969.6,-58.32,27.3,32.63,22.93,68.28
GHA,GHA_GHA9.13_2,TataleSanguli,Northern,2013,1240.2,1035.0,-9.12,27.59,33.03,23.2,67.31
GHA,GHA_GHA9.13_2,TataleSanguli,Northern,2014,1394.0,1210.0,144.68,27.67,33.09,23.27,68.05
GHA,GHA_GHA9.13_2,TataleSanguli,Northern,2015,1190.0,1046.7,-59.32,27.71,33.3,23.1,65.05
GHA,GHA_GHA9.13_2,TataleSanguli,Northern,2016,1498.0,1263.3,248.68,27.9,33.42,23.35,66.39
GHA,GHA_GHA9.13_2,TataleSanguli,Northern,2017,1018.5,930.3,-230.82,27.34,33.03,22.94,64.54
GHA,GHA_GHA9.13_2,TataleSanguli,Northern,2018,1346.4,1178.8,97.08,26.83,32.38,22.66,66.98
GHA,GHA_GHA9.13_2,TataleSanguli,Northern,2019,1469.1,1362.2,219.78,27.22,32.7,23.08,67.34
GHA,GHA_GHA9.13_2,TataleSanguli,Northern,2020,1316.5,1184.3,67.18,27.18,32.84,22.87,64.81
GHA,GHA_GHA9.13_2,TataleSanguli,Northern,2021,955.5,870.2,-293.82,27.46,33.31,23.03,63.63
GHA,GHA_GHA9.13_2,TataleSanguli,Northern,2022,1466.2,1234.5,216.88,26.6,32.48,22.25,64.12
GHA,GHA_GHA9.13_2,TataleSanguli,Northern,2023,1529.6,1338.8,280.28,26.96,32.76,22.73,67.25
GHA,GHA_GHA9.13_2,TataleSanguli,Northern,2024,1276.8,1135.3,27.48,27.75,33.6,23.2,62.23
GHA,GHA_GHA9.13_2,TataleSanguli,Northern,2025,1108.7,974.0,-140.62,27.97,33.37,23.69,64.7
GHA,GHA_GHA9.14_2,Tolon,Northern,2000,722.0,683.9,-96.44,28.03,33.58,23.08,56.98
GHA,GHA_GHA9.14_2,Tolon,Northern,2001,580.5,535.3,-237.94,28.62,34.3,23.5,53.21
GHA,GHA_GHA9.14_2,Tolon,Northern,2002,738.9,662.2,-79.54,28.66,34.13,23.81,56.65
GHA,GHA_GHA9.14_2,Tolon,Northern,2003,961.1,886.4,142.66,28.5,33.92,23.64,58.64
GHA,GHA_GHA9.14_2,Tolon,Northern,2004,627.4,510.0,-191.04,28.46,33.94,23.61,58.86
GHA,GHA_GHA9.14_2,Tolon,Northern,2005,734.9,664.0,-83.54,28.49,33.98,23.71,58.93
GHA,GHA_GHA9.14_2,Tolon,Northern,2006,684.7,649.1,-133.74,28.53,34.01,23.62,57.19
GHA,GHA_GHA9.14_2,Tolon,Northern,2007,921.4,864.1,102.96,28.23,33.66,23.4,56.75
GHA,GHA_GHA9.14_2,Tolon,Northern,2008,916.6,873.5,98.16,28.08,33.62,23.13,56.53
GHA,GHA_GHA9.14_2,Tolon,Northern,2009,784.9,749.4,-33.54,28.59,33.94,23.85,59.19
GHA,GHA_GHA9.14_2,Tolon,Northern,2010,886.1,786.9,67.66,28.26,33.53,23.62,61.95
GHA,GHA_GHA9.14_2,Tolon,Northern,2011,675.6,639.4,-142.84,28.42,33.89,23.64,58.18
GHA,GHA_GHA9.14_2,Tolon,Northern,2012,741.3,634.8,-77.14,28.28,33.65,23.54,58.59
GHA,GHA_GHA9.14_2,Tolon,Northern,2013,577.9,503.3,-240.54,28.65,34.09,23.88,57.92
GHA,GHA_GHA9.14_2,Tolon,Northern,2014,784.5,714.7,-33.94,28.6,34.02,23.86,58.93
GHA,GHA_GHA9.14_2,Tolon,Northern,2015,708.3,645.6,-110.14,28.65,34.19,23.72,55.97
GHA,GHA_GHA9.14_2,Tolon,Northern,2016,960.2,908.8,141.76,28.84,34.23,24.06,57.48
GHA,GHA_GHA9.14_2,Tolon,Northern,2017,658.4,613.5,-160.04,28.66,33.85,24.26,56.32
GHA,GHA_GHA9.14_2,Tolon,Northern,2018,829.5,766.3,11.06,28.09,33.32,23.81,59.89
GHA,GHA_GHA9.14_2,Tolon,Northern,2019,996.6,920.6,178.16,28.59,33.95,24.2,59.15
GHA,GHA_GHA9.14_2,Tolon,Northern,2020,836.5,766.1,18.06,28.57,33.84,24.05,57.28
GHA,GHA_GHA9.14_2,Tolon,Northern,2021,758.6,715.2,-59.84,28.83,34.18,24.24,56.34
GHA,GHA_GHA9.14_2,Tolon,Northern,2022,1019.4,878.7,200.96,27.74,33.14,23.24,58.08
GHA,GHA_GHA9.14_2,Tolon,Northern,2023,1098.2,990.4,279.76,28.24,33.72,23.76,59.75
GHA,GHA_GHA9.14_2,Tolon,Northern,2024,1042.2,909.3,223.76,28.7,34.47,23.92,55.67
GHA,GHA_GHA9.14_2,Tolon,Northern,2025,1033.8,966.1,215.36,28.91,34.42,24.4,58.7
GHA,GHA_GHA9.15_2,Yendi,Northern,2000,769.8,741.3,-125.54,27.82,33.24,22.96,59.63
GHA,GHA_GHA9.15_2,Yendi,Northern,2001,595.6,566.0,-299.74,28.5,34.16,23.4,55.46
GHA,GHA_GHA9.15_2,Yendi,Northern,2002,840.2,775.5,-55.14,28.4,33.79,23.65,58.99
GHA,GHA_GHA9.15_2,Yendi,Northern,2003,1029.4,941.2,134.06,28.35,33.73,23.58,60.94
GHA,GHA_GHA9.15_2,Yendi,Northern,2004,724.1,578.2,-171.24,28.09,33.44,23.39,62.32
GHA,GHA_GHA9.15_2,Yendi,Northern,2005,742.0,689.9,-153.34,28.37,33.69,23.69,61.23
GHA,GHA_GHA9.15_2,Yendi,Northern,2006,830.0,795.7,-65.34,28.38,33.72,23.62,59.34
GHA,GHA_GHA9.15_2,Yendi,Northern,2007,907.2,844.1,11.86,28.05,33.42,23.32,59.61
GHA,GHA_GHA9.15_2,Yendi,Northern,2008,834.3,797.4,-61.04,27.94,33.38,23.11,58.7
GHA,GHA_GHA9.15_2,Yendi,Northern,2009,892.7,809.9,-2.64,28.22,33.45,23.65,62.51
GHA,GHA_GHA9.15_2,Yendi,Northern,2010,863.6,783.7,-31.74,28.15,33.33,23.57,63.69
GHA,GHA_GHA9.15_2,Yendi,Northern,2011,680.1,634.2,-215.24,28.35,33.74,23.63,59.89
GHA,GHA_GHA9.15_2,Yendi,Northern,2012,820.0,701.8,-75.34,28.05,33.34,23.44,61.79
GHA,GHA_GHA9.15_2,Yendi,Northern,2013,834.2,716.5,-61.14,28.15,33.39,23.58,62.34
GHA,GHA_GHA9.15_2,Yendi,Northern,2014,852.5,772.4,-42.84,28.28,33.49,23.72,62.16
GHA,GHA_GHA9.15_2,Yendi,Northern,2015,785.9,699.9,-109.44,28.33,33.69,23.58,59.07
GHA,GHA_GHA9.15_2,Yendi,Northern,2016,957.7,845.1,62.36,28.45,33.75,23.74,61.02
GHA,GHA_GHA9.15_2,Yendi,Northern,2017,687.5,657.2,-207.84,28.33,33.65,23.8,59.25
GHA,GHA_GHA9.15_2,Yendi,Northern,2018,1069.9,972.5,174.56,27.67,32.92,23.32,62.72
GHA,GHA_GHA9.15_2,Yendi,Northern,2019,1249.0,1168.1,353.66,28.12,33.34,23.75,62.65
GHA,GHA_GHA9.15_2,Yendi,Northern,2020,1041.5,972.4,146.16,28.02,33.25,23.44,60.78
GHA,GHA_GHA9.15_2,Yendi,Northern,2021,746.9,706.4,-148.44,28.26,33.62,23.61,60.17
GHA,GHA_GHA9.15_2,Yendi,Northern,2022,1187.2,1074.5,291.86,27.24,32.63,22.63,61.19
GHA,GHA_GHA9.15_2,Yendi,Northern,2023,1237.3,1090.7,341.96,27.85,33.35,23.33,62.62
GHA,GHA_GHA9.15_2,Yendi,Northern,2024,1047.2,950.0,151.86,28.41,33.97,23.65,58.1
GHA,GHA_GHA9.15_2,Yendi,Northern,2025,1053.1,974.1,157.76,28.64,34.22,24.1,60.64
GHA,GHA_GHA9.16_2,Zabzugu,Northern,2000,938.3,888.9,-112.68,27.35,32.94,22.73,65.28
GHA,GHA_GHA9.16_2,Zabzugu,Northern,2001,697.9,648.6,-353.08,27.83,33.46,23.1,62.54
GHA,GHA_GHA9.16_2,Zabzugu,Northern,2002,990.7,887.3,-60.28,27.74,33.15,23.28,64.79
GHA,GHA_GHA9.16_2,Zabzugu,Northern,2003,1186.3,1059.4,135.32,27.71,33.15,23.3,67.63
GHA,GHA_GHA9.16_2,Zabzugu,Northern,2004,930.4,760.8,-120.58,27.49,32.87,23.15,68.74
GHA,GHA_GHA9.16_2,Zabzugu,Northern,2005,884.9,793.3,-166.08,27.78,33.21,23.44,67.17
GHA,GHA_GHA9.16_2,Zabzugu,Northern,2006,1011.3,947.0,-39.68,27.75,33.2,23.27,66.03
GHA,GHA_GHA9.16_2,Zabzugu,Northern,2007,1061.3,984.4,10.32,27.5,32.98,23.02,65.42
GHA,GHA_GHA9.16_2,Zabzugu,Northern,2008,1003.3,947.2,-47.68,27.53,33.12,22.97,63.94
GHA,GHA_GHA9.16_2,Zabzugu,Northern,2009,1034.4,895.1,-16.58,27.61,32.96,23.31,68.64
GHA,GHA_GHA9.16_2,Zabzugu,Northern,2010,1037.2,926.9,-13.78,27.74,33.02,23.44,68.82
GHA,GHA_GHA9.16_2,Zabzugu,Northern,2011,850.8,771.5,-200.18,27.7,33.15,23.27,65.77
GHA,GHA_GHA9.16_2,Zabzugu,Northern,2012,1012.4,825.7,-38.58,27.28,32.45,23.09,68.67
GHA,GHA_GHA9.16_2,Zabzugu,Northern,2013,1013.4,849.3,-37.58,27.56,32.87,23.32,67.62
GHA,GHA_GHA9.16_2,Zabzugu,Northern,2014,1050.1,922.4,-0.88,27.66,32.93,23.42,68.58
GHA,GHA_GHA9.16_2,Zabzugu,Northern,2015,923.1,791.3,-127.88,27.69,33.14,23.28,65.44
GHA,GHA_GHA9.16_2,Zabzugu,Northern,2016,1199.1,1018.6,148.12,27.88,33.24,23.53,66.84
GHA,GHA_GHA9.16_2,Zabzugu,Northern,2017,873.0,802.2,-177.98,28.0,33.65,23.62,64.56
GHA,GHA_GHA9.16_2,Zabzugu,Northern,2018,1224.1,1099.4,173.12,27.33,32.91,23.11,67.18
GHA,GHA_GHA9.16_2,Zabzugu,Northern,2019,1307.9,1186.4,256.92,27.78,33.33,23.58,67.32
GHA,GHA_GHA9.16_2,Zabzugu,Northern,2020,1172.0,1028.7,121.02,27.58,33.3,23.21,66.36
GHA,GHA_GHA9.16_2,Zabzugu,Northern,2021,879.7,792.7,-171.28,27.87,33.7,23.47,65.58
GHA,GHA_GHA9.16_2,Zabzugu,Northern,2022,1354.7,1153.5,303.72,27.01,32.92,22.56,65.59
GHA,GHA_GHA9.16_2,Zabzugu,Northern,2023,1451.3,1264.4,400.32,27.25,33.17,23.03,69.16
GHA,GHA_GHA9.16_2,Zabzugu,Northern,2024,1137.8,1015.1,86.82,27.86,33.92,23.27,63.96
GHA,GHA_GHA9.16_2,Zabzugu,Northern,2025,1100.1,980.3,49.12,28.35,34.12,23.93,64.8
GHA,GHA_GHA10.1_2,Biakoye,Oti,2000,859.6,777.6,-187.93,27.1,30.47,24.45,76.01
GHA,GHA_GHA10.1_2,Biakoye,Oti,2001,645.8,591.9,-401.73,27.14,30.55,24.55,76.04
GHA,GHA_GHA10.1_2,Biakoye,Oti,2002,993.4,822.7,-54.13,27.15,30.41,24.62,76.71
GHA,GHA_GHA10.1_2,Biakoye,Oti,2003,963.1,785.3,-84.43,27.24,30.45,24.82,78.09
GHA,GHA_GHA10.1_2,Biakoye,Oti,2004,849.9,688.9,-197.63,27.15,30.33,24.72,77.93
GHA,GHA_GHA10.1_2,Biakoye,Oti,2005,889.4,739.6,-158.13,27.29,30.48,24.79,77.34
GHA,GHA_GHA10.1_2,Biakoye,Oti,2006,790.5,707.4,-257.03,27.36,30.6,24.85,76.71
GHA,GHA_GHA10.1_2,Biakoye,Oti,2007,1123.9,1012.3,76.37,27.31,30.72,24.65,75.35
GHA,GHA_GHA10.1_2,Biakoye,Oti,2008,947.8,843.9,-99.73,27.24,30.62,24.56,74.95
GHA,GHA_GHA10.1_2,Biakoye,Oti,2009,824.7,708.1,-222.83,27.35,30.54,24.87,77.07
GHA,GHA_GHA10.1_2,Biakoye,Oti,2010,975.4,836.8,-72.13,27.43,30.49,25.03,78.24
GHA,GHA_GHA10.1_2,Biakoye,Oti,2011,909.1,781.5,-138.43,27.13,30.34,24.62,77.23
GHA,GHA_GHA10.1_2,Biakoye,Oti,2012,1023.2,856.4,-24.33,26.92,30.02,24.48,77.96
GHA,GHA_GHA10.1_2,Biakoye,Oti,2013,857.9,654.5,-189.63,27.19,30.35,24.7,76.83
GHA,GHA_GHA10.1_2,Biakoye,Oti,2014,1104.7,936.3,57.17,27.14,30.24,24.76,78.43
GHA,GHA_GHA10.1_2,Biakoye,Oti,2015,829.3,704.6,-218.23,27.38,30.69,24.8,75.35
GHA,GHA_GHA10.1_2,Biakoye,Oti,2016,1231.5,1009.4,183.97,27.52,30.8,24.97,77.17
GHA,GHA_GHA10.1_2,Biakoye,Oti,2017,1035.2,843.0,-12.33,27.01,30.26,24.33,76.52
GHA,GHA_GHA10.1_2,Biakoye,Oti,2018,1212.7,1019.8,165.17,26.81,30.12,24.09,76.9
GHA,GHA_GHA10.1_2,Biakoye,Oti,2019,1468.0,1251.3,420.47,27.07,30.32,24.42,78.32
GHA,GHA_GHA10.1_2,Biakoye,Oti,2020,1261.5,1012.5,213.97,27.09,30.5,24.09,74.56
GHA,GHA_GHA10.1_2,Biakoye,Oti,2021,1075.7,920.2,28.17,27.27,30.7,24.4,75.67
GHA,GHA_GHA10.1_2,Biakoye,Oti,2022,1482.6,1174.1,435.07,26.63,30.2,23.74,75.03
GHA,GHA_GHA10.1_2,Biakoye,Oti,2023,1646.2,1349.9,598.67,26.97,30.58,24.11,76.21
GHA,GHA_GHA10.1_2,Biakoye,Oti,2024,1170.3,974.5,122.77,27.67,31.65,24.38,72.05
GHA,GHA_GHA10.1_2,Biakoye,Oti,2025,1064.4,889.8,16.87,27.21,31.0,24.24,76.33
GHA,GHA_GHA10.2_2,Jasikan,Oti,2000,1572.4,1318.9,8.36,25.02,29.19,21.72,78.65
GHA,GHA_GHA10.2_2,Jasikan,Oti,2001,1351.4,1051.3,-212.64,25.03,29.12,21.95,79.16
GHA,GHA_GHA10.2_2,Jasikan,Oti,2002,1719.8,1278.7,155.76,24.99,28.98,21.86,79.85
GHA,GHA_GHA10.2_2,Jasikan,Oti,2003,1551.2,1092.4,-12.84,25.09,29.05,22.13,81.56
GHA,GHA_GHA10.2_2,Jasikan,Oti,2004,1643.0,1229.4,78.96,24.98,28.95,21.96,81.49
GHA,GHA_GHA10.2_2,Jasikan,Oti,2005,1474.2,1114.5,-89.84,25.12,29.05,22.12,80.69
GHA,GHA_GHA10.2_2,Jasikan,Oti,2006,1527.9,1222.6,-36.14,25.14,29.06,22.13,80.52
GHA,GHA_GHA10.2_2,Jasikan,Oti,2007,1784.8,1465.2,220.76,25.19,29.38,21.84,77.98
GHA,GHA_GHA10.2_2,Jasikan,Oti,2008,1526.2,1186.9,-37.84,25.14,29.33,21.77,77.51
GHA,GHA_GHA10.2_2,Jasikan,Oti,2009,1603.2,1169.5,39.16,25.13,29.11,22.12,81.12
GHA,GHA_GHA10.2_2,Jasikan,Oti,2010,1662.2,1335.5,98.16,25.34,29.17,22.36,81.21
GHA,GHA_GHA10.2_2,Jasikan,Oti,2011,1877.1,1478.6,313.06,25.04,29.09,21.89,79.77
GHA,GHA_GHA10.2_2,Jasikan,Oti,2012,1775.9,1233.5,211.86,24.76,28.58,21.76,81.07
GHA,GHA_GHA10.2_2,Jasikan,Oti,2013,1599.7,1107.5,35.66,25.12,29.05,22.02,79.56
GHA,GHA_GHA10.2_2,Jasikan,Oti,2014,1829.4,1389.4,265.36,25.0,28.86,22.12,81.83
GHA,GHA_GHA10.2_2,Jasikan,Oti,2015,1461.3,1054.3,-102.74,25.26,29.34,22.01,78.02
GHA,GHA_GHA10.2_2,Jasikan,Oti,2016,2046.5,1535.3,482.46,25.55,29.66,22.37,78.94
GHA,GHA_GHA10.2_2,Jasikan,Oti,2017,1168.0,883.8,-396.04,26.06,30.99,22.66,75.77
GHA,GHA_GHA10.2_2,Jasikan,Oti,2018,1387.3,1137.2,-176.74,25.9,30.81,22.47,75.38
GHA,GHA_GHA10.2_2,Jasikan,Oti,2019,1612.1,1321.6,48.06,26.26,31.07,22.88,76.68
GHA,GHA_GHA10.2_2,Jasikan,Oti,2020,1414.9,1123.9,-149.14,26.46,31.76,22.65,72.16
GHA,GHA_GHA10.2_2,Jasikan,Oti,2021,1174.4,967.2,-389.64,26.53,32.02,22.77,73.8
GHA,GHA_GHA10.2_2,Jasikan,Oti,2022,1474.8,1115.8,-89.24,26.08,31.85,22.17,71.29
GHA,GHA_GHA10.2_2,Jasikan,Oti,2023,1696.6,1349.4,132.56,26.29,32.06,22.51,73.4
GHA,GHA_GHA10.2_2,Jasikan,Oti,2024,1278.8,1019.3,-285.24,26.7,32.62,22.58,70.41
GHA,GHA_GHA10.2_2,Jasikan,Oti,2025,1451.9,1175.3,-112.14,26.06,31.29,22.39,77.41
GHA,GHA_GHA10.3_2,Kadjebi,Oti,2000,1359.8,1158.1,-50.22,26.46,30.48,23.09,76.73
GHA,GHA_GHA10.3_2,Kadjebi,Oti,2001,1176.3,903.2,-233.72,26.49,30.39,23.34,77.26
GHA,GHA_GHA10.3_2,Kadjebi,Oti,2002,1486.0,1128.1,75.98,26.41,30.27,23.27,78.28
GHA,GHA_GHA10.3_2,Kadjebi,Oti,2003,1321.7,963.4,-88.32,26.56,30.39,23.56,79.67
GHA,GHA_GHA10.3_2,Kadjebi,Oti,2004,1479.5,1114.1,69.48,26.4,30.18,23.37,80.15
GHA,GHA_GHA10.3_2,Kadjebi,Oti,2005,1257.3,974.5,-152.72,26.55,30.32,23.51,79.21
GHA,GHA_GHA10.3_2,Kadjebi,Oti,2006,1426.5,1197.0,16.48,26.58,30.33,23.52,78.69
GHA,GHA_GHA10.3_2,Kadjebi,Oti,2007,1623.0,1382.9,212.98,26.61,30.62,23.24,76.34
GHA,GHA_GHA10.3_2,Kadjebi,Oti,2008,1301.4,1017.5,-108.62,26.56,30.58,23.17,75.65
GHA,GHA_GHA10.3_2,Kadjebi,Oti,2009,1453.2,1096.9,43.18,26.54,30.31,23.52,79.75
GHA,GHA_GHA10.3_2,Kadjebi,Oti,2010,1507.1,1242.0,97.08,26.74,30.42,23.7,79.87
GHA,GHA_GHA10.3_2,Kadjebi,Oti,2011,1603.6,1318.3,193.58,26.45,30.3,23.28,78.14
GHA,GHA_GHA10.3_2,Kadjebi,Oti,2012,1555.6,1110.5,145.58,26.16,29.8,23.12,79.42
GHA,GHA_GHA10.3_2,Kadjebi,Oti,2013,1401.3,989.7,-8.72,26.49,30.23,23.37,78.3
GHA,GHA_GHA10.3_2,Kadjebi,Oti,2014,1598.5,1238.8,188.48,26.43,30.12,23.51,80.33
GHA,GHA_GHA10.3_2,Kadjebi,Oti,2015,1296.7,957.5,-113.32,26.68,30.62,23.38,76.3
GHA,GHA_GHA10.3_2,Kadjebi,Oti,2016,1752.1,1351.2,342.08,26.95,30.88,23.7,77.31
GHA,GHA_GHA10.3_2,Kadjebi,Oti,2017,1188.6,943.0,-221.42,26.89,32.22,23.27,74.91
GHA,GHA_GHA10.3_2,Kadjebi,Oti,2018,1435.4,1128.5,25.38,26.57,31.82,22.95,75.1
GHA,GHA_GHA10.3_2,Kadjebi,Oti,2019,1666.9,1357.3,256.88,26.99,32.22,23.42,76.11
GHA,GHA_GHA10.3_2,Kadjebi,Oti,2020,1286.7,1044.5,-123.32,27.18,32.82,23.17,71.34
GHA,GHA_GHA10.3_2,Kadjebi,Oti,2021,1139.1,937.1,-270.92,27.27,33.12,23.28,72.82
GHA,GHA_GHA10.3_2,Kadjebi,Oti,2022,1314.3,1035.7,-95.72,26.77,32.83,22.7,70.35
GHA,GHA_GHA10.3_2,Kadjebi,Oti,2023,1578.4,1298.5,168.38,26.96,33.08,22.97,72.85
GHA,GHA_GHA10.3_2,Kadjebi,Oti,2024,1193.7,948.9,-216.32,27.49,33.7,23.09,68.69
GHA,GHA_GHA10.3_2,Kadjebi,Oti,2025,1257.9,992.4,-152.12,26.68,32.41,22.78,76.81
GHA,GHA_GHA10.4_2,KrachiEast,Oti,2000,792.5,729.1,-369.15,27.62,30.4,25.26,74.17
GHA,GHA_GHA10.4_2,KrachiEast,Oti,2001,664.9,622.0,-496.75,27.64,30.49,25.29,74.55
GHA,GHA_GHA10.4_2,KrachiEast,Oti,2002,944.7,812.5,-216.95,27.72,30.48,25.42,74.78
GHA,GHA_GHA10.4_2,KrachiEast,Oti,2003,1032.8,888.0,-128.85,27.83,30.5,25.59,75.96
GHA,GHA_GHA10.4_2,KrachiEast,Oti,2004,844.6,657.7,-317.05,27.74,30.38,25.53,75.88
GHA,GHA_GHA10.4_2,KrachiEast,Oti,2005,869.7,762.0,-291.95,27.82,30.46,25.56,75.53
GHA,GHA_GHA10.4_2,KrachiEast,Oti,2006,961.1,911.6,-200.55,27.93,30.62,25.64,74.57
GHA,GHA_GHA10.4_2,KrachiEast,Oti,2007,1231.4,1153.5,69.75,27.8,30.58,25.41,73.81
GHA,GHA_GHA10.4_2,KrachiEast,Oti,2008,957.7,842.3,-203.95,27.73,30.5,25.34,73.18
GHA,GHA_GHA10.4_2,KrachiEast,Oti,2009,860.2,757.5,-301.45,27.89,30.52,25.65,75.37
GHA,GHA_GHA10.4_2,KrachiEast,Oti,2010,1068.1,943.5,-93.55,28.01,30.52,25.81,76.3
GHA,GHA_GHA10.4_2,KrachiEast,Oti,2011,1003.1,901.3,-158.55,27.72,30.37,25.43,74.92
GHA,GHA_GHA10.4_2,KrachiEast,Oti,2012,933.0,780.2,-228.65,27.47,30.04,25.25,75.71
GHA,GHA_GHA10.4_2,KrachiEast,Oti,2013,913.7,757.6,-247.95,27.76,30.41,25.5,74.74
GHA,GHA_GHA10.4_2,KrachiEast,Oti,2014,1002.7,883.4,-158.95,27.73,30.3,25.54,76.34
GHA,GHA_GHA10.4_2,KrachiEast,Oti,2015,762.0,605.7,-399.65,27.89,30.64,25.51,73.35
GHA,GHA_GHA10.4_2,KrachiEast,Oti,2016,1170.2,984.0,8.55,28.01,30.66,25.7,75.37
GHA,GHA_GHA10.4_2,KrachiEast,Oti,2017,1477.4,1329.5,315.75,27.28,30.26,24.77,79.27
GHA,GHA_GHA10.4_2,KrachiEast,Oti,2018,1641.8,1469.3,480.15,26.89,30.01,24.28,80.21
GHA,GHA_GHA10.4_2,KrachiEast,Oti,2019,1948.0,1665.7,786.35,27.26,30.24,24.8,80.97
GHA,GHA_GHA10.4_2,KrachiEast,Oti,2020,1561.4,1332.0,399.75,27.2,30.36,24.43,77.85
GHA,GHA_GHA10.4_2,KrachiEast,Oti,2021,1393.5,1263.8,231.85,27.39,30.38,24.87,79.28
GHA,GHA_GHA10.4_2,KrachiEast,Oti,2022,1752.1,1507.7,590.45,26.82,30.16,24.02,78.01
GHA,GHA_GHA10.4_2,KrachiEast,Oti,2023,1756.1,1506.9,594.45,27.05,30.55,24.29,79.24
GHA,GHA_GHA10.4_2,KrachiEast,Oti,2024,1378.6,1207.8,216.95,27.82,31.64,24.72,74.82
GHA,GHA_GHA10.4_2,KrachiEast,Oti,2025,1281.5,1117.2,119.85,27.9,31.06,25.39,76.53
GHA,GHA_GHA10.5_2,KrachiNchumuru,Oti,2000,1061.8,957.2,-82.87,27.38,31.97,23.94,72.23
GHA,GHA_GHA10.5_2,KrachiNchumuru,Oti,2001,651.0,559.2,-493.67,27.7,32.39,24.25,70.82
GHA,GHA_GHA10.5_2,KrachiNchumuru,Oti,2002,1049.6,905.3,-95.07,27.62,32.15,24.24,72.26
GHA,GHA_GHA10.5_2,KrachiNchumuru,Oti,2003,1307.3,1094.3,162.63,27.68,32.09,24.44,74.63
GHA,GHA_GHA10.5_2,KrachiNchumuru,Oti,2004,1002.2,741.2,-142.47,27.61,32.02,24.41,74.34
GHA,GHA_GHA10.5_2,KrachiNchumuru,Oti,2005,1056.8,885.5,-87.87,27.63,31.97,24.4,74.07
GHA,GHA_GHA10.5_2,KrachiNchumuru,Oti,2006,1107.4,970.1,-37.27,27.77,32.26,24.41,72.47
GHA,GHA_GHA10.5_2,KrachiNchumuru,Oti,2007,1244.0,1141.6,99.33,27.63,32.25,24.16,71.68
GHA,GHA_GHA10.5_2,KrachiNchumuru,Oti,2008,1155.9,1045.9,11.23,27.52,32.14,24.03,71.01
GHA,GHA_GHA10.5_2,KrachiNchumuru,Oti,2009,877.8,735.3,-266.87,27.7,32.1,24.46,74.28
GHA,GHA_GHA10.5_2,KrachiNchumuru,Oti,2010,1221.5,1082.6,76.83,27.77,31.95,24.64,75.62
GHA,GHA_GHA10.5_2,KrachiNchumuru,Oti,2011,1045.9,907.9,-98.77,27.51,32.03,24.16,72.95
GHA,GHA_GHA10.5_2,KrachiNchumuru,Oti,2012,1138.5,926.3,-6.17,27.23,31.55,24.02,74.49
GHA,GHA_GHA10.5_2,KrachiNchumuru,Oti,2013,1061.2,900.2,-83.47,27.46,31.82,24.21,73.89
GHA,GHA_GHA10.5_2,KrachiNchumuru,Oti,2014,1075.5,940.6,-69.17,27.55,31.78,24.41,75.32
GHA,GHA_GHA10.5_2,KrachiNchumuru,Oti,2015,951.9,774.5,-192.77,27.7,32.29,24.28,70.84
GHA,GHA_GHA10.5_2,KrachiNchumuru,Oti,2016,1505.5,1227.3,360.83,27.81,32.2,24.51,73.44
GHA,GHA_GHA10.5_2,KrachiNchumuru,Oti,2017,936.2,758.1,-208.47,27.64,33.14,23.72,72.05
GHA,GHA_GHA10.5_2,KrachiNchumuru,Oti,2018,1230.8,1051.2,86.13,27.15,32.68,23.22,72.83
GHA,GHA_GHA10.5_2,KrachiNchumuru,Oti,2019,1422.8,1207.5,278.13,27.56,32.98,23.8,74.35
GHA,GHA_GHA10.5_2,KrachiNchumuru,Oti,2020,1202.1,996.3,57.43,27.52,33.09,23.52,71.66
GHA,GHA_GHA10.5_2,KrachiNchumuru,Oti,2021,1247.7,1133.1,103.03,27.79,33.34,23.86,72.56
GHA,GHA_GHA10.5_2,KrachiNchumuru,Oti,2022,1331.3,1058.7,186.63,27.01,32.88,22.94,71.45
GHA,GHA_GHA10.5_2,KrachiNchumuru,Oti,2023,1450.3,1253.6,305.63,27.22,33.09,23.28,73.53
GHA,GHA_GHA10.5_2,KrachiNchumuru,Oti,2024,1193.9,1010.9,49.23,27.93,33.85,23.65,68.88
GHA,GHA_GHA10.5_2,KrachiNchumuru,Oti,2025,1232.5,1056.5,87.83,27.85,32.71,24.16,72.86
GHA,GHA_GHA10.6_2,KrachiWest,Oti,2000,916.5,838.0,-212.38,27.72,31.43,24.75,72.54
GHA,GHA_GHA10.6_2,KrachiWest,Oti,2001,644.2,583.1,-484.68,27.83,31.62,24.89,72.52
GHA,GHA_GHA10.6_2,KrachiWest,Oti,2002,987.2,847.4,-141.68,27.82,31.47,24.97,73.5
GHA,GHA_GHA10.6_2,KrachiWest,Oti,2003,1351.4,1160.2,222.52,27.93,31.46,25.17,74.67
GHA,GHA_GHA10.6_2,KrachiWest,Oti,2004,959.5,747.0,-169.38,27.89,31.41,25.16,74.27
GHA,GHA_GHA10.6_2,KrachiWest,Oti,2005,1060.0,878.9,-68.88,27.9,31.38,25.15,74.25
GHA,GHA_GHA10.6_2,KrachiWest,Oti,2006,1043.1,953.1,-85.78,28.07,31.67,25.16,72.88
GHA,GHA_GHA10.6_2,KrachiWest,Oti,2007,1219.1,1148.6,90.22,27.92,31.66,24.97,72.18
GHA,GHA_GHA10.6_2,KrachiWest,Oti,2008,1166.5,1050.3,37.62,27.83,31.58,24.84,71.44
GHA,GHA_GHA10.6_2,KrachiWest,Oti,2009,976.6,865.2,-152.28,28.01,31.53,25.24,74.1
GHA,GHA_GHA10.6_2,KrachiWest,Oti,2010,1199.0,1080.9,70.12,28.1,31.42,25.38,75.34
GHA,GHA_GHA10.6_2,KrachiWest,Oti,2011,1115.6,984.8,-13.28,27.81,31.4,24.94,73.41
GHA,GHA_GHA10.6_2,KrachiWest,Oti,2012,1022.4,847.9,-106.48,27.55,31.05,24.78,74.52
GHA,GHA_GHA10.6_2,KrachiWest,Oti,2013,1096.6,946.9,-32.28,27.82,31.35,25.0,73.7
GHA,GHA_GHA10.6_2,KrachiWest,Oti,2014,1055.9,932.0,-72.98,27.8,31.2,25.15,75.28
GHA,GHA_GHA10.6_2,KrachiWest,Oti,2015,888.8,737.4,-240.08,27.96,31.64,25.04,71.83
GHA,GHA_GHA10.6_2,KrachiWest,Oti,2016,1333.6,1107.4,204.72,28.08,31.64,25.23,73.86
GHA,GHA_GHA10.6_2,KrachiWest,Oti,2017,863.2,766.6,-265.68,28.25,31.77,25.28,71.24
GHA,GHA_GHA10.6_2,KrachiWest,Oti,2018,1216.9,1119.8,88.02,27.91,31.47,24.83,72.09
GHA,GHA_GHA10.6_2,KrachiWest,Oti,2019,1603.1,1403.0,474.22,28.13,31.58,25.21,73.86
GHA,GHA_GHA10.6_2,KrachiWest,Oti,2020,1131.4,945.9,2.52,28.13,31.71,25.05,71.27
GHA,GHA_GHA10.6_2,KrachiWest,Oti,2021,1179.8,1098.0,50.92,28.4,31.98,25.41,71.83
GHA,GHA_GHA10.6_2,KrachiWest,Oti,2022,1371.8,1149.2,242.92,27.74,31.55,24.65,70.73
GHA,GHA_GHA10.6_2,KrachiWest,Oti,2023,1604.3,1417.0,475.42,27.93,31.84,24.82,72.8
GHA,GHA_GHA10.6_2,KrachiWest,Oti,2024,1244.5,1041.2,115.62,28.56,32.98,25.07,69.15
GHA,GHA_GHA10.6_2,KrachiWest,Oti,2025,1099.9,983.2,-28.98,28.21,32.33,25.01,72.84
GHA,GHA_GHA10.7_2,NkwantaNorth,Oti,2000,1100.3,989.8,-90.27,26.79,32.48,22.63,70.34
GHA,GHA_GHA10.7_2,NkwantaNorth,Oti,2001,703.2,608.9,-487.37,27.11,32.76,22.96,69.21
GHA,GHA_GHA10.7_2,NkwantaNorth,Oti,2002,1085.9,925.9,-104.67,27.03,32.52,22.99,70.22
GHA,GHA_GHA10.7_2,NkwantaNorth,Oti,2003,1279.2,1075.2,88.63,27.1,32.55,23.22,73.37
GHA,GHA_GHA10.7_2,NkwantaNorth,Oti,2004,1118.8,882.1,-71.77,26.93,32.4,23.1,73.94
GHA,GHA_GHA10.7_2,NkwantaNorth,Oti,2005,1047.1,891.5,-143.47,27.08,32.48,23.24,72.99
GHA,GHA_GHA10.7_2,NkwantaNorth,Oti,2006,1021.4,918.3,-169.17,27.17,32.64,23.21,71.35
GHA,GHA_GHA10.7_2,NkwantaNorth,Oti,2007,1388.1,1243.3,197.53,26.98,32.56,22.87,70.58
GHA,GHA_GHA10.7_2,NkwantaNorth,Oti,2008,990.9,890.1,-199.67,26.99,32.74,22.8,69.08
GHA,GHA_GHA10.7_2,NkwantaNorth,Oti,2009,979.1,768.4,-211.47,27.05,32.47,23.2,73.59
GHA,GHA_GHA10.7_2,NkwantaNorth,Oti,2010,1109.2,952.1,-81.37,27.2,32.49,23.36,73.93
GHA,GHA_GHA10.7_2,NkwantaNorth,Oti,2011,1087.9,953.5,-102.67,27.03,32.58,22.99,71.18
GHA,GHA_GHA10.7_2,NkwantaNorth,Oti,2012,1186.6,922.3,-3.97,26.67,31.94,22.86,73.42
GHA,GHA_GHA10.7_2,NkwantaNorth,Oti,2013,989.5,807.4,-201.07,26.98,32.39,23.08,72.11
GHA,GHA_GHA10.7_2,NkwantaNorth,Oti,2014,1159.3,991.7,-31.27,27.03,32.33,23.29,73.87
GHA,GHA_GHA10.7_2,NkwantaNorth,Oti,2015,923.2,724.5,-267.37,27.13,32.67,23.1,69.92
GHA,GHA_GHA10.7_2,NkwantaNorth,Oti,2016,1563.0,1152.5,372.43,27.32,32.74,23.34,71.53
GHA,GHA_GHA10.7_2,NkwantaNorth,Oti,2017,1089.0,928.0,-101.57,27.58,33.33,23.6,70.86
GHA,GHA_GHA10.7_2,NkwantaNorth,Oti,2018,1321.9,1136.8,131.33,27.05,32.74,23.09,71.66
GHA,GHA_GHA10.7_2,NkwantaNorth,Oti,2019,1637.2,1350.7,446.63,27.5,33.11,23.6,72.52
GHA,GHA_GHA10.7_2,NkwantaNorth,Oti,2020,1237.0,1023.2,46.43,27.48,33.27,23.38,70.19
GHA,GHA_GHA10.7_2,NkwantaNorth,Oti,2021,1068.7,927.3,-121.87,27.67,33.59,23.68,71.06
GHA,GHA_GHA10.7_2,NkwantaNorth,Oti,2022,1491.6,1280.8,301.03,27.09,33.44,22.74,68.33
GHA,GHA_GHA10.7_2,NkwantaNorth,Oti,2023,1777.4,1558.5,586.83,27.15,33.43,23.09,72.34
GHA,GHA_GHA10.7_2,NkwantaNorth,Oti,2024,1355.0,1191.8,164.43,27.83,34.19,23.35,67.07
GHA,GHA_GHA10.7_2,NkwantaNorth,Oti,2025,1244.3,1093.2,53.73,28.1,33.43,24.14,69.6
GHA,GHA_GHA10.8_2,NkwantaSouth,Oti,2000,1930.3,1653.5,161.12,26.68,32.01,22.62,74.33
GHA,GHA_GHA10.8_2,NkwantaSouth,Oti,2001,1395.6,1072.5,-373.58,26.86,32.11,22.94,73.98
GHA,GHA_GHA10.8_2,NkwantaSouth,Oti,2002,1889.4,1429.4,120.22,26.74,31.86,22.93,75.32
GHA,GHA_GHA10.8_2,NkwantaSouth,Oti,2003,1950.0,1476.5,180.82,26.88,31.94,23.24,77.4
GHA,GHA_GHA10.8_2,NkwantaSouth,Oti,2004,2161.9,1624.7,392.72,26.72,31.8,23.1,78.12
GHA,GHA_GHA10.8_2,NkwantaSouth,Oti,2005,1869.5,1465.9,100.32,26.86,31.9,23.22,77.19
GHA,GHA_GHA10.8_2,NkwantaSouth,Oti,2006,1897.0,1538.9,127.82,26.92,31.9,23.22,75.93
GHA,GHA_GHA10.8_2,NkwantaSouth,Oti,2007,2028.8,1654.5,259.62,26.84,32.08,22.92,74.5
GHA,GHA_GHA10.8_2,NkwantaSouth,Oti,2008,1735.8,1441.3,-33.38,26.78,32.14,22.77,73.5
GHA,GHA_GHA10.8_2,NkwantaSouth,Oti,2009,1990.5,1473.9,221.32,26.83,31.89,23.16,77.84
GHA,GHA_GHA10.8_2,NkwantaSouth,Oti,2010,1993.6,1623.0,224.42,27.03,31.93,23.37,77.57
GHA,GHA_GHA10.8_2,NkwantaSouth,Oti,2011,1940.6,1567.7,171.42,26.76,31.94,22.92,75.74
GHA,GHA_GHA10.8_2,NkwantaSouth,Oti,2012,2123.2,1548.5,354.02,26.42,31.36,22.78,77.49
GHA,GHA_GHA10.8_2,NkwantaSouth,Oti,2013,1909.6,1350.9,140.42,26.75,31.78,23.05,76.49
GHA,GHA_GHA10.8_2,NkwantaSouth,Oti,2014,2004.3,1516.0,235.12,26.76,31.66,23.23,78.19
GHA,GHA_GHA10.8_2,NkwantaSouth,Oti,2015,1778.6,1377.3,9.42,26.9,32.08,23.03,74.45
GHA,GHA_GHA10.8_2,NkwantaSouth,Oti,2016,2162.0,1570.2,392.82,27.21,32.34,23.32,74.98
GHA,GHA_GHA10.8_2,NkwantaSouth,Oti,2017,1324.8,1113.9,-444.38,26.65,32.43,22.67,71.58
GHA,GHA_GHA10.8_2,NkwantaSouth,Oti,2018,1502.5,1252.4,-266.68,26.27,31.89,22.36,72.35
GHA,GHA_GHA10.8_2,NkwantaSouth,Oti,2019,1841.2,1508.8,72.02,26.63,32.27,22.78,73.76
GHA,GHA_GHA10.8_2,NkwantaSouth,Oti,2020,1238.8,975.7,-530.38,26.78,32.74,22.54,69.61
GHA,GHA_GHA10.8_2,NkwantaSouth,Oti,2021,1160.6,948.8,-608.58,26.86,33.04,22.54,70.21
GHA,GHA_GHA10.8_2,NkwantaSouth,Oti,2022,1653.6,1358.3,-115.58,26.45,32.85,21.98,67.59
GHA,GHA_GHA10.8_2,NkwantaSouth,Oti,2023,1880.1,1557.1,110.92,26.62,33.08,22.35,70.83
GHA,GHA_GHA10.8_2,NkwantaSouth,Oti,2024,1359.9,1218.9,-409.28,27.1,33.58,22.53,66.88
GHA,GHA_GHA10.8_2,NkwantaSouth,Oti,2025,1276.6,1092.7,-492.58,26.73,32.08,22.78,72.36
GHA,GHA_GHA11.1_2,Bole,Savannah,2000,908.1,808.7,-94.95,26.92,32.79,22.2,63.08
GHA,GHA_GHA11.1_2,Bole,Savannah,2001,748.8,638.2,-254.25,27.06,32.82,22.36,62.28
GHA,GHA_GHA11.1_2,Bole,Savannah,2002,911.0,770.8,-92.05,27.12,32.74,22.62,64.66
GHA,GHA_GHA11.1_2,Bole,Savannah,2003,1063.0,871.4,59.95,27.03,32.72,22.58,67.37
GHA,GHA_GHA11.1_2,Bole,Savannah,2004,782.8,594.4,-220.25,27.13,32.8,22.69,66.61
GHA,GHA_GHA11.1_2,Bole,Savannah,2005,968.9,729.9,-34.15,27.05,32.67,22.72,67.06
GHA,GHA_GHA11.1_2,Bole,Savannah,2006,886.4,786.9,-116.65,27.19,32.97,22.59,64.51
GHA,GHA_GHA11.1_2,Bole,Savannah,2007,811.5,706.9,-191.55,27.23,33.02,22.58,62.26
GHA,GHA_GHA11.1_2,Bole,Savannah,2008,1106.6,968.7,103.55,27.0,32.84,22.36,62.38
GHA,GHA_GHA11.1_2,Bole,Savannah,2009,888.7,692.8,-114.35,27.07,32.71,22.63,66.9
GHA,GHA_GHA11.1_2,Bole,Savannah,2010,1133.5,942.7,130.45,27.16,32.63,22.8,68.49
GHA,GHA_GHA11.1_2,Bole,Savannah,2011,945.9,839.1,-57.15,26.95,32.59,22.47,65.75
GHA,GHA_GHA11.1_2,Bole,Savannah,2012,874.3,669.4,-128.75,26.65,32.16,22.3,67.02
GHA,GHA_GHA11.1_2,Bole,Savannah,2013,897.7,679.8,-105.35,26.94,32.51,22.61,66.45
GHA,GHA_GHA11.1_2,Bole,Savannah,2014,982.4,780.2,-20.65,26.92,32.43,22.66,68.37
GHA,GHA_GHA11.1_2,Bole,Savannah,2015,818.0,671.2,-185.05,27.21,32.81,22.75,63.61
GHA,GHA_GHA11.1_2,Bole,Savannah,2016,1033.7,892.2,30.65,27.68,33.34,23.17,62.96
GHA,GHA_GHA11.1_2,Bole,Savannah,2017,906.8,782.5,-96.25,27.17,33.02,22.75,64.29
GHA,GHA_GHA11.1_2,Bole,Savannah,2018,1068.4,909.1,65.35,26.59,32.38,22.25,66.77
GHA,GHA_GHA11.1_2,Bole,Savannah,2019,1381.9,1217.0,378.85,26.86,32.89,22.48,67.69
GHA,GHA_GHA11.1_2,Bole,Savannah,2020,1006.8,871.9,3.75,26.82,32.76,22.41,65.87
GHA,GHA_GHA11.1_2,Bole,Savannah,2021,1035.6,881.9,32.55,26.89,32.94,22.4,66.42
GHA,GHA_GHA11.1_2,Bole,Savannah,2022,1350.1,1070.8,347.05,26.1,32.23,21.68,65.72
GHA,GHA_GHA11.1_2,Bole,Savannah,2023,1409.2,1198.3,406.15,26.58,32.8,22.16,67.44
GHA,GHA_GHA11.1_2,Bole,Savannah,2024,1163.5,1012.8,160.45,26.83,32.96,22.27,64.92
GHA,GHA_GHA11.1_2,Bole,Savannah,2025,995.7,825.9,-7.35,27.37,32.57,23.2,65.76
GHA,GHA_GHA11.2_2,CentralGonja,Savannah,2000,818.4,761.3,-69.23,28.35,33.77,23.47,58.34
GHA,GHA_GHA11.2_2,CentralGonja,Savannah,2001,658.9,602.4,-228.73,28.93,34.55,23.9,54.82
GHA,GHA_GHA11.2_2,CentralGonja,Savannah,2002,817.1,713.7,-70.53,28.78,34.14,24.02,58.76
GHA,GHA_GHA11.2_2,CentralGonja,Savannah,2003,964.4,844.7,76.77,28.78,34.18,24.01,60.24
GHA,GHA_GHA11.2_2,CentralGonja,Savannah,2004,678.1,551.4,-209.53,28.86,34.25,24.1,59.73
GHA,GHA_GHA11.2_2,CentralGonja,Savannah,2005,885.4,772.0,-2.23,29.0,34.54,24.26,59.06
GHA,GHA_GHA11.2_2,CentralGonja,Savannah,2006,648.4,598.6,-239.23,28.91,34.45,24.03,57.9
GHA,GHA_GHA11.2_2,CentralGonja,Savannah,2007,784.0,718.4,-103.63,28.71,34.15,23.89,57.19
GHA,GHA_GHA11.2_2,CentralGonja,Savannah,2008,964.4,910.2,76.77,28.38,33.82,23.57,57.97
GHA,GHA_GHA11.2_2,CentralGonja,Savannah,2009,787.3,690.9,-100.33,28.75,34.1,24.06,60.58
GHA,GHA_GHA11.2_2,CentralGonja,Savannah,2010,874.8,779.1,-12.83,28.73,33.95,24.11,62.14
GHA,GHA_GHA11.2_2,CentralGonja,Savannah,2011,778.9,723.3,-108.73,28.63,34.06,23.91,59.55
GHA,GHA_GHA11.2_2,CentralGonja,Savannah,2012,852.2,705.7,-35.43,28.34,33.6,23.69,60.7
GHA,GHA_GHA11.2_2,CentralGonja,Savannah,2013,619.0,516.6,-268.63,28.73,34.14,24.0,59.58
GHA,GHA_GHA11.2_2,CentralGonja,Savannah,2014,819.3,715.9,-68.33,28.7,34.02,24.07,61.16
GHA,GHA_GHA11.2_2,CentralGonja,Savannah,2015,736.6,617.3,-151.03,28.92,34.41,24.09,57.35
GHA,GHA_GHA11.2_2,CentralGonja,Savannah,2016,1005.0,911.5,117.37,29.17,34.56,24.42,58.46
GHA,GHA_GHA11.2_2,CentralGonja,Savannah,2017,731.2,687.4,-156.43,29.24,34.45,24.73,56.78
GHA,GHA_GHA11.2_2,CentralGonja,Savannah,2018,910.8,798.2,23.17,28.48,33.71,24.04,59.95
GHA,GHA_GHA11.2_2,CentralGonja,Savannah,2019,1347.2,1230.4,459.57,29.01,34.43,24.46,59.48
GHA,GHA_GHA11.2_2,CentralGonja,Savannah,2020,895.5,799.0,7.87,28.8,34.01,24.25,58.87
GHA,GHA_GHA11.2_2,CentralGonja,Savannah,2021,960.9,881.3,73.27,29.13,34.48,24.45,57.9
GHA,GHA_GHA11.2_2,CentralGonja,Savannah,2022,1138.5,1022.7,250.87,28.09,33.54,23.44,58.75
GHA,GHA_GHA11.2_2,CentralGonja,Savannah,2023,1235.7,1092.0,348.07,28.42,33.89,23.84,61.07
GHA,GHA_GHA11.2_2,CentralGonja,Savannah,2024,1218.3,1036.1,330.67,29.04,34.76,24.17,56.48
GHA,GHA_GHA11.2_2,CentralGonja,Savannah,2025,948.0,867.5,60.37,28.89,34.37,24.42,60.65
GHA,GHA_GHA11.3_2,EastGonja,Savannah,2000,874.9,805.7,-24.06,28.06,33.39,23.41,62.48
GHA,GHA_GHA11.3_2,EastGonja,Savannah,2001,583.8,508.9,-315.16,28.43,33.88,23.7,60.17
GHA,GHA_GHA11.3_2,EastGonja,Savannah,2002,864.0,744.5,-34.96,28.27,33.55,23.78,63.41
GHA,GHA_GHA11.3_2,EastGonja,Savannah,2003,921.3,819.0,22.34,28.46,33.8,23.94,64.4
GHA,GHA_GHA11.3_2,EastGonja,Savannah,2004,712.8,594.3,-186.16,28.38,33.67,23.95,64.37
GHA,GHA_GHA11.3_2,EastGonja,Savannah,2005,825.6,717.8,-73.36,28.46,33.77,24.06,63.75
GHA,GHA_GHA11.3_2,EastGonja,Savannah,2006,676.1,612.5,-222.86,28.64,34.07,24.06,61.43
GHA,GHA_GHA11.3_2,EastGonja,Savannah,2007,832.9,762.3,-66.06,28.45,33.82,23.85,61.18
GHA,GHA_GHA11.3_2,EastGonja,Savannah,2008,930.6,876.9,31.64,28.21,33.61,23.61,61.19
GHA,GHA_GHA11.3_2,EastGonja,Savannah,2009,743.0,638.2,-155.96,28.42,33.71,24.02,64.63
GHA,GHA_GHA11.3_2,EastGonja,Savannah,2010,861.2,794.2,-37.76,28.37,33.42,24.09,66.28
GHA,GHA_GHA11.3_2,EastGonja,Savannah,2011,843.7,750.2,-55.26,28.14,33.46,23.65,63.63
GHA,GHA_GHA11.3_2,EastGonja,Savannah,2012,835.1,688.4,-63.86,27.87,33.01,23.54,65.41
GHA,GHA_GHA11.3_2,EastGonja,Savannah,2013,665.1,536.0,-233.86,28.14,33.32,23.76,64.3
GHA,GHA_GHA11.3_2,EastGonja,Savannah,2014,828.8,709.4,-70.16,28.2,33.33,23.92,65.94
GHA,GHA_GHA11.3_2,EastGonja,Savannah,2015,734.6,560.1,-164.36,28.37,33.65,23.87,62.01
GHA,GHA_GHA11.3_2,EastGonja,Savannah,2016,1132.3,1014.2,233.34,28.71,34.04,24.27,62.98
GHA,GHA_GHA11.3_2,EastGonja,Savannah,2017,808.5,742.8,-90.46,28.69,34.27,24.21,61.19
GHA,GHA_GHA11.3_2,EastGonja,Savannah,2018,871.8,729.3,-27.16,27.97,33.46,23.55,63.75
GHA,GHA_GHA11.3_2,EastGonja,Savannah,2019,1248.3,1100.4,349.34,28.53,34.16,24.07,63.81
GHA,GHA_GHA11.3_2,EastGonja,Savannah,2020,990.3,847.4,91.34,28.4,33.93,23.88,62.56
GHA,GHA_GHA11.3_2,EastGonja,Savannah,2021,1050.8,978.0,151.84,28.52,34.26,23.94,63.12
GHA,GHA_GHA11.3_2,EastGonja,Savannah,2022,1199.0,1043.3,300.04,27.76,33.58,23.18,62.06
GHA,GHA_GHA11.3_2,EastGonja,Savannah,2023,1287.6,1124.8,388.64,28.01,34.0,23.42,64.1
GHA,GHA_GHA11.3_2,EastGonja,Savannah,2024,1111.6,973.6,212.64,28.27,34.37,23.47,61.75
GHA,GHA_GHA11.3_2,EastGonja,Savannah,2025,939.3,842.0,40.34,28.41,33.76,24.14,64.23
GHA,GHA_GHA11.4_2,NorthEastGonja,Savannah,2000,890.4,826.1,-49.17,27.68,32.79,23.31,64.9
GHA,GHA_GHA11.4_2,NorthEastGonja,Savannah,2001,692.0,631.4,-247.57,28.31,33.58,23.78,61.74
GHA,GHA_GHA11.4_2,NorthEastGonja,Savannah,2002,902.2,811.7,-37.37,28.22,33.35,23.87,63.7
GHA,GHA_GHA11.4_2,NorthEastGonja,Savannah,2003,1057.9,959.4,118.33,28.2,33.29,23.95,66.76
GHA,GHA_GHA11.4_2,NorthEastGonja,Savannah,2004,772.6,648.8,-166.97,28.16,33.18,23.95,66.43
GHA,GHA_GHA11.4_2,NorthEastGonja,Savannah,2005,868.7,754.3,-70.87,28.2,33.26,24.0,65.99
GHA,GHA_GHA11.4_2,NorthEastGonja,Savannah,2006,830.1,770.3,-109.47,28.27,33.4,23.89,64.08
GHA,GHA_GHA11.4_2,NorthEastGonja,Savannah,2007,965.8,893.2,26.23,28.03,33.16,23.7,63.85
GHA,GHA_GHA11.4_2,NorthEastGonja,Savannah,2008,1058.2,997.7,118.63,27.88,32.99,23.52,63.41
GHA,GHA_GHA11.4_2,NorthEastGonja,Savannah,2009,886.1,786.8,-53.47,28.03,32.92,23.89,67.6
GHA,GHA_GHA11.4_2,NorthEastGonja,Savannah,2010,907.0,809.3,-32.57,28.17,33.03,24.05,68.11
GHA,GHA_GHA11.4_2,NorthEastGonja,Savannah,2011,785.0,707.9,-154.57,28.08,33.17,23.78,64.55
GHA,GHA_GHA11.4_2,NorthEastGonja,Savannah,2012,882.9,743.4,-56.67,27.85,32.81,23.69,66.34
GHA,GHA_GHA11.4_2,NorthEastGonja,Savannah,2013,728.6,607.9,-210.97,28.06,33.05,23.85,65.73
GHA,GHA_GHA11.4_2,NorthEastGonja,Savannah,2014,891.0,806.7,-48.57,28.25,33.18,24.1,66.68
GHA,GHA_GHA11.4_2,NorthEastGonja,Savannah,2015,747.3,617.3,-192.27,28.32,33.47,23.99,62.78
GHA,GHA_GHA11.4_2,NorthEastGonja,Savannah,2016,1160.3,1018.0,220.73,28.38,33.38,24.18,65.87
GHA,GHA_GHA11.4_2,NorthEastGonja,Savannah,2017,729.0,664.5,-210.57,28.66,33.69,24.43,61.31
GHA,GHA_GHA11.4_2,NorthEastGonja,Savannah,2018,929.4,819.9,-10.17,27.97,33.0,23.79,63.68
GHA,GHA_GHA11.4_2,NorthEastGonja,Savannah,2019,1308.3,1171.1,368.73,28.55,33.64,24.33,63.51
GHA,GHA_GHA11.4_2,NorthEastGonja,Savannah,2020,1070.0,973.0,130.43,28.39,33.35,24.14,62.65
GHA,GHA_GHA11.4_2,NorthEastGonja,Savannah,2021,921.0,845.5,-18.57,28.62,33.73,24.3,62.57
GHA,GHA_GHA11.4_2,NorthEastGonja,Savannah,2022,1089.1,955.7,149.53,27.6,32.81,23.33,63.0
GHA,GHA_GHA11.4_2,NorthEastGonja,Savannah,2023,1366.8,1210.9,427.23,27.93,33.19,23.73,65.22
GHA,GHA_GHA11.4_2,NorthEastGonja,Savannah,2024,1020.2,881.8,80.63,28.81,34.25,24.24,58.82
GHA,GHA_GHA11.4_2,NorthEastGonja,Savannah,2025,968.8,877.3,29.23,28.43,33.58,24.38,65.03
GHA,GHA_GHA11.5_2,NorthGonja,Savannah,2000,871.1,844.2,-90.84,27.92,33.79,22.81,56.59
GHA,GHA_GHA11.5_2,NorthGonja,Savannah,2001,770.8,719.6,-191.14,28.26,34.2,23.05,54.11
GHA,GHA_GHA11.5_2,NorthGonja,Savannah,2002,990.8,897.9,28.86,28.39,34.17,23.44,57.1
GHA,GHA_GHA11.5_2,NorthGonja,Savannah,2003,1167.3,1077.9,205.36,28.21,33.9,23.26,59.18
GHA,GHA_GHA11.5_2,NorthGonja,Savannah,2004,766.1,635.0,-195.84,28.27,34.03,23.27,58.9
GHA,GHA_GHA11.5_2,NorthGonja,Savannah,2005,928.6,849.5,-33.34,28.25,33.98,23.35,59.27
GHA,GHA_GHA11.5_2,NorthGonja,Savannah,2006,867.3,818.7,-94.64,28.28,34.01,23.31,57.7
GHA,GHA_GHA11.5_2,NorthGonja,Savannah,2007,1085.0,1019.4,123.06,28.06,33.77,23.11,56.77
GHA,GHA_GHA11.5_2,NorthGonja,Savannah,2008,979.3,944.6,17.36,27.94,33.84,22.81,55.86
GHA,GHA_GHA11.5_2,NorthGonja,Savannah,2009,880.0,829.4,-81.94,28.4,34.07,23.55,59.41
GHA,GHA_GHA11.5_2,NorthGonja,Savannah,2010,1040.8,929.1,78.86,28.16,33.78,23.32,61.46
GHA,GHA_GHA11.5_2,NorthGonja,Savannah,2011,840.2,804.0,-121.74,28.24,33.97,23.32,58.39
GHA,GHA_GHA11.5_2,NorthGonja,Savannah,2012,944.0,815.2,-17.94,27.9,33.52,23.11,59.89
GHA,GHA_GHA11.5_2,NorthGonja,Savannah,2013,800.4,707.6,-161.54,28.27,33.92,23.45,59.22
GHA,GHA_GHA11.5_2,NorthGonja,Savannah,2014,930.1,841.5,-31.84,28.38,34.09,23.53,59.32
GHA,GHA_GHA11.5_2,NorthGonja,Savannah,2015,965.0,907.9,3.06,28.42,34.24,23.37,56.07
GHA,GHA_GHA11.5_2,NorthGonja,Savannah,2016,1071.9,993.7,109.96,28.61,34.3,23.72,57.65
GHA,GHA_GHA11.5_2,NorthGonja,Savannah,2017,901.7,850.9,-60.24,27.68,32.99,23.42,56.84
GHA,GHA_GHA11.5_2,NorthGonja,Savannah,2018,1000.0,914.7,38.06,27.27,32.46,23.23,60.36
GHA,GHA_GHA11.5_2,NorthGonja,Savannah,2019,1291.7,1208.3,329.76,27.71,33.17,23.48,59.5
GHA,GHA_GHA11.5_2,NorthGonja,Savannah,2020,956.5,863.4,-5.44,27.72,33.07,23.42,57.23
GHA,GHA_GHA11.5_2,NorthGonja,Savannah,2021,853.4,812.8,-108.54,27.87,33.33,23.53,56.59
GHA,GHA_GHA11.5_2,NorthGonja,Savannah,2022,1008.9,904.9,46.96,27.0,32.38,22.76,57.16
GHA,GHA_GHA11.5_2,NorthGonja,Savannah,2023,1087.7,990.4,125.76,27.68,33.43,23.18,57.84
GHA,GHA_GHA11.5_2,NorthGonja,Savannah,2024,957.6,866.3,-4.34,27.95,33.63,23.52,55.66
GHA,GHA_GHA11.5_2,NorthGonja,Savannah,2025,1054.3,990.1,92.36,28.23,33.44,24.01,57.78
GHA,GHA_GHA11.6_2,Sawla-Tuna-Kalba,Savannah,2000,705.6,656.5,-109.17,27.02,32.68,21.94,57.85
GHA,GHA_GHA11.6_2,Sawla-Tuna-Kalba,Savannah,2001,632.1,574.4,-182.67,27.44,33.19,22.28,55.21
GHA,GHA_GHA11.6_2,Sawla-Tuna-Kalba,Savannah,2002,711.3,612.8,-103.47,27.46,32.93,22.58,58.99
GHA,GHA_GHA11.6_2,Sawla-Tuna-Kalba,Savannah,2003,915.0,823.3,100.23,27.22,32.68,22.42,61.36
GHA,GHA_GHA11.6_2,Sawla-Tuna-Kalba,Savannah,2004,559.2,427.0,-255.57,27.39,32.97,22.46,60.43
GHA,GHA_GHA11.6_2,Sawla-Tuna-Kalba,Savannah,2005,748.7,604.7,-66.07,27.42,33.01,22.57,60.3
GHA,GHA_GHA11.6_2,Sawla-Tuna-Kalba,Savannah,2006,711.6,644.9,-103.17,27.52,33.16,22.47,58.21
GHA,GHA_GHA11.6_2,Sawla-Tuna-Kalba,Savannah,2007,743.3,665.0,-71.47,27.42,33.03,22.44,56.79
GHA,GHA_GHA11.6_2,Sawla-Tuna-Kalba,Savannah,2008,876.8,829.4,62.03,27.12,32.84,22.02,56.83
GHA,GHA_GHA11.6_2,Sawla-Tuna-Kalba,Savannah,2009,744.8,624.2,-69.97,27.23,32.76,22.43,61.88
GHA,GHA_GHA11.6_2,Sawla-Tuna-Kalba,Savannah,2010,885.2,749.8,70.43,27.24,32.55,22.5,63.03
GHA,GHA_GHA11.6_2,Sawla-Tuna-Kalba,Savannah,2011,673.8,610.1,-140.97,27.26,32.76,22.42,59.92
GHA,GHA_GHA11.6_2,Sawla-Tuna-Kalba,Savannah,2012,799.8,680.1,-14.97,27.01,32.44,22.28,60.68
GHA,GHA_GHA11.6_2,Sawla-Tuna-Kalba,Savannah,2013,656.5,558.1,-158.27,27.26,32.77,22.48,60.84
GHA,GHA_GHA11.6_2,Sawla-Tuna-Kalba,Savannah,2014,736.4,646.6,-78.37,27.39,32.87,22.57,60.99
GHA,GHA_GHA11.6_2,Sawla-Tuna-Kalba,Savannah,2015,720.7,653.2,-94.07,27.6,33.25,22.6,57.0
GHA,GHA_GHA11.6_2,Sawla-Tuna-Kalba,Savannah,2016,823.6,723.5,8.83,27.87,33.41,22.96,57.71
GHA,GHA_GHA11.6_2,Sawla-Tuna-Kalba,Savannah,2017,765.2,688.2,-49.57,27.49,32.61,23.16,58.0
GHA,GHA_GHA11.6_2,Sawla-Tuna-Kalba,Savannah,2018,971.5,844.8,156.73,26.87,31.93,22.7,61.99
GHA,GHA_GHA11.6_2,Sawla-Tuna-Kalba,Savannah,2019,1128.7,1040.1,313.93,27.34,32.63,22.94,60.82
GHA,GHA_GHA11.6_2,Sawla-Tuna-Kalba,Savannah,2020,858.6,745.7,43.83,27.55,32.83,23.05,57.46
GHA,GHA_GHA11.6_2,Sawla-Tuna-Kalba,Savannah,2021,882.2,791.1,67.43,27.8,33.15,23.21,57.23
GHA,GHA_GHA11.6_2,Sawla-Tuna-Kalba,Savannah,2022,1145.3,961.3,330.53,26.6,31.86,22.17,59.36
GHA,GHA_GHA11.6_2,Sawla-Tuna-Kalba,Savannah,2023,1048.0,945.3,233.23,27.18,32.53,22.67,60.5
GHA,GHA_GHA11.6_2,Sawla-Tuna-Kalba,Savannah,2024,994.9,854.5,180.13,27.47,32.92,22.92,57.56
GHA,GHA_GHA11.6_2,Sawla-Tuna-Kalba,Savannah,2025,745.1,644.6,-69.67,27.32,32.49,23.06,62.31
GHA,GHA_GHA11.7_2,WestGonja,Savannah,2000,930.9,885.3,-47.56,27.61,33.49,22.79,60.5
GHA,GHA_GHA11.7_2,WestGonja,Savannah,2001,790.9,722.6,-187.56,27.8,33.65,22.97,58.98
GHA,GHA_GHA11.7_2,WestGonja,Savannah,2002,921.3,804.8,-57.16,27.79,33.44,23.27,62.38
GHA,GHA_GHA11.7_2,WestGonja,Savannah,2003,1111.0,998.9,132.54,27.72,33.47,23.12,64.27
GHA,GHA_GHA11.7_2,WestGonja,Savannah,2004,792.7,617.8,-185.76,27.72,33.41,23.14,64.57
GHA,GHA_GHA11.7_2,WestGonja,Savannah,2005,903.3,792.0,-75.16,27.75,33.45,23.21,64.19
GHA,GHA_GHA11.7_2,WestGonja,Savannah,2006,856.7,783.7,-121.76,27.86,33.66,23.12,61.98
GHA,GHA_GHA11.7_2,WestGonja,Savannah,2007,884.9,807.9,-93.56,27.78,33.52,23.13,60.56
GHA,GHA_GHA11.7_2,WestGonja,Savannah,2008,1089.0,1026.7,110.54,27.65,33.57,22.86,59.75
GHA,GHA_GHA11.7_2,WestGonja,Savannah,2009,875.5,786.4,-102.96,27.85,33.6,23.27,64.21
GHA,GHA_GHA11.7_2,WestGonja,Savannah,2010,1132.9,972.7,154.44,27.71,33.29,23.21,66.43
GHA,GHA_GHA11.7_2,WestGonja,Savannah,2011,868.2,796.1,-110.26,27.62,33.32,23.08,63.63
GHA,GHA_GHA11.7_2,WestGonja,Savannah,2012,979.7,833.3,1.24,27.33,32.88,22.88,64.71
GHA,GHA_GHA11.7_2,WestGonja,Savannah,2013,742.9,626.4,-235.56,27.71,33.35,23.25,63.91
GHA,GHA_GHA11.7_2,WestGonja,Savannah,2014,880.5,775.0,-97.96,27.79,33.43,23.28,64.6
GHA,GHA_GHA11.7_2,WestGonja,Savannah,2015,844.3,730.3,-134.16,27.85,33.57,23.23,61.31
GHA,GHA_GHA11.7_2,WestGonja,Savannah,2016,1072.7,968.4,94.24,28.27,33.95,23.69,61.31
GHA,GHA_GHA11.7_2,WestGonja,Savannah,2017,1067.1,977.3,88.64,27.39,33.55,22.62,62.17
GHA,GHA_GHA11.7_2,WestGonja,Savannah,2018,1278.6,1141.1,300.14,26.8,32.9,22.22,65.83
GHA,GHA_GHA11.7_2,WestGonja,Savannah,2019,1294.8,1162.4,316.34,27.3,33.6,22.57,64.98
GHA,GHA_GHA11.7_2,WestGonja,Savannah,2020,904.3,834.4,-74.16,27.21,33.42,22.41,63.35
GHA,GHA_GHA11.7_2,WestGonja,Savannah,2021,938.3,873.7,-40.16,27.28,33.61,22.41,63.59
GHA,GHA_GHA11.7_2,WestGonja,Savannah,2022,1143.4,1019.5,164.94,26.3,32.63,21.53,64.99
GHA,GHA_GHA11.7_2,WestGonja,Savannah,2023,1087.5,953.3,109.04,26.85,33.27,22.1,66.68
GHA,GHA_GHA11.7_2,WestGonja,Savannah,2024,1169.2,1048.8,190.74,27.43,33.84,22.51,62.17
GHA,GHA_GHA11.7_2,WestGonja,Savannah,2025,879.4,762.7,-99.06,28.11,33.67,23.59,61.8
GHA,GHA_GHA12.1_2,Bawku,UpperEast,2000,563.2,561.1,-69.6,28.08,33.69,22.99,50.22
GHA,GHA_GHA12.1_2,Bawku,UpperEast,2001,629.0,612.7,-3.8,28.18,33.95,22.92,48.58
GHA,GHA_GHA12.1_2,Bawku,UpperEast,2002,687.1,675.4,54.3,28.39,33.92,23.37,50.75
GHA,GHA_GHA12.1_2,Bawku,UpperEast,2003,601.0,554.7,-31.8,28.44,34.01,23.46,51.8
GHA,GHA_GHA12.1_2,Bawku,UpperEast,2004,422.7,389.3,-210.1,28.64,34.25,23.57,50.82
GHA,GHA_GHA12.1_2,Bawku,UpperEast,2005,508.4,477.9,-124.4,28.66,34.18,23.75,51.55
GHA,GHA_GHA12.1_2,Bawku,UpperEast,2006,575.9,563.1,-56.9,28.46,34.03,23.39,50.12
GHA,GHA_GHA12.1_2,Bawku,UpperEast,2007,537.7,507.7,-95.1,28.35,34.02,23.3,50.04
GHA,GHA_GHA12.1_2,Bawku,UpperEast,2008,519.4,515.6,-113.4,27.88,33.59,22.74,49.3
GHA,GHA_GHA12.1_2,Bawku,UpperEast,2009,618.9,610.4,-13.9,28.68,34.19,23.7,52.14
GHA,GHA_GHA12.1_2,Bawku,UpperEast,2010,659.0,628.5,26.2,28.45,33.89,23.57,54.04
GHA,GHA_GHA12.1_2,Bawku,UpperEast,2011,477.6,464.3,-155.2,28.63,34.24,23.58,50.63
GHA,GHA_GHA12.1_2,Bawku,UpperEast,2012,783.6,718.3,150.8,28.01,33.38,23.21,54.23
GHA,GHA_GHA12.1_2,Bawku,UpperEast,2013,480.7,427.1,-152.1,28.41,33.8,23.63,54.07
GHA,GHA_GHA12.1_2,Bawku,UpperEast,2014,590.4,560.9,-42.4,28.61,34.02,23.75,52.87
GHA,GHA_GHA12.1_2,Bawku,UpperEast,2015,715.4,706.2,82.6,28.53,34.15,23.49,49.48
GHA,GHA_GHA12.1_2,Bawku,UpperEast,2016,608.3,571.3,-24.5,28.69,34.21,23.76,51.76
GHA,GHA_GHA12.1_2,Bawku,UpperEast,2017,416.9,406.1,-215.9,28.21,34.06,23.25,50.52
GHA,GHA_GHA12.1_2,Bawku,UpperEast,2018,617.4,597.8,-15.4,28.1,33.55,23.52,54.84
GHA,GHA_GHA12.1_2,Bawku,UpperEast,2019,776.7,766.5,143.9,28.31,33.82,23.62,54.67
GHA,GHA_GHA12.1_2,Bawku,UpperEast,2020,790.6,772.1,157.8,28.36,33.91,23.66,51.71
GHA,GHA_GHA12.1_2,Bawku,UpperEast,2021,560.7,553.4,-72.1,28.85,34.53,24.01,49.09
GHA,GHA_GHA12.1_2,Bawku,UpperEast,2022,859.6,823.9,226.8,27.96,33.66,23.13,50.33
GHA,GHA_GHA12.1_2,Bawku,UpperEast,2023,728.4,675.8,95.6,28.66,34.55,23.68,51.03
GHA,GHA_GHA12.1_2,Bawku,UpperEast,2024,868.8,844.2,236.0,28.84,34.87,23.82,49.32
GHA,GHA_GHA12.1_2,Bawku,UpperEast,2025,855.5,816.0,222.7,29.02,35.13,24.02,51.4
GHA,GHA_GHA12.2_2,BawkuWest,UpperEast,2000,655.1,648.8,-50.04,28.36,34.24,22.97,51.29
GHA,GHA_GHA12.2_2,BawkuWest,UpperEast,2001,690.0,673.3,-15.14,28.45,34.4,22.86,49.9
GHA,GHA_GHA12.2_2,BawkuWest,UpperEast,2002,781.5,749.8,76.36,28.65,34.35,23.4,52.14
GHA,GHA_GHA12.2_2,BawkuWest,UpperEast,2003,708.4,652.1,3.26,28.71,34.46,23.45,52.97
GHA,GHA_GHA12.2_2,BawkuWest,UpperEast,2004,471.3,423.8,-233.84,28.94,34.74,23.57,51.99
GHA,GHA_GHA12.2_2,BawkuWest,UpperEast,2005,584.7,541.8,-120.44,28.96,34.69,23.78,52.42
GHA,GHA_GHA12.2_2,BawkuWest,UpperEast,2006,680.0,648.7,-25.14,28.77,34.53,23.43,51.14
GHA,GHA_GHA12.2_2,BawkuWest,UpperEast,2007,669.5,620.1,-35.64,28.51,34.29,23.24,51.75
GHA,GHA_GHA12.2_2,BawkuWest,UpperEast,2008,646.4,633.3,-58.74,28.15,34.05,22.75,50.57
GHA,GHA_GHA12.2_2,BawkuWest,UpperEast,2009,700.3,673.7,-4.84,28.99,34.73,23.78,53.22
GHA,GHA_GHA12.2_2,BawkuWest,UpperEast,2010,732.1,677.3,26.96,28.71,34.36,23.5,55.12
GHA,GHA_GHA12.2_2,BawkuWest,UpperEast,2011,605.5,586.1,-99.64,28.95,34.78,23.61,51.59
GHA,GHA_GHA12.2_2,BawkuWest,UpperEast,2012,800.4,719.3,95.26,28.34,33.95,23.28,54.65
GHA,GHA_GHA12.2_2,BawkuWest,UpperEast,2013,548.7,480.0,-156.44,28.77,34.39,23.74,54.37
GHA,GHA_GHA12.2_2,BawkuWest,UpperEast,2014,696.9,644.7,-8.24,28.84,34.43,23.74,54.07
GHA,GHA_GHA12.2_2,BawkuWest,UpperEast,2015,746.1,724.6,40.96,28.85,34.64,23.54,50.44
GHA,GHA_GHA12.2_2,BawkuWest,UpperEast,2016,708.9,639.9,3.76,28.97,34.7,23.77,52.59
GHA,GHA_GHA12.2_2,BawkuWest,UpperEast,2017,465.5,450.7,-239.64,28.39,34.09,23.34,50.42
GHA,GHA_GHA12.2_2,BawkuWest,UpperEast,2018,689.0,653.9,-16.14,28.2,33.62,23.51,54.82
GHA,GHA_GHA12.2_2,BawkuWest,UpperEast,2019,756.2,737.8,51.06,28.53,33.92,23.78,54.28
GHA,GHA_GHA12.2_2,BawkuWest,UpperEast,2020,801.3,773.9,96.16,28.52,34.05,23.6,51.54
GHA,GHA_GHA12.2_2,BawkuWest,UpperEast,2021,596.6,590.0,-108.54,28.98,34.59,24.04,49.3
GHA,GHA_GHA12.2_2,BawkuWest,UpperEast,2022,859.2,818.4,154.06,28.12,33.87,23.1,50.14
GHA,GHA_GHA12.2_2,BawkuWest,UpperEast,2023,824.4,758.5,119.26,28.68,34.42,23.7,51.77
GHA,GHA_GHA12.2_2,BawkuWest,UpperEast,2024,1035.7,1001.9,330.56,28.59,34.53,23.56,51.11
GHA,GHA_GHA12.2_2,BawkuWest,UpperEast,2025,880.0,851.2,174.86,28.5,34.48,23.56,54.47
GHA,GHA_GHA12.3_2,Binduri,UpperEast,2000,563.2,561.1,-73.04,28.27,34.09,22.91,49.52
GHA,GHA_GHA12.3_2,Binduri,UpperEast,2001,629.0,612.7,-7.24,28.34,34.31,22.77,48.05
GHA,GHA_GHA12.3_2,Binduri,UpperEast,2002,687.1,675.4,50.86,28.56,34.26,23.3,50.22
GHA,GHA_GHA12.3_2,Binduri,UpperEast,2003,601.0,554.7,-35.24,28.65,34.43,23.36,50.94
GHA,GHA_GHA12.3_2,Binduri,UpperEast,2004,422.7,389.3,-213.54,28.85,34.62,23.49,50.11
GHA,GHA_GHA12.3_2,Binduri,UpperEast,2005,508.4,477.9,-127.84,28.86,34.57,23.7,50.77
GHA,GHA_GHA12.3_2,Binduri,UpperEast,2006,575.9,563.1,-60.34,28.59,34.33,23.25,49.69
GHA,GHA_GHA12.3_2,Binduri,UpperEast,2007,537.7,507.7,-98.54,28.5,34.33,23.2,49.57
GHA,GHA_GHA12.3_2,Binduri,UpperEast,2008,519.4,515.6,-116.84,28.02,33.89,22.64,48.83
GHA,GHA_GHA12.3_2,Binduri,UpperEast,2009,618.9,610.4,-17.34,28.85,34.52,23.63,51.53
GHA,GHA_GHA12.3_2,Binduri,UpperEast,2010,659.0,628.5,22.76,28.62,34.25,23.42,53.39
GHA,GHA_GHA12.3_2,Binduri,UpperEast,2011,477.6,464.3,-158.64,28.86,34.67,23.52,49.76
GHA,GHA_GHA12.3_2,Binduri,UpperEast,2012,783.6,718.3,147.36,28.2,33.74,23.15,53.48
GHA,GHA_GHA12.3_2,Binduri,UpperEast,2013,480.7,427.1,-155.54,28.66,34.24,23.61,53.05
GHA,GHA_GHA12.3_2,Binduri,UpperEast,2014,590.4,560.9,-45.84,28.82,34.41,23.68,52.04
GHA,GHA_GHA12.3_2,Binduri,UpperEast,2015,715.4,706.2,79.16,28.7,34.48,23.41,48.99
GHA,GHA_GHA12.3_2,Binduri,UpperEast,2016,608.3,571.3,-27.94,28.87,34.56,23.69,51.1
GHA,GHA_GHA12.3_2,Binduri,UpperEast,2017,393.4,385.6,-242.84,28.44,34.24,23.33,50.0
GHA,GHA_GHA12.3_2,Binduri,UpperEast,2018,650.5,623.2,14.26,28.24,33.68,23.5,54.53
GHA,GHA_GHA12.3_2,Binduri,UpperEast,2019,762.7,745.2,126.46,28.55,34.01,23.72,53.98
GHA,GHA_GHA12.3_2,Binduri,UpperEast,2020,807.5,784.9,171.26,28.59,34.18,23.61,51.15
GHA,GHA_GHA12.3_2,Binduri,UpperEast,2021,561.0,554.9,-75.24,29.07,34.74,24.01,48.62
GHA,GHA_GHA12.3_2,Binduri,UpperEast,2022,825.9,791.3,189.66,28.13,33.88,23.08,49.99
GHA,GHA_GHA12.3_2,Binduri,UpperEast,2023,757.4,712.7,121.16,28.79,34.61,23.73,51.03
GHA,GHA_GHA12.3_2,Binduri,UpperEast,2024,929.4,898.7,293.16,28.72,34.73,23.65,50.38
GHA,GHA_GHA12.3_2,Binduri,UpperEast,2025,876.1,848.3,239.86,28.59,34.68,23.63,54.19
GHA,GHA_GHA12.4_2,BolgaEast,UpperEast,2000,650.2,642.2,-26.15,28.12,33.99,22.85,52.04
GHA,GHA_GHA12.4_2,BolgaEast,UpperEast,2001,690.9,678.5,14.55,28.26,34.22,22.83,50.28
GHA,GHA_GHA12.4_2,BolgaEast,UpperEast,2002,689.4,661.8,13.05,28.44,34.17,23.29,52.42
GHA,GHA_GHA12.4_2,BolgaEast,UpperEast,2003,671.5,635.8,-4.85,28.58,34.33,23.41,53.03
GHA,GHA_GHA12.4_2,BolgaEast,UpperEast,2004,472.6,411.7,-203.75,28.76,34.6,23.49,52.31
GHA,GHA_GHA12.4_2,BolgaEast,UpperEast,2005,541.3,500.5,-135.05,28.79,34.54,23.67,52.7
GHA,GHA_GHA12.4_2,BolgaEast,UpperEast,2006,639.3,603.5,-37.05,28.62,34.42,23.39,51.21
GHA,GHA_GHA12.4_2,BolgaEast,UpperEast,2007,709.4,663.1,33.05,28.26,34.0,23.13,52.46
GHA,GHA_GHA12.4_2,BolgaEast,UpperEast,2008,620.9,609.1,-55.45,27.99,33.92,22.64,50.87
GHA,GHA_GHA12.4_2,BolgaEast,UpperEast,2009,650.2,631.8,-26.15,28.82,34.57,23.7,53.41
GHA,GHA_GHA12.4_2,BolgaEast,UpperEast,2010,742.0,695.2,65.65,28.54,34.22,23.45,55.51
GHA,GHA_GHA12.4_2,BolgaEast,UpperEast,2011,583.5,550.5,-92.85,28.73,34.53,23.47,52.16
GHA,GHA_GHA12.4_2,BolgaEast,UpperEast,2012,759.5,684.4,83.15,28.16,33.76,23.19,54.96
GHA,GHA_GHA12.4_2,BolgaEast,UpperEast,2013,525.4,474.4,-150.95,28.63,34.26,23.65,54.44
GHA,GHA_GHA12.4_2,BolgaEast,UpperEast,2014,648.3,598.4,-28.05,28.73,34.35,23.68,54.02
GHA,GHA_GHA12.4_2,BolgaEast,UpperEast,2015,675.5,659.8,-0.85,28.77,34.58,23.52,50.25
GHA,GHA_GHA12.4_2,BolgaEast,UpperEast,2016,672.1,618.4,-4.25,28.85,34.6,23.73,52.68
GHA,GHA_GHA12.4_2,BolgaEast,UpperEast,2017,451.3,431.8,-225.05,28.48,33.98,23.71,50.68
GHA,GHA_GHA12.4_2,BolgaEast,UpperEast,2018,625.6,595.4,-50.75,28.21,33.48,23.72,55.41
GHA,GHA_GHA12.4_2,BolgaEast,UpperEast,2019,768.9,756.7,92.55,28.51,33.79,23.98,54.98
GHA,GHA_GHA12.4_2,BolgaEast,UpperEast,2020,787.7,755.4,111.35,28.43,33.76,23.83,52.76
GHA,GHA_GHA12.4_2,BolgaEast,UpperEast,2021,618.4,610.1,-57.95,28.9,34.32,24.17,50.65
GHA,GHA_GHA12.4_2,BolgaEast,UpperEast,2022,848.9,770.7,172.55,27.96,33.48,23.23,51.73
GHA,GHA_GHA12.4_2,BolgaEast,UpperEast,2023,783.2,725.7,106.85,28.53,34.17,23.76,53.2
GHA,GHA_GHA12.4_2,BolgaEast,UpperEast,2024,921.7,899.2,245.35,28.5,34.21,23.83,52.0
GHA,GHA_GHA12.4_2,BolgaEast,UpperEast,2025,837.4,789.2,161.05,28.48,34.31,23.77,54.9
GHA,GHA_GHA12.5_2,Bolgatanga,UpperEast,2000,699.0,691.8,8.97,28.27,34.14,23.01,52.14
GHA,GHA_GHA12.5_2,Bolgatanga,UpperEast,2001,684.6,673.9,-5.43,28.43,34.4,23.01,50.29
GHA,GHA_GHA12.5_2,Bolgatanga,UpperEast,2002,647.2,619.1,-42.83,28.63,34.36,23.46,52.33
GHA,GHA_GHA12.5_2,Bolgatanga,UpperEast,2003,657.2,629.5,-32.83,28.76,34.51,23.6,52.95
GHA,GHA_GHA12.5_2,Bolgatanga,UpperEast,2004,492.4,418.8,-197.63,28.92,34.77,23.63,52.35
GHA,GHA_GHA12.5_2,Bolgatanga,UpperEast,2005,594.5,554.4,-95.53,28.94,34.71,23.82,52.79
GHA,GHA_GHA12.5_2,Bolgatanga,UpperEast,2006,645.3,607.4,-44.73,28.8,34.62,23.57,51.09
GHA,GHA_GHA12.5_2,Bolgatanga,UpperEast,2007,718.1,671.9,28.07,28.44,34.18,23.3,52.38
GHA,GHA_GHA12.5_2,Bolgatanga,UpperEast,2008,614.2,603.8,-75.83,28.17,34.11,22.82,50.79
GHA,GHA_GHA12.5_2,Bolgatanga,UpperEast,2009,652.7,636.6,-37.33,29.0,34.76,23.87,53.32
GHA,GHA_GHA12.5_2,Bolgatanga,UpperEast,2010,746.4,708.1,56.37,28.72,34.42,23.63,55.45
GHA,GHA_GHA12.5_2,Bolgatanga,UpperEast,2011,570.9,530.5,-119.13,28.88,34.69,23.63,52.23
GHA,GHA_GHA12.5_2,Bolgatanga,UpperEast,2012,744.7,663.5,54.67,28.34,33.95,23.37,54.85
GHA,GHA_GHA12.5_2,Bolgatanga,UpperEast,2013,545.9,495.4,-144.13,28.81,34.44,23.82,54.39
GHA,GHA_GHA12.5_2,Bolgatanga,UpperEast,2014,646.4,595.8,-43.63,28.92,34.55,23.87,53.94
GHA,GHA_GHA12.5_2,Bolgatanga,UpperEast,2015,705.4,690.2,15.37,28.95,34.77,23.7,50.15
GHA,GHA_GHA12.5_2,Bolgatanga,UpperEast,2016,676.5,623.3,-13.53,29.05,34.81,23.92,52.51
GHA,GHA_GHA12.5_2,Bolgatanga,UpperEast,2017,456.5,440.0,-233.53,28.67,34.34,23.74,50.61
GHA,GHA_GHA12.5_2,Bolgatanga,UpperEast,2018,659.5,636.2,-30.53,28.43,33.82,23.8,55.17
GHA,GHA_GHA12.5_2,Bolgatanga,UpperEast,2019,803.2,788.9,113.17,28.74,34.17,24.05,54.61
GHA,GHA_GHA12.5_2,Bolgatanga,UpperEast,2020,858.1,821.8,168.07,28.72,34.23,23.93,52.16
GHA,GHA_GHA12.5_2,Bolgatanga,UpperEast,2021,595.9,589.1,-94.13,29.05,34.57,24.15,50.82
GHA,GHA_GHA12.5_2,Bolgatanga,UpperEast,2022,911.8,846.9,221.77,28.2,33.85,23.28,51.44
GHA,GHA_GHA12.5_2,Bolgatanga,UpperEast,2023,858.4,802.0,168.37,28.87,34.68,23.89,52.18
GHA,GHA_GHA12.5_2,Bolgatanga,UpperEast,2024,923.1,902.8,233.07,28.8,34.71,23.93,51.51
GHA,GHA_GHA12.5_2,Bolgatanga,UpperEast,2025,832.8,793.1,142.77,28.56,34.6,23.71,55.88
GHA,GHA_GHA12.6_2,Bongo,UpperEast,2000,710.4,706.7,3.35,28.07,33.94,22.8,51.74
GHA,GHA_GHA12.6_2,Bongo,UpperEast,2001,716.0,703.0,8.95,28.21,34.17,22.76,49.98
GHA,GHA_GHA12.6_2,Bongo,UpperEast,2002,713.1,683.1,6.05,28.39,34.11,23.22,52.13
GHA,GHA_GHA12.6_2,Bongo,UpperEast,2003,723.3,686.3,16.25,28.55,34.31,23.37,52.66
GHA,GHA_GHA12.6_2,Bongo,UpperEast,2004,485.6,437.4,-221.45,28.72,34.56,23.43,51.93
GHA,GHA_GHA12.6_2,Bongo,UpperEast,2005,577.5,548.1,-129.55,28.75,34.51,23.63,52.39
GHA,GHA_GHA12.6_2,Bongo,UpperEast,2006,682.4,657.9,-24.65,28.57,34.39,23.32,50.82
GHA,GHA_GHA12.6_2,Bongo,UpperEast,2007,716.3,679.3,9.25,28.22,33.96,23.08,52.12
GHA,GHA_GHA12.6_2,Bongo,UpperEast,2008,618.3,611.5,-88.75,27.99,33.94,22.62,50.22
GHA,GHA_GHA12.6_2,Bongo,UpperEast,2009,741.4,725.2,34.35,28.8,34.57,23.64,52.93
GHA,GHA_GHA12.6_2,Bongo,UpperEast,2010,781.7,746.6,74.65,28.51,34.21,23.39,55.12
GHA,GHA_GHA12.6_2,Bongo,UpperEast,2011,629.6,595.1,-77.45,28.69,34.51,23.4,51.78
GHA,GHA_GHA12.6_2,Bongo,UpperEast,2012,820.6,749.3,113.55,28.11,33.71,23.14,54.78
GHA,GHA_GHA12.6_2,Bongo,UpperEast,2013,557.5,508.3,-149.55,28.58,34.2,23.6,54.26
GHA,GHA_GHA12.6_2,Bongo,UpperEast,2014,674.6,637.2,-32.45,28.69,34.31,23.63,53.73
GHA,GHA_GHA12.6_2,Bongo,UpperEast,2015,799.2,788.2,92.15,28.72,34.54,23.45,49.92
GHA,GHA_GHA12.6_2,Bongo,UpperEast,2016,710.1,660.1,3.05,28.8,34.53,23.68,52.51
GHA,GHA_GHA12.6_2,Bongo,UpperEast,2017,431.8,413.9,-275.25,28.36,34.0,23.48,50.31
GHA,GHA_GHA12.6_2,Bongo,UpperEast,2018,641.7,618.0,-65.35,28.11,33.45,23.56,55.19
GHA,GHA_GHA12.6_2,Bongo,UpperEast,2019,744.2,737.0,37.15,28.4,33.77,23.81,54.59
GHA,GHA_GHA12.6_2,Bongo,UpperEast,2020,829.0,794.5,121.95,28.4,33.85,23.69,52.09
GHA,GHA_GHA12.6_2,Bongo,UpperEast,2021,629.9,620.6,-77.15,28.7,34.23,23.94,50.8
GHA,GHA_GHA12.6_2,Bongo,UpperEast,2022,916.9,861.2,209.85,27.87,33.46,23.07,51.27
GHA,GHA_GHA12.6_2,Bongo,UpperEast,2023,797.2,736.5,90.15,28.48,34.25,23.62,52.57
GHA,GHA_GHA12.6_2,Bongo,UpperEast,2024,964.3,940.9,257.25,28.41,34.2,23.65,51.85
GHA,GHA_GHA12.6_2,Bongo,UpperEast,2025,770.8,739.0,63.75,28.37,34.18,23.64,55.11
GHA,GHA_GHA12.7_2,BuilsaNorth,UpperEast,2000,747.0,742.6,21.73,28.26,34.08,22.97,52.56
GHA,GHA_GHA12.7_2,BuilsaNorth,UpperEast,2001,679.0,667.0,-46.27,28.54,34.54,23.05,50.18
GHA,GHA_GHA12.7_2,BuilsaNorth,UpperEast,2002,652.6,617.3,-72.67,28.77,34.57,23.51,52.12
GHA,GHA_GHA12.7_2,BuilsaNorth,UpperEast,2003,686.9,657.3,-38.37,28.77,34.52,23.56,53.29
GHA,GHA_GHA12.7_2,BuilsaNorth,UpperEast,2004,509.8,434.8,-215.47,28.94,34.83,23.59,52.52
GHA,GHA_GHA12.7_2,BuilsaNorth,UpperEast,2005,672.8,630.8,-52.47,28.9,34.67,23.76,53.44
GHA,GHA_GHA12.7_2,BuilsaNorth,UpperEast,2006,660.7,622.3,-64.57,28.89,34.74,23.57,50.98
GHA,GHA_GHA12.7_2,BuilsaNorth,UpperEast,2007,689.7,643.1,-35.57,28.61,34.41,23.37,51.73
GHA,GHA_GHA12.7_2,BuilsaNorth,UpperEast,2008,618.3,608.5,-106.97,28.25,34.21,22.84,50.73
GHA,GHA_GHA12.7_2,BuilsaNorth,UpperEast,2009,647.1,632.5,-78.17,29.1,34.89,23.9,53.13
GHA,GHA_GHA12.7_2,BuilsaNorth,UpperEast,2010,751.0,711.0,25.73,28.83,34.53,23.65,55.26
GHA,GHA_GHA12.7_2,BuilsaNorth,UpperEast,2011,570.1,530.7,-155.17,28.92,34.69,23.63,52.52
GHA,GHA_GHA12.7_2,BuilsaNorth,UpperEast,2012,754.9,667.9,29.63,28.54,34.21,23.44,54.1
GHA,GHA_GHA12.7_2,BuilsaNorth,UpperEast,2013,584.1,528.6,-141.17,28.92,34.57,23.86,54.17
GHA,GHA_GHA12.7_2,BuilsaNorth,UpperEast,2014,657.7,610.3,-67.57,28.99,34.66,23.85,53.88
GHA,GHA_GHA12.7_2,BuilsaNorth,UpperEast,2015,747.1,730.8,21.83,29.05,34.89,23.72,50.08
GHA,GHA_GHA12.7_2,BuilsaNorth,UpperEast,2016,683.1,623.7,-42.17,29.25,35.04,24.0,51.85
GHA,GHA_GHA12.7_2,BuilsaNorth,UpperEast,2017,464.6,441.7,-260.67,28.61,34.31,23.62,50.72
GHA,GHA_GHA12.7_2,BuilsaNorth,UpperEast,2018,718.4,685.4,-6.87,28.32,33.69,23.69,55.54
GHA,GHA_GHA12.7_2,BuilsaNorth,UpperEast,2019,943.1,911.8,217.83,28.65,34.12,23.92,54.74
GHA,GHA_GHA12.7_2,BuilsaNorth,UpperEast,2020,912.8,879.7,187.53,28.62,34.16,23.79,52.52
GHA,GHA_GHA12.7_2,BuilsaNorth,UpperEast,2021,608.6,601.8,-116.67,28.83,34.34,23.92,51.88
GHA,GHA_GHA12.7_2,BuilsaNorth,UpperEast,2022,966.1,915.0,240.83,27.92,33.57,22.99,52.84
GHA,GHA_GHA12.7_2,BuilsaNorth,UpperEast,2023,951.2,890.9,225.93,28.77,34.57,23.75,52.35
GHA,GHA_GHA12.7_2,BuilsaNorth,UpperEast,2024,1030.1,996.5,304.83,28.71,34.69,23.77,51.81
GHA,GHA_GHA12.7_2,BuilsaNorth,UpperEast,2025,950.2,902.0,224.93,28.58,34.54,23.75,55.54
GHA,GHA_GHA12.8_2,BuilsaSouth,UpperEast,2000,789.0,779.5,33.46,28.14,33.95,22.8,53.1
GHA,GHA_GHA12.8_2,BuilsaSouth,UpperEast,2001,716.5,703.5,-39.04,28.52,34.54,22.95,50.23
GHA,GHA_GHA12.8_2,BuilsaSouth,UpperEast,2002,709.9,658.6,-45.64,28.77,34.58,23.45,52.23
GHA,GHA_GHA12.8_2,BuilsaSouth,UpperEast,2003,816.8,767.7,61.26,28.63,34.35,23.37,54.08
GHA,GHA_GHA12.8_2,BuilsaSouth,UpperEast,2004,567.1,490.0,-188.44,28.82,34.67,23.4,53.19
GHA,GHA_GHA12.8_2,BuilsaSouth,UpperEast,2005,737.0,673.8,-18.54,28.76,34.47,23.56,54.24
GHA,GHA_GHA12.8_2,BuilsaSouth,UpperEast,2006,703.9,660.5,-51.64,28.76,34.58,23.42,51.88
GHA,GHA_GHA12.8_2,BuilsaSouth,UpperEast,2007,763.3,701.1,7.76,28.52,34.32,23.2,52.12
GHA,GHA_GHA12.8_2,BuilsaSouth,UpperEast,2008,688.2,669.5,-67.34,28.16,34.1,22.67,51.47
GHA,GHA_GHA12.8_2,BuilsaSouth,UpperEast,2009,673.4,653.5,-82.14,29.05,34.85,23.78,53.5
GHA,GHA_GHA12.8_2,BuilsaSouth,UpperEast,2010,779.3,735.0,23.76,28.72,34.39,23.5,55.82
GHA,GHA_GHA12.8_2,BuilsaSouth,UpperEast,2011,619.0,577.2,-136.54,28.83,34.55,23.51,53.13
GHA,GHA_GHA12.8_2,BuilsaSouth,UpperEast,2012,775.6,686.2,20.06,28.58,34.31,23.38,53.9
GHA,GHA_GHA12.8_2,BuilsaSouth,UpperEast,2013,611.0,558.1,-144.54,28.89,34.53,23.79,54.29
GHA,GHA_GHA12.8_2,BuilsaSouth,UpperEast,2014,671.4,617.2,-84.14,28.96,34.65,23.76,54.02
GHA,GHA_GHA12.8_2,BuilsaSouth,UpperEast,2015,711.3,686.8,-44.24,28.99,34.83,23.62,50.46
GHA,GHA_GHA12.8_2,BuilsaSouth,UpperEast,2016,719.3,652.0,-36.24,29.22,35.02,23.87,51.93
GHA,GHA_GHA12.8_2,BuilsaSouth,UpperEast,2017,498.8,477.6,-256.74,28.84,34.53,23.78,50.76
GHA,GHA_GHA12.8_2,BuilsaSouth,UpperEast,2018,720.8,671.8,-34.74,28.37,33.75,23.7,56.12
GHA,GHA_GHA12.8_2,BuilsaSouth,UpperEast,2019,1033.1,1000.0,277.56,28.67,34.11,23.92,55.63
GHA,GHA_GHA12.8_2,BuilsaSouth,UpperEast,2020,980.0,923.6,224.46,28.67,34.22,23.81,53.29
GHA,GHA_GHA12.8_2,BuilsaSouth,UpperEast,2021,609.9,602.8,-145.64,28.98,34.52,24.06,52.1
GHA,GHA_GHA12.8_2,BuilsaSouth,UpperEast,2022,975.9,927.9,220.36,28.02,33.65,23.04,53.4
GHA,GHA_GHA12.8_2,BuilsaSouth,UpperEast,2023,919.6,864.8,164.06,28.84,34.7,23.78,52.9
GHA,GHA_GHA12.8_2,BuilsaSouth,UpperEast,2024,939.0,902.3,183.46,28.98,34.89,23.92,51.44
GHA,GHA_GHA12.8_2,BuilsaSouth,UpperEast,2025,915.0,888.5,159.46,28.75,34.31,23.99,56.84
GHA,GHA_GHA12.9_2,Garu,UpperEast,2000,628.0,622.2,-64.61,28.03,33.82,22.7,51.3
GHA,GHA_GHA12.9_2,Garu,UpperEast,2001,684.3,660.3,-8.31,28.13,34.05,22.55,49.65
GHA,GHA_GHA12.9_2,Garu,UpperEast,2002,778.9,753.8,86.29,28.38,34.07,23.13,51.77
GHA,GHA_GHA12.9_2,Garu,UpperEast,2003,721.8,648.7,29.19,28.34,34.03,23.14,53.23
GHA,GHA_GHA12.9_2,Garu,UpperEast,2004,493.2,451.4,-199.41,28.54,34.26,23.2,52.42
GHA,GHA_GHA12.9_2,Garu,UpperEast,2005,603.2,555.6,-89.41,28.61,34.29,23.45,52.65
GHA,GHA_GHA12.9_2,Garu,UpperEast,2006,670.2,647.3,-22.41,28.47,34.18,23.11,51.11
GHA,GHA_GHA12.9_2,Garu,UpperEast,2007,682.4,636.5,-10.21,28.24,34.06,22.96,51.45
GHA,GHA_GHA12.9_2,Garu,UpperEast,2008,610.6,595.6,-82.01,27.86,33.71,22.48,50.38
GHA,GHA_GHA12.9_2,Garu,UpperEast,2009,660.1,640.1,-32.51,28.64,34.36,23.43,53.36
GHA,GHA_GHA12.9_2,Garu,UpperEast,2010,757.6,714.2,64.99,28.36,33.93,23.16,55.42
GHA,GHA_GHA12.9_2,Garu,UpperEast,2011,570.4,551.0,-122.21,28.57,34.31,23.29,52.05
GHA,GHA_GHA12.9_2,Garu,UpperEast,2012,826.2,742.9,133.59,27.99,33.53,22.96,54.96
GHA,GHA_GHA12.9_2,Garu,UpperEast,2013,585.1,507.5,-107.51,28.36,33.91,23.36,55.1
GHA,GHA_GHA12.9_2,Garu,UpperEast,2014,686.2,642.4,-6.41,28.49,34.05,23.41,54.42
GHA,GHA_GHA12.9_2,Garu,UpperEast,2015,754.4,735.2,61.79,28.47,34.19,23.18,50.79
GHA,GHA_GHA12.9_2,Garu,UpperEast,2016,686.7,620.9,-5.91,28.63,34.31,23.42,52.73
GHA,GHA_GHA12.9_2,Garu,UpperEast,2017,413.3,403.9,-279.31,28.38,34.24,23.23,50.69
GHA,GHA_GHA12.9_2,Garu,UpperEast,2018,604.3,584.7,-88.31,28.12,33.65,23.37,55.38
GHA,GHA_GHA12.9_2,Garu,UpperEast,2019,745.0,722.4,52.39,28.48,33.98,23.65,54.78
GHA,GHA_GHA12.9_2,Garu,UpperEast,2020,783.4,753.3,90.79,28.47,34.07,23.52,52.15
GHA,GHA_GHA12.9_2,Garu,UpperEast,2021,658.9,649.2,-33.71,29.03,34.79,23.94,49.31
GHA,GHA_GHA12.9_2,Garu,UpperEast,2022,843.6,804.0,150.99,28.0,33.69,23.0,51.16
GHA,GHA_GHA12.9_2,Garu,UpperEast,2023,838.9,773.6,146.29,28.6,34.49,23.53,52.7
GHA,GHA_GHA12.9_2,Garu,UpperEast,2024,873.7,829.8,181.09,28.6,34.66,23.52,51.28
GHA,GHA_GHA12.9_2,Garu,UpperEast,2025,847.4,822.2,154.79,28.49,34.49,23.62,55.12
GHA,GHA_GHA12.10_2,KasenaNankanaEast,UpperEast,2000,699.0,691.8,2.91,28.25,34.12,22.97,52.12
GHA,GHA_GHA12.10_2,KasenaNankanaEast,UpperEast,2001,684.6,673.9,-11.49,28.43,34.42,22.98,50.21
GHA,GHA_GHA12.10_2,KasenaNankanaEast,UpperEast,2002,647.2,619.1,-48.89,28.63,34.4,23.43,52.21
GHA,GHA_GHA12.10_2,KasenaNankanaEast,UpperEast,2003,657.2,629.5,-38.89,28.76,34.53,23.57,52.81
GHA,GHA_GHA12.10_2,KasenaNankanaEast,UpperEast,2004,492.4,418.8,-203.69,28.91,34.78,23.58,52.27
GHA,GHA_GHA12.10_2,KasenaNankanaEast,UpperEast,2005,594.5,554.4,-101.59,28.91,34.69,23.78,52.85
GHA,GHA_GHA12.10_2,KasenaNankanaEast,UpperEast,2006,645.3,607.4,-50.79,28.82,34.65,23.55,50.86
GHA,GHA_GHA12.10_2,KasenaNankanaEast,UpperEast,2007,718.1,671.9,22.01,28.47,34.25,23.29,52.01
GHA,GHA_GHA12.10_2,KasenaNankanaEast,UpperEast,2008,614.2,603.8,-81.89,28.18,34.14,22.81,50.55
GHA,GHA_GHA12.10_2,KasenaNankanaEast,UpperEast,2009,652.7,636.6,-43.39,29.01,34.79,23.84,53.1
GHA,GHA_GHA12.10_2,KasenaNankanaEast,UpperEast,2010,746.4,708.1,50.31,28.75,34.46,23.61,55.19
GHA,GHA_GHA12.10_2,KasenaNankanaEast,UpperEast,2011,570.9,530.5,-125.19,28.88,34.69,23.6,52.14
GHA,GHA_GHA12.10_2,KasenaNankanaEast,UpperEast,2012,744.7,663.5,48.61,28.36,34.0,23.35,54.54
GHA,GHA_GHA12.10_2,KasenaNankanaEast,UpperEast,2013,545.9,495.4,-150.19,28.81,34.47,23.8,54.23
GHA,GHA_GHA12.10_2,KasenaNankanaEast,UpperEast,2014,646.4,595.8,-49.69,28.92,34.57,23.84,53.81
GHA,GHA_GHA12.10_2,KasenaNankanaEast,UpperEast,2015,705.4,690.2,9.31,28.96,34.79,23.67,50.02
GHA,GHA_GHA12.10_2,KasenaNankanaEast,UpperEast,2016,676.5,623.3,-19.59,29.1,34.88,23.91,52.16
GHA,GHA_GHA12.10_2,KasenaNankanaEast,UpperEast,2017,465.4,449.1,-230.69,28.72,34.49,23.68,50.58
GHA,GHA_GHA12.10_2,KasenaNankanaEast,UpperEast,2018,684.4,654.1,-11.69,28.5,33.97,23.76,54.97
GHA,GHA_GHA12.10_2,KasenaNankanaEast,UpperEast,2019,846.4,835.3,150.31,28.79,34.29,24.0,54.54
GHA,GHA_GHA12.10_2,KasenaNankanaEast,UpperEast,2020,865.5,832.1,169.41,28.77,34.36,23.86,52.09
GHA,GHA_GHA12.10_2,KasenaNankanaEast,UpperEast,2021,601.3,598.7,-94.79,29.01,34.63,24.01,51.24
GHA,GHA_GHA12.10_2,KasenaNankanaEast,UpperEast,2022,902.9,845.5,206.81,28.21,33.94,23.18,51.53
GHA,GHA_GHA12.10_2,KasenaNankanaEast,UpperEast,2023,897.2,851.6,201.11,28.92,34.8,23.83,52.07
GHA,GHA_GHA12.10_2,KasenaNankanaEast,UpperEast,2024,942.5,922.6,246.41,28.85,34.82,23.86,51.47
GHA,GHA_GHA12.10_2,KasenaNankanaEast,UpperEast,2025,851.4,821.9,155.31,28.64,34.69,23.77,55.78
GHA,GHA_GHA12.11_2,KasenaNankanaWest,UpperEast,2000,803.8,794.8,58.73,27.93,33.73,22.69,52.28
GHA,GHA_GHA12.11_2,KasenaNankanaWest,UpperEast,2001,717.5,703.4,-27.57,28.2,34.17,22.78,49.87
GHA,GHA_GHA12.11_2,KasenaNankanaWest,UpperEast,2002,657.4,616.2,-87.67,28.45,34.26,23.21,51.59
GHA,GHA_GHA12.11_2,KasenaNankanaWest,UpperEast,2003,703.4,678.1,-41.67,28.48,34.22,23.32,52.78
GHA,GHA_GHA12.11_2,KasenaNankanaWest,UpperEast,2004,521.1,453.0,-223.97,28.68,34.55,23.34,51.82
GHA,GHA_GHA12.11_2,KasenaNankanaWest,UpperEast,2005,637.5,591.8,-107.57,28.66,34.46,23.53,52.73
GHA,GHA_GHA12.11_2,KasenaNankanaWest,UpperEast,2006,704.1,669.6,-40.97,28.58,34.43,23.3,50.38
GHA,GHA_GHA12.11_2,KasenaNankanaWest,UpperEast,2007,690.1,642.4,-54.97,28.33,34.15,23.12,51.05
GHA,GHA_GHA12.11_2,KasenaNankanaWest,UpperEast,2008,643.2,639.3,-101.87,28.03,34.0,22.63,49.68
GHA,GHA_GHA12.11_2,KasenaNankanaWest,UpperEast,2009,689.0,670.8,-56.07,28.85,34.66,23.64,52.27
GHA,GHA_GHA12.11_2,KasenaNankanaWest,UpperEast,2010,881.4,843.2,136.33,28.55,34.26,23.4,54.69
GHA,GHA_GHA12.11_2,KasenaNankanaWest,UpperEast,2011,599.7,555.6,-145.37,28.57,34.35,23.32,52.07
GHA,GHA_GHA12.11_2,KasenaNankanaWest,UpperEast,2012,786.7,709.8,41.63,28.18,33.84,23.12,53.92
GHA,GHA_GHA12.11_2,KasenaNankanaWest,UpperEast,2013,613.4,563.3,-131.67,28.56,34.22,23.56,54.07
GHA,GHA_GHA12.11_2,KasenaNankanaWest,UpperEast,2014,713.5,675.0,-31.57,28.61,34.25,23.56,53.83
GHA,GHA_GHA12.11_2,KasenaNankanaWest,UpperEast,2015,884.0,873.3,138.93,28.7,34.55,23.43,49.73
GHA,GHA_GHA12.11_2,KasenaNankanaWest,UpperEast,2016,726.3,674.2,-18.77,28.9,34.67,23.72,51.7
GHA,GHA_GHA12.11_2,KasenaNankanaWest,UpperEast,2017,402.5,388.7,-342.57,28.47,33.95,23.59,49.55
GHA,GHA_GHA12.11_2,KasenaNankanaWest,UpperEast,2018,774.6,742.3,29.53,28.22,33.47,23.63,54.43
GHA,GHA_GHA12.11_2,KasenaNankanaWest,UpperEast,2019,833.2,816.2,88.13,28.57,33.91,23.9,53.3
GHA,GHA_GHA12.11_2,KasenaNankanaWest,UpperEast,2020,885.8,857.3,140.73,28.62,34.01,23.81,50.9
GHA,GHA_GHA12.11_2,KasenaNankanaWest,UpperEast,2021,648.4,641.5,-96.67,28.76,34.1,23.96,50.35
GHA,GHA_GHA12.11_2,KasenaNankanaWest,UpperEast,2022,981.9,942.9,236.83,28.02,33.53,23.18,50.37
GHA,GHA_GHA12.11_2,KasenaNankanaWest,UpperEast,2023,879.8,806.0,134.73,28.7,34.35,23.76,51.06
GHA,GHA_GHA12.11_2,KasenaNankanaWest,UpperEast,2024,1046.2,1007.9,301.13,28.64,34.35,23.8,50.76
GHA,GHA_GHA12.11_2,KasenaNankanaWest,UpperEast,2025,947.4,914.2,202.33,28.64,34.23,23.96,54.09
GHA,GHA_GHA12.12_2,Nabdam,UpperEast,2000,650.2,642.2,-31.25,28.01,33.89,22.69,51.75
GHA,GHA_GHA12.12_2,Nabdam,UpperEast,2001,690.9,678.5,9.45,28.12,34.09,22.64,50.17
GHA,GHA_GHA12.12_2,Nabdam,UpperEast,2002,689.4,661.8,7.95,28.31,34.03,23.13,52.36
GHA,GHA_GHA12.12_2,Nabdam,UpperEast,2003,671.5,635.8,-9.95,28.43,34.19,23.22,52.98
GHA,GHA_GHA12.12_2,Nabdam,UpperEast,2004,472.6,411.7,-208.85,28.63,34.46,23.32,52.13
GHA,GHA_GHA12.12_2,Nabdam,UpperEast,2005,541.3,500.5,-140.15,28.65,34.41,23.51,52.58
GHA,GHA_GHA12.12_2,Nabdam,UpperEast,2006,639.3,603.5,-42.15,28.47,34.26,23.2,51.18
GHA,GHA_GHA12.12_2,Nabdam,UpperEast,2007,709.4,663.1,27.95,28.15,33.89,22.97,52.23
GHA,GHA_GHA12.12_2,Nabdam,UpperEast,2008,620.9,609.1,-60.55,27.85,33.77,22.47,50.78
GHA,GHA_GHA12.12_2,Nabdam,UpperEast,2009,650.2,631.8,-31.25,28.68,34.43,23.53,53.36
GHA,GHA_GHA12.12_2,Nabdam,UpperEast,2010,742.0,695.2,60.55,28.4,34.08,23.28,55.34
GHA,GHA_GHA12.12_2,Nabdam,UpperEast,2011,583.5,550.5,-97.95,28.62,34.44,23.32,51.89
GHA,GHA_GHA12.12_2,Nabdam,UpperEast,2012,759.5,684.4,78.05,28.04,33.64,23.03,54.8
GHA,GHA_GHA12.12_2,Nabdam,UpperEast,2013,525.4,474.4,-156.05,28.49,34.12,23.49,54.36
GHA,GHA_GHA12.12_2,Nabdam,UpperEast,2014,648.3,598.4,-33.15,28.57,34.18,23.5,54.02
GHA,GHA_GHA12.12_2,Nabdam,UpperEast,2015,675.5,659.8,-5.95,28.61,34.42,23.33,50.29
GHA,GHA_GHA12.12_2,Nabdam,UpperEast,2016,672.1,618.4,-9.35,28.69,34.44,23.55,52.67
GHA,GHA_GHA12.12_2,Nabdam,UpperEast,2017,449.3,434.5,-232.15,28.39,33.9,23.53,50.2
GHA,GHA_GHA12.12_2,Nabdam,UpperEast,2018,654.5,622.4,-26.95,28.21,33.49,23.65,54.55
GHA,GHA_GHA12.12_2,Nabdam,UpperEast,2019,788.4,769.4,106.95,28.47,33.74,23.88,54.27
GHA,GHA_GHA12.12_2,Nabdam,UpperEast,2020,798.9,776.2,117.45,28.49,33.82,23.76,51.61
GHA,GHA_GHA12.12_2,Nabdam,UpperEast,2021,605.3,597.1,-76.15,28.9,34.36,24.1,49.67
GHA,GHA_GHA12.12_2,Nabdam,UpperEast,2022,864.8,815.7,183.35,28.0,33.57,23.16,50.6
GHA,GHA_GHA12.12_2,Nabdam,UpperEast,2023,781.5,717.3,100.05,28.64,34.29,23.77,51.78
GHA,GHA_GHA12.12_2,Nabdam,UpperEast,2024,1023.0,996.0,341.55,28.48,34.16,23.75,51.5
GHA,GHA_GHA12.12_2,Nabdam,UpperEast,2025,810.0,776.8,128.55,28.25,34.01,23.61,55.47
GHA,GHA_GHA12.13_2,Pusiga,UpperEast,2000,672.9,666.9,-30.84,28.06,33.72,22.96,50.08
GHA,GHA_GHA12.13_2,Pusiga,UpperEast,2001,721.2,686.5,17.46,28.17,34.0,22.94,48.37
GHA,GHA_GHA12.13_2,Pusiga,UpperEast,2002,754.0,737.2,50.26,28.36,33.95,23.35,50.6
GHA,GHA_GHA12.13_2,Pusiga,UpperEast,2003,765.5,704.2,61.76,28.47,34.09,23.48,51.46
GHA,GHA_GHA12.13_2,Pusiga,UpperEast,2004,490.2,439.3,-213.54,28.69,34.38,23.59,50.34
GHA,GHA_GHA12.13_2,Pusiga,UpperEast,2005,639.8,593.8,-63.94,28.69,34.3,23.75,51.15
GHA,GHA_GHA12.13_2,Pusiga,UpperEast,2006,680.8,668.9,-22.94,28.48,34.13,23.38,49.72
GHA,GHA_GHA12.13_2,Pusiga,UpperEast,2007,643.6,592.9,-60.14,28.38,34.14,23.32,49.7
GHA,GHA_GHA12.13_2,Pusiga,UpperEast,2008,614.6,605.3,-89.14,27.92,33.7,22.76,48.81
GHA,GHA_GHA12.13_2,Pusiga,UpperEast,2009,698.5,681.2,-5.24,28.67,34.22,23.7,51.92
GHA,GHA_GHA12.13_2,Pusiga,UpperEast,2010,810.6,771.5,106.86,28.45,33.93,23.58,53.83
GHA,GHA_GHA12.13_2,Pusiga,UpperEast,2011,573.5,552.1,-130.24,28.64,34.32,23.54,50.25
GHA,GHA_GHA12.13_2,Pusiga,UpperEast,2012,971.5,894.6,267.76,27.98,33.43,23.15,54.21
GHA,GHA_GHA12.13_2,Pusiga,UpperEast,2013,647.1,569.4,-56.64,28.36,33.8,23.57,54.28
GHA,GHA_GHA12.13_2,Pusiga,UpperEast,2014,700.6,658.5,-3.14,28.61,34.1,23.73,52.63
GHA,GHA_GHA12.13_2,Pusiga,UpperEast,2015,831.3,821.4,127.56,28.55,34.26,23.49,49.03
GHA,GHA_GHA12.13_2,Pusiga,UpperEast,2016,703.1,647.6,-0.64,28.74,34.33,23.78,51.45
GHA,GHA_GHA12.13_2,Pusiga,UpperEast,2017,438.9,428.4,-264.84,28.05,33.65,23.39,50.79
GHA,GHA_GHA12.13_2,Pusiga,UpperEast,2018,574.2,558.7,-129.54,27.94,33.23,23.62,54.94
GHA,GHA_GHA12.13_2,Pusiga,UpperEast,2019,805.9,790.9,102.16,28.2,33.53,23.77,54.59
GHA,GHA_GHA12.13_2,Pusiga,UpperEast,2020,806.8,789.1,103.06,28.27,33.61,23.87,51.52
GHA,GHA_GHA12.13_2,Pusiga,UpperEast,2021,564.9,560.4,-138.84,28.73,34.17,24.19,49.14
GHA,GHA_GHA12.13_2,Pusiga,UpperEast,2022,794.0,769.0,90.26,27.78,33.26,23.24,50.57
GHA,GHA_GHA12.13_2,Pusiga,UpperEast,2023,705.7,648.0,1.96,28.45,34.17,23.77,51.45
GHA,GHA_GHA12.13_2,Pusiga,UpperEast,2024,802.3,791.2,98.56,28.67,34.52,24.02,49.4
GHA,GHA_GHA12.13_2,Pusiga,UpperEast,2025,885.7,846.1,181.96,28.77,34.65,24.0,51.78
GHA,GHA_GHA12.14_2,Talensi,UpperEast,2000,650.2,642.2,-29.42,28.47,34.28,23.22,53.13
GHA,GHA_GHA12.14_2,Talensi,UpperEast,2001,690.9,678.5,11.28,28.65,34.57,23.21,51.1
GHA,GHA_GHA12.14_2,Talensi,UpperEast,2002,689.4,661.8,9.78,28.83,34.51,23.7,53.38
GHA,GHA_GHA12.14_2,Talensi,UpperEast,2003,671.5,635.8,-8.12,28.88,34.57,23.75,54.34
GHA,GHA_GHA12.14_2,Talensi,UpperEast,2004,472.6,411.7,-207.02,29.13,34.94,23.89,53.19
GHA,GHA_GHA12.14_2,Talensi,UpperEast,2005,541.3,500.5,-138.32,29.15,34.86,24.04,53.68
GHA,GHA_GHA12.14_2,Talensi,UpperEast,2006,639.3,603.5,-40.32,29.02,34.76,23.84,52.14
GHA,GHA_GHA12.14_2,Talensi,UpperEast,2007,709.4,663.1,29.78,28.66,34.38,23.54,53.21
GHA,GHA_GHA12.14_2,Talensi,UpperEast,2008,620.9,609.1,-58.72,28.38,34.27,23.04,51.76
GHA,GHA_GHA12.14_2,Talensi,UpperEast,2009,650.2,631.8,-29.42,29.16,34.87,24.09,54.56
GHA,GHA_GHA12.14_2,Talensi,UpperEast,2010,742.0,695.2,62.38,28.9,34.52,23.83,56.45
GHA,GHA_GHA12.14_2,Talensi,UpperEast,2011,583.5,550.5,-96.12,29.04,34.78,23.83,53.45
GHA,GHA_GHA12.14_2,Talensi,UpperEast,2012,759.5,684.4,79.88,28.56,34.15,23.59,55.7
GHA,GHA_GHA12.14_2,Talensi,UpperEast,2013,525.4,474.4,-154.22,28.99,34.59,24.03,55.38
GHA,GHA_GHA12.14_2,Talensi,UpperEast,2014,648.3,598.4,-31.32,29.08,34.67,24.05,55.03
GHA,GHA_GHA12.14_2,Talensi,UpperEast,2015,675.5,659.8,-4.12,29.09,34.86,23.86,51.47
GHA,GHA_GHA12.14_2,Talensi,UpperEast,2016,672.1,618.4,-7.52,29.18,34.89,24.08,53.73
GHA,GHA_GHA12.14_2,Talensi,UpperEast,2017,429.6,407.4,-250.02,28.78,34.56,23.84,50.54
GHA,GHA_GHA12.14_2,Talensi,UpperEast,2018,635.3,606.3,-44.32,28.46,33.98,23.83,55.33
GHA,GHA_GHA12.14_2,Talensi,UpperEast,2019,750.7,732.8,71.08,28.84,34.33,24.12,54.63
GHA,GHA_GHA12.14_2,Talensi,UpperEast,2020,782.0,757.9,102.38,28.71,34.27,23.91,52.8
GHA,GHA_GHA12.14_2,Talensi,UpperEast,2021,663.4,625.1,-16.22,29.13,34.76,24.24,50.89
GHA,GHA_GHA12.14_2,Talensi,UpperEast,2022,920.0,866.9,240.38,28.21,33.97,23.25,51.82
GHA,GHA_GHA12.14_2,Talensi,UpperEast,2023,807.6,754.7,127.98,28.76,34.62,23.85,53.55
GHA,GHA_GHA12.14_2,Talensi,UpperEast,2024,903.0,881.3,223.38,28.92,34.96,23.93,51.35
GHA,GHA_GHA12.14_2,Talensi,UpperEast,2025,836.4,810.4,156.78,28.94,35.04,24.0,54.46
GHA,GHA_GHA12.15_2,Tempane,UpperEast,2000,672.9,666.9,-36.38,28.02,33.58,22.98,51.81
GHA,GHA_GHA12.15_2,Tempane,UpperEast,2001,721.2,686.5,11.92,28.13,33.87,22.91,50.03
GHA,GHA_GHA12.15_2,Tempane,UpperEast,2002,754.0,737.2,44.72,28.4,33.92,23.4,51.93
GHA,GHA_GHA12.15_2,Tempane,UpperEast,2003,765.5,704.2,56.22,28.39,33.9,23.46,53.4
GHA,GHA_GHA12.15_2,Tempane,UpperEast,2004,490.2,439.3,-219.08,28.57,34.13,23.54,52.51
GHA,GHA_GHA12.15_2,Tempane,UpperEast,2005,639.8,593.8,-69.48,28.61,34.1,23.74,53.08
GHA,GHA_GHA12.15_2,Tempane,UpperEast,2006,680.8,668.9,-28.48,28.53,34.06,23.46,51.17
GHA,GHA_GHA12.15_2,Tempane,UpperEast,2007,643.6,592.9,-65.68,28.32,33.96,23.3,51.48
GHA,GHA_GHA12.15_2,Tempane,UpperEast,2008,614.6,605.3,-94.68,27.91,33.61,22.78,50.49
GHA,GHA_GHA12.15_2,Tempane,UpperEast,2009,698.5,681.2,-10.78,28.67,34.18,23.72,53.61
GHA,GHA_GHA12.15_2,Tempane,UpperEast,2010,810.6,771.5,101.32,28.4,33.79,23.56,55.6
GHA,GHA_GHA12.15_2,Tempane,UpperEast,2011,573.5,552.1,-135.78,28.57,34.11,23.58,52.39
GHA,GHA_GHA12.15_2,Tempane,UpperEast,2012,971.5,894.6,262.22,28.0,33.35,23.22,55.46
GHA,GHA_GHA12.15_2,Tempane,UpperEast,2013,647.1,569.4,-62.18,28.35,33.68,23.62,55.71
GHA,GHA_GHA12.15_2,Tempane,UpperEast,2014,700.6,658.5,-8.68,28.52,33.9,23.71,54.68
GHA,GHA_GHA12.15_2,Tempane,UpperEast,2015,831.3,821.4,122.02,28.53,34.11,23.49,50.78
GHA,GHA_GHA12.15_2,Tempane,UpperEast,2016,703.1,647.6,-6.18,28.66,34.15,23.76,53.12
GHA,GHA_GHA12.15_2,Tempane,UpperEast,2017,413.1,405.7,-296.18,27.97,33.61,23.18,52.09
GHA,GHA_GHA12.15_2,Tempane,UpperEast,2018,601.2,580.5,-108.08,27.91,33.2,23.5,55.88
GHA,GHA_GHA12.15_2,Tempane,UpperEast,2019,777.7,760.0,68.42,28.19,33.55,23.65,55.44
GHA,GHA_GHA12.15_2,Tempane,UpperEast,2020,827.8,806.1,118.52,28.25,33.62,23.7,52.38
GHA,GHA_GHA12.15_2,Tempane,UpperEast,2021,580.5,574.3,-128.78,28.78,34.29,24.11,49.65
GHA,GHA_GHA12.15_2,Tempane,UpperEast,2022,821.0,797.9,111.72,27.82,33.36,23.17,51.15
GHA,GHA_GHA12.15_2,Tempane,UpperEast,2023,739.6,688.0,30.32,28.43,34.17,23.67,52.3
GHA,GHA_GHA12.15_2,Tempane,UpperEast,2024,843.0,832.2,133.72,28.57,34.41,23.91,50.39
GHA,GHA_GHA12.15_2,Tempane,UpperEast,2025,918.5,882.6,209.22,28.78,34.74,23.94,52.39
GHA,GHA_GHA13.1_2,Daffiama-Bussie-Issa,UpperWest,2000,757.5,739.6,-15.61,27.41,33.21,22.12,54.42
GHA,GHA_GHA13.1_2,Daffiama-Bussie-Issa,UpperWest,2001,660.4,627.3,-112.71,27.84,33.82,22.42,51.42
GHA,GHA_GHA13.1_2,Daffiama-Bussie-Issa,UpperWest,2002,695.4,638.5,-77.71,28.23,34.02,22.96,52.99
GHA,GHA_GHA13.1_2,Daffiama-Bussie-Issa,UpperWest,2003,1080.6,1006.5,307.49,27.86,33.53,22.72,56.08
GHA,GHA_GHA13.1_2,Daffiama-Bussie-Issa,UpperWest,2004,556.5,448.8,-216.61,28.07,33.92,22.75,54.83
GHA,GHA_GHA13.1_2,Daffiama-Bussie-Issa,UpperWest,2005,748.2,656.0,-24.91,28.11,33.86,22.97,55.18
GHA,GHA_GHA13.1_2,Daffiama-Bussie-Issa,UpperWest,2006,617.9,569.5,-155.21,28.13,34.0,22.85,52.92
GHA,GHA_GHA13.1_2,Daffiama-Bussie-Issa,UpperWest,2007,613.0,553.4,-160.11,27.97,33.87,22.68,52.14
GHA,GHA_GHA13.1_2,Daffiama-Bussie-Issa,UpperWest,2008,658.1,639.1,-115.01,27.56,33.51,22.14,52.04
GHA,GHA_GHA13.1_2,Daffiama-Bussie-Issa,UpperWest,2009,690.9,657.8,-82.21,28.12,34.03,22.93,55.83
GHA,GHA_GHA13.1_2,Daffiama-Bussie-Issa,UpperWest,2010,848.3,789.8,75.19,27.93,33.61,22.8,57.47
GHA,GHA_GHA13.1_2,Daffiama-Bussie-Issa,UpperWest,2011,782.1,729.2,8.99,27.81,33.48,22.71,55.94
GHA,GHA_GHA13.1_2,Daffiama-Bussie-Issa,UpperWest,2012,696.8,621.0,-76.31,27.72,33.41,22.65,55.49
GHA,GHA_GHA13.1_2,Daffiama-Bussie-Issa,UpperWest,2013,660.7,575.0,-112.41,28.11,33.85,23.02,55.44
GHA,GHA_GHA13.1_2,Daffiama-Bussie-Issa,UpperWest,2014,649.7,604.3,-123.41,28.17,33.86,23.1,55.55
GHA,GHA_GHA13.1_2,Daffiama-Bussie-Issa,UpperWest,2015,670.2,648.3,-102.91,28.27,34.09,22.98,51.72
GHA,GHA_GHA13.1_2,Daffiama-Bussie-Issa,UpperWest,2016,750.9,672.2,-22.21,28.45,34.2,23.25,53.32
GHA,GHA_GHA13.1_2,Daffiama-Bussie-Issa,UpperWest,2017,581.7,546.2,-191.41,28.22,33.85,23.28,51.69
GHA,GHA_GHA13.1_2,Daffiama-Bussie-Issa,UpperWest,2018,761.7,688.2,-11.41,27.61,33.02,23.02,57.4
GHA,GHA_GHA13.1_2,Daffiama-Bussie-Issa,UpperWest,2019,992.2,957.1,219.09,27.88,33.38,23.17,56.81
GHA,GHA_GHA13.1_2,Daffiama-Bussie-Issa,UpperWest,2020,1009.7,911.9,236.59,28.04,33.64,23.18,53.69
GHA,GHA_GHA13.1_2,Daffiama-Bussie-Issa,UpperWest,2021,761.1,749.5,-12.01,28.34,33.93,23.42,52.63
GHA,GHA_GHA13.1_2,Daffiama-Bussie-Issa,UpperWest,2022,1042.0,945.9,268.89,27.21,32.9,22.34,54.95
GHA,GHA_GHA13.1_2,Daffiama-Bussie-Issa,UpperWest,2023,899.4,867.1,126.29,27.94,33.65,22.94,55.33
GHA,GHA_GHA13.1_2,Daffiama-Bussie-Issa,UpperWest,2024,1043.5,980.5,270.39,28.19,34.1,23.12,52.9
GHA,GHA_GHA13.1_2,Daffiama-Bussie-Issa,UpperWest,2025,872.3,813.3,99.19,28.22,33.65,23.44,57.34
GHA,GHA_GHA13.2_2,Jirapa,UpperWest,2000,796.5,765.6,-12.25,27.32,33.22,21.95,54.14
GHA,GHA_GHA13.2_2,Jirapa,UpperWest,2001,737.7,695.0,-71.05,27.75,33.8,22.29,51.33
GHA,GHA_GHA13.2_2,Jirapa,UpperWest,2002,745.5,692.2,-63.25,28.2,34.05,22.89,52.34
GHA,GHA_GHA13.2_2,Jirapa,UpperWest,2003,1113.1,1032.4,304.35,27.87,33.68,22.65,55.32
GHA,GHA_GHA13.2_2,Jirapa,UpperWest,2004,602.4,477.8,-206.35,28.07,34.03,22.69,54.08
GHA,GHA_GHA13.2_2,Jirapa,UpperWest,2005,813.1,696.0,4.35,28.03,33.81,22.87,55.0
GHA,GHA_GHA13.2_2,Jirapa,UpperWest,2006,738.2,674.9,-70.55,28.02,33.95,22.7,52.64
GHA,GHA_GHA13.2_2,Jirapa,UpperWest,2007,646.2,572.2,-162.55,27.96,33.95,22.61,51.49
GHA,GHA_GHA13.2_2,Jirapa,UpperWest,2008,727.5,698.4,-81.25,27.47,33.53,22.0,51.57
GHA,GHA_GHA13.2_2,Jirapa,UpperWest,2009,800.9,753.1,-7.85,27.89,33.81,22.71,56.15
GHA,GHA_GHA13.2_2,Jirapa,UpperWest,2010,995.7,918.1,186.95,27.82,33.58,22.63,57.37
GHA,GHA_GHA13.2_2,Jirapa,UpperWest,2011,784.0,721.8,-24.75,27.69,33.41,22.53,55.59
GHA,GHA_GHA13.2_2,Jirapa,UpperWest,2012,770.1,681.1,-38.65,27.56,33.32,22.45,55.35
GHA,GHA_GHA13.2_2,Jirapa,UpperWest,2013,713.8,616.3,-94.95,27.98,33.76,22.86,55.33
GHA,GHA_GHA13.2_2,Jirapa,UpperWest,2014,664.7,609.0,-144.05,28.1,33.85,22.97,55.04
GHA,GHA_GHA13.2_2,Jirapa,UpperWest,2015,732.6,706.2,-76.15,28.12,33.98,22.8,51.68
GHA,GHA_GHA13.2_2,Jirapa,UpperWest,2016,855.4,752.0,46.65,28.39,34.19,23.16,52.86
GHA,GHA_GHA13.2_2,Jirapa,UpperWest,2017,602.3,570.1,-206.45,28.2,33.85,23.37,50.62
GHA,GHA_GHA13.2_2,Jirapa,UpperWest,2018,776.8,707.7,-31.95,27.7,33.11,23.13,56.26
GHA,GHA_GHA13.2_2,Jirapa,UpperWest,2019,984.6,953.6,175.85,27.83,33.33,23.16,55.93
GHA,GHA_GHA13.2_2,Jirapa,UpperWest,2020,981.0,885.0,172.25,27.95,33.57,23.18,53.13
GHA,GHA_GHA13.2_2,Jirapa,UpperWest,2021,740.4,724.7,-68.35,28.23,33.8,23.46,52.15
GHA,GHA_GHA13.2_2,Jirapa,UpperWest,2022,1013.9,940.2,205.15,27.09,32.72,22.3,54.81
GHA,GHA_GHA13.2_2,Jirapa,UpperWest,2023,783.3,728.5,-25.45,27.79,33.47,22.96,55.05
GHA,GHA_GHA13.2_2,Jirapa,UpperWest,2024,1035.9,990.5,227.15,27.8,33.54,23.01,53.87
GHA,GHA_GHA13.2_2,Jirapa,UpperWest,2025,871.9,809.8,63.15,27.82,33.79,23.05,56.5
GHA,GHA_GHA13.3_2,Lambussie-Karni,UpperWest,2000,766.7,749.9,-25.36,27.45,33.41,22.04,53.07
GHA,GHA_GHA13.3_2,Lambussie-Karni,UpperWest,2001,814.0,777.5,21.94,27.87,33.97,22.37,50.49
GHA,GHA_GHA13.3_2,Lambussie-Karni,UpperWest,2002,674.0,638.6,-118.06,28.36,34.34,22.98,50.87
GHA,GHA_GHA13.3_2,Lambussie-Karni,UpperWest,2003,961.5,904.9,169.44,28.0,33.86,22.75,54.26
GHA,GHA_GHA13.3_2,Lambussie-Karni,UpperWest,2004,607.3,497.0,-184.76,28.23,34.25,22.79,52.92
GHA,GHA_GHA13.3_2,Lambussie-Karni,UpperWest,2005,763.1,657.9,-28.96,28.15,33.98,22.92,54.08
GHA,GHA_GHA13.3_2,Lambussie-Karni,UpperWest,2006,693.3,647.5,-98.76,28.12,34.11,22.75,51.56
GHA,GHA_GHA13.3_2,Lambussie-Karni,UpperWest,2007,610.4,547.9,-181.66,28.04,34.06,22.67,50.66
GHA,GHA_GHA13.3_2,Lambussie-Karni,UpperWest,2008,692.7,671.2,-99.36,27.49,33.58,21.99,51.02
GHA,GHA_GHA13.3_2,Lambussie-Karni,UpperWest,2009,770.5,729.0,-21.56,28.01,33.95,22.78,54.97
GHA,GHA_GHA13.3_2,Lambussie-Karni,UpperWest,2010,897.2,834.5,105.14,27.99,33.79,22.76,56.21
GHA,GHA_GHA13.3_2,Lambussie-Karni,UpperWest,2011,757.1,701.7,-34.96,27.85,33.66,22.59,54.34
GHA,GHA_GHA13.3_2,Lambussie-Karni,UpperWest,2012,734.2,656.3,-57.86,27.72,33.55,22.54,54.18
GHA,GHA_GHA13.3_2,Lambussie-Karni,UpperWest,2013,660.5,575.5,-131.56,28.14,33.99,22.96,54.19
GHA,GHA_GHA13.3_2,Lambussie-Karni,UpperWest,2014,650.5,609.1,-141.56,28.25,34.06,23.05,53.91
GHA,GHA_GHA13.3_2,Lambussie-Karni,UpperWest,2015,784.9,763.0,-7.16,28.25,34.18,22.87,50.65
GHA,GHA_GHA13.3_2,Lambussie-Karni,UpperWest,2016,758.4,685.0,-33.66,28.51,34.34,23.25,51.94
GHA,GHA_GHA13.3_2,Lambussie-Karni,UpperWest,2017,541.0,518.6,-251.06,28.39,34.12,23.47,49.02
GHA,GHA_GHA13.3_2,Lambussie-Karni,UpperWest,2018,772.6,715.3,-19.46,27.94,33.37,23.35,54.75
GHA,GHA_GHA13.3_2,Lambussie-Karni,UpperWest,2019,998.9,958.0,206.84,28.04,33.61,23.26,54.26
GHA,GHA_GHA13.3_2,Lambussie-Karni,UpperWest,2020,1046.3,966.6,254.24,28.18,33.83,23.36,51.72
GHA,GHA_GHA13.3_2,Lambussie-Karni,UpperWest,2021,805.0,793.5,12.94,28.4,33.97,23.59,51.2
GHA,GHA_GHA13.3_2,Lambussie-Karni,UpperWest,2022,1018.2,972.7,226.14,27.36,33.06,22.49,52.91
GHA,GHA_GHA13.3_2,Lambussie-Karni,UpperWest,2023,821.5,757.9,29.44,28.11,33.88,23.16,53.05
GHA,GHA_GHA13.3_2,Lambussie-Karni,UpperWest,2024,1164.8,1142.0,372.74,28.19,34.05,23.28,51.64
GHA,GHA_GHA13.3_2,Lambussie-Karni,UpperWest,2025,829.0,792.8,36.94,28.0,33.86,23.16,55.9
GHA,GHA_GHA13.4_2,Lawra,UpperWest,2000,759.0,743.2,-19.5,27.43,33.45,21.9,53.62
GHA,GHA_GHA13.4_2,Lawra,UpperWest,2001,807.2,772.3,28.7,27.87,34.01,22.26,50.79
GHA,GHA_GHA13.4_2,Lawra,UpperWest,2002,670.3,623.5,-108.2,28.41,34.42,22.94,51.02
GHA,GHA_GHA13.4_2,Lawra,UpperWest,2003,981.5,925.6,203.0,28.02,33.94,22.67,54.55
GHA,GHA_GHA13.4_2,Lawra,UpperWest,2004,597.8,489.4,-180.7,28.3,34.38,22.74,52.84
GHA,GHA_GHA13.4_2,Lawra,UpperWest,2005,733.1,643.5,-45.4,28.18,34.05,22.9,54.25
GHA,GHA_GHA13.4_2,Lawra,UpperWest,2006,683.8,644.9,-94.7,28.17,34.22,22.69,51.68
GHA,GHA_GHA13.4_2,Lawra,UpperWest,2007,625.0,559.8,-153.5,28.06,34.12,22.59,50.87
GHA,GHA_GHA13.4_2,Lawra,UpperWest,2008,711.3,690.2,-67.2,27.52,33.66,21.91,51.2
GHA,GHA_GHA13.4_2,Lawra,UpperWest,2009,717.8,687.5,-60.7,28.0,33.99,22.68,55.31
GHA,GHA_GHA13.4_2,Lawra,UpperWest,2010,920.5,854.8,142.0,27.91,33.77,22.59,56.85
GHA,GHA_GHA13.4_2,Lawra,UpperWest,2011,692.5,648.2,-86.0,27.93,33.81,22.56,54.13
GHA,GHA_GHA13.4_2,Lawra,UpperWest,2012,755.3,669.5,-23.2,27.66,33.53,22.44,54.82
GHA,GHA_GHA13.4_2,Lawra,UpperWest,2013,628.2,551.4,-150.3,28.18,34.05,22.93,54.21
GHA,GHA_GHA13.4_2,Lawra,UpperWest,2014,633.6,599.3,-144.9,28.29,34.14,23.0,53.97
GHA,GHA_GHA13.4_2,Lawra,UpperWest,2015,745.0,723.8,-33.5,28.26,34.2,22.81,50.94
GHA,GHA_GHA13.4_2,Lawra,UpperWest,2016,709.2,648.2,-69.3,28.57,34.46,23.2,51.87
GHA,GHA_GHA13.4_2,Lawra,UpperWest,2017,600.8,575.9,-177.7,28.52,34.41,23.34,49.78
GHA,GHA_GHA13.4_2,Lawra,UpperWest,2018,740.4,684.3,-38.1,28.04,33.62,23.18,55.45
GHA,GHA_GHA13.4_2,Lawra,UpperWest,2019,1056.1,1011.0,277.6,28.07,33.86,23.07,55.15
GHA,GHA_GHA13.4_2,Lawra,UpperWest,2020,954.2,883.1,175.7,28.09,33.95,22.99,53.31
GHA,GHA_GHA13.4_2,Lawra,UpperWest,2021,694.4,681.8,-84.1,28.29,34.13,23.18,52.71
GHA,GHA_GHA13.4_2,Lawra,UpperWest,2022,1008.6,945.5,230.1,27.18,33.13,22.08,55.14
GHA,GHA_GHA13.4_2,Lawra,UpperWest,2023,829.9,755.6,51.4,27.82,33.74,22.7,55.57
GHA,GHA_GHA13.4_2,Lawra,UpperWest,2024,1096.1,1073.0,317.6,28.04,34.17,22.85,53.4
GHA,GHA_GHA13.4_2,Lawra,UpperWest,2025,889.4,835.3,110.9,28.04,34.17,23.03,56.23
GHA,GHA_GHA13.5_2,Nadowli-Kaleo,UpperWest,2000,726.8,694.7,-58.62,27.24,33.02,21.97,55.7
GHA,GHA_GHA13.5_2,Nadowli-Kaleo,UpperWest,2001,648.0,616.8,-137.42,27.72,33.67,22.34,52.28
GHA,GHA_GHA13.5_2,Nadowli-Kaleo,UpperWest,2002,707.1,645.0,-78.32,28.05,33.77,22.9,54.33
GHA,GHA_GHA13.5_2,Nadowli-Kaleo,UpperWest,2003,1090.0,992.7,304.58,27.69,33.39,22.6,57.31
GHA,GHA_GHA13.5_2,Nadowli-Kaleo,UpperWest,2004,556.4,443.8,-229.02,27.88,33.72,22.63,56.33
GHA,GHA_GHA13.5_2,Nadowli-Kaleo,UpperWest,2005,793.6,673.6,8.18,27.89,33.61,22.84,56.63
GHA,GHA_GHA13.5_2,Nadowli-Kaleo,UpperWest,2006,648.4,594.1,-137.02,28.0,33.86,22.75,54.16
GHA,GHA_GHA13.5_2,Nadowli-Kaleo,UpperWest,2007,650.8,566.6,-134.62,27.87,33.78,22.62,52.96
GHA,GHA_GHA13.5_2,Nadowli-Kaleo,UpperWest,2008,823.8,794.6,38.38,27.42,33.36,22.06,53.16
GHA,GHA_GHA13.5_2,Nadowli-Kaleo,UpperWest,2009,832.3,750.9,46.88,27.72,33.56,22.67,58.33
GHA,GHA_GHA13.5_2,Nadowli-Kaleo,UpperWest,2010,924.9,832.4,139.48,27.72,33.41,22.66,58.86
GHA,GHA_GHA13.5_2,Nadowli-Kaleo,UpperWest,2011,801.6,730.2,16.18,27.62,33.26,22.6,57.07
GHA,GHA_GHA13.5_2,Nadowli-Kaleo,UpperWest,2012,775.3,699.7,-10.12,27.41,33.04,22.45,57.35
GHA,GHA_GHA13.5_2,Nadowli-Kaleo,UpperWest,2013,655.3,563.2,-130.12,27.85,33.55,22.82,56.91
GHA,GHA_GHA13.5_2,Nadowli-Kaleo,UpperWest,2014,627.3,587.3,-158.12,27.91,33.55,22.9,57.21
GHA,GHA_GHA13.5_2,Nadowli-Kaleo,UpperWest,2015,709.5,678.8,-75.92,28.06,33.86,22.83,53.05
GHA,GHA_GHA13.5_2,Nadowli-Kaleo,UpperWest,2016,790.4,697.7,4.98,28.26,34.0,23.13,54.53
GHA,GHA_GHA13.5_2,Nadowli-Kaleo,UpperWest,2017,574.4,528.1,-211.02,28.2,33.76,23.42,52.16
GHA,GHA_GHA13.5_2,Nadowli-Kaleo,UpperWest,2018,770.3,694.5,-15.12,27.55,32.87,23.05,58.02
GHA,GHA_GHA13.5_2,Nadowli-Kaleo,UpperWest,2019,978.8,920.4,193.38,27.78,33.22,23.15,57.3
GHA,GHA_GHA13.5_2,Nadowli-Kaleo,UpperWest,2020,1063.3,945.5,277.88,27.95,33.49,23.24,54.34
GHA,GHA_GHA13.5_2,Nadowli-Kaleo,UpperWest,2021,725.5,694.8,-59.92,28.25,33.77,23.49,53.44
GHA,GHA_GHA13.5_2,Nadowli-Kaleo,UpperWest,2022,986.6,851.9,201.18,27.0,32.6,22.27,56.39
GHA,GHA_GHA13.5_2,Nadowli-Kaleo,UpperWest,2023,831.2,768.6,45.78,27.69,33.34,22.85,56.78
GHA,GHA_GHA13.5_2,Nadowli-Kaleo,UpperWest,2024,954.2,901.1,168.78,27.98,33.75,23.18,54.2
GHA,GHA_GHA13.5_2,Nadowli-Kaleo,UpperWest,2025,775.2,712.4,-10.22,28.07,33.83,23.24,56.73
GHA,GHA_GHA13.6_2,Nandom,UpperWest,2000,759.0,743.2,-15.45,27.72,33.81,22.14,52.23
GHA,GHA_GHA13.6_2,Nandom,UpperWest,2001,807.2,772.3,32.75,28.11,34.3,22.43,49.87
GHA,GHA_GHA13.6_2,Nandom,UpperWest,2002,670.3,623.5,-104.15,28.62,34.71,23.12,49.94
GHA,GHA_GHA13.6_2,Nandom,UpperWest,2003,981.5,925.6,207.05,28.26,34.24,22.88,53.47
GHA,GHA_GHA13.6_2,Nandom,UpperWest,2004,597.8,489.4,-176.65,28.56,34.69,22.97,51.6
GHA,GHA_GHA13.6_2,Nandom,UpperWest,2005,733.1,643.5,-41.35,28.43,34.36,23.08,53.24
GHA,GHA_GHA13.6_2,Nandom,UpperWest,2006,683.8,644.9,-90.65,28.38,34.48,22.86,50.68
GHA,GHA_GHA13.6_2,Nandom,UpperWest,2007,625.0,559.8,-149.45,28.28,34.37,22.78,49.9
GHA,GHA_GHA13.6_2,Nandom,UpperWest,2008,711.3,690.2,-63.15,27.69,33.87,22.05,50.35
GHA,GHA_GHA13.6_2,Nandom,UpperWest,2009,717.8,687.5,-56.65,28.32,34.33,22.93,53.72
GHA,GHA_GHA13.6_2,Nandom,UpperWest,2010,920.5,854.8,146.05,28.23,34.15,22.85,55.46
GHA,GHA_GHA13.6_2,Nandom,UpperWest,2011,692.5,648.2,-81.95,28.21,34.17,22.76,52.78
GHA,GHA_GHA13.6_2,Nandom,UpperWest,2012,755.3,669.5,-19.15,27.97,33.91,22.66,53.48
GHA,GHA_GHA13.6_2,Nandom,UpperWest,2013,628.2,551.4,-146.25,28.49,34.43,23.17,52.8
GHA,GHA_GHA13.6_2,Nandom,UpperWest,2014,633.6,599.3,-140.85,28.54,34.44,23.19,52.85
GHA,GHA_GHA13.6_2,Nandom,UpperWest,2015,745.0,723.8,-29.45,28.51,34.51,23.01,49.84
GHA,GHA_GHA13.6_2,Nandom,UpperWest,2016,709.2,648.2,-65.25,28.87,34.81,23.45,50.64
GHA,GHA_GHA13.6_2,Nandom,UpperWest,2017,541.9,520.8,-232.55,28.56,34.52,23.36,48.88
GHA,GHA_GHA13.6_2,Nandom,UpperWest,2018,751.7,703.2,-22.75,28.14,33.77,23.32,54.45
GHA,GHA_GHA13.6_2,Nandom,UpperWest,2019,981.9,948.1,207.45,28.14,33.89,23.13,54.32
GHA,GHA_GHA13.6_2,Nandom,UpperWest,2020,1008.4,946.9,233.95,28.27,34.11,23.2,52.03
GHA,GHA_GHA13.6_2,Nandom,UpperWest,2021,749.5,743.9,-24.95,28.51,34.32,23.43,51.28
GHA,GHA_GHA13.6_2,Nandom,UpperWest,2022,986.3,922.9,211.85,27.47,33.38,22.37,53.16
GHA,GHA_GHA13.6_2,Nandom,UpperWest,2023,849.9,781.2,75.45,28.19,34.16,23.01,53.31
GHA,GHA_GHA13.6_2,Nandom,UpperWest,2024,1025.0,1001.1,250.55,28.33,34.46,23.11,51.69
GHA,GHA_GHA13.6_2,Nandom,UpperWest,2025,869.9,828.1,95.45,28.15,34.36,23.1,55.08
GHA,GHA_GHA13.7_2,SissalaEast,UpperWest,2000,812.1,792.7,15.08,27.62,33.34,22.46,53.72
GHA,GHA_GHA13.7_2,SissalaEast,UpperWest,2001,780.1,756.4,-16.92,28.07,34.03,22.69,50.54
GHA,GHA_GHA13.7_2,SissalaEast,UpperWest,2002,747.4,685.8,-49.62,28.37,34.16,23.16,52.2
GHA,GHA_GHA13.7_2,SissalaEast,UpperWest,2003,914.3,859.8,117.28,28.16,33.8,23.09,54.72
GHA,GHA_GHA13.7_2,SissalaEast,UpperWest,2004,582.0,487.0,-215.02,28.37,34.18,23.11,53.47
GHA,GHA_GHA13.7_2,SissalaEast,UpperWest,2005,876.0,786.8,78.98,28.35,34.06,23.28,54.34
GHA,GHA_GHA13.7_2,SissalaEast,UpperWest,2006,700.9,668.7,-96.12,28.33,34.12,23.13,51.87
GHA,GHA_GHA13.7_2,SissalaEast,UpperWest,2007,681.1,625.0,-115.92,28.15,33.97,22.97,51.71
GHA,GHA_GHA13.7_2,SissalaEast,UpperWest,2008,731.3,715.6,-65.72,27.68,33.54,22.41,51.62
GHA,GHA_GHA13.7_2,SissalaEast,UpperWest,2009,737.0,711.6,-60.02,28.46,34.26,23.33,54.3
GHA,GHA_GHA13.7_2,SissalaEast,UpperWest,2010,890.3,838.1,93.28,28.25,33.87,23.19,56.12
GHA,GHA_GHA13.7_2,SissalaEast,UpperWest,2011,711.4,668.5,-85.62,28.14,33.77,23.03,54.46
GHA,GHA_GHA13.7_2,SissalaEast,UpperWest,2012,843.3,749.3,46.28,27.95,33.6,22.95,55.02
GHA,GHA_GHA13.7_2,SissalaEast,UpperWest,2013,677.0,595.5,-120.02,28.31,33.97,23.32,55.09
GHA,GHA_GHA13.7_2,SissalaEast,UpperWest,2014,745.6,679.8,-51.42,28.36,33.98,23.38,55.07
GHA,GHA_GHA13.7_2,SissalaEast,UpperWest,2015,856.8,841.9,59.78,28.5,34.33,23.26,50.84
GHA,GHA_GHA13.7_2,SissalaEast,UpperWest,2016,781.3,714.8,-15.72,28.66,34.37,23.54,52.78
GHA,GHA_GHA13.7_2,SissalaEast,UpperWest,2017,571.8,548.4,-225.22,28.11,33.6,23.27,50.52
GHA,GHA_GHA13.7_2,SissalaEast,UpperWest,2018,757.3,698.1,-39.72,27.58,32.82,23.12,56.33
GHA,GHA_GHA13.7_2,SissalaEast,UpperWest,2019,966.1,931.9,169.08,27.88,33.13,23.36,55.59
GHA,GHA_GHA13.7_2,SissalaEast,UpperWest,2020,945.3,880.9,148.28,27.97,33.31,23.31,52.99
GHA,GHA_GHA13.7_2,SissalaEast,UpperWest,2021,689.2,676.9,-107.82,28.22,33.53,23.47,51.99
GHA,GHA_GHA13.7_2,SissalaEast,UpperWest,2022,902.1,851.8,105.08,27.27,32.69,22.54,53.15
GHA,GHA_GHA13.7_2,SissalaEast,UpperWest,2023,899.8,854.1,102.78,28.01,33.56,23.21,53.49
GHA,GHA_GHA13.7_2,SissalaEast,UpperWest,2024,1073.3,1038.0,276.28,28.09,33.86,23.31,51.82
GHA,GHA_GHA13.7_2,SissalaEast,UpperWest,2025,849.6,819.8,52.58,27.9,33.62,23.33,55.89
GHA,GHA_GHA13.8_2,SissalaWest,UpperWest,2000,728.9,717.2,-40.4,27.61,33.49,22.29,52.71
GHA,GHA_GHA13.8_2,SissalaWest,UpperWest,2001,737.5,708.4,-31.8,28.01,34.08,22.57,50.15
GHA,GHA_GHA13.8_2,SissalaWest,UpperWest,2002,641.6,606.0,-127.7,28.45,34.37,23.12,50.9
GHA,GHA_GHA13.8_2,SissalaWest,UpperWest,2003,928.4,874.2,159.1,28.11,33.87,22.94,54.06
GHA,GHA_GHA13.8_2,SissalaWest,UpperWest,2004,563.3,469.1,-206.0,28.31,34.26,22.95,52.78
GHA,GHA_GHA13.8_2,SissalaWest,UpperWest,2005,779.2,695.1,9.9,28.26,34.04,23.09,53.88
GHA,GHA_GHA13.8_2,SissalaWest,UpperWest,2006,651.2,611.7,-118.1,28.25,34.18,22.94,51.28
GHA,GHA_GHA13.8_2,SissalaWest,UpperWest,2007,576.1,525.1,-193.2,28.16,34.12,22.87,50.56
GHA,GHA_GHA13.8_2,SissalaWest,UpperWest,2008,622.6,610.2,-146.7,27.69,33.71,22.26,50.47
GHA,GHA_GHA13.8_2,SissalaWest,UpperWest,2009,726.4,696.8,-42.9,28.24,34.15,23.04,54.25
GHA,GHA_GHA13.8_2,SissalaWest,UpperWest,2010,825.8,773.5,56.5,28.14,33.87,22.99,55.82
GHA,GHA_GHA13.8_2,SissalaWest,UpperWest,2011,734.1,682.2,-35.2,27.92,33.63,22.75,54.44
GHA,GHA_GHA13.8_2,SissalaWest,UpperWest,2012,755.0,675.2,-14.3,27.86,33.6,22.75,54.15
GHA,GHA_GHA13.8_2,SissalaWest,UpperWest,2013,646.9,571.6,-122.4,28.25,34.05,23.12,54.2
GHA,GHA_GHA13.8_2,SissalaWest,UpperWest,2014,677.1,632.3,-92.2,28.28,33.99,23.18,54.4
GHA,GHA_GHA13.8_2,SissalaWest,UpperWest,2015,779.4,758.1,10.1,28.39,34.29,23.08,50.36
GHA,GHA_GHA13.8_2,SissalaWest,UpperWest,2016,734.7,674.0,-34.6,28.58,34.33,23.4,52.13
GHA,GHA_GHA13.8_2,SissalaWest,UpperWest,2017,517.0,492.7,-252.3,28.31,34.09,23.4,49.66
GHA,GHA_GHA13.8_2,SissalaWest,UpperWest,2018,716.5,666.5,-52.8,27.87,33.32,23.28,55.46
GHA,GHA_GHA13.8_2,SissalaWest,UpperWest,2019,979.9,952.1,210.6,28.09,33.71,23.28,54.39
GHA,GHA_GHA13.8_2,SissalaWest,UpperWest,2020,1052.6,976.4,283.3,28.28,33.97,23.43,51.58
GHA,GHA_GHA13.8_2,SissalaWest,UpperWest,2021,716.4,689.9,-52.9,28.45,34.06,23.62,51.3
GHA,GHA_GHA13.8_2,SissalaWest,UpperWest,2022,1018.6,955.5,249.3,27.52,33.29,22.61,52.33
GHA,GHA_GHA13.8_2,SissalaWest,UpperWest,2023,923.9,850.0,154.6,28.21,34.04,23.22,52.94
GHA,GHA_GHA13.8_2,SissalaWest,UpperWest,2024,1120.1,1098.3,350.8,28.18,34.07,23.31,51.97
GHA,GHA_GHA13.8_2,SissalaWest,UpperWest,2025,848.7,811.3,79.4,27.98,33.59,23.32,56.66
GHA,GHA_GHA13.10_2,WaEast,UpperWest,2000,736.8,707.5,-78.5,27.06,32.84,21.81,55.57
GHA,GHA_GHA13.10_2,WaEast,UpperWest,2001,642.6,596.5,-172.7,27.57,33.51,22.15,51.97
GHA,GHA_GHA13.10_2,WaEast,UpperWest,2002,775.1,701.4,-40.2,27.71,33.43,22.59,55.24
GHA,GHA_GHA13.10_2,WaEast,UpperWest,2003,1045.1,973.8,229.8,27.31,32.87,22.3,58.5
GHA,GHA_GHA13.10_2,WaEast,UpperWest,2004,564.3,455.3,-251.0,27.46,33.18,22.32,57.73
GHA,GHA_GHA13.10_2,WaEast,UpperWest,2005,761.4,660.5,-53.9,27.53,33.26,22.5,57.46
GHA,GHA_GHA13.10_2,WaEast,UpperWest,2006,688.3,636.0,-127.0,27.52,33.28,22.39,56.02
GHA,GHA_GHA13.10_2,WaEast,UpperWest,2007,756.9,686.1,-58.4,27.5,33.32,22.28,53.99
GHA,GHA_GHA13.10_2,WaEast,UpperWest,2008,797.9,761.2,-17.4,27.08,32.96,21.81,54.44
GHA,GHA_GHA13.10_2,WaEast,UpperWest,2009,703.8,652.4,-111.5,27.61,33.38,22.55,58.13
GHA,GHA_GHA13.10_2,WaEast,UpperWest,2010,859.7,779.8,44.4,27.43,33.03,22.43,59.6
GHA,GHA_GHA13.10_2,WaEast,UpperWest,2011,756.4,708.0,-58.9,27.5,33.17,22.42,56.89
GHA,GHA_GHA13.10_2,WaEast,UpperWest,2012,765.0,655.6,-50.3,27.21,32.84,22.26,57.82
GHA,GHA_GHA13.10_2,WaEast,UpperWest,2013,675.4,594.6,-139.9,27.62,33.31,22.6,57.27
GHA,GHA_GHA13.10_2,WaEast,UpperWest,2014,721.7,651.0,-93.6,27.7,33.35,22.68,57.47
GHA,GHA_GHA13.10_2,WaEast,UpperWest,2015,639.3,613.3,-176.0,27.85,33.68,22.63,53.29
GHA,GHA_GHA13.10_2,WaEast,UpperWest,2016,778.6,728.6,-36.7,28.07,33.84,22.95,54.72
GHA,GHA_GHA13.10_2,WaEast,UpperWest,2017,731.5,686.6,-83.8,28.09,33.42,23.23,54.15
GHA,GHA_GHA13.10_2,WaEast,UpperWest,2018,827.6,751.3,12.3,27.45,32.68,22.86,58.93
GHA,GHA_GHA13.10_2,WaEast,UpperWest,2019,1103.7,1051.9,288.4,27.93,33.34,23.15,57.51
GHA,GHA_GHA13.10_2,WaEast,UpperWest,2020,986.6,896.6,171.3,27.96,33.38,23.09,55.16
GHA,GHA_GHA13.10_2,WaEast,UpperWest,2021,815.2,770.1,-0.1,28.31,33.82,23.34,53.85
GHA,GHA_GHA13.10_2,WaEast,UpperWest,2022,1107.0,946.7,291.7,27.21,32.76,22.29,55.78
GHA,GHA_GHA13.10_2,WaEast,UpperWest,2023,1012.8,933.7,197.5,27.88,33.53,22.9,56.5
GHA,GHA_GHA13.10_2,WaEast,UpperWest,2024,983.8,904.8,168.5,28.01,33.93,22.94,54.62
GHA,GHA_GHA13.10_2,WaEast,UpperWest,2025,961.2,890.4,145.9,28.02,33.65,23.39,58.06
GHA,GHA_GHA13.9_2,WaMunicipal,UpperWest,2000,950.8,913.5,39.49,27.06,32.67,22.05,57.73
GHA,GHA_GHA13.9_2,WaMunicipal,UpperWest,2001,766.5,712.4,-144.81,27.57,33.36,22.4,54.24
GHA,GHA_GHA13.9_2,WaMunicipal,UpperWest,2002,909.5,804.3,-1.81,27.79,33.34,22.87,57.16
GHA,GHA_GHA13.9_2,WaMunicipal,UpperWest,2003,1235.0,1103.7,323.69,27.46,32.96,22.58,59.81
GHA,GHA_GHA13.9_2,WaMunicipal,UpperWest,2004,706.1,561.0,-205.21,27.61,33.24,22.62,59.1
GHA,GHA_GHA13.9_2,WaMunicipal,UpperWest,2005,915.2,762.4,3.89,27.66,33.25,22.79,58.99
GHA,GHA_GHA13.9_2,WaMunicipal,UpperWest,2006,838.1,754.8,-73.21,27.76,33.48,22.72,56.78
GHA,GHA_GHA13.9_2,WaMunicipal,UpperWest,2007,820.2,716.8,-91.11,27.67,33.4,22.64,55.2
GHA,GHA_GHA13.9_2,WaMunicipal,UpperWest,2008,967.0,913.1,55.69,27.25,33.0,22.13,55.58
GHA,GHA_GHA13.9_2,WaMunicipal,UpperWest,2009,983.1,881.7,71.79,27.57,33.3,22.68,60.37
GHA,GHA_GHA13.9_2,WaMunicipal,UpperWest,2010,1058.8,957.2,147.49,27.54,33.03,22.7,61.21
GHA,GHA_GHA13.9_2,WaMunicipal,UpperWest,2011,950.2,862.8,38.89,27.42,32.93,22.62,59.29
GHA,GHA_GHA13.9_2,WaMunicipal,UpperWest,2012,938.5,825.6,27.19,27.21,32.7,22.45,59.72
GHA,GHA_GHA13.9_2,WaMunicipal,UpperWest,2013,877.9,765.9,-33.41,27.49,33.05,22.69,60.03
GHA,GHA_GHA13.9_2,WaMunicipal,UpperWest,2014,891.7,807.2,-19.61,27.61,33.09,22.79,60.05
GHA,GHA_GHA13.9_2,WaMunicipal,UpperWest,2015,870.3,818.7,-41.01,27.95,33.68,22.86,54.84
GHA,GHA_GHA13.9_2,WaMunicipal,UpperWest,2016,932.0,832.8,20.69,28.05,33.67,23.12,56.73
GHA,GHA_GHA13.9_2,WaMunicipal,UpperWest,2017,657.0,616.2,-254.31,27.73,33.08,23.21,54.68
GHA,GHA_GHA13.9_2,WaMunicipal,UpperWest,2018,771.3,684.8,-140.01,27.15,32.4,22.84,59.48
GHA,GHA_GHA13.9_2,WaMunicipal,UpperWest,2019,1102.8,1043.0,191.49,27.56,32.97,23.03,58.31
GHA,GHA_GHA13.9_2,WaMunicipal,UpperWest,2020,932.8,812.9,21.49,27.63,32.98,23.06,55.7
GHA,GHA_GHA13.9_2,WaMunicipal,UpperWest,2021,763.4,730.5,-147.91,27.92,33.36,23.3,54.9
GHA,GHA_GHA13.9_2,WaMunicipal,UpperWest,2022,1007.5,884.4,96.19,26.76,32.22,22.2,57.17
GHA,GHA_GHA13.9_2,WaMunicipal,UpperWest,2023,963.5,895.3,52.19,27.35,32.89,22.74,58.06
GHA,GHA_GHA13.9_2,WaMunicipal,UpperWest,2024,959.9,870.1,48.59,27.58,33.29,22.95,55.57
GHA,GHA_GHA13.9_2,WaMunicipal,UpperWest,2025,925.0,842.2,13.69,27.58,33.07,23.05,59.28
GHA,GHA_GHA13.11_2,WaWest,UpperWest,2000,804.8,768.6,-11.45,27.31,32.98,22.22,57.63
GHA,GHA_GHA13.11_2,WaWest,UpperWest,2001,620.4,581.9,-195.85,27.85,33.7,22.61,54.04
GHA,GHA_GHA13.11_2,WaWest,UpperWest,2002,699.7,616.5,-116.55,28.05,33.63,23.06,57.06
GHA,GHA_GHA13.11_2,WaWest,UpperWest,2003,1066.3,959.6,250.05,27.69,33.23,22.77,59.92
GHA,GHA_GHA13.11_2,WaWest,UpperWest,2004,583.6,462.1,-232.65,27.88,33.55,22.83,58.96
GHA,GHA_GHA13.11_2,WaWest,UpperWest,2005,775.8,656.9,-40.45,27.93,33.57,22.99,58.81
GHA,GHA_GHA13.11_2,WaWest,UpperWest,2006,669.1,606.2,-147.15,28.01,33.78,22.9,56.77
GHA,GHA_GHA13.11_2,WaWest,UpperWest,2007,770.1,672.0,-46.15,27.9,33.65,22.82,55.32
GHA,GHA_GHA13.11_2,WaWest,UpperWest,2008,837.8,798.3,21.55,27.48,33.25,22.31,55.79
GHA,GHA_GHA13.11_2,WaWest,UpperWest,2009,833.3,738.8,17.05,27.76,33.5,22.82,60.56
GHA,GHA_GHA13.11_2,WaWest,UpperWest,2010,992.7,899.4,176.45,27.75,33.28,22.88,61.35
GHA,GHA_GHA13.11_2,WaWest,UpperWest,2011,752.1,681.4,-64.15,27.69,33.25,22.82,59.04
GHA,GHA_GHA13.11_2,WaWest,UpperWest,2012,751.1,676.8,-65.15,27.45,33.0,22.63,59.49
GHA,GHA_GHA13.11_2,WaWest,UpperWest,2013,688.3,605.3,-127.95,27.75,33.35,22.88,59.74
GHA,GHA_GHA13.11_2,WaWest,UpperWest,2014,700.6,636.4,-115.65,27.84,33.37,22.96,59.96
GHA,GHA_GHA13.11_2,WaWest,UpperWest,2015,737.5,691.7,-78.75,28.16,33.92,23.04,55.07
GHA,GHA_GHA13.11_2,WaWest,UpperWest,2016,803.9,717.0,-12.35,28.27,33.9,23.28,56.78
GHA,GHA_GHA13.11_2,WaWest,UpperWest,2017,638.1,588.3,-178.15,28.16,33.6,23.45,54.85
GHA,GHA_GHA13.11_2,WaWest,UpperWest,2018,813.4,746.7,-2.85,27.61,33.02,23.06,59.14
GHA,GHA_GHA13.11_2,WaWest,UpperWest,2019,1023.9,963.6,207.65,28.01,33.61,23.21,57.84
GHA,GHA_GHA13.11_2,WaWest,UpperWest,2020,891.5,795.3,75.25,28.02,33.53,23.2,55.79
GHA,GHA_GHA13.11_2,WaWest,UpperWest,2021,858.1,795.1,41.85,28.37,34.05,23.46,54.74
GHA,GHA_GHA13.11_2,WaWest,UpperWest,2022,1054.5,895.4,238.25,27.06,32.74,22.21,57.87
GHA,GHA_GHA13.11_2,WaWest,UpperWest,2023,1019.9,911.1,203.65,27.76,33.52,22.81,58.01
GHA,GHA_GHA13.11_2,WaWest,UpperWest,2024,1043.1,963.2,226.85,27.96,33.75,23.01,56.14
GHA,GHA_GHA13.11_2,WaWest,UpperWest,2025,792.9,700.0,-23.35,28.05,33.42,23.37,59.95
GHA,GHA_GHA14.1_2,Adaklu,Volta,2000,1311.6,1089.4,-44.14,26.44,31.34,23.34,79.7
GHA,GHA_GHA14.1_2,Adaklu,Volta,2001,1208.7,871.8,-147.04,26.32,30.98,23.37,80.44
GHA,GHA_GHA14.1_2,Adaklu,Volta,2002,1495.6,1105.8,139.86,26.48,31.29,23.41,80.23
GHA,GHA_GHA14.1_2,Adaklu,Volta,2003,1397.6,958.6,41.86,26.7,31.46,23.67,80.81
GHA,GHA_GHA14.1_2,Adaklu,Volta,2004,1305.5,983.8,-50.24,26.61,31.37,23.55,80.4
GHA,GHA_GHA14.1_2,Adaklu,Volta,2005,1208.6,863.1,-147.14,26.61,31.3,23.6,80.5
GHA,GHA_GHA14.1_2,Adaklu,Volta,2006,1250.2,943.3,-105.54,26.67,31.31,23.7,80.59
GHA,GHA_GHA14.1_2,Adaklu,Volta,2007,1387.4,1125.6,31.66,26.65,31.69,23.36,78.96
GHA,GHA_GHA14.1_2,Adaklu,Volta,2008,1388.8,1098.9,33.06,26.61,31.56,23.35,79.03
GHA,GHA_GHA14.1_2,Adaklu,Volta,2009,1364.0,1072.8,8.26,26.76,31.51,23.71,79.7
GHA,GHA_GHA14.1_2,Adaklu,Volta,2010,1497.5,1161.2,141.76,26.95,31.53,24.0,80.56
GHA,GHA_GHA14.1_2,Adaklu,Volta,2011,1337.1,1036.3,-18.64,26.56,31.4,23.46,80.07
GHA,GHA_GHA14.1_2,Adaklu,Volta,2012,1565.8,1172.2,210.06,26.43,31.17,23.47,80.73
GHA,GHA_GHA14.1_2,Adaklu,Volta,2013,1181.5,845.3,-174.24,26.7,31.48,23.65,79.23
GHA,GHA_GHA14.1_2,Adaklu,Volta,2014,1582.2,1155.8,226.46,26.47,30.99,23.64,81.91
GHA,GHA_GHA14.1_2,Adaklu,Volta,2015,1211.5,870.4,-144.24,26.61,31.38,23.51,79.52
GHA,GHA_GHA14.1_2,Adaklu,Volta,2016,1704.9,1317.0,349.16,26.95,31.83,23.94,80.38
GHA,GHA_GHA14.1_2,Adaklu,Volta,2017,1364.4,930.5,8.66,26.67,31.89,23.62,81.77
GHA,GHA_GHA14.1_2,Adaklu,Volta,2018,1291.4,990.2,-64.34,26.67,32.0,23.47,81.24
GHA,GHA_GHA14.1_2,Adaklu,Volta,2019,1416.8,1110.5,61.06,26.98,32.31,23.85,82.02
GHA,GHA_GHA14.1_2,Adaklu,Volta,2020,1095.8,891.8,-259.94,26.96,32.46,23.64,79.54
GHA,GHA_GHA14.1_2,Adaklu,Volta,2021,1299.0,1027.8,-56.74,27.05,32.62,23.83,80.48
GHA,GHA_GHA14.1_2,Adaklu,Volta,2022,1306.1,968.2,-49.64,26.54,32.62,23.06,79.24
GHA,GHA_GHA14.1_2,Adaklu,Volta,2023,1667.9,1305.4,312.16,26.91,32.78,23.51,80.37
GHA,GHA_GHA14.1_2,Adaklu,Volta,2024,1302.9,984.0,-52.84,27.41,33.48,23.82,77.87
GHA,GHA_GHA14.1_2,Adaklu,Volta,2025,1106.4,788.1,-249.34,27.17,32.57,23.84,79.3
GHA,GHA_GHA14.2_2,AfadzatoSouth,Volta,2000,1654.0,1406.9,80.32,26.58,30.7,23.79,79.92
GHA,GHA_GHA14.2_2,AfadzatoSouth,Volta,2001,1283.2,1011.6,-290.48,26.52,30.55,23.85,80.44
GHA,GHA_GHA14.2_2,AfadzatoSouth,Volta,2002,1913.6,1454.4,339.92,26.57,30.51,23.87,80.81
GHA,GHA_GHA14.2_2,AfadzatoSouth,Volta,2003,1717.3,1237.1,143.62,26.73,30.63,24.13,81.88
GHA,GHA_GHA14.2_2,AfadzatoSouth,Volta,2004,1713.2,1315.0,139.52,26.67,30.56,24.04,81.5
GHA,GHA_GHA14.2_2,AfadzatoSouth,Volta,2005,1398.1,1053.6,-175.58,26.75,30.66,24.1,81.04
GHA,GHA_GHA14.2_2,AfadzatoSouth,Volta,2006,1532.2,1186.9,-41.48,26.8,30.68,24.16,80.93
GHA,GHA_GHA14.2_2,AfadzatoSouth,Volta,2007,1681.4,1343.7,107.72,26.81,30.96,23.94,78.93
GHA,GHA_GHA14.2_2,AfadzatoSouth,Volta,2008,1533.7,1197.9,-39.98,26.75,30.87,23.87,78.95
GHA,GHA_GHA14.2_2,AfadzatoSouth,Volta,2009,1567.2,1182.0,-6.48,26.77,30.62,24.13,81.18
GHA,GHA_GHA14.2_2,AfadzatoSouth,Volta,2010,1608.6,1273.9,34.92,26.98,30.76,24.41,81.53
GHA,GHA_GHA14.2_2,AfadzatoSouth,Volta,2011,1626.5,1265.6,52.82,26.67,30.67,23.94,80.5
GHA,GHA_GHA14.2_2,AfadzatoSouth,Volta,2012,1850.4,1337.5,276.72,26.47,30.31,23.88,81.57
GHA,GHA_GHA14.2_2,AfadzatoSouth,Volta,2013,1490.5,1048.3,-83.18,26.73,30.63,24.01,80.26
GHA,GHA_GHA14.2_2,AfadzatoSouth,Volta,2014,1882.4,1365.7,308.72,26.55,30.28,24.06,82.67
GHA,GHA_GHA14.2_2,AfadzatoSouth,Volta,2015,1528.9,1151.1,-44.78,26.81,30.85,24.01,79.54
GHA,GHA_GHA14.2_2,AfadzatoSouth,Volta,2016,2042.1,1599.3,468.42,27.11,31.18,24.38,80.36
GHA,GHA_GHA14.2_2,AfadzatoSouth,Volta,2017,1459.6,996.4,-114.08,26.25,31.11,22.89,79.5
GHA,GHA_GHA14.2_2,AfadzatoSouth,Volta,2018,1359.8,1068.7,-213.88,26.14,30.92,22.7,79.52
GHA,GHA_GHA14.2_2,AfadzatoSouth,Volta,2019,1684.3,1302.6,110.62,26.49,31.24,23.17,80.42
GHA,GHA_GHA14.2_2,AfadzatoSouth,Volta,2020,1316.5,987.8,-257.18,26.47,31.47,22.92,77.41
GHA,GHA_GHA14.2_2,AfadzatoSouth,Volta,2021,1338.2,1034.4,-235.48,26.69,31.9,23.15,78.16
GHA,GHA_GHA14.2_2,AfadzatoSouth,Volta,2022,1526.3,1202.4,-47.38,26.17,31.75,22.44,76.65
GHA,GHA_GHA14.2_2,AfadzatoSouth,Volta,2023,1771.6,1376.6,197.92,26.43,31.91,22.82,78.3
GHA,GHA_GHA14.2_2,AfadzatoSouth,Volta,2024,1303.3,948.3,-270.38,27.16,32.86,23.18,74.21
GHA,GHA_GHA14.2_2,AfadzatoSouth,Volta,2025,1132.8,880.2,-440.88,26.48,31.34,23.01,79.19
GHA,GHA_GHA14.3_2,AgotimeZiope,Volta,2000,1204.3,979.8,-50.88,26.27,31.33,23.19,80.47
GHA,GHA_GHA14.3_2,AgotimeZiope,Volta,2001,1083.2,781.3,-171.98,26.15,30.95,23.22,81.22
GHA,GHA_GHA14.3_2,AgotimeZiope,Volta,2002,1296.0,945.7,40.82,26.27,31.19,23.19,81.27
GHA,GHA_GHA14.3_2,AgotimeZiope,Volta,2003,1207.5,830.9,-47.68,26.49,31.36,23.48,81.94
GHA,GHA_GHA14.3_2,AgotimeZiope,Volta,2004,1201.2,879.1,-53.98,26.4,31.29,23.34,81.55
GHA,GHA_GHA14.3_2,AgotimeZiope,Volta,2005,1054.8,736.1,-200.38,26.44,31.26,23.44,81.24
GHA,GHA_GHA14.3_2,AgotimeZiope,Volta,2006,1144.0,849.3,-111.18,26.49,31.25,23.53,81.59
GHA,GHA_GHA14.3_2,AgotimeZiope,Volta,2007,1174.0,944.1,-81.18,26.47,31.65,23.18,79.67
GHA,GHA_GHA14.3_2,AgotimeZiope,Volta,2008,1221.1,953.9,-34.08,26.43,31.54,23.16,79.74
GHA,GHA_GHA14.3_2,AgotimeZiope,Volta,2009,1165.9,901.3,-89.28,26.56,31.44,23.5,80.69
GHA,GHA_GHA14.3_2,AgotimeZiope,Volta,2010,1270.4,970.2,15.22,26.76,31.47,23.82,81.54
GHA,GHA_GHA14.3_2,AgotimeZiope,Volta,2011,1209.8,918.2,-45.38,26.36,31.35,23.25,80.95
GHA,GHA_GHA14.3_2,AgotimeZiope,Volta,2012,1379.3,989.0,124.12,26.24,31.09,23.28,81.72
GHA,GHA_GHA14.3_2,AgotimeZiope,Volta,2013,991.6,674.2,-263.58,26.51,31.39,23.45,80.11
GHA,GHA_GHA14.3_2,AgotimeZiope,Volta,2014,1390.7,969.0,135.52,26.3,30.95,23.48,82.81
GHA,GHA_GHA14.3_2,AgotimeZiope,Volta,2015,1120.3,807.1,-134.88,26.47,31.4,23.34,79.94
GHA,GHA_GHA14.3_2,AgotimeZiope,Volta,2016,1587.1,1231.6,331.92,26.8,31.85,23.77,80.97
GHA,GHA_GHA14.3_2,AgotimeZiope,Volta,2017,1321.3,940.4,66.12,26.45,31.93,23.29,82.68
GHA,GHA_GHA14.3_2,AgotimeZiope,Volta,2018,1359.6,1059.8,104.42,26.44,32.04,23.13,82.11
GHA,GHA_GHA14.3_2,AgotimeZiope,Volta,2019,1518.8,1228.2,263.62,26.74,32.27,23.53,83.04
GHA,GHA_GHA14.3_2,AgotimeZiope,Volta,2020,1086.5,888.0,-168.68,26.75,32.52,23.28,80.14
GHA,GHA_GHA14.3_2,AgotimeZiope,Volta,2021,1375.4,1108.5,120.22,26.84,32.66,23.45,81.17
GHA,GHA_GHA14.3_2,AgotimeZiope,Volta,2022,1368.0,1035.1,112.82,26.33,32.69,22.69,79.79
GHA,GHA_GHA14.3_2,AgotimeZiope,Volta,2023,1712.2,1337.3,457.02,26.68,32.89,23.1,80.76
GHA,GHA_GHA14.3_2,AgotimeZiope,Volta,2024,1264.1,965.7,8.92,27.17,33.47,23.4,78.2
GHA,GHA_GHA14.3_2,AgotimeZiope,Volta,2025,927.5,718.9,-327.68,26.85,32.03,23.59,80.52
GHA,GHA_GHA14.4_2,AkatsiNorth,Volta,2000,994.9,779.9,-124.55,26.16,30.82,23.21,80.17
GHA,GHA_GHA14.4_2,AkatsiNorth,Volta,2001,1037.3,728.6,-82.15,26.03,30.43,23.26,81.14
GHA,GHA_GHA14.4_2,AkatsiNorth,Volta,2002,1060.3,748.6,-59.15,26.23,30.88,23.25,80.46
GHA,GHA_GHA14.4_2,AkatsiNorth,Volta,2003,1101.4,713.1,-18.05,26.44,31.01,23.53,81.1
GHA,GHA_GHA14.4_2,AkatsiNorth,Volta,2004,1047.3,766.6,-72.15,26.34,30.9,23.39,80.76
GHA,GHA_GHA14.4_2,AkatsiNorth,Volta,2005,998.2,693.4,-121.25,26.36,30.87,23.46,80.69
GHA,GHA_GHA14.4_2,AkatsiNorth,Volta,2006,1048.8,787.6,-70.65,26.4,30.84,23.59,81.11
GHA,GHA_GHA14.4_2,AkatsiNorth,Volta,2007,1095.9,881.3,-23.55,26.34,31.19,23.15,79.57
GHA,GHA_GHA14.4_2,AkatsiNorth,Volta,2008,1118.1,856.3,-1.35,26.3,31.07,23.16,79.71
GHA,GHA_GHA14.4_2,AkatsiNorth,Volta,2009,1067.2,852.0,-52.25,26.53,31.14,23.57,79.65
GHA,GHA_GHA14.4_2,AkatsiNorth,Volta,2010,1181.1,876.1,61.65,26.7,31.09,23.87,80.93
GHA,GHA_GHA14.4_2,AkatsiNorth,Volta,2011,1170.5,908.6,51.05,26.23,30.83,23.27,80.84
GHA,GHA_GHA14.4_2,AkatsiNorth,Volta,2012,1204.1,870.6,84.65,26.16,30.72,23.34,81.11
GHA,GHA_GHA14.4_2,AkatsiNorth,Volta,2013,935.8,631.2,-183.65,26.44,31.04,23.51,79.63
GHA,GHA_GHA14.4_2,AkatsiNorth,Volta,2014,1294.4,897.3,174.95,26.22,30.56,23.53,82.24
GHA,GHA_GHA14.4_2,AkatsiNorth,Volta,2015,1053.7,757.8,-65.75,26.31,30.88,23.32,80.06
GHA,GHA_GHA14.4_2,AkatsiNorth,Volta,2016,1380.6,1066.8,261.15,26.65,31.33,23.77,80.88
GHA,GHA_GHA14.4_2,AkatsiNorth,Volta,2017,1219.3,812.7,99.85,26.75,31.39,23.91,81.22
GHA,GHA_GHA14.4_2,AkatsiNorth,Volta,2018,1082.9,817.4,-36.55,26.82,31.6,23.77,80.3
GHA,GHA_GHA14.4_2,AkatsiNorth,Volta,2019,1244.7,960.0,125.25,27.07,31.83,24.07,81.24
GHA,GHA_GHA14.4_2,AkatsiNorth,Volta,2020,1071.4,838.7,-48.05,27.05,32.06,23.89,78.85
GHA,GHA_GHA14.4_2,AkatsiNorth,Volta,2021,1194.3,927.5,74.85,27.26,32.37,24.1,78.89
GHA,GHA_GHA14.4_2,AkatsiNorth,Volta,2022,1182.7,857.0,63.25,26.76,32.37,23.35,77.91
GHA,GHA_GHA14.4_2,AkatsiNorth,Volta,2023,1233.6,899.3,114.15,27.23,32.7,23.93,78.28
GHA,GHA_GHA14.4_2,AkatsiNorth,Volta,2024,1111.4,841.9,-8.05,27.42,32.8,24.21,77.85
GHA,GHA_GHA14.4_2,AkatsiNorth,Volta,2025,975.8,734.2,-143.65,26.93,31.8,23.93,80.66
GHA,GHA_GHA14.5_2,AkatsiSouth,Volta,2000,994.9,779.9,-118.7,26.63,30.22,24.37,80.72
GHA,GHA_GHA14.5_2,AkatsiSouth,Volta,2001,1037.3,728.6,-76.3,26.53,29.91,24.39,81.45
GHA,GHA_GHA14.5_2,AkatsiSouth,Volta,2002,1060.3,748.6,-53.3,26.75,30.41,24.46,80.64
GHA,GHA_GHA14.5_2,AkatsiSouth,Volta,2003,1101.4,713.1,-12.2,26.95,30.52,24.69,81.17
GHA,GHA_GHA14.5_2,AkatsiSouth,Volta,2004,1047.3,766.6,-66.3,26.82,30.4,24.55,81.06
GHA,GHA_GHA14.5_2,AkatsiSouth,Volta,2005,998.2,693.4,-115.4,26.83,30.35,24.57,81.22
GHA,GHA_GHA14.5_2,AkatsiSouth,Volta,2006,1048.8,787.6,-64.8,26.92,30.39,24.73,81.2
GHA,GHA_GHA14.5_2,AkatsiSouth,Volta,2007,1095.9,881.3,-17.7,26.83,30.58,24.4,80.3
GHA,GHA_GHA14.5_2,AkatsiSouth,Volta,2008,1118.1,856.3,4.5,26.84,30.55,24.44,80.08
GHA,GHA_GHA14.5_2,AkatsiSouth,Volta,2009,1067.2,852.0,-46.4,26.98,30.64,24.69,80.14
GHA,GHA_GHA14.5_2,AkatsiSouth,Volta,2010,1181.1,876.1,67.5,27.13,30.49,24.99,81.68
GHA,GHA_GHA14.5_2,AkatsiSouth,Volta,2011,1170.5,908.6,56.9,26.68,30.14,24.48,81.69
GHA,GHA_GHA14.5_2,AkatsiSouth,Volta,2012,1204.1,870.6,90.5,26.62,30.15,24.45,81.57
GHA,GHA_GHA14.5_2,AkatsiSouth,Volta,2013,935.8,631.2,-177.8,26.91,30.57,24.63,79.95
GHA,GHA_GHA14.5_2,AkatsiSouth,Volta,2014,1294.4,897.3,180.8,26.69,30.07,24.6,82.61
GHA,GHA_GHA14.5_2,AkatsiSouth,Volta,2015,1053.7,757.8,-59.9,26.76,30.29,24.46,80.93
GHA,GHA_GHA14.5_2,AkatsiSouth,Volta,2016,1380.6,1066.8,267.0,27.05,30.64,24.83,81.9
GHA,GHA_GHA14.5_2,AkatsiSouth,Volta,2017,1276.2,815.3,162.6,26.8,31.16,24.21,82.27
GHA,GHA_GHA14.5_2,AkatsiSouth,Volta,2018,1083.2,810.2,-30.4,26.9,31.44,24.11,81.05
GHA,GHA_GHA14.5_2,AkatsiSouth,Volta,2019,1236.0,947.1,122.4,27.17,31.68,24.44,81.92
GHA,GHA_GHA14.5_2,AkatsiSouth,Volta,2020,1061.5,814.8,-52.1,27.14,31.92,24.27,79.68
GHA,GHA_GHA14.5_2,AkatsiSouth,Volta,2021,1138.9,889.8,25.3,27.28,32.04,24.46,80.11
GHA,GHA_GHA14.5_2,AkatsiSouth,Volta,2022,1132.8,849.6,19.2,26.78,31.98,23.73,79.24
GHA,GHA_GHA14.5_2,AkatsiSouth,Volta,2023,1206.3,865.4,92.7,27.26,32.35,24.22,79.41
GHA,GHA_GHA14.5_2,AkatsiSouth,Volta,2024,1065.7,795.7,-47.9,27.56,32.85,24.43,78.12
GHA,GHA_GHA14.5_2,AkatsiSouth,Volta,2025,963.3,689.2,-150.3,27.34,32.4,24.21,78.71
GHA,GHA_GHA14.6_2,Anloga,Volta,2000,634.7,487.0,-138.66,26.49,27.88,25.34,82.42
GHA,GHA_GHA14.6_2,Anloga,Volta,2001,725.0,503.8,-48.36,26.45,27.78,25.36,82.6
GHA,GHA_GHA14.6_2,Anloga,Volta,2002,651.2,447.9,-122.16,26.51,27.92,25.34,83.12
GHA,GHA_GHA14.6_2,Anloga,Volta,2003,720.0,451.8,-53.36,26.75,28.1,25.62,83.08
GHA,GHA_GHA14.6_2,Anloga,Volta,2004,657.6,486.1,-115.76,26.56,27.88,25.43,83.33
GHA,GHA_GHA14.6_2,Anloga,Volta,2005,750.1,536.1,-23.26,26.64,27.97,25.49,83.09
GHA,GHA_GHA14.6_2,Anloga,Volta,2006,702.0,549.0,-71.36,26.74,28.03,25.64,82.97
GHA,GHA_GHA14.6_2,Anloga,Volta,2007,816.9,658.9,43.54,26.64,28.05,25.39,82.25
GHA,GHA_GHA14.6_2,Anloga,Volta,2008,746.4,587.5,-26.96,26.7,28.11,25.44,81.77
GHA,GHA_GHA14.6_2,Anloga,Volta,2009,765.0,625.0,-8.36,26.6,28.0,25.48,83.34
GHA,GHA_GHA14.6_2,Anloga,Volta,2010,845.2,632.2,71.84,27.01,28.28,25.88,82.63
GHA,GHA_GHA14.6_2,Anloga,Volta,2011,829.1,640.7,55.74,26.56,27.87,25.47,83.05
GHA,GHA_GHA14.6_2,Anloga,Volta,2012,789.0,563.5,15.64,26.44,27.75,25.34,83.4
GHA,GHA_GHA14.6_2,Anloga,Volta,2013,524.7,347.7,-248.66,26.53,27.89,25.41,83.47
GHA,GHA_GHA14.6_2,Anloga,Volta,2014,970.6,714.3,197.24,26.55,27.86,25.47,83.96
GHA,GHA_GHA14.6_2,Anloga,Volta,2015,727.9,553.8,-45.46,26.56,27.97,25.35,83.12
GHA,GHA_GHA14.6_2,Anloga,Volta,2016,907.7,711.6,134.34,26.79,28.19,25.67,84.37
GHA,GHA_GHA14.6_2,Anloga,Volta,2017,890.9,592.3,117.54,26.97,29.15,25.42,83.67
GHA,GHA_GHA14.6_2,Anloga,Volta,2018,870.9,644.1,97.54,26.91,29.01,25.32,83.87
GHA,GHA_GHA14.6_2,Anloga,Volta,2019,918.6,662.0,145.24,27.18,29.26,25.57,84.24
GHA,GHA_GHA14.6_2,Anloga,Volta,2020,640.7,478.2,-132.66,27.03,29.3,25.32,82.71
GHA,GHA_GHA14.6_2,Anloga,Volta,2021,854.6,628.8,81.24,27.24,29.36,25.62,82.47
GHA,GHA_GHA14.6_2,Anloga,Volta,2022,982.4,762.8,209.04,26.7,28.94,24.93,82.38
GHA,GHA_GHA14.6_2,Anloga,Volta,2023,888.3,636.1,114.94,27.43,30.02,25.39,79.98
GHA,GHA_GHA14.6_2,Anloga,Volta,2024,657.5,505.8,-115.86,27.62,30.43,25.5,78.66
GHA,GHA_GHA14.6_2,Anloga,Volta,2025,640.4,474.4,-132.96,27.15,30.04,25.15,80.56
GHA,GHA_GHA14.7_2,CentralTongu,Volta,2000,972.7,754.0,-92.59,26.66,31.04,23.87,79.51
GHA,GHA_GHA14.7_2,CentralTongu,Volta,2001,1002.2,689.0,-63.09,26.55,30.68,23.91,80.24
GHA,GHA_GHA14.7_2,CentralTongu,Volta,2002,1077.4,750.7,12.11,26.75,31.14,23.93,79.65
GHA,GHA_GHA14.7_2,CentralTongu,Volta,2003,1068.1,693.1,2.81,26.94,31.23,24.17,80.3
GHA,GHA_GHA14.7_2,CentralTongu,Volta,2004,1003.2,720.6,-62.09,26.86,31.18,24.05,79.84
GHA,GHA_GHA14.7_2,CentralTongu,Volta,2005,967.7,648.7,-97.59,26.85,31.08,24.08,80.07
GHA,GHA_GHA14.7_2,CentralTongu,Volta,2006,963.9,706.7,-101.39,26.93,31.13,24.23,80.13
GHA,GHA_GHA14.7_2,CentralTongu,Volta,2007,1046.5,839.9,-18.79,26.88,31.45,23.87,78.75
GHA,GHA_GHA14.7_2,CentralTongu,Volta,2008,1036.8,774.1,-28.49,26.86,31.34,23.89,78.8
GHA,GHA_GHA14.7_2,CentralTongu,Volta,2009,1033.7,803.4,-31.59,27.02,31.37,24.24,79.08
GHA,GHA_GHA14.7_2,CentralTongu,Volta,2010,1134.3,843.1,69.01,27.2,31.31,24.52,80.1
GHA,GHA_GHA14.7_2,CentralTongu,Volta,2011,1064.6,809.6,-0.69,26.76,31.05,23.96,80.0
GHA,GHA_GHA14.7_2,CentralTongu,Volta,2012,1113.0,788.6,47.71,26.68,30.97,23.98,80.26
GHA,GHA_GHA14.7_2,CentralTongu,Volta,2013,906.9,605.4,-158.39,26.95,31.33,24.19,78.84
GHA,GHA_GHA14.7_2,CentralTongu,Volta,2014,1240.7,843.9,175.41,26.73,30.82,24.14,81.36
GHA,GHA_GHA14.7_2,CentralTongu,Volta,2015,1022.5,722.9,-42.79,26.8,31.05,23.98,79.65
GHA,GHA_GHA14.7_2,CentralTongu,Volta,2016,1382.2,1050.3,316.91,27.13,31.51,24.4,80.36
GHA,GHA_GHA14.7_2,CentralTongu,Volta,2017,1099.7,694.8,34.41,26.92,31.33,24.31,81.56
GHA,GHA_GHA14.7_2,CentralTongu,Volta,2018,1040.4,776.3,-24.89,26.97,31.56,24.15,80.54
GHA,GHA_GHA14.7_2,CentralTongu,Volta,2019,1168.0,917.7,102.71,27.25,31.81,24.48,81.36
GHA,GHA_GHA14.7_2,CentralTongu,Volta,2020,937.5,732.1,-127.79,27.28,32.13,24.35,78.68
GHA,GHA_GHA14.7_2,CentralTongu,Volta,2021,1120.2,870.4,54.91,27.42,32.29,24.54,79.11
GHA,GHA_GHA14.7_2,CentralTongu,Volta,2022,1172.9,870.1,107.61,26.92,32.2,23.8,78.28
GHA,GHA_GHA14.7_2,CentralTongu,Volta,2023,1261.5,921.9,196.21,27.36,32.54,24.26,78.7
GHA,GHA_GHA14.7_2,CentralTongu,Volta,2024,982.5,729.5,-82.79,27.65,32.99,24.46,77.5
GHA,GHA_GHA14.7_2,CentralTongu,Volta,2025,878.4,615.2,-186.89,27.27,32.23,24.26,79.31
GHA,GHA_GHA14.8_2,HoMunicipal,Volta,2000,1599.5,1352.5,61.71,25.98,30.76,22.92,80.63
GHA,GHA_GHA14.8_2,HoMunicipal,Volta,2001,1316.6,993.9,-221.19,25.9,30.52,22.97,81.19
GHA,GHA_GHA14.8_2,HoMunicipal,Volta,2002,1853.3,1399.3,315.51,25.98,30.59,22.97,81.56
GHA,GHA_GHA14.8_2,HoMunicipal,Volta,2003,1690.5,1195.2,152.71,26.14,30.71,23.24,82.58
GHA,GHA_GHA14.8_2,HoMunicipal,Volta,2004,1624.4,1243.0,86.61,26.09,30.66,23.14,82.0
GHA,GHA_GHA14.8_2,HoMunicipal,Volta,2005,1362.0,1002.5,-175.79,26.15,30.68,23.2,81.6
GHA,GHA_GHA14.8_2,HoMunicipal,Volta,2006,1483.4,1127.0,-54.39,26.18,30.68,23.29,81.75
GHA,GHA_GHA14.8_2,HoMunicipal,Volta,2007,1613.3,1282.6,75.51,26.2,31.01,23.02,79.73
GHA,GHA_GHA14.8_2,HoMunicipal,Volta,2008,1562.8,1233.7,25.01,26.16,30.94,22.96,79.71
GHA,GHA_GHA14.8_2,HoMunicipal,Volta,2009,1557.3,1192.3,19.51,26.2,30.72,23.24,81.64
GHA,GHA_GHA14.8_2,HoMunicipal,Volta,2010,1654.9,1306.8,117.11,26.41,30.82,23.56,82.08
GHA,GHA_GHA14.8_2,HoMunicipal,Volta,2011,1570.9,1214.0,33.11,26.08,30.77,23.05,81.09
GHA,GHA_GHA14.8_2,HoMunicipal,Volta,2012,1846.3,1357.6,308.51,25.9,30.41,23.01,82.18
GHA,GHA_GHA14.8_2,HoMunicipal,Volta,2013,1413.8,1007.2,-123.99,26.18,30.75,23.17,80.56
GHA,GHA_GHA14.8_2,HoMunicipal,Volta,2014,1839.0,1339.5,301.21,25.96,30.32,23.21,83.27
GHA,GHA_GHA14.8_2,HoMunicipal,Volta,2015,1442.4,1055.2,-95.39,26.21,30.9,23.11,80.01
GHA,GHA_GHA14.8_2,HoMunicipal,Volta,2016,1983.1,1545.6,445.31,26.54,31.3,23.55,80.94
GHA,GHA_GHA14.8_2,HoMunicipal,Volta,2017,1374.3,983.7,-163.49,26.16,31.62,22.86,82.22
GHA,GHA_GHA14.8_2,HoMunicipal,Volta,2018,1437.8,1145.0,-99.99,26.12,31.64,22.72,81.95
GHA,GHA_GHA14.8_2,HoMunicipal,Volta,2019,1508.3,1239.4,-29.49,26.49,31.94,23.21,82.58
GHA,GHA_GHA14.8_2,HoMunicipal,Volta,2020,1294.2,1084.0,-243.59,26.5,32.23,22.97,79.62
GHA,GHA_GHA14.8_2,HoMunicipal,Volta,2021,1373.9,1105.7,-163.89,26.56,32.36,23.1,80.99
GHA,GHA_GHA14.8_2,HoMunicipal,Volta,2022,1470.2,1132.4,-67.59,26.05,32.31,22.45,79.43
GHA,GHA_GHA14.8_2,HoMunicipal,Volta,2023,1738.1,1347.0,200.31,26.39,32.49,22.85,80.56
GHA,GHA_GHA14.8_2,HoMunicipal,Volta,2024,1377.6,1021.0,-160.19,26.96,33.16,23.29,77.62
GHA,GHA_GHA14.8_2,HoMunicipal,Volta,2025,994.6,747.4,-543.19,27.06,32.68,23.49,77.18
GHA,GHA_GHA14.9_2,HoWest,Volta,2000,1121.2,926.9,-155.1,26.44,30.91,23.55,80.29
GHA,GHA_GHA14.9_2,HoWest,Volta,2001,1065.0,771.4,-211.3,26.36,30.69,23.59,80.75
GHA,GHA_GHA14.9_2,HoWest,Volta,2002,1289.9,957.3,13.6,26.46,30.78,23.62,81.15
GHA,GHA_GHA14.9_2,HoWest,Volta,2003,1178.8,806.8,-97.5,26.66,30.94,23.88,81.81
GHA,GHA_GHA14.9_2,HoWest,Volta,2004,1141.8,867.2,-134.5,26.6,30.9,23.8,81.22
GHA,GHA_GHA14.9_2,HoWest,Volta,2005,1058.1,776.6,-218.2,26.63,30.89,23.83,81.16
GHA,GHA_GHA14.9_2,HoWest,Volta,2006,1107.7,863.4,-168.6,26.68,30.91,23.93,81.12
GHA,GHA_GHA14.9_2,HoWest,Volta,2007,1268.7,1046.1,-7.6,26.68,31.23,23.66,79.43
GHA,GHA_GHA14.9_2,HoWest,Volta,2008,1275.3,1048.4,-1.0,26.63,31.11,23.61,79.5
GHA,GHA_GHA14.9_2,HoWest,Volta,2009,1227.6,956.0,-48.7,26.71,30.95,23.91,80.79
GHA,GHA_GHA14.9_2,HoWest,Volta,2010,1356.3,1077.0,80.0,26.9,31.05,24.19,81.4
GHA,GHA_GHA14.9_2,HoWest,Volta,2011,1155.0,909.2,-121.3,26.57,30.97,23.7,80.59
GHA,GHA_GHA14.9_2,HoWest,Volta,2012,1434.2,1078.1,157.9,26.39,30.61,23.64,81.64
GHA,GHA_GHA14.9_2,HoWest,Volta,2013,1100.1,802.2,-176.2,26.67,30.99,23.82,79.94
GHA,GHA_GHA14.9_2,HoWest,Volta,2014,1464.0,1110.9,187.7,26.44,30.51,23.81,82.74
GHA,GHA_GHA14.9_2,HoWest,Volta,2015,1023.5,731.9,-252.8,26.69,31.1,23.76,79.73
GHA,GHA_GHA14.9_2,HoWest,Volta,2016,1538.9,1188.3,262.6,26.99,31.45,24.16,80.74
GHA,GHA_GHA14.9_2,HoWest,Volta,2017,1301.4,923.5,25.1,26.23,31.42,22.9,82.01
GHA,GHA_GHA14.9_2,HoWest,Volta,2018,1435.6,1118.4,159.3,26.2,31.46,22.78,81.6
GHA,GHA_GHA14.9_2,HoWest,Volta,2019,1525.8,1235.6,249.5,26.57,31.85,23.2,82.07
GHA,GHA_GHA14.9_2,HoWest,Volta,2020,1214.2,997.0,-62.1,26.56,32.11,22.93,79.62
GHA,GHA_GHA14.9_2,HoWest,Volta,2021,1255.0,957.7,-21.3,26.66,32.31,23.09,80.53
GHA,GHA_GHA14.9_2,HoWest,Volta,2022,1444.0,1092.6,167.7,26.11,32.16,22.4,79.57
GHA,GHA_GHA14.9_2,HoWest,Volta,2023,1651.2,1262.1,374.9,26.43,32.34,22.84,80.87
GHA,GHA_GHA14.9_2,HoWest,Volta,2024,1333.1,1027.9,56.8,26.95,33.01,23.13,78.13
GHA,GHA_GHA14.9_2,HoWest,Volta,2025,1217.5,935.5,-58.8,26.48,31.73,23.01,81.06
GHA,GHA_GHA14.10_2,Hohoe,Volta,2000,1763.8,1498.7,102.92,26.18,30.35,23.11,80.44
GHA,GHA_GHA14.10_2,Hohoe,Volta,2001,1399.9,1096.7,-260.98,26.2,30.28,23.3,80.64
GHA,GHA_GHA14.10_2,Hohoe,Volta,2002,1976.9,1464.5,316.02,26.17,30.16,23.2,81.44
GHA,GHA_GHA14.10_2,Hohoe,Volta,2003,1730.2,1220.7,69.32,26.25,30.18,23.47,83.39
GHA,GHA_GHA14.10_2,Hohoe,Volta,2004,1812.6,1374.5,151.72,26.17,30.12,23.33,83.07
GHA,GHA_GHA14.10_2,Hohoe,Volta,2005,1562.1,1190.5,-98.78,26.31,30.2,23.48,82.17
GHA,GHA_GHA14.10_2,Hohoe,Volta,2006,1661.8,1307.9,0.92,26.31,30.2,23.49,82.32
GHA,GHA_GHA14.10_2,Hohoe,Volta,2007,1888.4,1526.3,227.52,26.35,30.54,23.21,79.9
GHA,GHA_GHA14.10_2,Hohoe,Volta,2008,1671.4,1286.2,10.52,26.3,30.48,23.13,79.46
GHA,GHA_GHA14.10_2,Hohoe,Volta,2009,1769.4,1294.5,108.52,26.3,30.21,23.48,82.81
GHA,GHA_GHA14.10_2,Hohoe,Volta,2010,1766.3,1392.4,105.42,26.53,30.34,23.75,82.72
GHA,GHA_GHA14.10_2,Hohoe,Volta,2011,1861.4,1448.0,200.52,26.24,30.3,23.29,81.31
GHA,GHA_GHA14.10_2,Hohoe,Volta,2012,1993.9,1405.0,333.02,25.96,29.81,23.14,82.84
GHA,GHA_GHA14.10_2,Hohoe,Volta,2013,1670.5,1169.1,9.62,26.3,30.22,23.36,81.24
GHA,GHA_GHA14.10_2,Hohoe,Volta,2014,2042.2,1512.4,381.32,26.15,29.96,23.47,83.6
GHA,GHA_GHA14.10_2,Hohoe,Volta,2015,1622.8,1210.1,-38.08,26.43,30.5,23.37,79.88
GHA,GHA_GHA14.10_2,Hohoe,Volta,2016,2191.1,1681.0,530.22,26.76,30.88,23.77,80.54
GHA,GHA_GHA14.10_2,Hohoe,Volta,2017,1387.4,1003.6,-273.48,26.33,31.27,22.9,79.24
GHA,GHA_GHA14.10_2,Hohoe,Volta,2018,1475.5,1173.4,-185.38,26.24,31.11,22.7,78.71
GHA,GHA_GHA14.10_2,Hohoe,Volta,2019,1679.5,1372.5,18.62,26.6,31.44,23.16,79.71
GHA,GHA_GHA14.10_2,Hohoe,Volta,2020,1395.0,1135.6,-265.88,26.76,31.96,22.94,75.31
GHA,GHA_GHA14.10_2,Hohoe,Volta,2021,1228.4,1009.9,-432.48,26.9,32.28,23.15,76.93
GHA,GHA_GHA14.10_2,Hohoe,Volta,2022,1514.6,1198.4,-146.28,26.44,32.22,22.48,74.46
GHA,GHA_GHA14.10_2,Hohoe,Volta,2023,1583.6,1270.5,-77.28,26.63,32.34,22.83,76.43
GHA,GHA_GHA14.10_2,Hohoe,Volta,2024,1291.0,946.2,-369.88,27.15,33.07,22.94,72.75
GHA,GHA_GHA14.10_2,Hohoe,Volta,2025,1243.3,999.4,-417.58,26.24,31.28,22.58,80.48
GHA,GHA_GHA14.11_2,KetaMunicipal,Volta,2000,581.1,469.9,-254.97,26.73,29.52,24.84,81.04
GHA,GHA_GHA14.11_2,KetaMunicipal,Volta,2001,703.9,519.0,-132.17,26.65,29.26,24.89,81.59
GHA,GHA_GHA14.11_2,KetaMunicipal,Volta,2002,619.9,460.9,-216.17,26.86,29.75,24.91,80.86
GHA,GHA_GHA14.11_2,KetaMunicipal,Volta,2003,644.7,428.4,-191.37,27.08,29.88,25.16,81.2
GHA,GHA_GHA14.11_2,KetaMunicipal,Volta,2004,675.2,537.2,-160.87,26.91,29.71,25.01,81.34
GHA,GHA_GHA14.11_2,KetaMunicipal,Volta,2005,677.4,506.4,-158.67,26.92,29.65,25.02,81.59
GHA,GHA_GHA14.11_2,KetaMunicipal,Volta,2006,687.8,568.9,-148.27,27.03,29.7,25.2,81.45
GHA,GHA_GHA14.11_2,KetaMunicipal,Volta,2007,761.5,630.8,-74.57,26.88,29.76,24.87,80.91
GHA,GHA_GHA14.11_2,KetaMunicipal,Volta,2008,673.0,541.6,-163.07,26.91,29.73,24.9,80.62
GHA,GHA_GHA14.11_2,KetaMunicipal,Volta,2009,719.1,611.3,-116.97,27.01,29.87,25.12,80.79
GHA,GHA_GHA14.11_2,KetaMunicipal,Volta,2010,869.3,686.9,33.23,27.23,29.81,25.45,81.89
GHA,GHA_GHA14.11_2,KetaMunicipal,Volta,2011,768.3,620.6,-67.77,26.74,29.35,24.94,82.28
GHA,GHA_GHA14.11_2,KetaMunicipal,Volta,2012,737.5,574.9,-98.57,26.7,29.41,24.91,81.98
GHA,GHA_GHA14.11_2,KetaMunicipal,Volta,2013,480.6,346.3,-355.47,26.95,29.79,25.05,80.66
GHA,GHA_GHA14.11_2,KetaMunicipal,Volta,2014,881.7,683.2,45.63,26.81,29.45,25.06,82.75
GHA,GHA_GHA14.11_2,KetaMunicipal,Volta,2015,698.0,566.2,-138.07,26.82,29.55,24.89,81.54
GHA,GHA_GHA14.11_2,KetaMunicipal,Volta,2016,752.0,609.9,-84.07,27.06,29.81,25.24,82.75
GHA,GHA_GHA14.11_2,KetaMunicipal,Volta,2017,1292.3,801.8,456.23,26.86,30.01,24.75,84.97
GHA,GHA_GHA14.11_2,KetaMunicipal,Volta,2018,1168.9,889.6,332.83,26.93,30.21,24.63,83.94
GHA,GHA_GHA14.11_2,KetaMunicipal,Volta,2019,1201.8,846.1,365.73,27.13,30.29,24.92,85.03
GHA,GHA_GHA14.11_2,KetaMunicipal,Volta,2020,853.6,610.6,17.53,27.01,30.35,24.71,83.29
GHA,GHA_GHA14.11_2,KetaMunicipal,Volta,2021,1181.8,881.8,345.73,27.19,30.51,24.92,83.42
GHA,GHA_GHA14.11_2,KetaMunicipal,Volta,2022,1226.0,910.6,389.93,26.61,30.0,24.23,83.36
GHA,GHA_GHA14.11_2,KetaMunicipal,Volta,2023,1160.6,811.7,324.53,27.14,30.55,24.7,82.32
GHA,GHA_GHA14.11_2,KetaMunicipal,Volta,2024,914.6,692.2,78.53,27.49,31.16,25.0,79.74
GHA,GHA_GHA14.11_2,KetaMunicipal,Volta,2025,807.3,570.5,-28.77,27.44,31.23,24.91,79.0
GHA,GHA_GHA14.12_2,KetuNorth,Volta,2000,949.3,722.7,-190.15,26.49,29.77,24.34,81.27
GHA,GHA_GHA14.12_2,KetuNorth,Volta,2001,970.6,677.0,-168.85,26.42,29.52,24.41,81.75
GHA,GHA_GHA14.12_2,KetuNorth,Volta,2002,1035.5,704.1,-103.95,26.58,29.89,24.39,81.34
GHA,GHA_GHA14.12_2,KetuNorth,Volta,2003,1073.5,670.5,-65.95,26.79,30.01,24.65,81.86
GHA,GHA_GHA14.12_2,KetuNorth,Volta,2004,1079.6,786.5,-59.85,26.64,29.86,24.48,81.88
GHA,GHA_GHA14.12_2,KetuNorth,Volta,2005,972.1,662.2,-167.35,26.7,29.92,24.54,81.64
GHA,GHA_GHA14.12_2,KetuNorth,Volta,2006,1028.9,761.8,-110.55,26.78,29.94,24.71,81.84
GHA,GHA_GHA14.12_2,KetuNorth,Volta,2007,1094.3,855.5,-45.15,26.66,30.11,24.34,80.75
GHA,GHA_GHA14.12_2,KetuNorth,Volta,2008,1054.1,792.8,-85.35,26.68,30.03,24.38,80.59
GHA,GHA_GHA14.12_2,KetuNorth,Volta,2009,1072.5,833.6,-66.95,26.8,30.08,24.65,80.98
GHA,GHA_GHA14.12_2,KetuNorth,Volta,2010,1160.4,882.1,20.95,27.05,30.14,24.99,81.68
GHA,GHA_GHA14.12_2,KetuNorth,Volta,2011,1166.8,901.7,27.35,26.58,29.77,24.45,81.83
GHA,GHA_GHA14.12_2,KetuNorth,Volta,2012,1147.9,817.7,8.45,26.51,29.72,24.44,81.99
GHA,GHA_GHA14.12_2,KetuNorth,Volta,2013,805.3,520.8,-334.15,26.75,30.03,24.59,80.7
GHA,GHA_GHA14.12_2,KetuNorth,Volta,2014,1325.0,937.2,185.55,26.59,29.68,24.6,82.88
GHA,GHA_GHA14.12_2,KetuNorth,Volta,2015,1027.2,746.8,-112.25,26.66,29.91,24.45,80.99
GHA,GHA_GHA14.12_2,KetuNorth,Volta,2016,1263.8,965.2,124.35,26.94,30.24,24.81,82.14
GHA,GHA_GHA14.12_2,KetuNorth,Volta,2017,1477.9,1005.0,338.45,26.53,30.95,23.83,84.13
GHA,GHA_GHA14.12_2,KetuNorth,Volta,2018,1358.2,990.0,218.75,26.58,31.11,23.74,83.34
GHA,GHA_GHA14.12_2,KetuNorth,Volta,2019,1338.9,1007.6,199.45,26.83,31.28,24.05,84.25
GHA,GHA_GHA14.12_2,KetuNorth,Volta,2020,1053.4,828.8,-86.05,26.64,31.28,23.76,82.89
GHA,GHA_GHA14.12_2,KetuNorth,Volta,2021,1303.5,1019.0,164.05,26.79,31.39,23.95,83.15
GHA,GHA_GHA14.12_2,KetuNorth,Volta,2022,1262.3,929.3,122.85,26.18,31.13,23.1,82.87
GHA,GHA_GHA14.12_2,KetuNorth,Volta,2023,1380.6,986.5,241.15,26.69,31.67,23.58,82.91
GHA,GHA_GHA14.12_2,KetuNorth,Volta,2024,1257.9,959.1,118.45,27.03,32.14,23.91,81.51
GHA,GHA_GHA14.12_2,KetuNorth,Volta,2025,966.3,688.7,-173.15,27.08,31.5,24.16,80.82
GHA,GHA_GHA14.13_2,KetuSouth,Volta,2000,581.1,469.9,-192.57,26.53,29.08,24.79,81.59
GHA,GHA_GHA14.13_2,KetuSouth,Volta,2001,703.9,519.0,-69.77,26.49,28.89,24.85,81.87
GHA,GHA_GHA14.13_2,KetuSouth,Volta,2002,619.9,460.9,-153.77,26.64,29.23,24.86,81.55
GHA,GHA_GHA14.13_2,KetuSouth,Volta,2003,644.7,428.4,-128.97,26.86,29.39,25.11,81.84
GHA,GHA_GHA14.13_2,KetuSouth,Volta,2004,675.2,537.2,-98.47,26.69,29.21,24.95,82.06
GHA,GHA_GHA14.13_2,KetuSouth,Volta,2005,677.4,506.4,-96.27,26.73,29.22,24.99,82.04
GHA,GHA_GHA14.13_2,KetuSouth,Volta,2006,687.8,568.9,-85.87,26.84,29.29,25.16,81.93
GHA,GHA_GHA14.13_2,KetuSouth,Volta,2007,761.5,630.8,-12.17,26.7,29.37,24.83,81.19
GHA,GHA_GHA14.13_2,KetuSouth,Volta,2008,673.0,541.6,-100.67,26.74,29.34,24.88,80.84
GHA,GHA_GHA14.13_2,KetuSouth,Volta,2009,719.1,611.3,-54.57,26.81,29.38,25.06,81.43
GHA,GHA_GHA14.13_2,KetuSouth,Volta,2010,869.3,686.9,95.63,27.08,29.45,25.42,82.01
GHA,GHA_GHA14.13_2,KetuSouth,Volta,2011,768.3,620.6,-5.37,26.61,29.04,24.93,82.27
GHA,GHA_GHA14.13_2,KetuSouth,Volta,2012,737.5,574.9,-36.17,26.55,29.05,24.88,82.2
GHA,GHA_GHA14.13_2,KetuSouth,Volta,2013,480.6,346.3,-293.07,26.75,29.31,25.02,81.24
GHA,GHA_GHA14.13_2,KetuSouth,Volta,2014,881.7,683.2,108.03,26.63,29.05,25.0,83.09
GHA,GHA_GHA14.13_2,KetuSouth,Volta,2015,698.0,566.2,-75.67,26.67,29.19,24.89,81.65
GHA,GHA_GHA14.13_2,KetuSouth,Volta,2016,752.0,609.9,-21.67,26.91,29.46,25.21,82.92
GHA,GHA_GHA14.13_2,KetuSouth,Volta,2017,1074.2,787.7,300.53,26.62,29.49,24.62,84.13
GHA,GHA_GHA14.13_2,KetuSouth,Volta,2018,963.1,784.2,189.43,26.66,29.63,24.5,83.38
GHA,GHA_GHA14.13_2,KetuSouth,Volta,2019,966.0,723.3,192.33,26.93,29.86,24.8,84.06
GHA,GHA_GHA14.13_2,KetuSouth,Volta,2020,645.5,514.1,-128.17,26.68,29.68,24.55,82.89
GHA,GHA_GHA14.13_2,KetuSouth,Volta,2021,859.3,694.0,85.63,26.98,30.04,24.8,82.28
GHA,GHA_GHA14.13_2,KetuSouth,Volta,2022,985.9,764.2,212.23,26.35,29.47,24.07,82.32
GHA,GHA_GHA14.13_2,KetuSouth,Volta,2023,971.7,683.7,198.03,26.92,30.25,24.5,81.79
GHA,GHA_GHA14.13_2,KetuSouth,Volta,2024,894.7,713.1,121.03,27.08,30.45,24.69,81.55
GHA,GHA_GHA14.13_2,KetuSouth,Volta,2025,823.9,559.5,50.23,27.08,30.23,24.82,81.22
GHA,GHA_GHA14.14_2,Kpando,Volta,2000,1115.1,992.3,-122.93,26.32,29.85,23.74,78.81
GHA,GHA_GHA14.14_2,Kpando,Volta,2001,875.1,748.1,-362.93,26.3,29.78,23.86,79.06
GHA,GHA_GHA14.14_2,Kpando,Volta,2002,1300.9,1050.2,62.87,26.36,29.72,23.88,79.42
GHA,GHA_GHA14.14_2,Kpando,Volta,2003,1173.1,920.3,-64.93,26.55,29.93,24.1,80.17
GHA,GHA_GHA14.14_2,Kpando,Volta,2004,1097.4,879.8,-140.63,26.46,29.79,24.03,80.05
GHA,GHA_GHA14.14_2,Kpando,Volta,2005,1069.5,877.1,-168.53,26.53,29.89,24.08,79.8
GHA,GHA_GHA14.14_2,Kpando,Volta,2006,1010.1,868.0,-227.93,26.61,29.97,24.17,79.3
GHA,GHA_GHA14.14_2,Kpando,Volta,2007,1292.9,1141.9,54.87,26.56,30.12,23.93,77.96
GHA,GHA_GHA14.14_2,Kpando,Volta,2008,1233.5,1071.9,-4.53,26.5,30.01,23.89,77.88
GHA,GHA_GHA14.14_2,Kpando,Volta,2009,1096.2,919.4,-141.83,26.58,29.88,24.16,79.55
GHA,GHA_GHA14.14_2,Kpando,Volta,2010,1285.6,1100.2,47.57,26.73,29.98,24.37,80.33
GHA,GHA_GHA14.14_2,Kpando,Volta,2011,1073.4,903.5,-164.63,26.45,29.87,23.94,79.32
GHA,GHA_GHA14.14_2,Kpando,Volta,2012,1391.2,1145.8,153.17,26.23,29.53,23.81,80.26
GHA,GHA_GHA14.14_2,Kpando,Volta,2013,1071.8,818.7,-166.23,26.48,29.8,24.0,79.14
GHA,GHA_GHA14.14_2,Kpando,Volta,2014,1459.4,1200.6,221.37,26.36,29.58,24.02,81.08
GHA,GHA_GHA14.14_2,Kpando,Volta,2015,1078.0,875.7,-160.03,26.6,30.06,24.01,78.39
GHA,GHA_GHA14.14_2,Kpando,Volta,2016,1554.5,1260.7,316.47,26.8,30.26,24.28,79.59
GHA,GHA_GHA14.14_2,Kpando,Volta,2017,1235.0,1019.0,-3.03,27.11,31.15,24.01,77.18
GHA,GHA_GHA14.14_2,Kpando,Volta,2018,1260.3,1065.8,22.27,26.91,30.94,23.78,77.96
GHA,GHA_GHA14.14_2,Kpando,Volta,2019,1631.7,1393.1,393.67,27.24,31.22,24.19,79.03
GHA,GHA_GHA14.14_2,Kpando,Volta,2020,1188.9,967.2,-49.13,27.11,31.24,23.86,76.3
GHA,GHA_GHA14.14_2,Kpando,Volta,2021,1164.6,931.1,-73.43,27.43,31.63,24.23,76.67
GHA,GHA_GHA14.14_2,Kpando,Volta,2022,1541.2,1317.9,303.17,26.76,31.31,23.39,75.93
GHA,GHA_GHA14.14_2,Kpando,Volta,2023,1721.4,1449.2,483.37,27.1,31.53,23.79,77.08
GHA,GHA_GHA14.14_2,Kpando,Volta,2024,1224.4,1010.3,-13.63,27.91,32.7,24.21,72.67
GHA,GHA_GHA14.14_2,Kpando,Volta,2025,1043.6,850.3,-194.43,27.53,31.79,24.25,75.95
GHA,GHA_GHA14.15_2,NorthDayi,Volta,2000,1168.4,1004.0,-86.36,26.93,30.12,24.76,78.15
GHA,GHA_GHA14.15_2,NorthDayi,Volta,2001,987.9,770.3,-266.86,26.84,30.01,24.75,78.9
GHA,GHA_GHA14.15_2,NorthDayi,Volta,2002,1335.1,1032.8,80.34,26.99,30.02,24.91,78.86
GHA,GHA_GHA14.15_2,NorthDayi,Volta,2003,1215.0,888.7,-39.76,27.2,30.27,25.13,79.23
GHA,GHA_GHA14.15_2,NorthDayi,Volta,2004,1143.5,891.9,-111.26,27.13,30.17,25.06,78.88
GHA,GHA_GHA14.15_2,NorthDayi,Volta,2005,1100.4,862.4,-154.36,27.17,30.22,25.05,79.07
GHA,GHA_GHA14.15_2,NorthDayi,Volta,2006,1086.9,882.5,-167.86,27.23,30.3,25.12,78.57
GHA,GHA_GHA14.15_2,NorthDayi,Volta,2007,1308.3,1115.6,53.54,27.2,30.4,24.98,77.28
GHA,GHA_GHA14.15_2,NorthDayi,Volta,2008,1351.5,1147.4,96.74,27.14,30.29,24.93,77.27
GHA,GHA_GHA14.15_2,NorthDayi,Volta,2009,1232.9,992.5,-21.86,27.21,30.21,25.12,78.71
GHA,GHA_GHA14.15_2,NorthDayi,Volta,2010,1410.0,1181.2,155.24,27.38,30.33,25.34,79.33
GHA,GHA_GHA14.15_2,NorthDayi,Volta,2011,1148.2,929.2,-106.56,27.1,30.2,24.94,78.37
GHA,GHA_GHA14.15_2,NorthDayi,Volta,2012,1497.6,1188.9,242.84,26.9,29.9,24.84,79.31
GHA,GHA_GHA14.15_2,NorthDayi,Volta,2013,1114.7,844.3,-140.06,27.14,30.18,25.01,78.19
GHA,GHA_GHA14.15_2,NorthDayi,Volta,2014,1530.8,1225.3,276.04,26.98,29.87,24.97,80.35
GHA,GHA_GHA14.15_2,NorthDayi,Volta,2015,1089.1,822.3,-165.66,27.24,30.37,25.06,77.71
GHA,GHA_GHA14.15_2,NorthDayi,Volta,2016,1613.3,1277.0,358.54,27.43,30.56,25.3,78.96
GHA,GHA_GHA14.15_2,NorthDayi,Volta,2017,1212.8,1040.1,-41.96,27.19,30.31,25.01,79.1
GHA,GHA_GHA14.15_2,NorthDayi,Volta,2018,1122.7,977.4,-132.06,27.12,30.25,24.92,78.93
GHA,GHA_GHA14.15_2,NorthDayi,Volta,2019,1632.3,1457.0,377.54,27.37,30.54,25.18,79.91
GHA,GHA_GHA14.15_2,NorthDayi,Volta,2020,1123.1,940.9,-131.66,27.18,30.48,24.82,78.51
GHA,GHA_GHA14.15_2,NorthDayi,Volta,2021,1069.6,904.4,-185.16,27.37,30.69,25.13,78.66
GHA,GHA_GHA14.15_2,NorthDayi,Volta,2022,1383.8,1170.1,129.04,26.83,30.38,24.46,78.19
GHA,GHA_GHA14.15_2,NorthDayi,Volta,2023,1643.4,1402.1,388.64,27.19,30.64,24.86,79.09
GHA,GHA_GHA14.15_2,NorthDayi,Volta,2024,1060.5,884.3,-194.26,27.7,31.41,25.11,76.51
GHA,GHA_GHA14.15_2,NorthDayi,Volta,2025,1042.0,898.0,-212.76,27.35,30.69,24.99,78.3
GHA,GHA_GHA14.16_2,NorthTongu,Volta,2000,1102.8,900.2,-99.05,26.68,31.37,23.57,78.63
GHA,GHA_GHA14.16_2,NorthTongu,Volta,2001,1133.5,812.6,-68.35,26.59,31.1,23.6,79.14
GHA,GHA_GHA14.16_2,NorthTongu,Volta,2002,1316.0,969.3,114.15,26.76,31.39,23.66,79.02
GHA,GHA_GHA14.16_2,NorthTongu,Volta,2003,1167.4,807.6,-34.45,26.99,31.62,23.9,79.25
GHA,GHA_GHA14.16_2,NorthTongu,Volta,2004,1171.7,881.3,-30.15,26.95,31.58,23.82,78.51
GHA,GHA_GHA14.16_2,NorthTongu,Volta,2005,1056.4,764.8,-145.45,26.92,31.47,23.87,78.99
GHA,GHA_GHA14.16_2,NorthTongu,Volta,2006,1113.8,869.7,-88.05,27.02,31.59,23.99,78.67
GHA,GHA_GHA14.16_2,NorthTongu,Volta,2007,1223.3,1004.3,21.45,26.93,31.78,23.66,77.93
GHA,GHA_GHA14.16_2,NorthTongu,Volta,2008,1164.1,917.6,-37.75,26.87,31.64,23.6,78.07
GHA,GHA_GHA14.16_2,NorthTongu,Volta,2009,1150.1,896.6,-51.75,27.09,31.74,23.99,77.92
GHA,GHA_GHA14.16_2,NorthTongu,Volta,2010,1295.4,984.4,93.55,27.23,31.66,24.25,79.23
GHA,GHA_GHA14.16_2,NorthTongu,Volta,2011,1143.2,906.5,-58.65,26.85,31.47,23.72,78.83
GHA,GHA_GHA14.16_2,NorthTongu,Volta,2012,1349.1,980.9,147.25,26.71,31.29,23.7,79.4
GHA,GHA_GHA14.16_2,NorthTongu,Volta,2013,1038.9,732.1,-162.95,27.03,31.71,23.96,77.61
GHA,GHA_GHA14.16_2,NorthTongu,Volta,2014,1466.5,1059.9,264.65,26.69,31.03,23.85,80.88
GHA,GHA_GHA14.16_2,NorthTongu,Volta,2015,1073.0,776.7,-128.85,26.81,31.31,23.75,78.98
GHA,GHA_GHA14.16_2,NorthTongu,Volta,2016,1534.8,1193.4,332.95,27.11,31.68,24.17,80.05
GHA,GHA_GHA14.16_2,NorthTongu,Volta,2017,1178.5,804.4,-23.35,27.19,32.1,24.14,79.65
GHA,GHA_GHA14.16_2,NorthTongu,Volta,2018,1128.1,824.1,-73.75,27.3,32.4,24.05,78.55
GHA,GHA_GHA14.16_2,NorthTongu,Volta,2019,1322.0,1027.8,120.15,27.55,32.68,24.32,79.6
GHA,GHA_GHA14.16_2,NorthTongu,Volta,2020,1180.9,968.5,-20.95,27.52,32.85,24.14,77.49
GHA,GHA_GHA14.16_2,NorthTongu,Volta,2021,1167.1,895.7,-34.75,27.62,33.02,24.27,78.08
GHA,GHA_GHA14.16_2,NorthTongu,Volta,2022,1350.5,1024.5,148.65,27.15,33.03,23.54,77.23
GHA,GHA_GHA14.16_2,NorthTongu,Volta,2023,1391.5,993.4,189.65,27.52,33.16,23.99,77.96
GHA,GHA_GHA14.16_2,NorthTongu,Volta,2024,1049.3,789.2,-152.55,27.99,33.86,24.34,75.71
GHA,GHA_GHA14.16_2,NorthTongu,Volta,2025,980.1,681.1,-221.75,27.57,33.13,24.24,77.78
GHA,GHA_GHA14.17_2,SouthDayi,Volta,2000,1121.2,926.9,-36.76,26.78,30.47,24.37,78.21
GHA,GHA_GHA14.17_2,SouthDayi,Volta,2001,1065.0,771.4,-92.96,26.7,30.32,24.36,78.78
GHA,GHA_GHA14.17_2,SouthDayi,Volta,2002,1289.9,957.3,131.94,26.84,30.38,24.49,78.98
GHA,GHA_GHA14.17_2,SouthDayi,Volta,2003,1178.8,806.8,20.84,27.05,30.59,24.74,79.42
GHA,GHA_GHA14.17_2,SouthDayi,Volta,2004,1141.8,867.2,-16.16,27.0,30.52,24.66,78.81
GHA,GHA_GHA14.17_2,SouthDayi,Volta,2005,1058.1,776.6,-99.86,27.01,30.52,24.65,79.11
GHA,GHA_GHA14.17_2,SouthDayi,Volta,2006,1107.7,863.4,-50.26,27.07,30.57,24.72,78.7
GHA,GHA_GHA14.17_2,SouthDayi,Volta,2007,1268.7,1046.1,110.74,27.04,30.75,24.54,77.45
GHA,GHA_GHA14.17_2,SouthDayi,Volta,2008,1275.3,1048.4,117.34,26.99,30.63,24.49,77.49
GHA,GHA_GHA14.17_2,SouthDayi,Volta,2009,1227.6,956.0,69.64,27.07,30.54,24.74,78.66
GHA,GHA_GHA14.17_2,SouthDayi,Volta,2010,1356.3,1077.0,198.34,27.26,30.65,24.98,79.24
GHA,GHA_GHA14.17_2,SouthDayi,Volta,2011,1155.0,909.2,-2.96,26.95,30.54,24.53,78.43
GHA,GHA_GHA14.17_2,SouthDayi,Volta,2012,1434.2,1078.1,276.24,26.73,30.2,24.44,79.56
GHA,GHA_GHA14.17_2,SouthDayi,Volta,2013,1100.1,802.2,-57.86,27.01,30.57,24.61,77.98
GHA,GHA_GHA14.17_2,SouthDayi,Volta,2014,1464.0,1110.9,306.04,26.8,30.12,24.58,80.58
GHA,GHA_GHA14.17_2,SouthDayi,Volta,2015,1023.5,731.9,-134.46,27.06,30.7,24.6,77.83
GHA,GHA_GHA14.17_2,SouthDayi,Volta,2016,1538.9,1188.3,380.94,27.31,30.97,24.93,78.94
GHA,GHA_GHA14.17_2,SouthDayi,Volta,2017,937.3,679.3,-220.66,26.65,30.85,23.87,78.78
GHA,GHA_GHA14.17_2,SouthDayi,Volta,2018,1048.8,806.7,-109.16,26.62,30.77,23.83,78.58
GHA,GHA_GHA14.17_2,SouthDayi,Volta,2019,1253.4,1038.3,95.44,26.91,31.19,24.12,79.32
GHA,GHA_GHA14.17_2,SouthDayi,Volta,2020,864.2,698.6,-293.76,26.88,31.43,23.84,77.03
GHA,GHA_GHA14.17_2,SouthDayi,Volta,2021,951.3,746.3,-206.66,27.0,31.67,24.03,77.64
GHA,GHA_GHA14.17_2,SouthDayi,Volta,2022,1171.8,893.8,13.84,26.48,31.34,23.42,76.73
GHA,GHA_GHA14.17_2,SouthDayi,Volta,2023,1250.1,969.5,92.14,26.75,31.36,23.85,78.42
GHA,GHA_GHA14.17_2,SouthDayi,Volta,2024,1026.3,741.8,-131.66,27.27,32.24,24.07,75.5
GHA,GHA_GHA14.17_2,SouthDayi,Volta,2025,797.6,609.1,-360.36,26.74,31.07,23.8,78.46
GHA,GHA_GHA14.18_2,SouthTongu,Volta,2000,634.7,487.0,-258.65,26.78,29.97,24.72,80.14
GHA,GHA_GHA14.18_2,SouthTongu,Volta,2001,725.0,503.8,-168.35,26.7,29.7,24.75,80.7
GHA,GHA_GHA14.18_2,SouthTongu,Volta,2002,651.2,447.9,-242.15,26.9,30.15,24.79,80.12
GHA,GHA_GHA14.18_2,SouthTongu,Volta,2003,720.0,451.8,-173.35,27.09,30.24,25.02,80.64
GHA,GHA_GHA14.18_2,SouthTongu,Volta,2004,657.6,486.1,-235.75,26.99,30.18,24.89,80.33
GHA,GHA_GHA14.18_2,SouthTongu,Volta,2005,750.1,536.1,-143.25,26.99,30.11,24.91,80.56
GHA,GHA_GHA14.18_2,SouthTongu,Volta,2006,702.0,549.0,-191.35,27.09,30.18,25.07,80.46
GHA,GHA_GHA14.18_2,SouthTongu,Volta,2007,816.9,658.9,-76.45,26.98,30.29,24.75,79.74
GHA,GHA_GHA14.18_2,SouthTongu,Volta,2008,746.4,587.5,-146.95,27.01,30.27,24.8,79.45
GHA,GHA_GHA14.18_2,SouthTongu,Volta,2009,765.0,625.0,-128.35,27.1,30.36,25.02,79.79
GHA,GHA_GHA14.18_2,SouthTongu,Volta,2010,845.2,632.2,-48.15,27.3,30.25,25.33,80.86
GHA,GHA_GHA14.18_2,SouthTongu,Volta,2011,829.1,640.7,-64.25,26.85,29.89,24.84,80.98
GHA,GHA_GHA14.18_2,SouthTongu,Volta,2012,789.0,563.5,-104.35,26.77,29.88,24.78,80.98
GHA,GHA_GHA14.18_2,SouthTongu,Volta,2013,524.7,347.7,-368.65,27.05,30.32,24.97,79.54
GHA,GHA_GHA14.18_2,SouthTongu,Volta,2014,970.6,714.3,77.25,26.85,29.84,24.92,81.93
GHA,GHA_GHA14.18_2,SouthTongu,Volta,2015,727.9,553.8,-165.45,26.89,30.0,24.77,80.57
GHA,GHA_GHA14.18_2,SouthTongu,Volta,2016,907.7,711.6,14.35,27.16,30.3,25.14,81.63
GHA,GHA_GHA14.18_2,SouthTongu,Volta,2017,1370.8,805.8,477.45,26.9,30.67,24.55,82.81
GHA,GHA_GHA14.18_2,SouthTongu,Volta,2018,1154.1,742.9,260.75,27.02,30.96,24.46,81.6
GHA,GHA_GHA14.18_2,SouthTongu,Volta,2019,1181.0,848.6,287.65,27.28,31.21,24.74,82.31
GHA,GHA_GHA14.18_2,SouthTongu,Volta,2020,1019.5,665.4,126.15,27.18,31.29,24.57,80.49
GHA,GHA_GHA14.18_2,SouthTongu,Volta,2021,1187.4,870.7,294.05,27.32,31.34,24.74,80.75
GHA,GHA_GHA14.18_2,SouthTongu,Volta,2022,1204.6,832.2,311.25,26.76,31.04,23.94,80.51
GHA,GHA_GHA14.18_2,SouthTongu,Volta,2023,1277.0,842.0,383.65,27.24,31.58,24.36,80.59
GHA,GHA_GHA14.18_2,SouthTongu,Volta,2024,1042.9,710.1,149.55,27.5,32.15,24.53,79.49
GHA,GHA_GHA14.18_2,SouthTongu,Volta,2025,1026.8,682.9,133.45,27.32,31.88,24.39,79.66
GHA,GHA_GHA15.1_2,AhantaWest,Western,2000,1676.4,1091.9,-165.18,25.87,28.71,24.01,85.14
GHA,GHA_GHA15.1_2,AhantaWest,Western,2001,1706.3,996.5,-135.28,25.75,28.44,24.03,85.78
GHA,GHA_GHA15.1_2,AhantaWest,Western,2002,1845.9,1227.2,4.32,25.94,28.73,24.1,85.8
GHA,GHA_GHA15.1_2,AhantaWest,Western,2003,1805.6,1049.3,-35.98,26.11,28.9,24.29,86.11
GHA,GHA_GHA15.1_2,AhantaWest,Western,2004,1613.1,1013.5,-228.48,25.95,28.68,24.16,85.89
GHA,GHA_GHA15.1_2,AhantaWest,Western,2005,1521.5,943.8,-320.08,26.08,28.86,24.26,85.36
GHA,GHA_GHA15.1_2,AhantaWest,Western,2006,1865.8,1128.0,24.22,26.02,28.77,24.29,86.09
GHA,GHA_GHA15.1_2,AhantaWest,Western,2007,2112.1,1478.1,270.52,26.03,28.89,24.15,85.32
GHA,GHA_GHA15.1_2,AhantaWest,Western,2008,1768.5,1193.3,-73.08,26.11,29.02,24.19,84.63
GHA,GHA_GHA15.1_2,AhantaWest,Western,2009,1589.2,969.4,-252.38,26.03,28.81,24.28,85.65
GHA,GHA_GHA15.1_2,AhantaWest,Western,2010,1706.9,1087.8,-134.68,26.38,29.08,24.59,85.44
GHA,GHA_GHA15.1_2,AhantaWest,Western,2011,1838.8,1291.6,-2.78,26.04,28.8,24.22,85.46
GHA,GHA_GHA15.1_2,AhantaWest,Western,2012,1827.6,1232.9,-13.98,25.86,28.54,24.11,85.7
GHA,GHA_GHA15.1_2,AhantaWest,Western,2013,1543.4,953.4,-298.18,26.0,28.65,24.3,85.4
GHA,GHA_GHA15.1_2,AhantaWest,Western,2014,2218.4,1454.0,376.82,25.87,28.44,24.26,86.85
GHA,GHA_GHA15.1_2,AhantaWest,Western,2015,1765.2,1205.9,-76.38,26.1,28.81,24.33,85.35
GHA,GHA_GHA15.1_2,AhantaWest,Western,2016,1706.2,1143.0,-135.38,26.41,29.22,24.65,85.65
GHA,GHA_GHA15.1_2,AhantaWest,Western,2017,1936.0,1126.5,94.42,25.59,28.91,23.42,87.78
GHA,GHA_GHA15.1_2,AhantaWest,Western,2018,2027.6,1426.0,186.02,25.59,28.94,23.3,87.77
GHA,GHA_GHA15.1_2,AhantaWest,Western,2019,1986.2,1207.8,144.62,25.91,29.27,23.66,87.99
GHA,GHA_GHA15.1_2,AhantaWest,Western,2020,1973.2,1330.1,131.62,25.81,29.29,23.5,87.24
GHA,GHA_GHA15.1_2,AhantaWest,Western,2021,2211.8,1603.3,370.22,25.84,29.32,23.54,87.23
GHA,GHA_GHA15.1_2,AhantaWest,Western,2022,2108.2,1270.9,266.62,25.43,29.22,22.9,86.42
GHA,GHA_GHA15.1_2,AhantaWest,Western,2023,2159.8,1588.6,318.22,25.89,29.83,23.32,86.22
GHA,GHA_GHA15.1_2,AhantaWest,Western,2024,1742.9,1079.2,-98.68,26.07,29.96,23.5,86.0
GHA,GHA_GHA15.1_2,AhantaWest,Western,2025,1624.6,979.4,-216.98,25.83,29.22,23.51,85.64
GHA,GHA_GHA15.2_2,EffiaKwesimintsim,Western,2000,1192.9,841.3,-200.07,25.66,28.32,23.87,85.32
GHA,GHA_GHA15.2_2,EffiaKwesimintsim,Western,2001,1172.6,702.4,-220.37,25.54,28.07,23.88,85.84
GHA,GHA_GHA15.2_2,EffiaKwesimintsim,Western,2002,1287.2,910.3,-105.77,25.73,28.36,23.96,85.88
GHA,GHA_GHA15.2_2,EffiaKwesimintsim,Western,2003,1194.0,714.3,-198.97,25.89,28.5,24.14,86.18
GHA,GHA_GHA15.2_2,EffiaKwesimintsim,Western,2004,1051.3,710.6,-341.67,25.74,28.33,24.0,85.83
GHA,GHA_GHA15.2_2,EffiaKwesimintsim,Western,2005,1009.4,644.5,-383.57,25.86,28.43,24.12,85.56
GHA,GHA_GHA15.2_2,EffiaKwesimintsim,Western,2006,1191.6,811.7,-201.37,25.8,28.37,24.12,86.12
GHA,GHA_GHA15.2_2,EffiaKwesimintsim,Western,2007,1540.4,1152.3,147.43,25.82,28.53,24.0,85.42
GHA,GHA_GHA15.2_2,EffiaKwesimintsim,Western,2008,1237.8,883.5,-155.17,25.91,28.61,24.06,84.65
GHA,GHA_GHA15.2_2,EffiaKwesimintsim,Western,2009,1069.1,700.8,-323.87,25.8,28.36,24.12,85.91
GHA,GHA_GHA15.2_2,EffiaKwesimintsim,Western,2010,1202.2,797.1,-190.77,26.19,28.72,24.44,85.3
GHA,GHA_GHA15.2_2,EffiaKwesimintsim,Western,2011,1294.4,942.3,-98.57,25.85,28.42,24.08,85.37
GHA,GHA_GHA15.2_2,EffiaKwesimintsim,Western,2012,1319.1,952.5,-73.87,25.67,28.21,23.96,85.67
GHA,GHA_GHA15.2_2,EffiaKwesimintsim,Western,2013,999.4,643.6,-393.57,25.81,28.3,24.15,85.41
GHA,GHA_GHA15.2_2,EffiaKwesimintsim,Western,2014,1668.0,1179.8,275.03,25.67,28.11,24.11,86.79
GHA,GHA_GHA15.2_2,EffiaKwesimintsim,Western,2015,1223.8,862.7,-169.17,25.9,28.4,24.18,85.43
GHA,GHA_GHA15.2_2,EffiaKwesimintsim,Western,2016,1182.5,818.2,-210.47,26.2,28.84,24.5,85.77
GHA,GHA_GHA15.2_2,EffiaKwesimintsim,Western,2017,1780.9,1058.1,387.93,25.79,29.08,23.53,87.1
GHA,GHA_GHA15.2_2,EffiaKwesimintsim,Western,2018,1688.1,1224.2,295.13,25.77,29.18,23.4,86.95
GHA,GHA_GHA15.2_2,EffiaKwesimintsim,Western,2019,1732.1,1177.9,339.13,26.1,29.49,23.72,87.27
GHA,GHA_GHA15.2_2,EffiaKwesimintsim,Western,2020,1501.7,1055.6,108.73,25.99,29.39,23.56,86.52
GHA,GHA_GHA15.2_2,EffiaKwesimintsim,Western,2021,1758.1,1260.8,365.13,26.04,29.44,23.66,86.67
GHA,GHA_GHA15.2_2,EffiaKwesimintsim,Western,2022,1842.6,1145.1,449.63,25.6,29.24,23.05,85.91
GHA,GHA_GHA15.2_2,EffiaKwesimintsim,Western,2023,2011.7,1474.5,618.73,26.07,30.04,23.35,85.63
GHA,GHA_GHA15.2_2,EffiaKwesimintsim,Western,2024,1529.2,1011.5,136.23,26.34,30.49,23.45,84.82
GHA,GHA_GHA15.2_2,EffiaKwesimintsim,Western,2025,1537.1,996.2,144.13,26.23,29.84,23.52,83.71
GHA,GHA_GHA15.3_2,Ellembelle,Western,2000,1736.6,1046.9,-198.54,25.29,28.14,23.4,86.58
GHA,GHA_GHA15.3_2,Ellembelle,Western,2001,1776.9,935.9,-158.24,25.2,27.9,23.42,87.07
GHA,GHA_GHA15.3_2,Ellembelle,Western,2002,1925.3,1182.0,-9.84,25.34,28.09,23.5,87.37
GHA,GHA_GHA15.3_2,Ellembelle,Western,2003,1841.2,979.1,-93.94,25.54,28.3,23.72,87.4
GHA,GHA_GHA15.3_2,Ellembelle,Western,2004,1680.0,970.3,-255.14,25.39,28.13,23.56,87.0
GHA,GHA_GHA15.3_2,Ellembelle,Western,2005,1575.0,842.4,-360.14,25.48,28.21,23.63,86.94
GHA,GHA_GHA15.3_2,Ellembelle,Western,2006,1787.1,973.8,-148.04,25.46,28.18,23.69,87.19
GHA,GHA_GHA15.3_2,Ellembelle,Western,2007,1976.5,1242.7,41.36,25.51,28.39,23.6,86.46
GHA,GHA_GHA15.3_2,Ellembelle,Western,2008,1859.3,1131.1,-75.84,25.51,28.45,23.51,86.11
GHA,GHA_GHA15.3_2,Ellembelle,Western,2009,1760.8,946.3,-174.34,25.4,28.11,23.65,87.54
GHA,GHA_GHA15.3_2,Ellembelle,Western,2010,1801.7,1088.9,-133.44,25.77,28.41,23.94,87.08
GHA,GHA_GHA15.3_2,Ellembelle,Western,2011,1698.0,1017.0,-237.14,25.44,28.19,23.58,86.92
GHA,GHA_GHA15.3_2,Ellembelle,Western,2012,1906.7,1161.5,-28.44,25.29,27.97,23.51,87.06
GHA,GHA_GHA15.3_2,Ellembelle,Western,2013,1767.1,1053.5,-168.04,25.45,28.12,23.69,86.69
GHA,GHA_GHA15.3_2,Ellembelle,Western,2014,2275.8,1409.4,340.66,25.32,27.86,23.69,88.13
GHA,GHA_GHA15.3_2,Ellembelle,Western,2015,1730.5,985.4,-204.64,25.55,28.24,23.75,86.78
GHA,GHA_GHA15.3_2,Ellembelle,Western,2016,1732.0,1080.7,-203.14,25.87,28.63,24.1,86.9
GHA,GHA_GHA15.3_2,Ellembelle,Western,2017,2428.7,1292.5,493.56,25.39,28.77,23.16,88.85
GHA,GHA_GHA15.3_2,Ellembelle,Western,2018,2442.2,1583.1,507.06,25.37,28.82,23.05,89.03
GHA,GHA_GHA15.3_2,Ellembelle,Western,2019,2219.4,1267.1,284.26,25.7,29.08,23.42,89.3
GHA,GHA_GHA15.3_2,Ellembelle,Western,2020,2104.2,1331.9,169.06,25.64,29.19,23.27,88.09
GHA,GHA_GHA15.3_2,Ellembelle,Western,2021,2445.0,1625.2,509.86,25.62,29.19,23.25,88.48
GHA,GHA_GHA15.3_2,Ellembelle,Western,2022,2194.6,1314.0,259.46,25.23,29.25,22.63,87.45
GHA,GHA_GHA15.3_2,Ellembelle,Western,2023,2370.1,1715.2,434.96,25.64,29.71,22.99,87.58
GHA,GHA_GHA15.3_2,Ellembelle,Western,2024,1717.4,1015.0,-217.74,25.83,30.03,23.12,87.22
GHA,GHA_GHA15.3_2,Ellembelle,Western,2025,1561.5,941.6,-373.64,25.46,29.55,22.93,87.55
GHA,GHA_GHA15.4_2,Jomoro,Western,2000,1709.4,1057.8,-343.49,25.37,28.54,23.29,87.17
GHA,GHA_GHA15.4_2,Jomoro,Western,2001,1883.9,1016.9,-168.99,25.24,28.23,23.3,87.93
GHA,GHA_GHA15.4_2,Jomoro,Western,2002,1982.9,1260.9,-69.99,25.4,28.43,23.4,88.14
GHA,GHA_GHA15.4_2,Jomoro,Western,2003,1838.6,999.6,-214.29,25.6,28.67,23.62,88.1
GHA,GHA_GHA15.4_2,Jomoro,Western,2004,1629.3,972.0,-423.59,25.45,28.51,23.46,87.76
GHA,GHA_GHA15.4_2,Jomoro,Western,2005,1555.6,858.9,-497.29,25.53,28.55,23.52,87.67
GHA,GHA_GHA15.4_2,Jomoro,Western,2006,1837.5,1008.1,-215.39,25.51,28.54,23.56,88.07
GHA,GHA_GHA15.4_2,Jomoro,Western,2007,1985.4,1272.3,-67.49,25.58,28.81,23.49,87.17
GHA,GHA_GHA15.4_2,Jomoro,Western,2008,1893.3,1164.3,-159.59,25.55,28.85,23.35,86.87
GHA,GHA_GHA15.4_2,Jomoro,Western,2009,1763.0,1016.4,-289.89,25.46,28.45,23.55,88.21
GHA,GHA_GHA15.4_2,Jomoro,Western,2010,1889.1,1142.3,-163.79,25.81,28.78,23.84,87.96
GHA,GHA_GHA15.4_2,Jomoro,Western,2011,1738.0,1070.6,-314.89,25.49,28.56,23.48,87.75
GHA,GHA_GHA15.4_2,Jomoro,Western,2012,1896.5,1183.6,-156.39,25.35,28.33,23.42,87.73
GHA,GHA_GHA15.4_2,Jomoro,Western,2013,1670.2,1044.3,-382.69,25.52,28.5,23.57,87.27
GHA,GHA_GHA15.4_2,Jomoro,Western,2014,2323.9,1520.1,271.01,25.37,28.21,23.59,88.86
GHA,GHA_GHA15.4_2,Jomoro,Western,2015,1718.6,1043.1,-334.29,25.62,28.63,23.65,87.34
GHA,GHA_GHA15.4_2,Jomoro,Western,2016,1772.4,1104.4,-280.49,25.95,29.07,23.98,87.32
GHA,GHA_GHA15.4_2,Jomoro,Western,2017,2725.0,1505.1,672.11,25.32,29.0,22.95,89.24
GHA,GHA_GHA15.4_2,Jomoro,Western,2018,2845.2,1883.5,792.31,25.3,29.02,22.83,89.31
GHA,GHA_GHA15.4_2,Jomoro,Western,2019,2544.3,1497.5,491.41,25.62,29.33,23.19,89.58
GHA,GHA_GHA15.4_2,Jomoro,Western,2020,2369.8,1448.7,316.91,25.55,29.5,22.98,88.41
GHA,GHA_GHA15.4_2,Jomoro,Western,2021,2562.0,1807.3,509.11,25.53,29.46,23.02,88.79
GHA,GHA_GHA15.4_2,Jomoro,Western,2022,2339.8,1496.9,286.91,25.16,29.63,22.38,87.55
GHA,GHA_GHA15.4_2,Jomoro,Western,2023,2866.1,2022.7,813.21,25.53,29.97,22.77,88.06
GHA,GHA_GHA15.4_2,Jomoro,Western,2024,1814.1,1090.4,-238.79,25.79,30.33,22.93,87.36
GHA,GHA_GHA15.4_2,Jomoro,Western,2025,2221.3,1250.0,168.41,25.45,30.01,22.77,87.8
GHA,GHA_GHA15.5_2,Mpohor,Western,2000,1192.9,841.3,-407.67,25.22,29.0,22.89,86.28
GHA,GHA_GHA15.5_2,Mpohor,Western,2001,1172.6,702.4,-427.97,25.08,28.66,22.88,87.11
GHA,GHA_GHA15.5_2,Mpohor,Western,2002,1287.2,910.3,-313.37,25.28,28.94,23.0,87.04
GHA,GHA_GHA15.5_2,Mpohor,Western,2003,1194.0,714.3,-406.57,25.45,29.09,23.18,87.27
GHA,GHA_GHA15.5_2,Mpohor,Western,2004,1051.3,710.6,-549.27,25.29,28.92,23.0,87.0
GHA,GHA_GHA15.5_2,Mpohor,Western,2005,1009.4,644.5,-591.17,25.45,29.06,23.15,86.5
GHA,GHA_GHA15.5_2,Mpohor,Western,2006,1191.6,811.7,-408.97,25.33,28.94,23.14,87.42
GHA,GHA_GHA15.5_2,Mpohor,Western,2007,1540.4,1152.3,-60.17,25.4,29.17,23.05,86.3
GHA,GHA_GHA15.5_2,Mpohor,Western,2008,1237.8,883.5,-362.77,25.43,29.24,23.0,85.83
GHA,GHA_GHA15.5_2,Mpohor,Western,2009,1069.1,700.8,-531.47,25.36,28.95,23.15,87.12
GHA,GHA_GHA15.5_2,Mpohor,Western,2010,1202.2,797.1,-398.37,25.7,29.25,23.42,86.9
GHA,GHA_GHA15.5_2,Mpohor,Western,2011,1294.4,942.3,-306.17,25.38,29.04,23.07,86.6
GHA,GHA_GHA15.5_2,Mpohor,Western,2012,1319.1,952.5,-281.47,25.23,28.81,23.01,86.76
GHA,GHA_GHA15.5_2,Mpohor,Western,2013,999.4,643.6,-601.17,25.43,28.97,23.22,86.19
GHA,GHA_GHA15.5_2,Mpohor,Western,2014,1668.0,1179.8,67.43,25.25,28.66,23.21,87.97
GHA,GHA_GHA15.5_2,Mpohor,Western,2015,1223.8,862.7,-376.77,25.51,29.07,23.25,86.23
GHA,GHA_GHA15.5_2,Mpohor,Western,2016,1182.5,818.2,-418.07,25.86,29.55,23.64,86.26
GHA,GHA_GHA15.5_2,Mpohor,Western,2017,2381.2,1385.8,780.63,25.41,29.5,22.89,88.25
GHA,GHA_GHA15.5_2,Mpohor,Western,2018,2611.4,1811.8,1010.83,25.38,29.55,22.77,88.5
GHA,GHA_GHA15.5_2,Mpohor,Western,2019,2467.1,1601.3,866.53,25.69,29.85,23.11,88.99
GHA,GHA_GHA15.5_2,Mpohor,Western,2020,2396.6,1562.0,796.03,25.68,30.03,22.96,87.56
GHA,GHA_GHA15.5_2,Mpohor,Western,2021,2720.4,1929.9,1119.83,25.61,29.98,22.95,88.35
GHA,GHA_GHA15.5_2,Mpohor,Western,2022,2330.5,1455.1,729.93,25.27,30.09,22.33,86.87
GHA,GHA_GHA15.5_2,Mpohor,Western,2023,2326.9,1704.9,726.33,25.79,30.6,22.93,86.59
GHA,GHA_GHA15.5_2,Mpohor,Western,2024,1777.0,1162.3,176.43,26.02,30.63,23.18,86.22
GHA,GHA_GHA15.5_2,Mpohor,Western,2025,1768.0,1045.8,167.43,25.68,29.51,23.07,86.49
GHA,GHA_GHA15.6_2,NzemaEast,Western,2000,1897.2,1168.1,-97.98,25.33,28.74,23.15,87.29
GHA,GHA_GHA15.6_2,NzemaEast,Western,2001,1962.6,1083.5,-32.58,25.22,28.47,23.16,87.97
GHA,GHA_GHA15.6_2,NzemaEast,Western,2002,2073.7,1320.3,78.52,25.38,28.67,23.25,88.15
GHA,GHA_GHA15.6_2,NzemaEast,Western,2003,2031.4,1110.9,36.22,25.57,28.87,23.47,88.18
GHA,GHA_GHA15.6_2,NzemaEast,Western,2004,1781.3,1042.8,-213.88,25.42,28.71,23.28,87.82
GHA,GHA_GHA15.6_2,NzemaEast,Western,2005,1664.6,936.1,-330.58,25.53,28.81,23.39,87.61
GHA,GHA_GHA15.6_2,NzemaEast,Western,2006,1966.5,1133.0,-28.68,25.47,28.74,23.41,88.21
GHA,GHA_GHA15.6_2,NzemaEast,Western,2007,2208.8,1472.1,213.62,25.53,28.96,23.33,87.28
GHA,GHA_GHA15.6_2,NzemaEast,Western,2008,2004.8,1279.5,9.62,25.53,29.02,23.21,86.94
GHA,GHA_GHA15.6_2,NzemaEast,Western,2009,1814.2,1032.6,-180.98,25.46,28.7,23.42,88.18
GHA,GHA_GHA15.6_2,NzemaEast,Western,2010,1926.6,1180.1,-68.58,25.79,28.98,23.67,88.0
GHA,GHA_GHA15.6_2,NzemaEast,Western,2011,1965.2,1291.5,-29.98,25.48,28.78,23.33,87.65
GHA,GHA_GHA15.6_2,NzemaEast,Western,2012,2010.2,1263.3,15.02,25.33,28.55,23.27,87.83
GHA,GHA_GHA15.6_2,NzemaEast,Western,2013,1718.1,1013.4,-277.08,25.52,28.72,23.48,87.32
GHA,GHA_GHA15.6_2,NzemaEast,Western,2014,2358.9,1494.1,363.72,25.36,28.43,23.49,88.87
GHA,GHA_GHA15.6_2,NzemaEast,Western,2015,2013.3,1286.5,18.12,25.61,28.83,23.52,87.37
GHA,GHA_GHA15.6_2,NzemaEast,Western,2016,1820.8,1106.3,-174.38,25.95,29.25,23.89,87.38
GHA,GHA_GHA15.6_2,NzemaEast,Western,2017,2233.5,1253.1,238.32,25.3,28.84,22.98,89.27
GHA,GHA_GHA15.6_2,NzemaEast,Western,2018,2294.9,1512.7,299.72,25.28,28.91,22.86,89.4
GHA,GHA_GHA15.6_2,NzemaEast,Western,2019,2186.0,1278.2,190.82,25.6,29.15,23.25,89.78
GHA,GHA_GHA15.6_2,NzemaEast,Western,2020,1983.1,1197.3,-12.08,25.54,29.34,23.07,88.59
GHA,GHA_GHA15.6_2,NzemaEast,Western,2021,2323.2,1596.8,328.02,25.53,29.32,23.05,88.93
GHA,GHA_GHA15.6_2,NzemaEast,Western,2022,2224.7,1364.5,229.52,25.13,29.4,22.42,87.82
GHA,GHA_GHA15.6_2,NzemaEast,Western,2023,2182.1,1575.4,186.92,25.61,29.87,22.93,87.74
GHA,GHA_GHA15.6_2,NzemaEast,Western,2024,1625.0,983.5,-370.18,25.87,30.17,23.14,87.09
GHA,GHA_GHA15.6_2,NzemaEast,Western,2025,1604.0,993.2,-391.18,25.46,29.33,23.0,87.83
GHA,GHA_GHA15.7_2,Prestea-HuniValley,Western,2000,1613.1,1091.8,-61.23,24.46,28.9,21.84,86.4
GHA,GHA_GHA15.7_2,Prestea-HuniValley,Western,2001,1585.3,927.5,-89.03,24.3,28.56,21.82,87.42
GHA,GHA_GHA15.7_2,Prestea-HuniValley,Western,2002,1645.0,1051.5,-29.33,24.47,28.73,21.96,87.56
GHA,GHA_GHA15.7_2,Prestea-HuniValley,Western,2003,1488.8,879.0,-185.53,24.67,28.91,22.15,87.56
GHA,GHA_GHA15.7_2,Prestea-HuniValley,Western,2004,1484.8,1020.1,-189.53,24.56,28.86,21.96,86.97
GHA,GHA_GHA15.7_2,Prestea-HuniValley,Western,2005,1492.1,910.5,-182.23,24.64,28.82,22.11,87.0
GHA,GHA_GHA15.7_2,Prestea-HuniValley,Western,2006,1547.1,979.1,-127.23,24.53,28.73,22.06,87.79
GHA,GHA_GHA15.7_2,Prestea-HuniValley,Western,2007,1766.8,1220.4,92.47,24.68,29.09,22.0,86.15
GHA,GHA_GHA15.7_2,Prestea-HuniValley,Western,2008,1558.2,1026.7,-116.13,24.66,29.12,21.91,85.91
GHA,GHA_GHA15.7_2,Prestea-HuniValley,Western,2009,1528.8,919.3,-145.53,24.57,28.68,22.12,87.57
GHA,GHA_GHA15.7_2,Prestea-HuniValley,Western,2010,1520.8,979.2,-153.53,24.9,29.06,22.33,87.31
GHA,GHA_GHA15.7_2,Prestea-HuniValley,Western,2011,1544.2,1020.2,-130.13,24.59,28.85,21.99,86.93
GHA,GHA_GHA15.7_2,Prestea-HuniValley,Western,2012,1644.2,1024.8,-30.13,24.46,28.64,21.97,87.01
GHA,GHA_GHA15.7_2,Prestea-HuniValley,Western,2013,1439.9,873.2,-234.43,24.7,28.85,22.21,86.3
GHA,GHA_GHA15.7_2,Prestea-HuniValley,Western,2014,1938.9,1260.3,264.57,24.49,28.51,22.21,88.25
GHA,GHA_GHA15.7_2,Prestea-HuniValley,Western,2015,1312.8,754.5,-361.53,24.74,28.92,22.22,86.41
GHA,GHA_GHA15.7_2,Prestea-HuniValley,Western,2016,1667.0,1149.8,-7.33,25.17,29.47,22.66,85.96
GHA,GHA_GHA15.7_2,Prestea-HuniValley,Western,2017,1832.3,1118.2,157.97,25.25,29.5,22.8,88.34
GHA,GHA_GHA15.7_2,Prestea-HuniValley,Western,2018,2041.7,1477.1,367.37,25.21,29.62,22.7,88.6
GHA,GHA_GHA15.7_2,Prestea-HuniValley,Western,2019,2002.7,1315.6,328.37,25.52,29.85,23.09,89.29
GHA,GHA_GHA15.7_2,Prestea-HuniValley,Western,2020,1709.6,1137.0,35.27,25.6,30.26,22.96,87.21
GHA,GHA_GHA15.7_2,Prestea-HuniValley,Western,2021,1930.8,1389.5,256.47,25.49,30.18,22.91,88.29
GHA,GHA_GHA15.7_2,Prestea-HuniValley,Western,2022,2010.0,1333.5,335.67,25.17,30.37,22.33,86.91
GHA,GHA_GHA15.7_2,Prestea-HuniValley,Western,2023,2102.1,1529.0,427.77,25.66,30.86,22.89,86.79
GHA,GHA_GHA15.7_2,Prestea-HuniValley,Western,2024,1708.8,1146.5,34.47,26.0,31.07,23.11,85.49
GHA,GHA_GHA15.7_2,Prestea-HuniValley,Western,2025,1416.7,930.4,-257.63,25.64,30.25,22.94,85.86
GHA,GHA_GHA15.8_2,SekondiTakoradi,Western,2000,1192.9,841.3,-42.04,25.57,27.82,23.96,84.93
GHA,GHA_GHA15.8_2,SekondiTakoradi,Western,2001,1172.6,702.4,-62.34,25.47,27.58,23.98,85.3
GHA,GHA_GHA15.8_2,SekondiTakoradi,Western,2002,1287.2,910.3,52.26,25.64,27.87,24.04,85.44
GHA,GHA_GHA15.8_2,SekondiTakoradi,Western,2003,1194.0,714.3,-40.94,25.81,28.04,24.22,85.69
GHA,GHA_GHA15.8_2,SekondiTakoradi,Western,2004,1051.3,710.6,-183.64,25.67,27.87,24.08,85.25
GHA,GHA_GHA15.8_2,SekondiTakoradi,Western,2005,1009.4,644.5,-225.54,25.77,27.94,24.19,85.2
GHA,GHA_GHA15.8_2,SekondiTakoradi,Western,2006,1191.6,811.7,-43.34,25.73,27.93,24.21,85.49
GHA,GHA_GHA15.8_2,SekondiTakoradi,Western,2007,1540.4,1152.3,305.46,25.74,28.03,24.09,85.02
GHA,GHA_GHA15.8_2,SekondiTakoradi,Western,2008,1237.8,883.5,2.86,25.84,28.14,24.16,84.15
GHA,GHA_GHA15.8_2,SekondiTakoradi,Western,2009,1069.1,700.8,-165.84,25.7,27.88,24.19,85.51
GHA,GHA_GHA15.8_2,SekondiTakoradi,Western,2010,1202.2,797.1,-32.74,26.13,28.26,24.54,84.6
GHA,GHA_GHA15.8_2,SekondiTakoradi,Western,2011,1294.4,942.3,59.46,25.77,27.94,24.18,84.81
GHA,GHA_GHA15.8_2,SekondiTakoradi,Western,2012,1319.1,952.5,84.16,25.59,27.75,24.04,85.15
GHA,GHA_GHA15.8_2,SekondiTakoradi,Western,2013,999.4,643.6,-235.54,25.72,27.84,24.21,85.03
GHA,GHA_GHA15.8_2,SekondiTakoradi,Western,2014,1668.0,1179.8,433.06,25.6,27.71,24.18,86.16
GHA,GHA_GHA15.8_2,SekondiTakoradi,Western,2015,1223.8,862.7,-11.14,25.81,27.92,24.25,85.08
GHA,GHA_GHA15.8_2,SekondiTakoradi,Western,2016,1182.5,818.2,-52.44,26.09,28.32,24.55,85.56
GHA,GHA_GHA15.8_2,SekondiTakoradi,Western,2017,1173.8,808.0,-61.14,26.07,28.78,24.05,85.54
GHA,GHA_GHA15.8_2,SekondiTakoradi,Western,2018,1165.0,871.9,-69.94,26.02,28.81,23.9,85.62
GHA,GHA_GHA15.8_2,SekondiTakoradi,Western,2019,1198.3,758.0,-36.64,26.33,29.1,24.21,85.96
GHA,GHA_GHA15.8_2,SekondiTakoradi,Western,2020,1076.9,807.3,-158.04,26.21,28.98,24.08,85.18
GHA,GHA_GHA15.8_2,SekondiTakoradi,Western,2021,1251.2,962.7,16.26,26.33,29.1,24.23,84.83
GHA,GHA_GHA15.8_2,SekondiTakoradi,Western,2022,1352.5,875.6,117.56,25.86,28.72,23.62,84.49
GHA,GHA_GHA15.8_2,SekondiTakoradi,Western,2023,1518.1,1174.8,283.16,26.32,29.44,23.94,84.42
GHA,GHA_GHA15.8_2,SekondiTakoradi,Western,2024,1324.6,869.2,89.66,26.52,29.8,23.98,84.13
GHA,GHA_GHA15.8_2,SekondiTakoradi,Western,2025,1212.3,792.5,-22.64,26.46,29.64,24.01,82.55
GHA,GHA_GHA15.9_2,Shama,Western,2000,1192.9,841.3,-214.16,25.55,28.45,23.64,85.5
GHA,GHA_GHA15.9_2,Shama,Western,2001,1172.6,702.4,-234.46,25.43,28.15,23.65,86.02
GHA,GHA_GHA15.9_2,Shama,Western,2002,1287.2,910.3,-119.86,25.62,28.46,23.73,86.0
GHA,GHA_GHA15.9_2,Shama,Western,2003,1194.0,714.3,-213.06,25.78,28.62,23.9,86.34
GHA,GHA_GHA15.9_2,Shama,Western,2004,1051.3,710.6,-355.76,25.64,28.49,23.75,85.84
GHA,GHA_GHA15.9_2,Shama,Western,2005,1009.4,644.5,-397.66,25.76,28.52,23.89,85.75
GHA,GHA_GHA15.9_2,Shama,Western,2006,1191.6,811.7,-215.46,25.69,28.49,23.87,86.24
GHA,GHA_GHA15.9_2,Shama,Western,2007,1540.4,1152.3,133.34,25.73,28.68,23.77,85.5
GHA,GHA_GHA15.9_2,Shama,Western,2008,1237.8,883.5,-169.26,25.8,28.74,23.81,84.82
GHA,GHA_GHA15.9_2,Shama,Western,2009,1069.1,700.8,-337.96,25.67,28.43,23.87,86.25
GHA,GHA_GHA15.9_2,Shama,Western,2010,1202.2,797.1,-204.86,26.09,28.84,24.21,85.45
GHA,GHA_GHA15.9_2,Shama,Western,2011,1294.4,942.3,-112.66,25.74,28.53,23.85,85.52
GHA,GHA_GHA15.9_2,Shama,Western,2012,1319.1,952.5,-87.96,25.57,28.36,23.73,85.8
GHA,GHA_GHA15.9_2,Shama,Western,2013,999.4,643.6,-407.66,25.73,28.47,23.93,85.39
GHA,GHA_GHA15.9_2,Shama,Western,2014,1668.0,1179.8,260.94,25.56,28.21,23.88,87.0
GHA,GHA_GHA15.9_2,Shama,Western,2015,1223.8,862.7,-183.26,25.8,28.52,23.95,85.56
GHA,GHA_GHA15.9_2,Shama,Western,2016,1182.5,818.2,-224.56,26.1,28.95,24.29,85.96
GHA,GHA_GHA15.9_2,Shama,Western,2017,2204.8,1311.2,797.74,25.94,28.82,23.91,88.4
GHA,GHA_GHA15.9_2,Shama,Western,2018,1856.5,1243.2,449.44,25.9,28.91,23.8,88.49
GHA,GHA_GHA15.9_2,Shama,Western,2019,1851.9,1205.7,444.84,26.21,29.15,24.11,88.91
GHA,GHA_GHA15.9_2,Shama,Western,2020,1689.4,1068.4,282.34,26.07,29.02,23.96,88.28
GHA,GHA_GHA15.9_2,Shama,Western,2021,1978.3,1403.5,571.24,26.15,29.08,24.08,88.33
GHA,GHA_GHA15.9_2,Shama,Western,2022,1820.5,1159.5,413.44,25.75,28.82,23.56,87.92
GHA,GHA_GHA15.9_2,Shama,Western,2023,1794.6,1323.2,387.54,26.21,29.39,23.9,86.59
GHA,GHA_GHA15.9_2,Shama,Western,2024,1357.8,881.1,-49.26,26.43,29.64,23.97,84.64
GHA,GHA_GHA15.9_2,Shama,Western,2025,1194.0,738.7,-213.06,26.24,29.15,23.93,84.11
GHA,GHA_GHA15.10_2,TarkwaNsuaem,Western,2000,2193.6,1414.1,144.42,24.71,29.03,22.08,87.04
GHA,GHA_GHA15.10_2,TarkwaNsuaem,Western,2001,2197.5,1213.8,148.32,24.55,28.69,22.07,87.98
GHA,GHA_GHA15.10_2,TarkwaNsuaem,Western,2002,2304.8,1429.1,255.62,24.74,28.92,22.21,87.98
GHA,GHA_GHA15.10_2,TarkwaNsuaem,Western,2003,2208.6,1227.8,159.42,24.93,29.08,22.39,88.04
GHA,GHA_GHA15.10_2,TarkwaNsuaem,Western,2004,2215.0,1361.6,165.82,24.77,28.92,22.19,87.83
GHA,GHA_GHA15.10_2,TarkwaNsuaem,Western,2005,1967.3,1139.4,-81.88,24.94,29.07,22.37,87.32
GHA,GHA_GHA15.10_2,TarkwaNsuaem,Western,2006,2253.0,1272.7,203.82,24.8,28.92,22.32,88.29
GHA,GHA_GHA15.10_2,TarkwaNsuaem,Western,2007,2431.8,1592.5,382.62,24.91,29.21,22.27,86.99
GHA,GHA_GHA15.10_2,TarkwaNsuaem,Western,2008,2159.0,1360.7,109.82,24.89,29.25,22.15,86.71
GHA,GHA_GHA15.10_2,TarkwaNsuaem,Western,2009,2202.6,1255.5,153.42,24.84,28.92,22.36,88.02
GHA,GHA_GHA15.10_2,TarkwaNsuaem,Western,2010,2133.6,1302.3,84.42,25.14,29.2,22.58,88.02
GHA,GHA_GHA15.10_2,TarkwaNsuaem,Western,2011,2177.0,1394.8,127.82,24.85,29.03,22.24,87.49
GHA,GHA_GHA15.10_2,TarkwaNsuaem,Western,2012,2334.6,1394.9,285.42,24.71,28.81,22.2,87.58
GHA,GHA_GHA15.10_2,TarkwaNsuaem,Western,2013,2050.3,1176.4,1.12,24.94,29.0,22.44,86.91
GHA,GHA_GHA15.10_2,TarkwaNsuaem,Western,2014,2738.0,1641.6,688.82,24.74,28.66,22.45,88.77
GHA,GHA_GHA15.10_2,TarkwaNsuaem,Western,2015,2007.8,1188.8,-41.38,25.02,29.1,22.49,86.92
GHA,GHA_GHA15.10_2,TarkwaNsuaem,Western,2016,2240.9,1464.5,191.72,25.4,29.6,22.9,86.72
GHA,GHA_GHA15.10_2,TarkwaNsuaem,Western,2017,1643.8,885.9,-405.38,25.38,29.06,23.14,87.63
GHA,GHA_GHA15.10_2,TarkwaNsuaem,Western,2018,1731.4,1181.5,-317.78,25.34,29.13,23.01,87.97
GHA,GHA_GHA15.10_2,TarkwaNsuaem,Western,2019,1727.2,1056.3,-321.98,25.64,29.38,23.33,88.55
GHA,GHA_GHA15.10_2,TarkwaNsuaem,Western,2020,1698.4,1065.9,-350.78,25.64,29.69,23.2,87.03
GHA,GHA_GHA15.10_2,TarkwaNsuaem,Western,2021,1822.3,1250.3,-226.88,25.58,29.6,23.21,87.79
GHA,GHA_GHA15.10_2,TarkwaNsuaem,Western,2022,1892.5,1167.4,-156.68,25.26,29.74,22.62,86.37
GHA,GHA_GHA15.10_2,TarkwaNsuaem,Western,2023,1912.5,1322.3,-136.68,25.76,30.29,23.12,86.17
GHA,GHA_GHA15.10_2,TarkwaNsuaem,Western,2024,1434.6,901.6,-614.58,26.02,30.59,23.27,85.44
GHA,GHA_GHA15.10_2,TarkwaNsuaem,Western,2025,1600.7,1040.7,-448.48,25.4,29.92,22.77,87.08
GHA,GHA_GHA15.11_2,WassaAmenfiCentral,Western,2000,1322.9,923.9,-215.5,25.16,29.76,22.49,85.18
GHA,GHA_GHA15.11_2,WassaAmenfiCentral,Western,2001,1293.2,756.3,-245.2,25.0,29.4,22.49,86.29
GHA,GHA_GHA15.11_2,WassaAmenfiCentral,Western,2002,1533.1,1037.4,-5.3,25.14,29.56,22.6,86.61
GHA,GHA_GHA15.11_2,WassaAmenfiCentral,Western,2003,1355.6,830.3,-182.8,25.36,29.75,22.8,86.47
GHA,GHA_GHA15.11_2,WassaAmenfiCentral,Western,2004,1331.6,900.9,-206.8,25.26,29.73,22.63,85.89
GHA,GHA_GHA15.11_2,WassaAmenfiCentral,Western,2005,1328.9,830.1,-209.5,25.31,29.63,22.74,86.1
GHA,GHA_GHA15.11_2,WassaAmenfiCentral,Western,2006,1345.2,872.6,-193.2,25.21,29.56,22.72,86.81
GHA,GHA_GHA15.11_2,WassaAmenfiCentral,Western,2007,1636.9,1226.8,98.5,25.38,29.98,22.67,85.01
GHA,GHA_GHA15.11_2,WassaAmenfiCentral,Western,2008,1361.6,976.2,-176.8,25.37,29.99,22.57,84.65
GHA,GHA_GHA15.11_2,WassaAmenfiCentral,Western,2009,1361.1,845.5,-177.3,25.25,29.52,22.77,86.55
GHA,GHA_GHA15.11_2,WassaAmenfiCentral,Western,2010,1433.1,958.8,-105.3,25.56,29.86,22.98,86.48
GHA,GHA_GHA15.11_2,WassaAmenfiCentral,Western,2011,1349.3,972.1,-189.1,25.27,29.7,22.63,85.79
GHA,GHA_GHA15.11_2,WassaAmenfiCentral,Western,2012,1470.7,958.5,-67.7,25.11,29.41,22.61,86.13
GHA,GHA_GHA15.11_2,WassaAmenfiCentral,Western,2013,1287.2,804.6,-251.2,25.39,29.71,22.86,85.1
GHA,GHA_GHA15.11_2,WassaAmenfiCentral,Western,2014,1756.1,1176.7,217.7,25.14,29.31,22.82,87.34
GHA,GHA_GHA15.11_2,WassaAmenfiCentral,Western,2015,1162.4,680.0,-376.0,25.43,29.8,22.86,85.33
GHA,GHA_GHA15.11_2,WassaAmenfiCentral,Western,2016,1536.1,1059.4,-2.3,25.84,30.3,23.28,84.9
GHA,GHA_GHA15.11_2,WassaAmenfiCentral,Western,2017,1622.6,1020.1,84.2,25.26,29.85,22.73,87.39
GHA,GHA_GHA15.11_2,WassaAmenfiCentral,Western,2018,1697.0,1213.3,158.6,25.21,29.95,22.65,87.86
GHA,GHA_GHA15.11_2,WassaAmenfiCentral,Western,2019,2039.2,1419.1,500.8,25.54,30.19,23.03,88.38
GHA,GHA_GHA15.11_2,WassaAmenfiCentral,Western,2020,1644.0,1091.6,105.6,25.65,30.65,22.89,86.04
GHA,GHA_GHA15.11_2,WassaAmenfiCentral,Western,2021,1805.2,1294.3,266.8,25.54,30.63,22.86,87.39
GHA,GHA_GHA15.11_2,WassaAmenfiCentral,Western,2022,2101.0,1429.2,562.6,25.24,30.93,22.27,85.7
GHA,GHA_GHA15.11_2,WassaAmenfiCentral,Western,2023,2230.0,1563.2,691.6,25.62,31.23,22.75,86.0
GHA,GHA_GHA15.11_2,WassaAmenfiCentral,Western,2024,1553.4,1081.1,15.0,26.14,31.59,23.07,84.05
GHA,GHA_GHA15.11_2,WassaAmenfiCentral,Western,2025,1441.0,943.6,-97.4,25.71,30.74,22.75,85.03
GHA,GHA_GHA15.12_2,WassaAmenfiEast,Western,2000,1438.3,1033.5,-134.96,25.28,30.05,22.45,83.65
GHA,GHA_GHA15.12_2,WassaAmenfiEast,Western,2001,1412.7,886.7,-160.56,25.11,29.7,22.43,84.74
GHA,GHA_GHA15.12_2,WassaAmenfiEast,Western,2002,1648.7,1145.0,75.44,25.28,29.89,22.54,84.93
GHA,GHA_GHA15.12_2,WassaAmenfiEast,Western,2003,1419.4,916.1,-153.86,25.5,30.13,22.73,84.79
GHA,GHA_GHA15.12_2,WassaAmenfiEast,Western,2004,1447.4,1007.1,-125.86,25.39,30.09,22.57,84.35
GHA,GHA_GHA15.12_2,WassaAmenfiEast,Western,2005,1457.5,935.2,-115.76,25.46,30.01,22.68,84.34
GHA,GHA_GHA15.12_2,WassaAmenfiEast,Western,2006,1439.8,950.0,-133.46,25.34,29.88,22.66,85.24
GHA,GHA_GHA15.12_2,WassaAmenfiEast,Western,2007,1749.5,1302.6,176.24,25.51,30.25,22.6,83.41
GHA,GHA_GHA15.12_2,WassaAmenfiEast,Western,2008,1493.5,1077.9,-79.76,25.53,30.36,22.5,82.81
GHA,GHA_GHA15.12_2,WassaAmenfiEast,Western,2009,1482.5,951.9,-90.76,25.39,29.84,22.72,84.91
GHA,GHA_GHA15.12_2,WassaAmenfiEast,Western,2010,1696.1,1137.4,122.84,25.68,30.19,22.9,85.05
GHA,GHA_GHA15.12_2,WassaAmenfiEast,Western,2011,1560.5,1121.8,-12.76,25.39,30.01,22.57,84.34
GHA,GHA_GHA15.12_2,WassaAmenfiEast,Western,2012,1618.9,1103.8,45.64,25.22,29.72,22.54,84.71
GHA,GHA_GHA15.12_2,WassaAmenfiEast,Western,2013,1460.1,917.1,-113.16,25.52,30.04,22.81,83.54
GHA,GHA_GHA15.12_2,WassaAmenfiEast,Western,2014,1808.0,1264.5,234.74,25.25,29.59,22.75,85.91
GHA,GHA_GHA15.12_2,WassaAmenfiEast,Western,2015,1281.1,781.9,-292.16,25.6,30.2,22.82,83.39
GHA,GHA_GHA15.12_2,WassaAmenfiEast,Western,2016,1660.1,1164.8,86.84,25.99,30.63,23.26,83.29
GHA,GHA_GHA15.12_2,WassaAmenfiEast,Western,2017,1562.2,1010.3,-11.06,25.56,30.28,22.77,85.38
GHA,GHA_GHA15.12_2,WassaAmenfiEast,Western,2018,1566.1,1127.3,-7.16,25.52,30.39,22.69,85.78
GHA,GHA_GHA15.12_2,WassaAmenfiEast,Western,2019,1815.4,1318.1,242.14,25.87,30.7,23.1,86.27
GHA,GHA_GHA15.12_2,WassaAmenfiEast,Western,2020,1413.7,1027.9,-159.56,26.01,31.19,22.97,83.64
GHA,GHA_GHA15.12_2,WassaAmenfiEast,Western,2021,1607.6,1257.9,34.34,25.89,31.16,22.94,85.16
GHA,GHA_GHA15.12_2,WassaAmenfiEast,Western,2022,1891.5,1308.5,318.24,25.54,31.34,22.3,83.63
GHA,GHA_GHA15.12_2,WassaAmenfiEast,Western,2023,2200.9,1503.8,627.64,25.85,31.43,22.75,84.63
GHA,GHA_GHA15.12_2,WassaAmenfiEast,Western,2024,1537.5,1032.9,-35.76,26.33,31.78,23.09,82.8
GHA,GHA_GHA15.12_2,WassaAmenfiEast,Western,2025,1235.8,799.8,-337.46,25.78,30.55,22.8,84.73
GHA,GHA_GHA15.13_2,WassaAmenfiWest,Western,2000,1217.8,849.4,-278.42,25.05,29.58,22.37,85.03
GHA,GHA_GHA15.13_2,WassaAmenfiWest,Western,2001,1225.0,715.8,-271.22,24.9,29.25,22.38,86.04
GHA,GHA_GHA15.13_2,WassaAmenfiWest,Western,2002,1525.6,1018.1,29.38,25.04,29.4,22.49,86.47
GHA,GHA_GHA15.13_2,WassaAmenfiWest,Western,2003,1329.8,819.5,-166.42,25.25,29.59,22.68,86.32
GHA,GHA_GHA15.13_2,WassaAmenfiWest,Western,2004,1232.2,799.7,-264.02,25.15,29.54,22.52,85.71
GHA,GHA_GHA15.13_2,WassaAmenfiWest,Western,2005,1237.6,763.5,-258.62,25.19,29.44,22.61,85.99
GHA,GHA_GHA15.13_2,WassaAmenfiWest,Western,2006,1337.1,846.1,-159.12,25.11,29.4,22.6,86.62
GHA,GHA_GHA15.13_2,WassaAmenfiWest,Western,2007,1687.0,1266.9,190.78,25.29,29.84,22.57,84.88
GHA,GHA_GHA15.13_2,WassaAmenfiWest,Western,2008,1358.7,945.8,-137.52,25.23,29.79,22.43,84.78
GHA,GHA_GHA15.13_2,WassaAmenfiWest,Western,2009,1312.7,792.2,-183.52,25.13,29.32,22.65,86.44
GHA,GHA_GHA15.13_2,WassaAmenfiWest,Western,2010,1451.9,953.3,-44.32,25.45,29.69,22.87,86.37
GHA,GHA_GHA15.13_2,WassaAmenfiWest,Western,2011,1349.1,925.7,-147.12,25.16,29.54,22.5,85.73
GHA,GHA_GHA15.13_2,WassaAmenfiWest,Western,2012,1443.3,945.9,-52.92,25.01,29.22,22.51,85.96
GHA,GHA_GHA15.13_2,WassaAmenfiWest,Western,2013,1344.2,824.0,-152.02,25.26,29.5,22.72,85.13
GHA,GHA_GHA15.13_2,WassaAmenfiWest,Western,2014,1726.3,1140.5,230.08,25.04,29.18,22.71,87.15
GHA,GHA_GHA15.13_2,WassaAmenfiWest,Western,2015,1163.8,703.0,-332.42,25.33,29.65,22.74,85.22
GHA,GHA_GHA15.13_2,WassaAmenfiWest,Western,2016,1483.2,1001.0,-13.02,25.76,30.16,23.18,84.62
GHA,GHA_GHA15.13_2,WassaAmenfiWest,Western,2017,1531.8,927.7,35.58,25.42,30.1,22.71,87.04
GHA,GHA_GHA15.13_2,WassaAmenfiWest,Western,2018,1677.7,1224.6,181.48,25.37,30.19,22.61,87.55
GHA,GHA_GHA15.13_2,WassaAmenfiWest,Western,2019,1785.0,1254.6,288.78,25.71,30.45,23.01,87.95
GHA,GHA_GHA15.13_2,WassaAmenfiWest,Western,2020,1696.5,1201.5,200.28,25.83,30.92,22.86,85.52
GHA,GHA_GHA15.13_2,WassaAmenfiWest,Western,2021,1666.7,1198.9,170.48,25.7,30.88,22.82,86.99
GHA,GHA_GHA15.13_2,WassaAmenfiWest,Western,2022,2047.2,1395.4,550.98,25.38,31.17,22.17,85.52
GHA,GHA_GHA15.13_2,WassaAmenfiWest,Western,2023,2256.4,1575.0,760.18,25.76,31.47,22.69,85.88
GHA,GHA_GHA15.13_2,WassaAmenfiWest,Western,2024,1489.1,1017.5,-7.12,26.31,31.87,23.1,83.7
GHA,GHA_GHA15.13_2,WassaAmenfiWest,Western,2025,1326.1,815.7,-170.12,25.82,30.62,22.84,84.98
GHA,GHA_GHA15.14_2,WassaEast,Western,2000,1657.4,1112.7,-23.58,25.31,29.39,22.8,86.45
GHA,GHA_GHA15.14_2,WassaEast,Western,2001,1574.6,879.9,-106.38,25.14,28.99,22.78,87.37
GHA,GHA_GHA15.14_2,WassaEast,Western,2002,1573.3,997.8,-107.68,25.36,29.3,22.91,87.21
GHA,GHA_GHA15.14_2,WassaEast,Western,2003,1552.9,877.2,-128.08,25.52,29.45,23.09,87.52
GHA,GHA_GHA15.14_2,WassaEast,Western,2004,1490.1,1006.9,-190.88,25.41,29.37,22.91,86.94
GHA,GHA_GHA15.14_2,WassaEast,Western,2005,1401.8,843.0,-279.18,25.52,29.39,23.07,86.78
GHA,GHA_GHA15.14_2,WassaEast,Western,2006,1552.1,967.7,-128.88,25.41,29.28,23.03,87.6
GHA,GHA_GHA15.14_2,WassaEast,Western,2007,1925.2,1311.4,244.22,25.51,29.62,22.96,86.32
GHA,GHA_GHA15.14_2,WassaEast,Western,2008,1552.9,986.0,-128.08,25.54,29.66,22.91,85.88
GHA,GHA_GHA15.14_2,WassaEast,Western,2009,1567.1,929.1,-113.88,25.42,29.24,23.06,87.5
GHA,GHA_GHA15.14_2,WassaEast,Western,2010,1489.0,962.1,-191.98,25.81,29.64,23.34,86.93
GHA,GHA_GHA15.14_2,WassaEast,Western,2011,1622.7,1071.7,-58.28,25.47,29.4,22.97,86.75
GHA,GHA_GHA15.14_2,WassaEast,Western,2012,1733.6,1123.9,52.62,25.33,29.2,22.93,86.89
GHA,GHA_GHA15.14_2,WassaEast,Western,2013,1398.8,855.0,-282.18,25.55,29.4,23.16,86.14
GHA,GHA_GHA15.14_2,WassaEast,Western,2014,2066.5,1285.1,385.52,25.32,28.99,23.12,88.29
GHA,GHA_GHA15.14_2,WassaEast,Western,2015,1321.0,789.9,-359.98,25.59,29.41,23.18,86.41
GHA,GHA_GHA15.14_2,WassaEast,Western,2016,1714.0,1141.0,33.02,25.99,29.96,23.59,86.25
GHA,GHA_GHA15.14_2,WassaEast,Western,2017,1823.9,1079.5,142.92,25.44,29.73,22.77,87.49
GHA,GHA_GHA15.14_2,WassaEast,Western,2018,1977.5,1435.7,296.52,25.44,29.97,22.64,87.39
GHA,GHA_GHA15.14_2,WassaEast,Western,2019,1839.1,1332.1,158.12,25.74,30.16,23.02,88.19
GHA,GHA_GHA15.14_2,WassaEast,Western,2020,1819.3,1287.7,138.32,25.77,30.49,22.88,86.5
GHA,GHA_GHA15.14_2,WassaEast,Western,2021,2086.4,1546.6,405.42,25.64,30.32,22.78,87.63
GHA,GHA_GHA15.14_2,WassaEast,Western,2022,1870.3,1249.9,189.32,25.36,30.6,22.23,85.88
GHA,GHA_GHA15.14_2,WassaEast,Western,2023,1943.4,1386.3,262.42,25.92,31.14,22.84,85.54
GHA,GHA_GHA15.14_2,WassaEast,Western,2024,1524.8,980.7,-156.18,26.25,31.45,23.08,84.46
GHA,GHA_GHA15.14_2,WassaEast,Western,2025,1627.8,1020.1,-53.18,25.86,30.84,22.85,85.51
GHA,GHA_GHA16.1_2,Aowin,WesternNorth,2000,1283.1,838.1,-302.42,25.44,29.87,22.87,85.28
GHA,GHA_GHA16.1_2,Aowin,WesternNorth,2001,1332.6,743.2,-252.92,25.29,29.55,22.88,86.28
GHA,GHA_GHA16.1_2,Aowin,WesternNorth,2002,1583.5,1037.9,-2.02,25.44,29.75,23.01,86.57
GHA,GHA_GHA16.1_2,Aowin,WesternNorth,2003,1471.5,892.0,-114.02,25.64,29.91,23.17,86.46
GHA,GHA_GHA16.1_2,Aowin,WesternNorth,2004,1380.3,900.7,-205.22,25.52,29.85,23.02,86.05
GHA,GHA_GHA16.1_2,Aowin,WesternNorth,2005,1326.0,788.1,-259.52,25.55,29.71,23.1,86.45
GHA,GHA_GHA16.1_2,Aowin,WesternNorth,2006,1489.8,898.3,-95.72,25.51,29.81,23.11,86.72
GHA,GHA_GHA16.1_2,Aowin,WesternNorth,2007,1786.1,1300.0,200.58,25.7,30.22,23.1,84.94
GHA,GHA_GHA16.1_2,Aowin,WesternNorth,2008,1557.2,1049.1,-28.32,25.62,30.1,22.94,84.99
GHA,GHA_GHA16.1_2,Aowin,WesternNorth,2009,1500.7,848.3,-84.82,25.51,29.62,23.14,86.77
GHA,GHA_GHA16.1_2,Aowin,WesternNorth,2010,1541.1,995.0,-44.42,25.83,30.0,23.39,86.71
GHA,GHA_GHA16.1_2,Aowin,WesternNorth,2011,1470.9,945.7,-114.62,25.54,29.85,23.0,86.01
GHA,GHA_GHA16.1_2,Aowin,WesternNorth,2012,1510.4,903.1,-75.12,25.41,29.57,23.01,86.06
GHA,GHA_GHA16.1_2,Aowin,WesternNorth,2013,1423.5,874.0,-162.02,25.61,29.82,23.17,85.59
GHA,GHA_GHA16.1_2,Aowin,WesternNorth,2014,1863.6,1201.3,278.08,25.43,29.53,23.17,87.33
GHA,GHA_GHA16.1_2,Aowin,WesternNorth,2015,1347.2,794.2,-238.32,25.72,29.99,23.23,85.52
GHA,GHA_GHA16.1_2,Aowin,WesternNorth,2016,1643.2,1073.3,57.68,26.14,30.48,23.64,84.79
GHA,GHA_GHA16.1_2,Aowin,WesternNorth,2017,1662.0,989.0,76.48,25.37,29.85,22.84,87.27
GHA,GHA_GHA16.1_2,Aowin,WesternNorth,2018,1913.9,1371.3,328.38,25.29,29.86,22.74,87.96
GHA,GHA_GHA16.1_2,Aowin,WesternNorth,2019,1924.2,1316.2,338.68,25.61,30.19,23.07,88.4
GHA,GHA_GHA16.1_2,Aowin,WesternNorth,2020,1615.8,1082.7,30.28,25.68,30.56,22.92,86.26
GHA,GHA_GHA16.1_2,Aowin,WesternNorth,2021,1748.0,1262.5,162.48,25.6,30.58,22.93,87.38
GHA,GHA_GHA16.1_2,Aowin,WesternNorth,2022,1877.9,1256.3,292.38,25.31,30.87,22.34,85.78
GHA,GHA_GHA16.1_2,Aowin,WesternNorth,2023,2188.4,1511.0,602.88,25.69,31.22,22.81,86.16
GHA,GHA_GHA16.1_2,Aowin,WesternNorth,2024,1537.3,1043.5,-48.22,26.14,31.5,23.13,84.68
GHA,GHA_GHA16.1_2,Aowin,WesternNorth,2025,1245.4,807.4,-340.12,25.67,30.05,22.92,85.48
GHA,GHA_GHA16.2_2,BiaEast,WesternNorth,2000,650.4,460.2,-423.42,25.86,30.64,22.52,75.41
GHA,GHA_GHA16.2_2,BiaEast,WesternNorth,2001,681.0,421.4,-392.82,25.78,30.44,22.64,76.61
GHA,GHA_GHA16.2_2,BiaEast,WesternNorth,2002,1013.6,714.8,-60.22,25.79,30.45,22.66,77.79
GHA,GHA_GHA16.2_2,BiaEast,WesternNorth,2003,870.2,587.2,-203.62,25.93,30.59,22.82,78.34
GHA,GHA_GHA16.2_2,BiaEast,WesternNorth,2004,860.6,610.7,-213.22,25.81,30.43,22.72,78.23
GHA,GHA_GHA16.2_2,BiaEast,WesternNorth,2005,845.3,571.6,-228.52,25.98,30.62,22.83,77.22
GHA,GHA_GHA16.2_2,BiaEast,WesternNorth,2006,785.1,567.5,-288.72,26.09,30.88,22.94,76.94
GHA,GHA_GHA16.2_2,BiaEast,WesternNorth,2007,960.6,685.8,-113.22,26.11,30.89,22.74,75.39
GHA,GHA_GHA16.2_2,BiaEast,WesternNorth,2008,998.5,742.8,-75.32,25.91,30.57,22.62,75.67
GHA,GHA_GHA16.2_2,BiaEast,WesternNorth,2009,856.7,531.2,-217.12,25.96,30.47,22.9,77.87
GHA,GHA_GHA16.2_2,BiaEast,WesternNorth,2010,919.8,613.7,-154.02,26.16,30.65,23.16,78.81
GHA,GHA_GHA16.2_2,BiaEast,WesternNorth,2011,911.5,671.4,-162.32,25.88,30.54,22.68,77.32
GHA,GHA_GHA16.2_2,BiaEast,WesternNorth,2012,870.0,544.7,-203.82,25.77,30.32,22.65,77.07
GHA,GHA_GHA16.2_2,BiaEast,WesternNorth,2013,758.7,479.1,-315.12,26.08,30.74,22.83,75.7
GHA,GHA_GHA16.2_2,BiaEast,WesternNorth,2014,1095.3,795.6,21.48,25.71,30.12,22.78,79.51
GHA,GHA_GHA16.2_2,BiaEast,WesternNorth,2015,775.2,491.8,-298.62,26.14,30.82,22.81,74.89
GHA,GHA_GHA16.2_2,BiaEast,WesternNorth,2016,965.3,680.9,-108.52,26.48,31.12,23.23,75.65
GHA,GHA_GHA16.2_2,BiaEast,WesternNorth,2017,1207.6,829.4,133.78,26.01,30.92,22.86,78.82
GHA,GHA_GHA16.2_2,BiaEast,WesternNorth,2018,1363.6,1056.8,289.78,25.86,30.71,22.73,79.55
GHA,GHA_GHA16.2_2,BiaEast,WesternNorth,2019,1627.3,1178.8,553.48,26.05,30.78,22.99,81.06
GHA,GHA_GHA16.2_2,BiaEast,WesternNorth,2020,1164.2,831.8,90.38,26.22,31.28,22.81,77.14
GHA,GHA_GHA16.2_2,BiaEast,WesternNorth,2021,1686.7,1330.3,612.88,26.19,31.33,22.85,79.15
GHA,GHA_GHA16.2_2,BiaEast,WesternNorth,2022,1649.6,1113.8,575.78,25.76,31.16,22.16,76.09
GHA,GHA_GHA16.2_2,BiaEast,WesternNorth,2023,1923.2,1266.3,849.38,25.98,31.3,22.57,78.09
GHA,GHA_GHA16.2_2,BiaEast,WesternNorth,2024,1162.7,783.4,88.88,26.59,32.03,22.9,75.06
GHA,GHA_GHA16.2_2,BiaEast,WesternNorth,2025,1316.7,885.5,242.88,25.85,31.16,22.46,80.07
GHA,GHA_GHA16.3_2,BiaWest,WesternNorth,2000,717.8,509.9,-392.0,25.99,30.9,22.72,77.22
GHA,GHA_GHA16.3_2,BiaWest,WesternNorth,2001,740.5,466.5,-369.3,25.9,30.67,22.83,78.39
GHA,GHA_GHA16.3_2,BiaWest,WesternNorth,2002,1039.3,731.8,-70.5,25.93,30.73,22.85,79.42
GHA,GHA_GHA16.3_2,BiaWest,WesternNorth,2003,931.4,620.8,-178.4,26.1,30.92,23.03,79.65
GHA,GHA_GHA16.3_2,BiaWest,WesternNorth,2004,907.1,660.5,-202.7,25.95,30.68,22.9,79.71
GHA,GHA_GHA16.3_2,BiaWest,WesternNorth,2005,838.6,553.3,-271.2,26.12,30.88,23.03,78.76
GHA,GHA_GHA16.3_2,BiaWest,WesternNorth,2006,797.1,576.5,-312.7,26.19,31.08,23.13,78.61
GHA,GHA_GHA16.3_2,BiaWest,WesternNorth,2007,1035.7,774.6,-74.1,26.23,31.13,22.94,77.32
GHA,GHA_GHA16.3_2,BiaWest,WesternNorth,2008,996.8,711.4,-113.0,26.02,30.82,22.78,77.63
GHA,GHA_GHA16.3_2,BiaWest,WesternNorth,2009,899.7,543.7,-210.1,26.0,30.55,23.05,79.87
GHA,GHA_GHA16.3_2,BiaWest,WesternNorth,2010,993.4,664.2,-116.4,26.29,30.92,23.34,80.36
GHA,GHA_GHA16.3_2,BiaWest,WesternNorth,2011,981.1,723.7,-128.7,25.96,30.72,22.86,79.4
GHA,GHA_GHA16.3_2,BiaWest,WesternNorth,2012,895.6,568.2,-214.2,25.87,30.51,22.84,78.98
GHA,GHA_GHA16.3_2,BiaWest,WesternNorth,2013,828.8,524.0,-281.0,26.18,30.93,23.04,77.7
GHA,GHA_GHA16.3_2,BiaWest,WesternNorth,2014,1227.3,903.1,117.5,25.81,30.31,22.96,81.22
GHA,GHA_GHA16.3_2,BiaWest,WesternNorth,2015,801.7,484.0,-308.1,26.29,31.1,23.06,76.74
GHA,GHA_GHA16.3_2,BiaWest,WesternNorth,2016,1096.2,795.5,-13.6,26.61,31.36,23.47,77.5
GHA,GHA_GHA16.3_2,BiaWest,WesternNorth,2017,1228.5,826.3,118.7,25.94,30.78,22.96,81.12
GHA,GHA_GHA16.3_2,BiaWest,WesternNorth,2018,1384.4,1012.7,274.6,25.92,30.84,22.91,81.25
GHA,GHA_GHA16.3_2,BiaWest,WesternNorth,2019,1627.4,1187.8,517.6,26.13,30.94,23.19,82.5
GHA,GHA_GHA16.3_2,BiaWest,WesternNorth,2020,1117.6,769.4,7.8,26.31,31.5,22.98,78.85
GHA,GHA_GHA16.3_2,BiaWest,WesternNorth,2021,1540.6,1181.9,430.8,26.32,31.59,23.02,80.24
GHA,GHA_GHA16.3_2,BiaWest,WesternNorth,2022,1724.8,1237.3,615.0,25.89,31.45,22.36,78.15
GHA,GHA_GHA16.3_2,BiaWest,WesternNorth,2023,1951.0,1348.9,841.2,26.16,31.71,22.79,79.51
GHA,GHA_GHA16.3_2,BiaWest,WesternNorth,2024,1288.7,874.7,178.9,26.79,32.42,23.15,76.53
GHA,GHA_GHA16.3_2,BiaWest,WesternNorth,2025,1263.7,875.6,153.9,26.12,31.6,22.74,79.82
GHA,GHA_GHA16.4_2,Bibiani-Anhwiaso-Bekwai-,WesternNorth,2000,943.7,719.9,-276.27,25.96,30.58,22.97,78.82
GHA,GHA_GHA16.4_2,Bibiani-Anhwiaso-Bekwai-,WesternNorth,2001,789.8,520.7,-430.17,25.87,30.38,23.0,79.69
GHA,GHA_GHA16.4_2,Bibiani-Anhwiaso-Bekwai-,WesternNorth,2002,1144.6,828.4,-75.37,26.01,30.57,23.08,79.97
GHA,GHA_GHA16.4_2,Bibiani-Anhwiaso-Bekwai-,WesternNorth,2003,1131.4,720.2,-88.57,26.09,30.62,23.2,80.74
GHA,GHA_GHA16.4_2,Bibiani-Anhwiaso-Bekwai-,WesternNorth,2004,839.4,583.6,-380.57,26.06,30.59,23.13,80.03
GHA,GHA_GHA16.4_2,Bibiani-Anhwiaso-Bekwai-,WesternNorth,2005,941.8,640.0,-278.17,26.12,30.56,23.19,79.84
GHA,GHA_GHA16.4_2,Bibiani-Anhwiaso-Bekwai-,WesternNorth,2006,940.4,674.4,-279.57,26.07,30.63,23.24,80.3
GHA,GHA_GHA16.4_2,Bibiani-Anhwiaso-Bekwai-,WesternNorth,2007,1080.9,848.0,-139.07,26.19,30.79,23.1,78.53
GHA,GHA_GHA16.4_2,Bibiani-Anhwiaso-Bekwai-,WesternNorth,2008,1107.4,826.6,-112.57,26.11,30.67,22.96,78.47
GHA,GHA_GHA16.4_2,Bibiani-Anhwiaso-Bekwai-,WesternNorth,2009,998.1,635.1,-221.87,26.02,30.35,23.22,80.75
GHA,GHA_GHA16.4_2,Bibiani-Anhwiaso-Bekwai-,WesternNorth,2010,1117.4,760.4,-102.57,26.24,30.57,23.42,81.46
GHA,GHA_GHA16.4_2,Bibiani-Anhwiaso-Bekwai-,WesternNorth,2011,1167.7,912.0,-52.27,25.96,30.4,23.03,80.35
GHA,GHA_GHA16.4_2,Bibiani-Anhwiaso-Bekwai-,WesternNorth,2012,1050.9,726.9,-169.07,25.83,30.19,23.01,80.48
GHA,GHA_GHA16.4_2,Bibiani-Anhwiaso-Bekwai-,WesternNorth,2013,947.3,627.9,-272.67,26.13,30.55,23.19,79.12
GHA,GHA_GHA16.4_2,Bibiani-Anhwiaso-Bekwai-,WesternNorth,2014,1338.3,1001.4,118.33,25.84,30.07,23.14,81.83
GHA,GHA_GHA16.4_2,Bibiani-Anhwiaso-Bekwai-,WesternNorth,2015,809.6,529.5,-410.37,26.33,30.87,23.28,78.15
GHA,GHA_GHA16.4_2,Bibiani-Anhwiaso-Bekwai-,WesternNorth,2016,1162.9,816.3,-57.07,26.6,31.07,23.66,79.03
GHA,GHA_GHA16.4_2,Bibiani-Anhwiaso-Bekwai-,WesternNorth,2017,1219.5,817.4,-0.47,25.76,30.31,22.94,82.09
GHA,GHA_GHA16.4_2,Bibiani-Anhwiaso-Bekwai-,WesternNorth,2018,1382.3,1036.2,162.33,25.75,30.41,22.87,82.32
GHA,GHA_GHA16.4_2,Bibiani-Anhwiaso-Bekwai-,WesternNorth,2019,1812.8,1364.1,592.83,25.99,30.53,23.18,83.42
GHA,GHA_GHA16.4_2,Bibiani-Anhwiaso-Bekwai-,WesternNorth,2020,1412.2,1067.1,192.23,26.15,31.06,23.01,80.36
GHA,GHA_GHA16.4_2,Bibiani-Anhwiaso-Bekwai-,WesternNorth,2021,1790.3,1364.9,570.33,26.14,31.25,23.05,81.62
GHA,GHA_GHA16.4_2,Bibiani-Anhwiaso-Bekwai-,WesternNorth,2022,1925.7,1339.5,705.73,25.72,31.16,22.4,80.05
GHA,GHA_GHA16.4_2,Bibiani-Anhwiaso-Bekwai-,WesternNorth,2023,2064.3,1413.4,844.33,25.98,31.24,22.82,81.12
GHA,GHA_GHA16.4_2,Bibiani-Anhwiaso-Bekwai-,WesternNorth,2024,1421.8,923.8,201.83,26.5,31.73,23.15,79.32
GHA,GHA_GHA16.4_2,Bibiani-Anhwiaso-Bekwai-,WesternNorth,2025,1178.8,776.6,-41.17,25.82,30.68,22.7,82.49
GHA,GHA_GHA16.5_2,Bodi,WesternNorth,2000,858.4,630.8,-364.66,25.95,30.55,23.03,80.02
GHA,GHA_GHA16.5_2,Bodi,WesternNorth,2001,832.6,504.8,-390.46,25.81,30.25,23.06,81.35
GHA,GHA_GHA16.5_2,Bodi,WesternNorth,2002,1144.3,792.3,-78.76,25.95,30.48,23.16,81.54
GHA,GHA_GHA16.5_2,Bodi,WesternNorth,2003,1069.7,691.0,-153.36,26.08,30.57,23.31,82.03
GHA,GHA_GHA16.5_2,Bodi,WesternNorth,2004,953.4,684.8,-269.66,26.0,30.54,23.21,81.55
GHA,GHA_GHA16.5_2,Bodi,WesternNorth,2005,888.1,570.2,-334.96,26.04,30.43,23.26,81.52
GHA,GHA_GHA16.5_2,Bodi,WesternNorth,2006,920.0,656.7,-303.06,26.04,30.55,23.31,81.7
GHA,GHA_GHA16.5_2,Bodi,WesternNorth,2007,1117.4,880.4,-105.66,26.26,30.91,23.27,79.43
GHA,GHA_GHA16.5_2,Bodi,WesternNorth,2008,1095.8,769.8,-127.26,26.06,30.58,23.06,80.1
GHA,GHA_GHA16.5_2,Bodi,WesternNorth,2009,1014.0,590.4,-209.06,25.92,30.14,23.28,82.57
GHA,GHA_GHA16.5_2,Bodi,WesternNorth,2010,1135.9,753.2,-87.16,26.23,30.52,23.56,82.71
GHA,GHA_GHA16.5_2,Bodi,WesternNorth,2011,1087.4,801.4,-135.66,25.97,30.4,23.14,81.61
GHA,GHA_GHA16.5_2,Bodi,WesternNorth,2012,962.3,630.8,-260.76,25.83,30.13,23.12,81.64
GHA,GHA_GHA16.5_2,Bodi,WesternNorth,2013,974.1,618.2,-248.96,26.1,30.53,23.3,80.63
GHA,GHA_GHA16.5_2,Bodi,WesternNorth,2014,1371.6,994.8,148.54,25.82,30.04,23.25,83.26
GHA,GHA_GHA16.5_2,Bodi,WesternNorth,2015,869.3,528.5,-353.76,26.21,30.7,23.3,80.13
GHA,GHA_GHA16.5_2,Bodi,WesternNorth,2016,1233.3,896.9,10.24,26.6,31.07,23.75,80.11
GHA,GHA_GHA16.5_2,Bodi,WesternNorth,2017,1230.5,770.7,7.44,25.55,30.02,22.84,83.4
GHA,GHA_GHA16.5_2,Bodi,WesternNorth,2018,1649.2,1217.9,426.14,25.5,30.07,22.76,83.85
GHA,GHA_GHA16.5_2,Bodi,WesternNorth,2019,1674.0,1174.2,450.94,25.8,30.28,23.1,84.59
GHA,GHA_GHA16.5_2,Bodi,WesternNorth,2020,1388.2,962.3,165.14,25.9,30.75,22.9,81.87
GHA,GHA_GHA16.5_2,Bodi,WesternNorth,2021,1730.0,1297.6,506.94,25.88,30.82,22.96,83.09
GHA,GHA_GHA16.5_2,Bodi,WesternNorth,2022,1881.0,1342.1,657.94,25.56,30.88,22.34,81.24
GHA,GHA_GHA16.5_2,Bodi,WesternNorth,2023,2115.0,1415.8,891.94,25.82,30.98,22.8,82.27
GHA,GHA_GHA16.5_2,Bodi,WesternNorth,2024,1223.7,801.9,0.64,26.39,31.66,23.1,80.09
GHA,GHA_GHA16.5_2,Bodi,WesternNorth,2025,1380.4,902.2,157.34,25.59,30.44,22.54,83.87
GHA,GHA_GHA16.6_2,Juaboso,WesternNorth,2000,717.8,509.9,-434.47,24.94,29.68,21.86,78.82
GHA,GHA_GHA16.6_2,Juaboso,WesternNorth,2001,740.5,466.5,-411.77,24.82,29.41,21.93,80.09
GHA,GHA_GHA16.6_2,Juaboso,WesternNorth,2002,1039.3,731.8,-112.97,24.92,29.58,22.0,80.6
GHA,GHA_GHA16.6_2,Juaboso,WesternNorth,2003,931.4,620.8,-220.87,25.05,29.69,22.15,81.11
GHA,GHA_GHA16.6_2,Juaboso,WesternNorth,2004,907.1,660.5,-245.17,24.97,29.61,22.03,80.69
GHA,GHA_GHA16.6_2,Juaboso,WesternNorth,2005,838.6,553.3,-313.67,25.04,29.58,22.11,80.48
GHA,GHA_GHA16.6_2,Juaboso,WesternNorth,2006,797.1,576.5,-355.17,25.07,29.75,22.2,80.46
GHA,GHA_GHA16.6_2,Juaboso,WesternNorth,2007,1035.7,774.6,-116.57,25.25,30.02,22.11,78.41
GHA,GHA_GHA16.6_2,Juaboso,WesternNorth,2008,996.8,711.4,-155.47,25.01,29.66,21.88,79.17
GHA,GHA_GHA16.6_2,Juaboso,WesternNorth,2009,899.7,543.7,-252.57,24.93,29.29,22.16,81.48
GHA,GHA_GHA16.6_2,Juaboso,WesternNorth,2010,993.4,664.2,-158.87,25.23,29.65,22.43,81.77
GHA,GHA_GHA16.6_2,Juaboso,WesternNorth,2011,981.1,723.7,-171.17,24.94,29.51,21.97,80.68
GHA,GHA_GHA16.6_2,Juaboso,WesternNorth,2012,895.6,568.2,-256.67,24.81,29.26,21.97,80.65
GHA,GHA_GHA16.6_2,Juaboso,WesternNorth,2013,828.8,524.0,-323.47,25.1,29.67,22.15,79.49
GHA,GHA_GHA16.6_2,Juaboso,WesternNorth,2014,1227.3,903.1,75.03,24.8,29.14,22.11,82.39
GHA,GHA_GHA16.6_2,Juaboso,WesternNorth,2015,801.7,484.0,-350.57,25.2,29.83,22.16,78.91
GHA,GHA_GHA16.6_2,Juaboso,WesternNorth,2016,1096.2,795.5,-56.07,25.57,30.17,22.6,79.06
GHA,GHA_GHA16.6_2,Juaboso,WesternNorth,2017,1359.4,895.5,207.13,25.58,30.21,22.8,82.82
GHA,GHA_GHA16.6_2,Juaboso,WesternNorth,2018,1613.5,1155.5,461.23,25.55,30.29,22.75,83.17
GHA,GHA_GHA16.6_2,Juaboso,WesternNorth,2019,1733.4,1278.7,581.13,25.79,30.36,23.04,84.18
GHA,GHA_GHA16.6_2,Juaboso,WesternNorth,2020,1314.9,955.8,162.63,25.93,30.83,22.84,81.08
GHA,GHA_GHA16.6_2,Juaboso,WesternNorth,2021,1730.4,1319.0,578.13,25.9,30.89,22.88,82.49
GHA,GHA_GHA16.6_2,Juaboso,WesternNorth,2022,1946.0,1398.7,793.73,25.55,30.86,22.25,80.25
GHA,GHA_GHA16.6_2,Juaboso,WesternNorth,2023,2041.9,1377.0,889.63,25.77,31.02,22.65,81.65
GHA,GHA_GHA16.6_2,Juaboso,WesternNorth,2024,1283.9,833.5,131.63,26.4,31.79,23.0,78.84
GHA,GHA_GHA16.6_2,Juaboso,WesternNorth,2025,1207.5,821.7,55.23,25.73,30.82,22.6,82.34
GHA,GHA_GHA16.8_2,Sefwi-Akontombra,WesternNorth,2000,1040.7,737.7,-356.27,24.76,29.31,21.95,81.5
GHA,GHA_GHA16.8_2,Sefwi-Akontombra,WesternNorth,2001,1114.9,679.8,-282.07,24.62,29.01,21.96,82.74
GHA,GHA_GHA16.8_2,Sefwi-Akontombra,WesternNorth,2002,1422.6,969.7,25.63,24.76,29.23,22.08,82.89
GHA,GHA_GHA16.8_2,Sefwi-Akontombra,WesternNorth,2003,1278.6,806.2,-118.37,24.91,29.33,22.23,83.21
GHA,GHA_GHA16.8_2,Sefwi-Akontombra,WesternNorth,2004,1187.1,820.3,-209.87,24.83,29.32,22.11,82.72
GHA,GHA_GHA16.8_2,Sefwi-Akontombra,WesternNorth,2005,1151.4,717.3,-245.57,24.85,29.15,22.15,83.04
GHA,GHA_GHA16.8_2,Sefwi-Akontombra,WesternNorth,2006,1293.9,870.2,-103.07,24.82,29.23,22.18,83.28
GHA,GHA_GHA16.8_2,Sefwi-Akontombra,WesternNorth,2007,1504.9,1158.1,107.93,25.01,29.58,22.15,81.25
GHA,GHA_GHA16.8_2,Sefwi-Akontombra,WesternNorth,2008,1330.5,934.3,-66.47,24.93,29.47,22.0,81.22
GHA,GHA_GHA16.8_2,Sefwi-Akontombra,WesternNorth,2009,1303.2,753.4,-93.77,24.76,28.95,22.19,83.68
GHA,GHA_GHA16.8_2,Sefwi-Akontombra,WesternNorth,2010,1368.7,896.3,-28.27,25.1,29.39,22.47,83.58
GHA,GHA_GHA16.8_2,Sefwi-Akontombra,WesternNorth,2011,1278.3,893.5,-118.67,24.81,29.21,22.05,82.74
GHA,GHA_GHA16.8_2,Sefwi-Akontombra,WesternNorth,2012,1202.1,773.1,-194.87,24.66,28.94,22.03,82.92
GHA,GHA_GHA16.8_2,Sefwi-Akontombra,WesternNorth,2013,1230.3,749.7,-166.67,24.9,29.27,22.21,82.06
GHA,GHA_GHA16.8_2,Sefwi-Akontombra,WesternNorth,2014,1593.8,1079.1,196.83,24.67,28.87,22.2,84.32
GHA,GHA_GHA16.8_2,Sefwi-Akontombra,WesternNorth,2015,1112.7,688.3,-284.27,25.03,29.47,22.25,81.63
GHA,GHA_GHA16.8_2,Sefwi-Akontombra,WesternNorth,2016,1480.3,1025.6,83.33,25.43,29.84,22.69,81.45
GHA,GHA_GHA16.8_2,Sefwi-Akontombra,WesternNorth,2017,1388.3,907.9,-8.67,25.07,29.32,22.58,85.25
GHA,GHA_GHA16.8_2,Sefwi-Akontombra,WesternNorth,2018,1757.6,1337.9,360.63,25.04,29.41,22.51,85.58
GHA,GHA_GHA16.8_2,Sefwi-Akontombra,WesternNorth,2019,1741.3,1172.9,344.33,25.36,29.69,22.84,86.04
GHA,GHA_GHA16.8_2,Sefwi-Akontombra,WesternNorth,2020,1460.0,1051.5,63.03,25.48,30.16,22.68,83.37
GHA,GHA_GHA16.8_2,Sefwi-Akontombra,WesternNorth,2021,1646.9,1205.6,249.93,25.39,30.13,22.7,84.97
GHA,GHA_GHA16.8_2,Sefwi-Akontombra,WesternNorth,2022,1944.1,1343.9,547.13,25.14,30.31,22.16,82.75
GHA,GHA_GHA16.8_2,Sefwi-Akontombra,WesternNorth,2023,1952.1,1363.6,555.13,25.48,30.53,22.64,83.16
GHA,GHA_GHA16.8_2,Sefwi-Akontombra,WesternNorth,2024,1341.9,895.6,-55.07,25.89,30.98,22.84,81.89
GHA,GHA_GHA16.8_2,Sefwi-Akontombra,WesternNorth,2025,1194.9,739.2,-202.07,25.23,30.39,22.29,84.32
GHA,GHA_GHA16.7_2,Sefwi-Wiawso,WesternNorth,2000,913.7,688.2,-300.93,25.9,30.46,22.94,78.83
GHA,GHA_GHA16.7_2,Sefwi-Wiawso,WesternNorth,2001,802.3,506.4,-412.33,25.81,30.27,22.97,79.78
GHA,GHA_GHA16.7_2,Sefwi-Wiawso,WesternNorth,2002,1129.8,803.3,-84.83,25.94,30.44,23.06,80.06
GHA,GHA_GHA16.7_2,Sefwi-Wiawso,WesternNorth,2003,1112.5,736.9,-102.13,26.06,30.56,23.19,80.57
GHA,GHA_GHA16.7_2,Sefwi-Wiawso,WesternNorth,2004,860.4,594.8,-354.23,26.02,30.53,23.12,79.95
GHA,GHA_GHA16.7_2,Sefwi-Wiawso,WesternNorth,2005,915.7,583.2,-298.93,26.05,30.42,23.17,79.96
GHA,GHA_GHA16.7_2,Sefwi-Wiawso,WesternNorth,2006,995.0,709.5,-219.63,26.02,30.54,23.22,80.37
GHA,GHA_GHA16.7_2,Sefwi-Wiawso,WesternNorth,2007,1095.0,857.3,-119.63,26.17,30.74,23.12,78.44
GHA,GHA_GHA16.7_2,Sefwi-Wiawso,WesternNorth,2008,1103.7,809.1,-110.93,26.07,30.58,22.95,78.44
GHA,GHA_GHA16.7_2,Sefwi-Wiawso,WesternNorth,2009,1055.6,632.4,-159.03,25.92,30.17,23.18,81.04
GHA,GHA_GHA16.7_2,Sefwi-Wiawso,WesternNorth,2010,1161.5,759.6,-53.13,26.17,30.45,23.41,81.51
GHA,GHA_GHA16.7_2,Sefwi-Wiawso,WesternNorth,2011,1204.7,938.5,-9.93,25.92,30.32,23.01,80.32
GHA,GHA_GHA16.7_2,Sefwi-Wiawso,WesternNorth,2012,988.2,660.3,-226.43,25.77,30.07,22.98,80.47
GHA,GHA_GHA16.7_2,Sefwi-Wiawso,WesternNorth,2013,1010.1,652.2,-204.53,26.07,30.45,23.17,79.22
GHA,GHA_GHA16.7_2,Sefwi-Wiawso,WesternNorth,2014,1390.5,1017.2,175.87,25.75,29.94,23.11,82.08
GHA,GHA_GHA16.7_2,Sefwi-Wiawso,WesternNorth,2015,881.6,560.2,-333.03,26.2,30.65,23.21,78.69
GHA,GHA_GHA16.7_2,Sefwi-Wiawso,WesternNorth,2016,1166.7,809.8,-47.93,26.55,30.97,23.63,78.95
GHA,GHA_GHA16.7_2,Sefwi-Wiawso,WesternNorth,2017,1181.4,777.1,-33.23,25.89,30.52,22.96,81.61
GHA,GHA_GHA16.7_2,Sefwi-Wiawso,WesternNorth,2018,1478.1,1078.4,263.47,25.84,30.54,22.86,82.1
GHA,GHA_GHA16.7_2,Sefwi-Wiawso,WesternNorth,2019,1700.3,1207.3,485.67,26.05,30.62,23.15,83.36
GHA,GHA_GHA16.7_2,Sefwi-Wiawso,WesternNorth,2020,1259.1,891.5,44.47,26.29,31.3,23.01,79.68
GHA,GHA_GHA16.7_2,Sefwi-Wiawso,WesternNorth,2021,1892.2,1482.9,677.57,26.21,31.34,23.05,81.39
GHA,GHA_GHA16.7_2,Sefwi-Wiawso,WesternNorth,2022,1949.8,1383.9,735.17,25.85,31.34,22.4,79.72
GHA,GHA_GHA16.7_2,Sefwi-Wiawso,WesternNorth,2023,1920.2,1320.2,705.57,26.07,31.35,22.83,81.03
GHA,GHA_GHA16.7_2,Sefwi-Wiawso,WesternNorth,2024,1324.2,894.0,109.57,26.55,31.79,23.14,79.44
GHA,GHA_GHA16.7_2,Sefwi-Wiawso,WesternNorth,2025,1088.1,718.0,-126.53,26.01,31.04,22.73,81.3
GHA,GHA_GHA16.9_2,Suaman,WesternNorth,2000,1115.4,766.4,-293.81,25.34,29.98,22.53,82.77
GHA,GHA_GHA16.9_2,Suaman,WesternNorth,2001,1206.8,719.3,-202.41,25.17,29.65,22.53,84.09
GHA,GHA_GHA16.9_2,Suaman,WesternNorth,2002,1489.5,1000.6,80.29,25.3,29.85,22.65,84.42
GHA,GHA_GHA16.9_2,Suaman,WesternNorth,2003,1298.2,803.1,-111.01,25.48,30.0,22.81,84.47
GHA,GHA_GHA16.9_2,Suaman,WesternNorth,2004,1289.9,893.4,-119.31,25.36,29.91,22.66,84.23
GHA,GHA_GHA16.9_2,Suaman,WesternNorth,2005,1194.8,747.6,-214.41,25.41,29.8,22.73,84.37
GHA,GHA_GHA16.9_2,Suaman,WesternNorth,2006,1306.4,828.5,-102.81,25.39,29.87,22.78,84.56
GHA,GHA_GHA16.9_2,Suaman,WesternNorth,2007,1585.3,1189.2,176.09,25.62,30.33,22.78,82.41
GHA,GHA_GHA16.9_2,Suaman,WesternNorth,2008,1423.3,996.9,14.09,25.49,30.15,22.59,82.68
GHA,GHA_GHA16.9_2,Suaman,WesternNorth,2009,1388.4,819.6,-20.81,25.36,29.66,22.81,84.75
GHA,GHA_GHA16.9_2,Suaman,WesternNorth,2010,1435.8,924.9,26.59,25.67,30.04,23.05,84.89
GHA,GHA_GHA16.9_2,Suaman,WesternNorth,2011,1283.7,857.1,-125.51,25.39,29.91,22.64,84.01
GHA,GHA_GHA16.9_2,Suaman,WesternNorth,2012,1294.2,826.4,-115.01,25.27,29.64,22.66,83.96
GHA,GHA_GHA16.9_2,Suaman,WesternNorth,2013,1319.7,812.3,-89.51,25.5,29.98,22.82,83.2
GHA,GHA_GHA16.9_2,Suaman,WesternNorth,2014,1673.4,1146.0,264.19,25.26,29.54,22.81,85.46
GHA,GHA_GHA16.9_2,Suaman,WesternNorth,2015,1229.2,730.4,-180.01,25.62,30.17,22.88,82.93
GHA,GHA_GHA16.9_2,Suaman,WesternNorth,2016,1508.2,1043.8,98.99,26.02,30.58,23.31,82.54
GHA,GHA_GHA16.9_2,Suaman,WesternNorth,2017,1273.8,764.1,-135.41,25.81,30.46,23.06,83.74
GHA,GHA_GHA16.9_2,Suaman,WesternNorth,2018,1682.6,1189.2,273.39,25.77,30.54,22.99,84.18
GHA,GHA_GHA16.9_2,Suaman,WesternNorth,2019,1705.3,1204.1,296.09,26.1,30.82,23.33,84.62
GHA,GHA_GHA16.9_2,Suaman,WesternNorth,2020,1347.5,916.1,-61.71,26.19,31.2,23.12,82.05
GHA,GHA_GHA16.9_2,Suaman,WesternNorth,2021,1625.1,1258.7,215.89,26.2,31.35,23.19,83.01
GHA,GHA_GHA16.9_2,Suaman,WesternNorth,2022,1766.4,1225.0,357.19,25.87,31.49,22.57,81.28
GHA,GHA_GHA16.9_2,Suaman,WesternNorth,2023,1789.4,1202.7,380.19,26.16,31.61,23.02,82.11
GHA,GHA_GHA16.9_2,Suaman,WesternNorth,2024,1219.3,800.9,-189.91,26.74,32.2,23.39,79.81
GHA,GHA_GHA16.9_2,Suaman,WesternNorth,2025,1187.9,790.2,-221.31,26.05,30.85,22.93,82.25
BFA,BFA_BFA.1.1_1,Balé,BoucleduMouhoun,2000,746.7,739.6,18.41,28.08,34.34,22.27,48.18
BFA,BFA_BFA.1.1_1,Balé,BoucleduMouhoun,2001,702.7,696.6,-25.59,28.18,34.51,22.29,46.86
BFA,BFA_BFA.1.1_1,Balé,BoucleduMouhoun,2002,597.3,567.5,-130.99,28.73,34.98,22.95,46.05
BFA,BFA_BFA.1.1_1,Balé,BoucleduMouhoun,2003,763.9,742.4,35.61,28.37,34.35,22.9,50.57
BFA,BFA_BFA.1.1_1,Balé,BoucleduMouhoun,2004,526.2,482.1,-202.09,28.72,34.87,23.05,47.88
BFA,BFA_BFA.1.1_1,Balé,BoucleduMouhoun,2005,610.7,578.1,-117.59,28.83,34.93,23.24,48.7
BFA,BFA_BFA.1.1_1,Balé,BoucleduMouhoun,2006,764.9,744.1,36.61,28.31,34.44,22.66,48.3
BFA,BFA_BFA.1.1_1,Balé,BoucleduMouhoun,2007,528.6,499.7,-199.69,28.29,34.47,22.7,46.96
BFA,BFA_BFA.1.1_1,Balé,BoucleduMouhoun,2008,636.2,627.9,-92.09,27.8,34.0,22.01,46.79
BFA,BFA_BFA.1.1_1,Balé,BoucleduMouhoun,2009,601.6,589.0,-126.69,28.59,34.64,23.01,49.04
BFA,BFA_BFA.1.1_1,Balé,BoucleduMouhoun,2010,940.8,919.3,212.51,28.59,34.61,22.99,50.9
BFA,BFA_BFA.1.1_1,Balé,BoucleduMouhoun,2011,503.4,496.5,-224.89,28.58,34.74,22.87,47.7
BFA,BFA_BFA.1.1_1,Balé,BoucleduMouhoun,2012,770.5,723.1,42.21,28.03,33.98,22.63,50.71
BFA,BFA_BFA.1.1_1,Balé,BoucleduMouhoun,2013,609.2,577.6,-119.09,28.57,34.55,23.08,49.1
BFA,BFA_BFA.1.1_1,Balé,BoucleduMouhoun,2014,589.6,581.3,-138.69,28.62,34.56,23.16,49.4
BFA,BFA_BFA.1.1_1,Balé,BoucleduMouhoun,2015,698.7,697.0,-29.59,28.57,34.7,22.93,46.14
BFA,BFA_BFA.1.1_1,Balé,BoucleduMouhoun,2016,539.8,509.9,-188.49,29.07,35.15,23.44,46.89
BFA,BFA_BFA.1.1_1,Balé,BoucleduMouhoun,2017,729.8,721.4,1.51,28.56,34.62,23.37,46.55
BFA,BFA_BFA.1.1_1,Balé,BoucleduMouhoun,2018,957.8,944.7,229.51,28.48,34.21,23.6,50.54
BFA,BFA_BFA.1.1_1,Balé,BoucleduMouhoun,2019,843.2,819.3,114.91,28.78,34.64,23.62,48.33
BFA,BFA_BFA.1.1_1,Balé,BoucleduMouhoun,2020,910.8,897.0,182.51,28.82,34.8,23.63,46.81
BFA,BFA_BFA.1.1_1,Balé,BoucleduMouhoun,2021,612.1,608.2,-116.19,29.13,35.12,23.82,45.74
BFA,BFA_BFA.1.1_1,Balé,BoucleduMouhoun,2022,932.7,903.0,204.41,28.17,34.24,22.86,47.71
BFA,BFA_BFA.1.1_1,Balé,BoucleduMouhoun,2023,811.5,768.9,83.21,28.98,35.01,23.57,46.96
BFA,BFA_BFA.1.1_1,Balé,BoucleduMouhoun,2024,1065.4,1061.1,337.11,28.51,34.64,23.27,48.87
BFA,BFA_BFA.1.1_1,Balé,BoucleduMouhoun,2025,941.4,893.5,213.11,27.97,34.2,23.0,53.65
BFA,BFA_BFA.1.2_1,Banwa,BoucleduMouhoun,2000,689.9,681.7,-42.75,27.73,34.06,22.0,47.21
BFA,BFA_BFA.1.2_1,Banwa,BoucleduMouhoun,2001,635.7,627.8,-96.95,28.19,34.69,22.21,44.05
BFA,BFA_BFA.1.2_1,Banwa,BoucleduMouhoun,2002,632.1,586.3,-100.55,28.58,34.95,22.71,44.25
BFA,BFA_BFA.1.2_1,Banwa,BoucleduMouhoun,2003,979.3,964.4,246.65,28.26,34.31,22.79,49.25
BFA,BFA_BFA.1.2_1,Banwa,BoucleduMouhoun,2004,492.6,458.7,-240.05,28.76,35.1,22.96,45.03
BFA,BFA_BFA.1.2_1,Banwa,BoucleduMouhoun,2005,577.8,567.5,-154.85,28.78,34.94,23.17,45.91
BFA,BFA_BFA.1.2_1,Banwa,BoucleduMouhoun,2006,683.4,654.1,-49.25,28.34,34.66,22.64,45.34
BFA,BFA_BFA.1.2_1,Banwa,BoucleduMouhoun,2007,665.7,646.6,-66.95,28.17,34.5,22.51,44.93
BFA,BFA_BFA.1.2_1,Banwa,BoucleduMouhoun,2008,635.8,610.5,-96.85,27.73,34.14,21.94,44.86
BFA,BFA_BFA.1.2_1,Banwa,BoucleduMouhoun,2009,745.0,733.5,12.35,28.42,34.62,22.8,47.22
BFA,BFA_BFA.1.2_1,Banwa,BoucleduMouhoun,2010,896.3,884.7,163.65,28.33,34.39,22.74,49.76
BFA,BFA_BFA.1.2_1,Banwa,BoucleduMouhoun,2011,561.5,549.1,-171.15,28.26,34.63,22.5,46.26
BFA,BFA_BFA.1.2_1,Banwa,BoucleduMouhoun,2012,721.9,685.7,-10.75,27.89,34.05,22.38,48.42
BFA,BFA_BFA.1.2_1,Banwa,BoucleduMouhoun,2013,594.8,565.5,-137.85,28.42,34.68,22.82,46.65
BFA,BFA_BFA.1.2_1,Banwa,BoucleduMouhoun,2014,545.9,525.7,-186.75,28.53,34.79,22.9,46.48
BFA,BFA_BFA.1.2_1,Banwa,BoucleduMouhoun,2015,675.3,669.9,-57.35,28.23,34.44,22.59,45.31
BFA,BFA_BFA.1.2_1,Banwa,BoucleduMouhoun,2016,613.9,596.6,-118.75,28.63,34.87,23.01,46.45
BFA,BFA_BFA.1.2_1,Banwa,BoucleduMouhoun,2017,692.9,673.3,-39.75,28.13,34.3,22.9,45.58
BFA,BFA_BFA.1.2_1,Banwa,BoucleduMouhoun,2018,863.7,856.8,131.05,28.14,34.04,23.07,47.96
BFA,BFA_BFA.1.2_1,Banwa,BoucleduMouhoun,2019,855.1,840.6,122.45,28.32,34.35,23.1,46.65
BFA,BFA_BFA.1.2_1,Banwa,BoucleduMouhoun,2020,856.6,856.4,123.95,28.33,34.3,23.11,45.91
BFA,BFA_BFA.1.2_1,Banwa,BoucleduMouhoun,2021,763.3,761.0,30.65,28.81,35.02,23.42,43.4
BFA,BFA_BFA.1.2_1,Banwa,BoucleduMouhoun,2022,917.5,883.5,184.85,27.75,34.0,22.4,46.02
BFA,BFA_BFA.1.2_1,Banwa,BoucleduMouhoun,2023,950.8,939.7,218.15,28.56,34.8,23.1,44.69
BFA,BFA_BFA.1.2_1,Banwa,BoucleduMouhoun,2024,1003.1,1001.2,270.45,28.11,34.37,22.81,47.13
BFA,BFA_BFA.1.2_1,Banwa,BoucleduMouhoun,2025,799.1,782.0,66.45,27.61,33.75,22.7,51.82
BFA,BFA_BFA.1.3_1,Kossi,BoucleduMouhoun,2000,464.3,462.7,-117.52,28.18,35.06,21.52,43.36
BFA,BFA_BFA.1.3_1,Kossi,BoucleduMouhoun,2001,542.4,538.5,-39.42,28.38,35.35,21.46,41.64
BFA,BFA_BFA.1.3_1,Kossi,BoucleduMouhoun,2002,462.7,448.5,-119.12,28.9,35.78,22.12,40.71
BFA,BFA_BFA.1.3_1,Kossi,BoucleduMouhoun,2003,614.9,606.8,33.08,28.61,35.14,22.26,46.49
BFA,BFA_BFA.1.3_1,Kossi,BoucleduMouhoun,2004,441.2,431.9,-140.62,29.0,35.79,22.39,42.31
BFA,BFA_BFA.1.3_1,Kossi,BoucleduMouhoun,2005,376.6,370.1,-205.22,29.16,35.76,22.74,42.48
BFA,BFA_BFA.1.3_1,Kossi,BoucleduMouhoun,2006,486.9,468.2,-94.92,28.69,35.57,22.02,41.84
BFA,BFA_BFA.1.3_1,Kossi,BoucleduMouhoun,2007,506.9,500.5,-74.92,28.39,35.11,21.91,42.46
BFA,BFA_BFA.1.3_1,Kossi,BoucleduMouhoun,2008,596.8,568.0,14.98,27.95,34.75,21.35,42.83
BFA,BFA_BFA.1.3_1,Kossi,BoucleduMouhoun,2009,408.3,404.3,-173.52,28.74,35.44,22.26,44.03
BFA,BFA_BFA.1.3_1,Kossi,BoucleduMouhoun,2010,648.4,644.6,66.58,28.62,35.19,22.21,47.5
BFA,BFA_BFA.1.3_1,Kossi,BoucleduMouhoun,2011,357.0,352.0,-224.82,28.85,35.86,22.09,41.52
BFA,BFA_BFA.1.3_1,Kossi,BoucleduMouhoun,2012,557.9,542.7,-23.92,28.26,34.8,22.04,45.51
BFA,BFA_BFA.1.3_1,Kossi,BoucleduMouhoun,2013,444.8,429.2,-137.02,28.78,35.58,22.23,43.38
BFA,BFA_BFA.1.3_1,Kossi,BoucleduMouhoun,2014,417.1,412.1,-164.72,28.9,35.66,22.42,43.17
BFA,BFA_BFA.1.3_1,Kossi,BoucleduMouhoun,2015,539.3,535.3,-42.52,28.41,35.09,21.96,43.01
BFA,BFA_BFA.1.3_1,Kossi,BoucleduMouhoun,2016,436.4,430.0,-145.42,28.9,35.57,22.46,43.74
BFA,BFA_BFA.1.3_1,Kossi,BoucleduMouhoun,2017,756.7,744.2,174.88,28.32,35.09,22.3,43.87
BFA,BFA_BFA.1.3_1,Kossi,BoucleduMouhoun,2018,685.3,684.2,103.48,28.45,34.87,22.5,45.54
BFA,BFA_BFA.1.3_1,Kossi,BoucleduMouhoun,2019,754.7,748.7,172.88,28.75,35.27,22.75,43.68
BFA,BFA_BFA.1.3_1,Kossi,BoucleduMouhoun,2020,794.8,794.1,212.98,28.79,35.31,22.63,42.99
BFA,BFA_BFA.1.3_1,Kossi,BoucleduMouhoun,2021,571.0,570.8,-10.82,29.3,35.92,23.04,40.4
BFA,BFA_BFA.1.3_1,Kossi,BoucleduMouhoun,2022,863.5,855.9,281.68,28.03,34.7,21.85,43.8
BFA,BFA_BFA.1.3_1,Kossi,BoucleduMouhoun,2023,860.3,856.1,278.48,28.76,35.51,22.41,43.0
BFA,BFA_BFA.1.3_1,Kossi,BoucleduMouhoun,2024,913.6,910.2,331.78,28.41,35.12,22.4,45.17
BFA,BFA_BFA.1.3_1,Kossi,BoucleduMouhoun,2025,625.6,618.7,43.78,28.14,34.66,22.68,49.34
BFA,BFA_BFA.1.4_1,Mouhoun,BoucleduMouhoun,2000,787.0,773.2,80.56,27.87,34.19,22.02,47.33
BFA,BFA_BFA.1.4_1,Mouhoun,BoucleduMouhoun,2001,599.6,591.8,-106.84,28.13,34.58,22.04,45.05
BFA,BFA_BFA.1.4_1,Mouhoun,BoucleduMouhoun,2002,551.0,510.9,-155.44,28.76,35.22,22.8,43.6
BFA,BFA_BFA.1.4_1,Mouhoun,BoucleduMouhoun,2003,759.2,748.2,52.76,28.38,34.42,22.8,49.03
BFA,BFA_BFA.1.4_1,Mouhoun,BoucleduMouhoun,2004,555.9,513.5,-150.54,28.68,34.97,22.9,46.14
BFA,BFA_BFA.1.4_1,Mouhoun,BoucleduMouhoun,2005,598.0,585.6,-108.44,28.89,35.08,23.16,46.18
BFA,BFA_BFA.1.4_1,Mouhoun,BoucleduMouhoun,2006,605.6,585.8,-100.84,28.36,34.69,22.53,45.9
BFA,BFA_BFA.1.4_1,Mouhoun,BoucleduMouhoun,2007,496.0,479.3,-210.44,28.28,34.57,22.57,44.92
BFA,BFA_BFA.1.4_1,Mouhoun,BoucleduMouhoun,2008,623.7,605.8,-82.74,27.84,34.2,21.96,44.9
BFA,BFA_BFA.1.4_1,Mouhoun,BoucleduMouhoun,2009,647.7,635.3,-58.74,28.46,34.69,22.72,47.59
BFA,BFA_BFA.1.4_1,Mouhoun,BoucleduMouhoun,2010,1048.8,1032.2,342.36,28.44,34.57,22.7,49.8
BFA,BFA_BFA.1.4_1,Mouhoun,BoucleduMouhoun,2011,470.3,462.3,-236.14,28.5,34.87,22.64,45.74
BFA,BFA_BFA.1.4_1,Mouhoun,BoucleduMouhoun,2012,798.8,766.0,92.36,27.92,34.0,22.4,49.3
BFA,BFA_BFA.1.4_1,Mouhoun,BoucleduMouhoun,2013,576.3,556.6,-130.14,28.48,34.69,22.8,47.24
BFA,BFA_BFA.1.4_1,Mouhoun,BoucleduMouhoun,2014,546.2,536.4,-160.24,28.56,34.67,22.92,47.41
BFA,BFA_BFA.1.4_1,Mouhoun,BoucleduMouhoun,2015,723.3,717.4,16.86,28.38,34.59,22.67,45.12
BFA,BFA_BFA.1.4_1,Mouhoun,BoucleduMouhoun,2016,561.7,544.0,-144.74,28.88,35.15,23.08,45.78
BFA,BFA_BFA.1.4_1,Mouhoun,BoucleduMouhoun,2017,683.3,673.7,-23.14,28.46,34.68,23.0,44.94
BFA,BFA_BFA.1.4_1,Mouhoun,BoucleduMouhoun,2018,760.2,749.9,53.76,28.34,34.28,23.21,48.73
BFA,BFA_BFA.1.4_1,Mouhoun,BoucleduMouhoun,2019,944.9,927.2,238.46,28.6,34.69,23.14,46.46
BFA,BFA_BFA.1.4_1,Mouhoun,BoucleduMouhoun,2020,857.6,852.4,151.16,28.62,34.74,23.2,45.4
BFA,BFA_BFA.1.4_1,Mouhoun,BoucleduMouhoun,2021,575.2,571.4,-131.24,29.12,35.3,23.56,43.09
BFA,BFA_BFA.1.4_1,Mouhoun,BoucleduMouhoun,2022,915.5,875.4,209.06,28.04,34.3,22.6,45.96
BFA,BFA_BFA.1.4_1,Mouhoun,BoucleduMouhoun,2023,838.9,825.3,132.46,28.81,35.1,23.2,45.26
BFA,BFA_BFA.1.4_1,Mouhoun,BoucleduMouhoun,2024,1073.3,1067.9,366.86,28.36,34.78,22.86,47.09
BFA,BFA_BFA.1.4_1,Mouhoun,BoucleduMouhoun,2025,769.5,745.6,63.06,27.75,34.09,22.67,52.58
BFA,BFA_BFA.1.5_1,Nayala,BoucleduMouhoun,2000,621.9,620.3,15.38,27.95,34.52,21.73,45.07
BFA,BFA_BFA.1.5_1,Nayala,BoucleduMouhoun,2001,554.2,549.7,-52.32,28.16,34.91,21.56,43.14
BFA,BFA_BFA.1.5_1,Nayala,BoucleduMouhoun,2002,435.6,392.1,-170.92,28.72,35.44,22.23,41.61
BFA,BFA_BFA.1.5_1,Nayala,BoucleduMouhoun,2003,669.8,655.1,63.28,28.48,34.86,22.36,46.94
BFA,BFA_BFA.1.5_1,Nayala,BoucleduMouhoun,2004,476.2,462.6,-130.32,28.74,35.35,22.44,43.8
BFA,BFA_BFA.1.5_1,Nayala,BoucleduMouhoun,2005,539.0,525.5,-67.52,28.85,35.24,22.7,44.76
BFA,BFA_BFA.1.5_1,Nayala,BoucleduMouhoun,2006,541.3,529.1,-65.22,28.46,35.07,22.12,43.47
BFA,BFA_BFA.1.5_1,Nayala,BoucleduMouhoun,2007,473.9,460.4,-132.62,28.34,34.91,22.14,43.18
BFA,BFA_BFA.1.5_1,Nayala,BoucleduMouhoun,2008,579.4,575.6,-27.12,27.9,34.49,21.6,42.93
BFA,BFA_BFA.1.5_1,Nayala,BoucleduMouhoun,2009,495.7,494.0,-110.82,28.55,35.07,22.29,45.23
BFA,BFA_BFA.1.5_1,Nayala,BoucleduMouhoun,2010,731.1,720.2,124.58,28.54,34.94,22.36,47.78
BFA,BFA_BFA.1.5_1,Nayala,BoucleduMouhoun,2011,338.7,332.7,-267.82,28.81,35.59,22.33,42.22
BFA,BFA_BFA.1.5_1,Nayala,BoucleduMouhoun,2012,699.0,683.2,92.48,28.17,34.49,22.28,46.6
BFA,BFA_BFA.1.5_1,Nayala,BoucleduMouhoun,2013,533.4,510.3,-73.12,28.58,35.12,22.32,45.18
BFA,BFA_BFA.1.5_1,Nayala,BoucleduMouhoun,2014,433.6,424.9,-172.92,28.75,35.19,22.6,44.68
BFA,BFA_BFA.1.5_1,Nayala,BoucleduMouhoun,2015,681.1,679.6,74.58,28.2,34.63,22.02,44.08
BFA,BFA_BFA.1.5_1,Nayala,BoucleduMouhoun,2016,536.7,525.0,-69.82,28.65,35.1,22.42,45.24
BFA,BFA_BFA.1.5_1,Nayala,BoucleduMouhoun,2017,677.3,661.4,70.78,28.4,34.94,22.69,43.24
BFA,BFA_BFA.1.5_1,Nayala,BoucleduMouhoun,2018,580.2,572.7,-26.32,28.38,34.55,22.9,46.51
BFA,BFA_BFA.1.5_1,Nayala,BoucleduMouhoun,2019,748.4,740.3,141.88,28.54,34.79,22.99,45.07
BFA,BFA_BFA.1.5_1,Nayala,BoucleduMouhoun,2020,743.7,742.3,137.18,28.67,34.92,23.03,43.88
BFA,BFA_BFA.1.5_1,Nayala,BoucleduMouhoun,2021,493.4,492.6,-113.12,29.11,35.4,23.42,41.56
BFA,BFA_BFA.1.5_1,Nayala,BoucleduMouhoun,2022,809.4,801.7,202.88,27.99,34.31,22.36,44.5
BFA,BFA_BFA.1.5_1,Nayala,BoucleduMouhoun,2023,817.9,815.7,211.38,28.85,35.29,22.96,43.63
BFA,BFA_BFA.1.5_1,Nayala,BoucleduMouhoun,2024,917.8,915.4,311.28,28.49,34.99,22.88,44.86
BFA,BFA_BFA.1.5_1,Nayala,BoucleduMouhoun,2025,640.9,631.2,34.38,28.23,34.71,22.91,48.67
BFA,BFA_BFA.1.6_1,Sourou,BoucleduMouhoun,2000,497.2,495.4,-5.48,28.37,34.99,22.23,41.46
BFA,BFA_BFA.1.6_1,Sourou,BoucleduMouhoun,2001,440.6,436.5,-62.08,28.56,35.32,22.2,39.79
BFA,BFA_BFA.1.6_1,Sourou,BoucleduMouhoun,2002,365.2,357.4,-137.48,29.16,35.88,22.87,38.13
BFA,BFA_BFA.1.6_1,Sourou,BoucleduMouhoun,2003,562.0,554.6,59.32,28.79,35.24,22.82,44.18
BFA,BFA_BFA.1.6_1,Sourou,BoucleduMouhoun,2004,356.6,346.7,-146.08,29.25,35.89,23.09,39.87
BFA,BFA_BFA.1.6_1,Sourou,BoucleduMouhoun,2005,493.7,481.7,-8.98,29.18,35.61,23.19,41.74
BFA,BFA_BFA.1.6_1,Sourou,BoucleduMouhoun,2006,418.5,410.2,-84.18,28.83,35.47,22.63,40.09
BFA,BFA_BFA.1.6_1,Sourou,BoucleduMouhoun,2007,549.3,541.0,46.62,28.61,35.15,22.62,40.57
BFA,BFA_BFA.1.6_1,Sourou,BoucleduMouhoun,2008,475.8,464.1,-26.88,28.3,34.88,22.15,40.09
BFA,BFA_BFA.1.6_1,Sourou,BoucleduMouhoun,2009,443.4,442.3,-59.28,29.0,35.5,22.89,41.84
BFA,BFA_BFA.1.6_1,Sourou,BoucleduMouhoun,2010,626.6,621.2,123.92,28.88,35.29,22.88,45.22
BFA,BFA_BFA.1.6_1,Sourou,BoucleduMouhoun,2011,281.2,276.8,-221.48,29.16,35.93,22.91,39.01
BFA,BFA_BFA.1.6_1,Sourou,BoucleduMouhoun,2012,523.3,515.1,20.62,28.58,34.99,22.77,42.79
BFA,BFA_BFA.1.6_1,Sourou,BoucleduMouhoun,2013,437.0,416.6,-65.68,29.03,35.67,22.85,41.25
BFA,BFA_BFA.1.6_1,Sourou,BoucleduMouhoun,2014,341.8,332.5,-160.88,29.11,35.64,23.04,41.18
BFA,BFA_BFA.1.6_1,Sourou,BoucleduMouhoun,2015,592.8,592.3,90.12,28.57,35.05,22.5,41.02
BFA,BFA_BFA.1.6_1,Sourou,BoucleduMouhoun,2016,437.5,427.8,-65.18,29.11,35.58,23.01,41.68
BFA,BFA_BFA.1.6_1,Sourou,BoucleduMouhoun,2017,534.7,527.1,32.02,28.81,35.43,23.22,40.5
BFA,BFA_BFA.1.6_1,Sourou,BoucleduMouhoun,2018,456.2,454.0,-46.48,28.92,35.28,23.41,42.19
BFA,BFA_BFA.1.6_1,Sourou,BoucleduMouhoun,2019,590.3,586.6,87.62,28.98,35.28,23.55,41.69
BFA,BFA_BFA.1.6_1,Sourou,BoucleduMouhoun,2020,622.1,622.0,119.42,29.1,35.42,23.57,40.82
BFA,BFA_BFA.1.6_1,Sourou,BoucleduMouhoun,2021,348.3,348.3,-154.38,29.74,36.17,24.11,37.99
BFA,BFA_BFA.1.6_1,Sourou,BoucleduMouhoun,2022,723.9,720.1,221.22,28.49,34.98,22.88,40.96
BFA,BFA_BFA.1.6_1,Sourou,BoucleduMouhoun,2023,609.9,605.2,107.22,29.28,35.84,23.57,40.27
BFA,BFA_BFA.1.6_1,Sourou,BoucleduMouhoun,2024,815.7,815.1,313.02,28.94,35.55,23.43,41.72
BFA,BFA_BFA.1.6_1,Sourou,BoucleduMouhoun,2025,526.2,518.9,23.52,28.88,35.38,23.45,44.34
BFA,BFA_BFA.2.1_1,Comoé,Cascades,2000,779.6,726.0,-91.76,27.26,33.0,22.04,57.86
BFA,BFA_BFA.2.1_1,Comoé,Cascades,2001,777.0,726.8,-94.36,27.59,33.43,22.31,55.64
BFA,BFA_BFA.2.1_1,Comoé,Cascades,2002,734.9,617.1,-136.46,28.04,33.66,22.95,56.81
BFA,BFA_BFA.2.1_1,Comoé,Cascades,2003,1186.9,1055.7,315.54,27.59,33.13,22.6,60.31
BFA,BFA_BFA.2.1_1,Comoé,Cascades,2004,646.9,544.4,-224.46,27.95,33.64,22.78,58.36
BFA,BFA_BFA.2.1_1,Comoé,Cascades,2005,807.6,695.2,-63.76,28.0,33.61,23.0,59.08
BFA,BFA_BFA.2.1_1,Comoé,Cascades,2006,825.9,766.9,-45.46,28.01,33.72,22.81,55.6
BFA,BFA_BFA.2.1_1,Comoé,Cascades,2007,858.3,795.7,-13.06,27.88,33.56,22.72,54.8
BFA,BFA_BFA.2.1_1,Comoé,Cascades,2008,1009.5,951.2,138.14,27.47,33.29,22.19,54.94
BFA,BFA_BFA.2.1_1,Comoé,Cascades,2009,841.5,765.3,-29.86,27.88,33.59,22.8,58.44
BFA,BFA_BFA.2.1_1,Comoé,Cascades,2010,961.4,881.2,90.04,27.84,33.38,22.86,60.06
BFA,BFA_BFA.2.1_1,Comoé,Cascades,2011,789.4,705.7,-81.96,27.97,33.61,22.87,56.89
BFA,BFA_BFA.2.1_1,Comoé,Cascades,2012,900.5,771.2,29.14,27.52,33.19,22.51,58.25
BFA,BFA_BFA.2.1_1,Comoé,Cascades,2013,753.5,662.3,-117.86,28.26,34.08,23.1,56.12
BFA,BFA_BFA.2.1_1,Comoé,Cascades,2014,672.9,599.3,-198.46,28.26,34.03,23.1,56.64
BFA,BFA_BFA.2.1_1,Comoé,Cascades,2015,814.7,768.4,-56.66,28.13,33.89,22.9,54.61
BFA,BFA_BFA.2.1_1,Comoé,Cascades,2016,743.0,652.5,-128.36,28.38,34.1,23.24,55.4
BFA,BFA_BFA.2.1_1,Comoé,Cascades,2017,718.8,652.3,-152.56,28.13,33.69,23.32,53.67
BFA,BFA_BFA.2.1_1,Comoé,Cascades,2018,928.0,845.9,56.64,27.71,33.24,23.14,57.82
BFA,BFA_BFA.2.1_1,Comoé,Cascades,2019,1079.3,1055.6,207.94,27.54,33.09,22.76,58.35
BFA,BFA_BFA.2.1_1,Comoé,Cascades,2020,917.3,859.4,45.94,27.67,33.17,22.83,55.95
BFA,BFA_BFA.2.1_1,Comoé,Cascades,2021,885.2,843.9,13.84,27.78,33.34,22.82,56.07
BFA,BFA_BFA.2.1_1,Comoé,Cascades,2022,1113.0,1011.0,241.64,26.69,32.34,21.88,58.23
BFA,BFA_BFA.2.1_1,Comoé,Cascades,2023,859.3,735.1,-12.06,27.59,33.35,22.6,56.55
BFA,BFA_BFA.2.1_1,Comoé,Cascades,2024,998.4,956.8,127.04,27.67,33.59,22.61,55.25
BFA,BFA_BFA.2.1_1,Comoé,Cascades,2025,1052.5,937.3,181.14,26.86,32.77,22.38,62.64
BFA,BFA_BFA.2.2_1,Léraba,Cascades,2000,771.9,728.2,-53.89,26.36,32.04,21.2,57.09
BFA,BFA_BFA.2.2_1,Léraba,Cascades,2001,693.1,637.5,-132.69,26.73,32.6,21.43,54.39
BFA,BFA_BFA.2.2_1,Léraba,Cascades,2002,681.4,623.5,-144.39,27.21,32.99,21.98,55.08
BFA,BFA_BFA.2.2_1,Léraba,Cascades,2003,1007.3,909.2,181.51,26.89,32.46,21.85,57.81
BFA,BFA_BFA.2.2_1,Léraba,Cascades,2004,618.5,496.3,-207.29,27.16,32.8,21.93,56.95
BFA,BFA_BFA.2.2_1,Léraba,Cascades,2005,692.9,608.6,-132.89,27.25,32.84,22.18,57.23
BFA,BFA_BFA.2.2_1,Léraba,Cascades,2006,724.5,683.4,-101.29,27.06,32.74,21.87,54.42
BFA,BFA_BFA.2.2_1,Léraba,Cascades,2007,713.5,674.8,-112.29,27.09,32.79,21.9,52.98
BFA,BFA_BFA.2.2_1,Léraba,Cascades,2008,851.4,807.0,25.61,26.57,32.41,21.25,53.38
BFA,BFA_BFA.2.2_1,Léraba,Cascades,2009,733.5,684.3,-92.29,27.15,32.88,22.01,56.01
BFA,BFA_BFA.2.2_1,Léraba,Cascades,2010,1016.7,953.4,190.91,26.8,32.3,21.85,59.56
BFA,BFA_BFA.2.2_1,Léraba,Cascades,2011,720.9,670.4,-104.89,26.91,32.53,21.74,56.53
BFA,BFA_BFA.2.2_1,Léraba,Cascades,2012,753.3,665.8,-72.49,26.63,32.25,21.58,56.83
BFA,BFA_BFA.2.2_1,Léraba,Cascades,2013,737.5,677.7,-88.29,27.07,32.86,21.94,56.43
BFA,BFA_BFA.2.2_1,Léraba,Cascades,2014,695.4,629.2,-130.39,27.1,32.84,21.97,56.54
BFA,BFA_BFA.2.2_1,Léraba,Cascades,2015,678.7,654.3,-147.09,27.13,32.82,22.03,54.1
BFA,BFA_BFA.2.2_1,Léraba,Cascades,2016,680.5,641.3,-145.29,27.51,33.28,22.38,54.13
BFA,BFA_BFA.2.2_1,Léraba,Cascades,2017,788.9,736.4,-36.89,27.55,32.86,22.92,53.54
BFA,BFA_BFA.2.2_1,Léraba,Cascades,2018,891.3,846.2,65.51,27.34,32.59,22.92,56.37
BFA,BFA_BFA.2.2_1,Léraba,Cascades,2019,996.5,962.6,170.71,27.35,32.63,22.79,56.25
BFA,BFA_BFA.2.2_1,Léraba,Cascades,2020,1161.1,1119.7,335.31,27.39,32.67,22.8,54.42
BFA,BFA_BFA.2.2_1,Léraba,Cascades,2021,961.1,930.6,135.31,27.34,32.62,22.7,55.54
BFA,BFA_BFA.2.2_1,Léraba,Cascades,2022,1043.6,967.3,217.81,26.52,31.8,22.05,56.45
BFA,BFA_BFA.2.2_1,Léraba,Cascades,2023,724.5,682.0,-101.29,27.51,33.06,22.68,53.75
BFA,BFA_BFA.2.2_1,Léraba,Cascades,2024,1081.8,1069.7,256.01,27.49,33.01,22.83,53.77
BFA,BFA_BFA.2.2_1,Léraba,Cascades,2025,1050.7,951.5,224.91,26.58,32.06,22.34,61.36
BFA,BFA_BFA.7.1_1,Kadiogo,Centre,2000,612.5,611.1,30.81,27.95,34.12,22.21,45.44
BFA,BFA_BFA.7.1_1,Kadiogo,Centre,2001,597.8,593.9,16.11,28.29,34.69,22.24,43.1
BFA,BFA_BFA.7.1_1,Kadiogo,Centre,2002,509.9,496.9,-71.79,28.57,34.8,22.72,43.6
BFA,BFA_BFA.7.1_1,Kadiogo,Centre,2003,699.4,685.8,117.71,28.34,34.41,22.77,47.56
BFA,BFA_BFA.7.1_1,Kadiogo,Centre,2004,392.8,373.8,-188.89,28.79,35.1,22.98,43.97
BFA,BFA_BFA.7.1_1,Kadiogo,Centre,2005,401.9,385.0,-179.79,28.86,34.98,23.27,45.05
BFA,BFA_BFA.7.1_1,Kadiogo,Centre,2006,471.7,466.8,-109.99,28.63,34.96,22.83,43.12
BFA,BFA_BFA.7.1_1,Kadiogo,Centre,2007,405.8,387.3,-175.89,28.44,34.69,22.78,43.76
BFA,BFA_BFA.7.1_1,Kadiogo,Centre,2008,535.0,532.4,-46.69,28.03,34.32,22.27,42.82
BFA,BFA_BFA.7.1_1,Kadiogo,Centre,2009,456.7,443.5,-124.99,28.66,34.84,22.94,45.23
BFA,BFA_BFA.7.1_1,Kadiogo,Centre,2010,610.4,603.1,28.71,28.72,34.86,22.94,47.4
BFA,BFA_BFA.7.1_1,Kadiogo,Centre,2011,414.1,396.8,-167.59,28.68,34.98,22.86,43.78
BFA,BFA_BFA.7.1_1,Kadiogo,Centre,2012,620.2,591.6,38.51,28.35,34.37,22.89,46.73
BFA,BFA_BFA.7.1_1,Kadiogo,Centre,2013,514.4,477.1,-67.29,28.56,34.69,23.03,46.83
BFA,BFA_BFA.7.1_1,Kadiogo,Centre,2014,451.7,444.6,-129.99,28.73,34.79,23.16,46.11
BFA,BFA_BFA.7.1_1,Kadiogo,Centre,2015,628.8,626.0,47.11,28.39,34.52,22.73,43.85
BFA,BFA_BFA.7.1_1,Kadiogo,Centre,2016,708.2,692.0,126.51,28.63,34.7,23.05,46.77
BFA,BFA_BFA.7.1_1,Kadiogo,Centre,2017,481.2,470.9,-100.49,28.09,34.66,22.55,43.96
BFA,BFA_BFA.7.1_1,Kadiogo,Centre,2018,648.5,642.8,66.81,28.12,34.27,22.93,48.0
BFA,BFA_BFA.7.1_1,Kadiogo,Centre,2019,710.7,697.1,129.01,28.1,34.38,22.71,47.16
BFA,BFA_BFA.7.1_1,Kadiogo,Centre,2020,576.9,576.3,-4.79,28.25,34.42,22.75,45.38
BFA,BFA_BFA.7.1_1,Kadiogo,Centre,2021,444.0,443.6,-137.69,28.6,35.01,22.97,43.23
BFA,BFA_BFA.7.1_1,Kadiogo,Centre,2022,904.8,900.0,323.11,27.57,33.98,22.07,45.52
BFA,BFA_BFA.7.1_1,Kadiogo,Centre,2023,699.6,686.3,117.91,28.16,34.59,22.56,46.6
BFA,BFA_BFA.7.1_1,Kadiogo,Centre,2024,916.9,916.9,335.21,28.27,34.63,22.81,45.69
BFA,BFA_BFA.7.1_1,Kadiogo,Centre,2025,710.0,696.2,128.31,29.42,35.12,24.26,45.42
BFA,BFA_BFA.3.1_1,Boulgou,Centre-Est,2000,629.0,623.1,9.78,28.32,34.19,23.0,47.99
BFA,BFA_BFA.3.1_1,Boulgou,Centre-Est,2001,635.7,629.8,16.48,28.49,34.52,23.01,46.22
BFA,BFA_BFA.3.1_1,Boulgou,Centre-Est,2002,606.6,582.5,-12.62,28.61,34.41,23.32,48.41
BFA,BFA_BFA.3.1_1,Boulgou,Centre-Est,2003,613.0,600.9,-6.22,28.83,34.63,23.65,48.86
BFA,BFA_BFA.3.1_1,Boulgou,Centre-Est,2004,421.6,386.6,-197.62,29.1,35.0,23.75,47.48
BFA,BFA_BFA.3.1_1,Boulgou,Centre-Est,2005,472.2,438.5,-147.02,29.02,34.82,23.82,48.67
BFA,BFA_BFA.3.1_1,Boulgou,Centre-Est,2006,701.3,685.4,82.08,28.8,34.69,23.49,47.09
BFA,BFA_BFA.3.1_1,Boulgou,Centre-Est,2007,565.2,539.2,-54.02,28.56,34.41,23.37,48.21
BFA,BFA_BFA.3.1_1,Boulgou,Centre-Est,2008,469.6,469.1,-149.62,28.35,34.35,22.91,45.68
BFA,BFA_BFA.3.1_1,Boulgou,Centre-Est,2009,585.6,580.8,-33.62,29.0,34.73,23.83,49.22
BFA,BFA_BFA.3.1_1,Boulgou,Centre-Est,2010,692.1,667.7,72.88,28.85,34.52,23.68,51.2
BFA,BFA_BFA.3.1_1,Boulgou,Centre-Est,2011,474.0,447.2,-145.22,29.05,35.01,23.64,46.88
BFA,BFA_BFA.3.1_1,Boulgou,Centre-Est,2012,729.3,689.5,110.08,28.41,34.06,23.36,51.27
BFA,BFA_BFA.3.1_1,Boulgou,Centre-Est,2013,529.9,475.8,-89.32,28.78,34.51,23.74,51.16
BFA,BFA_BFA.3.1_1,Boulgou,Centre-Est,2014,620.2,597.0,0.98,28.99,34.69,23.86,49.75
BFA,BFA_BFA.3.1_1,Boulgou,Centre-Est,2015,676.4,674.8,57.18,28.9,34.77,23.63,46.44
BFA,BFA_BFA.3.1_1,Boulgou,Centre-Est,2016,649.5,627.1,30.28,29.02,34.7,23.91,49.58
BFA,BFA_BFA.3.1_1,Boulgou,Centre-Est,2017,424.6,415.3,-194.62,28.53,34.35,23.62,47.38
BFA,BFA_BFA.3.1_1,Boulgou,Centre-Est,2018,564.6,553.3,-54.62,28.45,33.87,23.88,51.63
BFA,BFA_BFA.3.1_1,Boulgou,Centre-Est,2019,701.0,694.3,81.78,28.59,34.03,23.91,51.47
BFA,BFA_BFA.3.1_1,Boulgou,Centre-Est,2020,698.2,679.7,78.98,28.78,34.37,24.01,48.04
BFA,BFA_BFA.3.1_1,Boulgou,Centre-Est,2021,530.0,528.4,-89.22,29.05,34.67,24.23,46.8
BFA,BFA_BFA.3.1_1,Boulgou,Centre-Est,2022,810.1,783.0,190.88,28.17,33.86,23.36,47.76
BFA,BFA_BFA.3.1_1,Boulgou,Centre-Est,2023,692.4,641.1,73.18,28.82,34.65,23.88,48.89
BFA,BFA_BFA.3.1_1,Boulgou,Centre-Est,2024,862.3,847.7,243.08,28.76,34.65,23.91,47.99
BFA,BFA_BFA.3.1_1,Boulgou,Centre-Est,2025,745.2,721.1,125.98,28.94,34.98,23.98,49.9
BFA,BFA_BFA.3.2_1,Koulpélogo,Centre-Est,2000,599.6,595.5,-30.67,28.14,34.12,22.72,47.71
BFA,BFA_BFA.3.2_1,Koulpélogo,Centre-Est,2001,586.8,570.3,-43.47,28.28,34.43,22.68,45.95
BFA,BFA_BFA.3.2_1,Koulpélogo,Centre-Est,2002,689.7,663.8,59.43,28.54,34.51,23.11,47.75
BFA,BFA_BFA.3.2_1,Koulpélogo,Centre-Est,2003,644.0,607.0,13.73,28.62,34.52,23.28,48.9
BFA,BFA_BFA.3.2_1,Koulpélogo,Centre-Est,2004,451.1,417.0,-179.17,28.79,34.81,23.37,47.91
BFA,BFA_BFA.3.2_1,Koulpélogo,Centre-Est,2005,493.7,464.0,-136.57,28.79,34.68,23.5,48.91
BFA,BFA_BFA.3.2_1,Koulpélogo,Centre-Est,2006,546.0,538.2,-84.27,28.72,34.71,23.27,46.58
BFA,BFA_BFA.3.2_1,Koulpélogo,Centre-Est,2007,534.0,519.4,-96.27,28.49,34.54,23.13,47.37
BFA,BFA_BFA.3.2_1,Koulpélogo,Centre-Est,2008,499.0,496.1,-131.27,28.05,34.12,22.57,46.19
BFA,BFA_BFA.3.2_1,Koulpélogo,Centre-Est,2009,723.2,707.4,92.93,28.77,34.6,23.49,49.6
BFA,BFA_BFA.3.2_1,Koulpélogo,Centre-Est,2010,711.1,687.2,80.83,28.64,34.42,23.35,51.15
BFA,BFA_BFA.3.2_1,Koulpélogo,Centre-Est,2011,489.7,472.8,-140.57,28.9,34.96,23.38,46.73
BFA,BFA_BFA.3.2_1,Koulpélogo,Centre-Est,2012,897.8,865.0,267.53,28.1,33.85,22.96,52.04
BFA,BFA_BFA.3.2_1,Koulpélogo,Centre-Est,2013,567.2,517.2,-63.07,28.45,34.19,23.36,52.15
BFA,BFA_BFA.3.2_1,Koulpélogo,Centre-Est,2014,549.7,516.2,-80.57,28.79,34.6,23.52,49.71
BFA,BFA_BFA.3.2_1,Koulpélogo,Centre-Est,2015,716.0,712.8,85.73,28.7,34.71,23.3,46.45
BFA,BFA_BFA.3.2_1,Koulpélogo,Centre-Est,2016,655.6,619.7,25.33,29.02,34.94,23.69,48.46
BFA,BFA_BFA.3.2_1,Koulpélogo,Centre-Est,2017,420.7,414.1,-209.57,28.31,34.09,23.23,47.44
BFA,BFA_BFA.3.2_1,Koulpélogo,Centre-Est,2018,609.7,592.7,-20.57,28.46,34.03,23.66,50.46
BFA,BFA_BFA.3.2_1,Koulpélogo,Centre-Est,2019,705.2,695.6,74.93,28.75,34.28,23.85,50.02
BFA,BFA_BFA.3.2_1,Koulpélogo,Centre-Est,2020,793.8,775.9,163.53,28.86,34.56,23.77,46.71
BFA,BFA_BFA.3.2_1,Koulpélogo,Centre-Est,2021,424.5,423.4,-205.77,29.15,34.85,24.02,45.1
BFA,BFA_BFA.3.2_1,Koulpélogo,Centre-Est,2022,756.8,735.0,126.53,28.14,33.84,23.04,46.94
BFA,BFA_BFA.3.2_1,Koulpélogo,Centre-Est,2023,628.2,594.5,-2.07,28.99,34.85,23.81,46.77
BFA,BFA_BFA.3.2_1,Koulpélogo,Centre-Est,2024,919.9,899.5,289.63,28.78,34.71,23.63,47.49
BFA,BFA_BFA.3.2_1,Koulpélogo,Centre-Est,2025,774.0,760.1,143.73,29.15,35.21,24.06,48.18
BFA,BFA_BFA.3.3_1,Kouritenga,Centre-Est,2000,503.8,502.8,-15.15,27.92,34.07,22.32,44.81
BFA,BFA_BFA.3.3_1,Kouritenga,Centre-Est,2001,490.5,485.8,-28.45,28.37,34.71,22.51,41.76
BFA,BFA_BFA.3.3_1,Kouritenga,Centre-Est,2002,442.6,431.7,-76.35,28.62,34.78,22.83,43.05
BFA,BFA_BFA.3.3_1,Kouritenga,Centre-Est,2003,565.6,549.4,46.65,28.6,34.6,23.1,45.65
BFA,BFA_BFA.3.3_1,Kouritenga,Centre-Est,2004,392.1,369.3,-126.85,28.73,34.83,23.16,44.15
BFA,BFA_BFA.3.3_1,Kouritenga,Centre-Est,2005,450.2,433.6,-68.75,28.78,34.71,23.3,44.93
BFA,BFA_BFA.3.3_1,Kouritenga,Centre-Est,2006,432.3,430.3,-86.65,28.79,35.0,23.05,41.96
BFA,BFA_BFA.3.3_1,Kouritenga,Centre-Est,2007,419.6,413.3,-99.35,28.46,34.63,22.88,43.57
BFA,BFA_BFA.3.3_1,Kouritenga,Centre-Est,2008,442.2,440.8,-76.75,28.12,34.41,22.39,41.69
BFA,BFA_BFA.3.3_1,Kouritenga,Centre-Est,2009,445.5,435.1,-73.45,28.81,34.85,23.24,44.86
BFA,BFA_BFA.3.3_1,Kouritenga,Centre-Est,2010,558.8,541.2,39.85,28.81,34.85,23.23,46.46
BFA,BFA_BFA.3.3_1,Kouritenga,Centre-Est,2011,483.2,470.6,-35.75,28.63,34.77,22.99,43.69
BFA,BFA_BFA.3.3_1,Kouritenga,Centre-Est,2012,669.9,651.1,150.95,28.21,34.16,22.95,47.26
BFA,BFA_BFA.3.3_1,Kouritenga,Centre-Est,2013,537.0,512.1,18.05,28.44,34.49,23.06,47.38
BFA,BFA_BFA.3.3_1,Kouritenga,Centre-Est,2014,508.3,492.2,-10.65,28.61,34.59,23.24,46.28
BFA,BFA_BFA.3.3_1,Kouritenga,Centre-Est,2015,555.0,554.3,36.05,28.48,34.54,22.97,43.04
BFA,BFA_BFA.3.3_1,Kouritenga,Centre-Est,2016,557.7,543.5,38.75,28.78,34.82,23.35,45.75
BFA,BFA_BFA.3.3_1,Kouritenga,Centre-Est,2017,379.4,373.6,-139.55,28.19,34.46,23.01,44.1
BFA,BFA_BFA.3.3_1,Kouritenga,Centre-Est,2018,550.7,545.9,31.75,28.26,34.26,23.24,47.54
BFA,BFA_BFA.3.3_1,Kouritenga,Centre-Est,2019,593.7,584.9,74.75,28.51,34.56,23.43,46.52
BFA,BFA_BFA.3.3_1,Kouritenga,Centre-Est,2020,606.9,603.9,87.95,28.41,34.34,23.38,44.94
BFA,BFA_BFA.3.3_1,Kouritenga,Centre-Est,2021,384.7,384.7,-134.25,28.48,34.46,23.45,44.65
BFA,BFA_BFA.3.3_1,Kouritenga,Centre-Est,2022,723.7,720.1,204.75,27.74,33.84,22.73,45.04
BFA,BFA_BFA.3.3_1,Kouritenga,Centre-Est,2023,503.0,492.8,-15.95,28.44,34.59,23.26,45.64
BFA,BFA_BFA.3.3_1,Kouritenga,Centre-Est,2024,701.5,698.2,182.55,28.11,34.36,23.09,46.54
BFA,BFA_BFA.3.3_1,Kouritenga,Centre-Est,2025,594.7,591.4,75.75,28.52,34.96,23.3,47.02
BFA,BFA_BFA.4.1_1,Bam,Centre-Nord,2000,423.3,419.0,11.84,28.05,35.11,21.27,39.17
BFA,BFA_BFA.4.1_1,Bam,Centre-Nord,2001,399.0,397.0,-12.46,28.14,35.33,21.13,37.9
BFA,BFA_BFA.4.1_1,Bam,Centre-Nord,2002,315.6,313.6,-95.86,28.62,35.58,21.93,37.35
BFA,BFA_BFA.4.1_1,Bam,Centre-Nord,2003,512.8,507.1,101.34,28.32,35.06,21.77,42.56
BFA,BFA_BFA.4.1_1,Bam,Centre-Nord,2004,257.8,254.5,-153.66,28.76,35.75,22.01,38.14
BFA,BFA_BFA.4.1_1,Bam,Centre-Nord,2005,374.5,371.2,-36.96,28.85,35.63,22.36,40.09
BFA,BFA_BFA.4.1_1,Bam,Centre-Nord,2006,286.8,283.5,-124.66,28.54,35.52,21.82,37.74
BFA,BFA_BFA.4.1_1,Bam,Centre-Nord,2007,361.8,361.2,-49.66,28.29,35.1,21.76,38.57
BFA,BFA_BFA.4.1_1,Bam,Centre-Nord,2008,352.9,352.1,-58.56,27.94,34.99,21.24,37.98
BFA,BFA_BFA.4.1_1,Bam,Centre-Nord,2009,353.9,352.1,-57.56,28.68,35.51,22.09,39.69
BFA,BFA_BFA.4.1_1,Bam,Centre-Nord,2010,445.7,442.5,34.24,28.56,35.41,21.95,43.19
BFA,BFA_BFA.4.1_1,Bam,Centre-Nord,2011,265.6,263.4,-145.86,28.81,35.86,22.03,37.54
BFA,BFA_BFA.4.1_1,Bam,Centre-Nord,2012,499.0,493.7,87.54,28.23,34.85,22.1,41.52
BFA,BFA_BFA.4.1_1,Bam,Centre-Nord,2013,346.8,333.6,-64.66,28.74,35.67,22.11,39.74
BFA,BFA_BFA.4.1_1,Bam,Centre-Nord,2014,312.1,304.9,-99.36,28.85,35.78,22.15,38.91
BFA,BFA_BFA.4.1_1,Bam,Centre-Nord,2015,470.3,470.0,58.84,28.12,34.94,21.64,39.55
BFA,BFA_BFA.4.1_1,Bam,Centre-Nord,2016,389.4,384.0,-22.06,28.73,35.52,22.19,40.3
BFA,BFA_BFA.4.1_1,Bam,Centre-Nord,2017,371.1,368.3,-40.36,27.95,34.69,21.97,40.93
BFA,BFA_BFA.4.1_1,Bam,Centre-Nord,2018,356.3,356.0,-55.16,28.22,34.74,22.29,41.77
BFA,BFA_BFA.4.1_1,Bam,Centre-Nord,2019,462.1,458.0,50.64,28.4,34.91,22.44,41.04
BFA,BFA_BFA.4.1_1,Bam,Centre-Nord,2020,417.0,416.8,5.54,28.83,35.3,22.61,38.3
BFA,BFA_BFA.4.1_1,Bam,Centre-Nord,2021,281.6,281.6,-129.86,29.44,36.0,23.01,35.92
BFA,BFA_BFA.4.1_1,Bam,Centre-Nord,2022,616.6,616.1,205.14,28.12,34.69,22.03,39.16
BFA,BFA_BFA.4.1_1,Bam,Centre-Nord,2023,541.8,537.3,130.34,28.99,35.64,22.61,38.21
BFA,BFA_BFA.4.1_1,Bam,Centre-Nord,2024,730.9,730.9,319.44,28.63,35.18,22.6,40.38
BFA,BFA_BFA.4.1_1,Bam,Centre-Nord,2025,553.3,552.9,141.84,28.99,35.46,23.11,41.49
BFA,BFA_BFA.4.2_1,Namentenga,Centre-Nord,2000,384.9,383.1,-15.12,28.26,35.1,21.95,39.73
BFA,BFA_BFA.4.2_1,Namentenga,Centre-Nord,2001,348.4,346.8,-51.62,28.6,35.56,22.1,37.35
BFA,BFA_BFA.4.2_1,Namentenga,Centre-Nord,2002,318.6,317.4,-81.42,28.94,35.68,22.6,37.75
BFA,BFA_BFA.4.2_1,Namentenga,Centre-Nord,2003,518.2,511.4,118.18,28.57,35.15,22.48,42.78
BFA,BFA_BFA.4.2_1,Namentenga,Centre-Nord,2004,212.3,204.7,-187.72,29.07,35.88,22.76,38.52
BFA,BFA_BFA.4.2_1,Namentenga,Centre-Nord,2005,300.2,296.8,-99.82,29.27,35.87,23.07,39.46
BFA,BFA_BFA.4.2_1,Namentenga,Centre-Nord,2006,255.9,252.8,-144.12,28.99,35.91,22.62,37.33
BFA,BFA_BFA.4.2_1,Namentenga,Centre-Nord,2007,341.8,339.4,-58.22,28.66,35.42,22.51,38.95
BFA,BFA_BFA.4.2_1,Namentenga,Centre-Nord,2008,352.8,351.5,-47.22,28.17,35.01,21.87,38.23
BFA,BFA_BFA.4.2_1,Namentenga,Centre-Nord,2009,354.0,352.8,-46.02,29.02,35.68,22.79,40.16
BFA,BFA_BFA.4.2_1,Namentenga,Centre-Nord,2010,389.5,385.0,-10.52,29.05,35.81,22.78,42.15
BFA,BFA_BFA.4.2_1,Namentenga,Centre-Nord,2011,257.6,253.0,-142.42,29.1,35.91,22.79,38.01
BFA,BFA_BFA.4.2_1,Namentenga,Centre-Nord,2012,524.3,516.6,124.28,28.52,34.99,22.67,42.53
BFA,BFA_BFA.4.2_1,Namentenga,Centre-Nord,2013,338.5,321.0,-61.52,28.87,35.58,22.75,41.38
BFA,BFA_BFA.4.2_1,Namentenga,Centre-Nord,2014,263.6,261.4,-136.42,29.1,35.79,22.9,39.87
BFA,BFA_BFA.4.2_1,Namentenga,Centre-Nord,2015,380.0,379.6,-20.02,28.66,35.35,22.49,38.82
BFA,BFA_BFA.4.2_1,Namentenga,Centre-Nord,2016,416.6,411.5,16.58,28.94,35.57,22.83,41.38
BFA,BFA_BFA.4.2_1,Namentenga,Centre-Nord,2017,340.9,336.8,-59.12,28.26,34.88,22.68,40.95
BFA,BFA_BFA.4.2_1,Namentenga,Centre-Nord,2018,330.1,328.1,-69.92,28.7,35.12,23.14,41.11
BFA,BFA_BFA.4.2_1,Namentenga,Centre-Nord,2019,482.8,473.9,82.78,28.98,35.43,23.35,40.2
BFA,BFA_BFA.4.2_1,Namentenga,Centre-Nord,2020,604.4,604.3,204.38,29.12,35.46,23.4,38.6
BFA,BFA_BFA.4.2_1,Namentenga,Centre-Nord,2021,244.4,244.4,-155.62,29.59,36.09,23.77,36.13
BFA,BFA_BFA.4.2_1,Namentenga,Centre-Nord,2022,743.5,743.3,343.48,28.53,34.99,22.83,38.57
BFA,BFA_BFA.4.2_1,Namentenga,Centre-Nord,2023,515.9,513.6,115.88,29.46,36.07,23.53,37.45
BFA,BFA_BFA.4.2_1,Namentenga,Centre-Nord,2024,638.8,638.4,238.78,28.97,35.59,23.26,39.82
BFA,BFA_BFA.4.2_1,Namentenga,Centre-Nord,2025,542.4,542.4,142.38,29.46,35.96,23.72,40.05
BFA,BFA_BFA.4.3_1,Sanmatenga,Centre-Nord,2000,464.9,463.5,53.84,27.87,34.68,21.53,41.02
BFA,BFA_BFA.4.3_1,Sanmatenga,Centre-Nord,2001,396.4,396.0,-14.66,28.15,35.18,21.61,38.71
BFA,BFA_BFA.4.3_1,Sanmatenga,Centre-Nord,2002,326.7,324.5,-84.36,28.62,35.4,22.23,38.31
BFA,BFA_BFA.4.3_1,Sanmatenga,Centre-Nord,2003,508.0,494.9,96.94,28.32,34.95,22.15,43.37
BFA,BFA_BFA.4.3_1,Sanmatenga,Centre-Nord,2004,211.2,205.9,-199.86,28.84,35.71,22.44,38.79
BFA,BFA_BFA.4.3_1,Sanmatenga,Centre-Nord,2005,324.9,320.8,-86.16,28.99,35.64,22.72,40.13
BFA,BFA_BFA.4.3_1,Sanmatenga,Centre-Nord,2006,259.9,256.8,-151.16,28.66,35.58,22.24,38.14
BFA,BFA_BFA.4.3_1,Sanmatenga,Centre-Nord,2007,323.2,323.1,-87.86,28.36,35.13,22.14,39.43
BFA,BFA_BFA.4.3_1,Sanmatenga,Centre-Nord,2008,366.6,365.2,-44.46,27.86,34.73,21.54,38.96
BFA,BFA_BFA.4.3_1,Sanmatenga,Centre-Nord,2009,392.8,392.2,-18.26,28.63,35.31,22.34,41.03
BFA,BFA_BFA.4.3_1,Sanmatenga,Centre-Nord,2010,385.8,383.0,-25.26,28.7,35.47,22.41,43.19
BFA,BFA_BFA.4.3_1,Sanmatenga,Centre-Nord,2011,250.9,242.8,-160.16,28.77,35.58,22.41,38.77
BFA,BFA_BFA.4.3_1,Sanmatenga,Centre-Nord,2012,464.8,460.2,53.74,28.3,34.79,22.4,42.56
BFA,BFA_BFA.4.3_1,Sanmatenga,Centre-Nord,2013,359.6,347.1,-51.46,28.56,35.27,22.42,42.04
BFA,BFA_BFA.4.3_1,Sanmatenga,Centre-Nord,2014,269.8,266.5,-141.26,28.83,35.57,22.57,40.3
BFA,BFA_BFA.4.3_1,Sanmatenga,Centre-Nord,2015,459.9,459.6,48.84,28.16,34.83,21.99,40.44
BFA,BFA_BFA.4.3_1,Sanmatenga,Centre-Nord,2016,429.5,422.2,18.44,28.57,35.22,22.44,42.3
BFA,BFA_BFA.4.3_1,Sanmatenga,Centre-Nord,2017,391.7,386.5,-19.36,27.83,34.39,22.15,41.81
BFA,BFA_BFA.4.3_1,Sanmatenga,Centre-Nord,2018,323.0,322.4,-88.06,28.26,34.67,22.54,42.19
BFA,BFA_BFA.4.3_1,Sanmatenga,Centre-Nord,2019,490.5,487.9,79.44,28.63,34.98,22.88,40.7
BFA,BFA_BFA.4.3_1,Sanmatenga,Centre-Nord,2020,578.9,578.8,167.84,28.81,35.07,22.85,39.14
BFA,BFA_BFA.4.3_1,Sanmatenga,Centre-Nord,2021,237.3,237.3,-173.76,29.38,35.83,23.22,36.44
BFA,BFA_BFA.4.3_1,Sanmatenga,Centre-Nord,2022,679.1,679.1,268.04,28.19,34.58,22.3,39.41
BFA,BFA_BFA.4.3_1,Sanmatenga,Centre-Nord,2023,519.9,518.7,108.84,29.09,35.64,22.9,38.29
BFA,BFA_BFA.4.3_1,Sanmatenga,Centre-Nord,2024,752.2,752.2,341.14,28.59,35.04,22.74,40.91
BFA,BFA_BFA.4.3_1,Sanmatenga,Centre-Nord,2025,520.0,519.9,108.94,28.86,35.27,23.09,42.34
BFA,BFA_BFA.5.1_1,Boulkiemdé,Centre-Ouest,2000,603.3,598.1,-15.33,27.94,33.8,22.65,45.72
BFA,BFA_BFA.5.1_1,Boulkiemdé,Centre-Ouest,2001,606.5,603.5,-12.13,28.31,34.32,22.84,43.2
BFA,BFA_BFA.5.1_1,Boulkiemdé,Centre-Ouest,2002,517.1,493.6,-101.53,28.57,34.48,23.22,43.53
BFA,BFA_BFA.5.1_1,Boulkiemdé,Centre-Ouest,2003,801.9,782.7,183.27,28.38,34.13,23.25,47.41
BFA,BFA_BFA.5.1_1,Boulkiemdé,Centre-Ouest,2004,433.2,413.0,-185.43,28.75,34.71,23.47,44.18
BFA,BFA_BFA.5.1_1,Boulkiemdé,Centre-Ouest,2005,494.7,477.6,-123.93,28.66,34.39,23.56,46.22
BFA,BFA_BFA.5.1_1,Boulkiemdé,Centre-Ouest,2006,589.8,581.7,-28.83,28.46,34.35,23.16,44.18
BFA,BFA_BFA.5.1_1,Boulkiemdé,Centre-Ouest,2007,461.3,440.4,-157.33,28.41,34.33,23.16,43.79
BFA,BFA_BFA.5.1_1,Boulkiemdé,Centre-Ouest,2008,558.8,548.3,-59.83,27.95,33.87,22.64,43.28
BFA,BFA_BFA.5.1_1,Boulkiemdé,Centre-Ouest,2009,581.3,577.3,-37.33,28.59,34.42,23.34,45.68
BFA,BFA_BFA.5.1_1,Boulkiemdé,Centre-Ouest,2010,740.1,733.8,121.47,28.77,34.49,23.55,47.35
BFA,BFA_BFA.5.1_1,Boulkiemdé,Centre-Ouest,2011,415.4,403.5,-203.23,28.7,34.63,23.37,43.97
BFA,BFA_BFA.5.1_1,Boulkiemdé,Centre-Ouest,2012,634.0,616.4,15.37,28.18,33.9,23.08,47.42
BFA,BFA_BFA.5.1_1,Boulkiemdé,Centre-Ouest,2013,555.2,538.8,-63.43,28.52,34.33,23.34,46.79
BFA,BFA_BFA.5.1_1,Boulkiemdé,Centre-Ouest,2014,511.3,504.5,-107.33,28.59,34.29,23.5,46.72
BFA,BFA_BFA.5.1_1,Boulkiemdé,Centre-Ouest,2015,803.5,798.1,184.87,28.26,34.01,23.07,44.55
BFA,BFA_BFA.5.1_1,Boulkiemdé,Centre-Ouest,2016,644.4,626.1,25.77,28.64,34.43,23.46,46.45
BFA,BFA_BFA.5.1_1,Boulkiemdé,Centre-Ouest,2017,511.2,495.9,-107.43,28.3,34.46,23.24,44.75
BFA,BFA_BFA.5.1_1,Boulkiemdé,Centre-Ouest,2018,632.8,628.5,14.17,28.21,34.05,23.44,48.92
BFA,BFA_BFA.5.1_1,Boulkiemdé,Centre-Ouest,2019,682.1,673.3,63.47,28.28,34.28,23.4,47.86
BFA,BFA_BFA.5.1_1,Boulkiemdé,Centre-Ouest,2020,697.2,685.2,78.57,28.29,34.26,23.33,46.8
BFA,BFA_BFA.5.1_1,Boulkiemdé,Centre-Ouest,2021,399.0,398.5,-219.63,28.42,34.44,23.47,46.43
BFA,BFA_BFA.5.1_1,Boulkiemdé,Centre-Ouest,2022,846.6,842.1,227.97,27.46,33.57,22.56,48.17
BFA,BFA_BFA.5.1_1,Boulkiemdé,Centre-Ouest,2023,778.7,775.8,160.07,28.3,34.43,23.22,47.58
BFA,BFA_BFA.5.1_1,Boulkiemdé,Centre-Ouest,2024,905.1,896.8,286.47,28.2,34.41,23.22,46.51
BFA,BFA_BFA.5.1_1,Boulkiemdé,Centre-Ouest,2025,680.0,670.3,61.37,28.48,34.95,23.25,47.32
BFA,BFA_BFA.5.2_1,Sanguié,Centre-Ouest,2000,623.9,619.1,-36.3,28.0,34.17,22.33,47.31
BFA,BFA_BFA.5.2_1,Sanguié,Centre-Ouest,2001,603.5,597.5,-56.7,28.37,34.73,22.3,44.66
BFA,BFA_BFA.5.2_1,Sanguié,Centre-Ouest,2002,550.8,519.0,-109.4,28.52,34.75,22.74,45.4
BFA,BFA_BFA.5.2_1,Sanguié,Centre-Ouest,2003,849.1,825.5,188.9,28.47,34.53,22.92,48.75
BFA,BFA_BFA.5.2_1,Sanguié,Centre-Ouest,2004,471.8,454.2,-188.4,28.76,34.99,23.08,46.1
BFA,BFA_BFA.5.2_1,Sanguié,Centre-Ouest,2005,532.9,514.3,-127.3,28.75,34.77,23.24,47.72
BFA,BFA_BFA.5.2_1,Sanguié,Centre-Ouest,2006,672.6,665.9,12.4,28.54,34.77,22.71,45.55
BFA,BFA_BFA.5.2_1,Sanguié,Centre-Ouest,2007,454.3,436.6,-205.9,28.46,34.7,22.69,45.12
BFA,BFA_BFA.5.2_1,Sanguié,Centre-Ouest,2008,549.3,543.9,-110.9,27.94,34.19,22.15,44.99
BFA,BFA_BFA.5.2_1,Sanguié,Centre-Ouest,2009,661.1,656.7,0.9,28.5,34.63,22.88,47.93
BFA,BFA_BFA.5.2_1,Sanguié,Centre-Ouest,2010,794.0,785.5,133.8,28.73,34.77,23.07,49.13
BFA,BFA_BFA.5.2_1,Sanguié,Centre-Ouest,2011,404.5,398.0,-255.7,28.65,34.88,22.92,45.89
BFA,BFA_BFA.5.2_1,Sanguié,Centre-Ouest,2012,732.6,707.9,72.4,28.17,34.13,22.7,49.19
BFA,BFA_BFA.5.2_1,Sanguié,Centre-Ouest,2013,619.4,597.1,-40.8,28.5,34.59,22.91,48.3
BFA,BFA_BFA.5.2_1,Sanguié,Centre-Ouest,2014,537.1,532.3,-123.1,28.56,34.55,23.05,48.54
BFA,BFA_BFA.5.2_1,Sanguié,Centre-Ouest,2015,807.3,804.0,147.1,28.37,34.45,22.75,45.71
BFA,BFA_BFA.5.2_1,Sanguié,Centre-Ouest,2016,613.7,600.3,-46.5,28.74,34.8,23.1,47.47
BFA,BFA_BFA.5.2_1,Sanguié,Centre-Ouest,2017,565.7,553.9,-94.5,28.45,34.74,23.05,45.24
BFA,BFA_BFA.5.2_1,Sanguié,Centre-Ouest,2018,687.5,683.8,27.3,28.32,34.31,23.25,49.65
BFA,BFA_BFA.5.2_1,Sanguié,Centre-Ouest,2019,776.3,752.7,116.1,28.51,34.62,23.21,47.9
BFA,BFA_BFA.5.2_1,Sanguié,Centre-Ouest,2020,839.0,833.4,178.8,28.65,34.74,23.32,45.99
BFA,BFA_BFA.5.2_1,Sanguié,Centre-Ouest,2021,495.8,495.0,-164.4,28.78,34.94,23.47,45.71
BFA,BFA_BFA.5.2_1,Sanguié,Centre-Ouest,2022,843.0,835.3,182.8,27.84,34.11,22.59,47.35
BFA,BFA_BFA.5.2_1,Sanguié,Centre-Ouest,2023,747.8,735.9,87.6,28.32,34.65,22.91,48.46
BFA,BFA_BFA.5.2_1,Sanguié,Centre-Ouest,2024,1033.2,1031.4,373.0,28.05,34.48,22.75,48.17
BFA,BFA_BFA.5.2_1,Sanguié,Centre-Ouest,2025,699.0,688.4,38.8,28.15,34.69,22.87,50.52
BFA,BFA_BFA.5.3_1,Sissili,Centre-Ouest,2000,714.0,703.0,-47.67,27.59,33.63,22.13,50.81
BFA,BFA_BFA.5.3_1,Sissili,Centre-Ouest,2001,821.2,810.7,59.53,27.8,33.97,22.28,49.0
BFA,BFA_BFA.5.3_1,Sissili,Centre-Ouest,2002,666.2,631.8,-95.47,28.25,34.38,22.82,49.18
BFA,BFA_BFA.5.3_1,Sissili,Centre-Ouest,2003,894.3,860.1,132.63,27.99,33.88,22.75,52.5
BFA,BFA_BFA.5.3_1,Sissili,Centre-Ouest,2004,586.0,525.4,-175.67,28.33,34.44,22.89,50.24
BFA,BFA_BFA.5.3_1,Sissili,Centre-Ouest,2005,770.6,711.9,8.93,28.21,34.12,22.95,52.09
BFA,BFA_BFA.5.3_1,Sissili,Centre-Ouest,2006,700.3,673.7,-61.37,28.08,34.11,22.68,49.61
BFA,BFA_BFA.5.3_1,Sissili,Centre-Ouest,2007,534.1,497.7,-227.57,28.03,34.09,22.69,48.96
BFA,BFA_BFA.5.3_1,Sissili,Centre-Ouest,2008,638.7,629.1,-122.97,27.56,33.69,22.06,48.73
BFA,BFA_BFA.5.3_1,Sissili,Centre-Ouest,2009,652.4,627.2,-109.27,28.22,34.22,22.92,51.81
BFA,BFA_BFA.5.3_1,Sissili,Centre-Ouest,2010,883.1,834.5,121.43,28.12,33.96,22.91,54.03
BFA,BFA_BFA.5.3_1,Sissili,Centre-Ouest,2011,611.8,584.3,-149.87,27.99,33.9,22.63,51.62
BFA,BFA_BFA.5.3_1,Sissili,Centre-Ouest,2012,812.4,752.3,50.73,27.7,33.53,22.55,53.15
BFA,BFA_BFA.5.3_1,Sissili,Centre-Ouest,2013,605.2,555.5,-156.47,28.17,34.1,22.98,52.41
BFA,BFA_BFA.5.3_1,Sissili,Centre-Ouest,2014,682.2,664.2,-79.47,28.12,33.9,22.97,52.89
BFA,BFA_BFA.5.3_1,Sissili,Centre-Ouest,2015,822.5,810.4,60.83,28.12,34.1,22.79,49.36
BFA,BFA_BFA.5.3_1,Sissili,Centre-Ouest,2016,723.8,676.6,-37.87,28.39,34.25,23.14,51.08
BFA,BFA_BFA.5.3_1,Sissili,Centre-Ouest,2017,572.9,556.1,-188.77,28.07,33.98,23.09,48.34
BFA,BFA_BFA.5.3_1,Sissili,Centre-Ouest,2018,774.5,743.1,12.83,27.8,33.4,23.13,53.79
BFA,BFA_BFA.5.3_1,Sissili,Centre-Ouest,2019,846.9,811.8,85.23,27.95,33.62,23.05,52.49
BFA,BFA_BFA.5.3_1,Sissili,Centre-Ouest,2020,1033.1,989.3,271.43,28.19,34.05,23.23,49.47
BFA,BFA_BFA.5.3_1,Sissili,Centre-Ouest,2021,684.2,679.8,-77.47,28.26,33.99,23.36,49.71
BFA,BFA_BFA.5.3_1,Sissili,Centre-Ouest,2022,870.4,847.5,108.73,27.59,33.53,22.54,49.44
BFA,BFA_BFA.5.3_1,Sissili,Centre-Ouest,2023,967.3,898.9,205.63,28.08,33.92,23.06,51.47
BFA,BFA_BFA.5.3_1,Sissili,Centre-Ouest,2024,1026.5,1016.4,264.83,28.01,34.01,23.04,50.58
BFA,BFA_BFA.5.3_1,Sissili,Centre-Ouest,2025,908.7,882.6,147.03,27.7,33.57,22.95,54.83
BFA,BFA_BFA.5.4_1,Ziro,Centre-Ouest,2000,693.5,687.2,-11.66,27.57,33.68,22.01,49.67
BFA,BFA_BFA.5.4_1,Ziro,Centre-Ouest,2001,650.3,646.1,-54.86,27.76,34.0,22.08,47.77
BFA,BFA_BFA.5.4_1,Ziro,Centre-Ouest,2002,612.4,579.1,-92.76,28.23,34.45,22.62,47.77
BFA,BFA_BFA.5.4_1,Ziro,Centre-Ouest,2003,850.8,830.1,145.64,27.97,33.88,22.61,51.41
BFA,BFA_BFA.5.4_1,Ziro,Centre-Ouest,2004,480.8,449.3,-224.36,28.49,34.75,22.87,47.99
BFA,BFA_BFA.5.4_1,Ziro,Centre-Ouest,2005,609.5,569.3,-95.66,28.33,34.37,22.94,50.18
BFA,BFA_BFA.5.4_1,Ziro,Centre-Ouest,2006,668.0,649.3,-37.16,28.02,34.14,22.52,48.47
BFA,BFA_BFA.5.4_1,Ziro,Centre-Ouest,2007,509.4,475.7,-195.76,27.97,34.08,22.51,48.1
BFA,BFA_BFA.5.4_1,Ziro,Centre-Ouest,2008,650.4,640.4,-54.76,27.62,33.87,21.98,46.97
BFA,BFA_BFA.5.4_1,Ziro,Centre-Ouest,2009,590.4,573.0,-114.76,28.36,34.5,22.88,49.65
BFA,BFA_BFA.5.4_1,Ziro,Centre-Ouest,2010,845.1,826.8,139.94,28.21,34.15,22.81,52.31
BFA,BFA_BFA.5.4_1,Ziro,Centre-Ouest,2011,509.4,483.8,-195.76,28.06,34.14,22.54,49.79
BFA,BFA_BFA.5.4_1,Ziro,Centre-Ouest,2012,744.7,690.4,39.54,27.8,33.75,22.49,51.58
BFA,BFA_BFA.5.4_1,Ziro,Centre-Ouest,2013,621.6,570.4,-83.56,28.23,34.23,22.9,50.93
BFA,BFA_BFA.5.4_1,Ziro,Centre-Ouest,2014,778.0,769.7,72.84,28.09,33.92,22.85,51.87
BFA,BFA_BFA.5.4_1,Ziro,Centre-Ouest,2015,799.8,787.0,94.64,28.01,34.07,22.56,48.39
BFA,BFA_BFA.5.4_1,Ziro,Centre-Ouest,2016,713.6,681.2,8.44,28.3,34.19,22.99,50.58
BFA,BFA_BFA.5.4_1,Ziro,Centre-Ouest,2017,637.8,621.4,-67.36,27.97,33.97,22.89,47.12
BFA,BFA_BFA.5.4_1,Ziro,Centre-Ouest,2018,679.4,674.1,-25.76,27.69,33.34,22.92,52.89
BFA,BFA_BFA.5.4_1,Ziro,Centre-Ouest,2019,732.0,707.2,26.84,28.11,33.9,23.11,50.05
BFA,BFA_BFA.5.4_1,Ziro,Centre-Ouest,2020,898.1,870.4,192.94,28.27,34.13,23.17,47.98
BFA,BFA_BFA.5.4_1,Ziro,Centre-Ouest,2021,574.6,567.3,-130.56,28.45,34.33,23.35,47.07
BFA,BFA_BFA.5.4_1,Ziro,Centre-Ouest,2022,868.2,855.0,163.04,27.73,33.74,22.56,47.43
BFA,BFA_BFA.5.4_1,Ziro,Centre-Ouest,2023,792.9,767.4,87.74,28.15,34.09,23.02,49.65
BFA,BFA_BFA.5.4_1,Ziro,Centre-Ouest,2024,999.8,995.4,294.64,28.01,34.1,22.93,49.32
BFA,BFA_BFA.5.4_1,Ziro,Centre-Ouest,2025,823.7,805.1,118.54,27.53,33.48,22.78,54.48
BFA,BFA_BFA.6.1_1,Bazèga,Centre-Sud,2000,653.8,651.6,14.69,27.74,33.85,22.11,47.32
BFA,BFA_BFA.6.1_1,Bazèga,Centre-Sud,2001,668.5,662.1,29.39,27.95,34.21,22.12,45.43
BFA,BFA_BFA.6.1_1,Bazèga,Centre-Sud,2002,594.1,571.7,-45.01,28.19,34.29,22.53,46.38
BFA,BFA_BFA.6.1_1,Bazèga,Centre-Sud,2003,758.6,738.4,119.49,27.98,33.89,22.61,49.92
BFA,BFA_BFA.6.1_1,Bazèga,Centre-Sud,2004,423.1,399.9,-216.01,28.54,34.74,22.91,46.05
BFA,BFA_BFA.6.1_1,Bazèga,Centre-Sud,2005,482.3,466.6,-156.81,28.55,34.59,23.07,47.44
BFA,BFA_BFA.6.1_1,Bazèga,Centre-Sud,2006,524.7,513.5,-114.41,28.36,34.55,22.69,45.16
BFA,BFA_BFA.6.1_1,Bazèga,Centre-Sud,2007,487.4,466.3,-151.71,28.16,34.31,22.63,45.94
BFA,BFA_BFA.6.1_1,Bazèga,Centre-Sud,2008,623.3,620.2,-15.81,27.81,34.04,22.12,44.62
BFA,BFA_BFA.6.1_1,Bazèga,Centre-Sud,2009,558.4,542.3,-80.71,28.41,34.47,22.89,47.43
BFA,BFA_BFA.6.1_1,Bazèga,Centre-Sud,2010,746.6,734.6,107.49,28.46,34.47,22.89,49.39
BFA,BFA_BFA.6.1_1,Bazèga,Centre-Sud,2011,502.4,476.9,-136.71,28.34,34.52,22.67,46.44
BFA,BFA_BFA.6.1_1,Bazèga,Centre-Sud,2012,703.4,662.7,64.29,28.01,33.94,22.68,49.18
BFA,BFA_BFA.6.1_1,Bazèga,Centre-Sud,2013,554.1,513.8,-85.01,28.3,34.29,22.93,49.0
BFA,BFA_BFA.6.1_1,Bazèga,Centre-Sud,2014,591.3,582.6,-47.81,28.32,34.2,22.98,49.17
BFA,BFA_BFA.6.1_1,Bazèga,Centre-Sud,2015,719.8,712.5,80.69,28.11,34.13,22.59,46.14
BFA,BFA_BFA.6.1_1,Bazèga,Centre-Sud,2016,707.2,686.9,68.09,28.39,34.31,22.98,48.82
BFA,BFA_BFA.6.1_1,Bazèga,Centre-Sud,2017,553.3,546.0,-85.81,28.33,34.24,23.28,44.96
BFA,BFA_BFA.6.1_1,Bazèga,Centre-Sud,2018,678.3,671.6,39.19,27.95,33.52,23.23,51.09
BFA,BFA_BFA.6.1_1,Bazèga,Centre-Sud,2019,708.8,692.9,69.69,28.24,33.96,23.35,48.7
BFA,BFA_BFA.6.1_1,Bazèga,Centre-Sud,2020,699.1,696.6,59.99,28.32,34.0,23.31,47.01
BFA,BFA_BFA.6.1_1,Bazèga,Centre-Sud,2021,471.6,471.4,-167.51,28.55,34.39,23.53,45.57
BFA,BFA_BFA.6.1_1,Bazèga,Centre-Sud,2022,875.6,864.1,236.49,27.75,33.6,22.72,46.38
BFA,BFA_BFA.6.1_1,Bazèga,Centre-Sud,2023,714.8,701.1,75.69,28.34,34.23,23.32,47.67
BFA,BFA_BFA.6.1_1,Bazèga,Centre-Sud,2024,878.8,877.3,239.69,28.22,34.22,23.18,47.17
BFA,BFA_BFA.6.1_1,Bazèga,Centre-Sud,2025,737.6,732.7,98.49,28.14,34.02,23.18,50.49
BFA,BFA_BFA.6.2_1,Nahouri,Centre-Sud,2000,806.9,796.1,73.52,27.34,33.23,21.99,51.04
BFA,BFA_BFA.6.2_1,Nahouri,Centre-Sud,2001,709.7,699.0,-23.68,27.53,33.55,22.02,49.09
BFA,BFA_BFA.6.2_1,Nahouri,Centre-Sud,2002,646.1,600.1,-87.28,27.79,33.64,22.47,50.56
BFA,BFA_BFA.6.2_1,Nahouri,Centre-Sud,2003,708.8,682.7,-24.58,27.89,33.7,22.66,51.6
BFA,BFA_BFA.6.2_1,Nahouri,Centre-Sud,2004,520.4,466.6,-212.98,28.15,34.07,22.71,50.27
BFA,BFA_BFA.6.2_1,Nahouri,Centre-Sud,2005,630.4,589.3,-102.98,28.2,34.09,22.95,50.91
BFA,BFA_BFA.6.2_1,Nahouri,Centre-Sud,2006,711.8,685.1,-21.58,27.93,33.84,22.54,49.29
BFA,BFA_BFA.6.2_1,Nahouri,Centre-Sud,2007,656.4,606.0,-76.98,27.7,33.57,22.43,50.09
BFA,BFA_BFA.6.2_1,Nahouri,Centre-Sud,2008,640.4,637.4,-92.98,27.57,33.68,22.04,47.74
BFA,BFA_BFA.6.2_1,Nahouri,Centre-Sud,2009,689.0,671.8,-44.38,28.28,34.18,22.96,50.84
BFA,BFA_BFA.6.2_1,Nahouri,Centre-Sud,2010,948.9,914.6,215.52,27.97,33.77,22.73,53.42
BFA,BFA_BFA.6.2_1,Nahouri,Centre-Sud,2011,601.0,557.2,-132.38,28.05,33.95,22.65,50.23
BFA,BFA_BFA.6.2_1,Nahouri,Centre-Sud,2012,787.4,720.7,54.02,27.6,33.31,22.47,52.96
BFA,BFA_BFA.6.2_1,Nahouri,Centre-Sud,2013,631.3,586.0,-102.08,28.03,33.79,22.95,52.64
BFA,BFA_BFA.6.2_1,Nahouri,Centre-Sud,2014,732.0,702.6,-1.38,28.04,33.72,22.92,52.54
BFA,BFA_BFA.6.2_1,Nahouri,Centre-Sud,2015,890.0,883.0,156.62,28.01,33.9,22.69,48.95
BFA,BFA_BFA.6.2_1,Nahouri,Centre-Sud,2016,767.3,717.3,33.92,28.18,33.96,23.01,51.36
BFA,BFA_BFA.6.2_1,Nahouri,Centre-Sud,2017,441.1,427.4,-292.28,27.98,33.52,23.19,49.27
BFA,BFA_BFA.6.2_1,Nahouri,Centre-Sud,2018,758.7,733.5,25.32,27.76,33.11,23.22,54.12
BFA,BFA_BFA.6.2_1,Nahouri,Centre-Sud,2019,777.2,768.7,43.82,28.12,33.53,23.41,52.56
BFA,BFA_BFA.6.2_1,Nahouri,Centre-Sud,2020,906.1,873.6,172.72,28.19,33.64,23.39,50.37
BFA,BFA_BFA.6.2_1,Nahouri,Centre-Sud,2021,609.4,604.3,-123.98,28.49,33.98,23.63,48.91
BFA,BFA_BFA.6.2_1,Nahouri,Centre-Sud,2022,867.2,813.4,133.82,27.64,33.26,22.75,49.62
BFA,BFA_BFA.6.2_1,Nahouri,Centre-Sud,2023,809.8,765.0,76.42,28.29,33.95,23.37,50.65
BFA,BFA_BFA.6.2_1,Nahouri,Centre-Sud,2024,951.2,934.9,217.82,28.22,34.04,23.35,49.86
BFA,BFA_BFA.6.2_1,Nahouri,Centre-Sud,2025,869.4,842.5,136.02,28.27,34.19,23.45,52.14
BFA,BFA_BFA.6.3_1,Zoundwéogo,Centre-Sud,2000,692.0,687.0,35.69,27.91,33.93,22.44,48.72
BFA,BFA_BFA.6.3_1,Zoundwéogo,Centre-Sud,2001,654.6,650.5,-1.71,28.13,34.29,22.44,46.86
BFA,BFA_BFA.6.3_1,Zoundwéogo,Centre-Sud,2002,572.7,538.8,-83.61,28.24,34.13,22.8,48.88
BFA,BFA_BFA.6.3_1,Zoundwéogo,Centre-Sud,2003,616.5,595.9,-39.81,28.43,34.29,23.11,49.62
BFA,BFA_BFA.6.3_1,Zoundwéogo,Centre-Sud,2004,452.7,417.7,-203.61,28.75,34.78,23.24,47.78
BFA,BFA_BFA.6.3_1,Zoundwéogo,Centre-Sud,2005,525.9,498.6,-130.41,28.79,34.74,23.42,48.62
BFA,BFA_BFA.6.3_1,Zoundwéogo,Centre-Sud,2006,646.8,632.5,-9.51,28.47,34.47,22.98,47.16
BFA,BFA_BFA.6.3_1,Zoundwéogo,Centre-Sud,2007,593.4,556.4,-62.91,28.27,34.24,22.9,48.04
BFA,BFA_BFA.6.3_1,Zoundwéogo,Centre-Sud,2008,546.8,544.2,-109.51,28.22,34.46,22.53,44.94
BFA,BFA_BFA.6.3_1,Zoundwéogo,Centre-Sud,2009,605.9,595.7,-50.41,28.85,34.8,23.42,48.31
BFA,BFA_BFA.6.3_1,Zoundwéogo,Centre-Sud,2010,808.0,785.3,151.69,28.61,34.48,23.22,50.97
BFA,BFA_BFA.6.3_1,Zoundwéogo,Centre-Sud,2011,527.0,492.1,-129.31,28.68,34.74,23.1,47.43
BFA,BFA_BFA.6.3_1,Zoundwéogo,Centre-Sud,2012,743.0,688.9,86.69,28.23,34.05,23.02,50.6
BFA,BFA_BFA.6.3_1,Zoundwéogo,Centre-Sud,2013,556.7,515.3,-99.61,28.62,34.46,23.41,50.38
BFA,BFA_BFA.6.3_1,Zoundwéogo,Centre-Sud,2014,648.8,630.0,-7.51,28.62,34.38,23.39,50.25
BFA,BFA_BFA.6.3_1,Zoundwéogo,Centre-Sud,2015,721.8,717.4,65.49,28.54,34.47,23.12,46.82
BFA,BFA_BFA.6.3_1,Zoundwéogo,Centre-Sud,2016,725.3,686.1,68.99,28.72,34.56,23.46,49.71
BFA,BFA_BFA.6.3_1,Zoundwéogo,Centre-Sud,2017,479.5,469.6,-176.81,28.05,33.87,22.94,48.24
BFA,BFA_BFA.6.3_1,Zoundwéogo,Centre-Sud,2018,615.5,603.4,-40.81,28.07,33.63,23.31,52.06
BFA,BFA_BFA.6.3_1,Zoundwéogo,Centre-Sud,2019,767.4,759.7,111.09,28.26,33.84,23.34,50.91
BFA,BFA_BFA.6.3_1,Zoundwéogo,Centre-Sud,2020,784.2,780.4,127.89,28.33,34.05,23.31,49.0
BFA,BFA_BFA.6.3_1,Zoundwéogo,Centre-Sud,2021,512.5,511.7,-143.81,28.73,34.54,23.6,46.62
BFA,BFA_BFA.6.3_1,Zoundwéogo,Centre-Sud,2022,849.3,829.2,192.99,27.9,33.79,22.76,47.42
BFA,BFA_BFA.6.3_1,Zoundwéogo,Centre-Sud,2023,769.9,732.3,113.59,28.49,34.42,23.36,48.73
BFA,BFA_BFA.6.3_1,Zoundwéogo,Centre-Sud,2024,982.0,959.5,325.69,28.31,34.41,23.19,48.61
BFA,BFA_BFA.6.3_1,Zoundwéogo,Centre-Sud,2025,665.9,642.3,9.59,28.5,34.56,23.48,50.47
BFA,BFA_BFA.8.1_1,Gnagna,Est,2000,472.5,472.2,55.28,28.28,35.01,21.85,40.92
BFA,BFA_BFA.8.1_1,Gnagna,Est,2001,392.7,392.2,-24.52,28.6,35.44,21.88,38.45
BFA,BFA_BFA.8.1_1,Gnagna,Est,2002,360.1,359.0,-57.12,28.96,35.58,22.55,39.24
BFA,BFA_BFA.8.1_1,Gnagna,Est,2003,554.8,544.1,137.58,28.7,35.24,22.45,43.11
BFA,BFA_BFA.8.1_1,Gnagna,Est,2004,241.9,235.3,-175.32,29.01,35.66,22.66,40.33
BFA,BFA_BFA.8.1_1,Gnagna,Est,2005,347.1,345.4,-70.12,29.18,35.64,22.92,40.97
BFA,BFA_BFA.8.1_1,Gnagna,Est,2006,312.5,312.1,-104.72,29.0,35.82,22.5,38.62
BFA,BFA_BFA.8.1_1,Gnagna,Est,2007,350.6,347.2,-66.62,28.87,35.63,22.43,39.42
BFA,BFA_BFA.8.1_1,Gnagna,Est,2008,342.6,341.1,-74.62,28.28,35.12,21.78,38.71
BFA,BFA_BFA.8.1_1,Gnagna,Est,2009,412.9,410.3,-4.32,29.05,35.59,22.74,41.67
BFA,BFA_BFA.8.1_1,Gnagna,Est,2010,413.5,410.4,-3.72,29.02,35.65,22.64,43.25
BFA,BFA_BFA.8.1_1,Gnagna,Est,2011,303.0,295.8,-114.22,29.21,35.97,22.68,38.82
BFA,BFA_BFA.8.1_1,Gnagna,Est,2012,526.0,512.5,108.78,28.64,35.04,22.69,43.49
BFA,BFA_BFA.8.1_1,Gnagna,Est,2013,387.3,367.5,-29.92,28.87,35.5,22.63,43.09
BFA,BFA_BFA.8.1_1,Gnagna,Est,2014,333.3,324.1,-83.92,29.03,35.54,22.82,41.84
BFA,BFA_BFA.8.1_1,Gnagna,Est,2015,414.2,413.5,-3.02,28.8,35.41,22.48,39.36
BFA,BFA_BFA.8.1_1,Gnagna,Est,2016,467.0,456.7,49.78,29.02,35.56,22.83,42.41
BFA,BFA_BFA.8.1_1,Gnagna,Est,2017,328.9,318.6,-88.32,28.2,34.81,22.76,41.73
BFA,BFA_BFA.8.1_1,Gnagna,Est,2018,384.9,384.0,-32.32,28.52,34.94,23.1,42.69
BFA,BFA_BFA.8.1_1,Gnagna,Est,2019,432.9,426.7,15.68,28.86,35.25,23.4,41.44
BFA,BFA_BFA.8.1_1,Gnagna,Est,2020,601.1,601.1,183.88,28.74,35.02,23.29,40.86
BFA,BFA_BFA.8.1_1,Gnagna,Est,2021,282.9,282.9,-134.32,29.21,35.63,23.64,38.02
BFA,BFA_BFA.8.1_1,Gnagna,Est,2022,604.2,603.8,186.98,28.29,34.64,22.8,40.09
BFA,BFA_BFA.8.1_1,Gnagna,Est,2023,477.7,472.2,60.48,29.18,35.69,23.48,39.2
BFA,BFA_BFA.8.1_1,Gnagna,Est,2024,478.9,478.8,61.68,28.78,35.39,23.18,40.99
BFA,BFA_BFA.8.1_1,Gnagna,Est,2025,624.1,623.9,206.88,29.32,35.8,23.64,41.49
BFA,BFA_BFA.8.2_1,Gourma,Est,2000,543.9,541.6,36.06,28.31,34.78,22.22,44.51
BFA,BFA_BFA.8.2_1,Gourma,Est,2001,426.4,423.5,-81.44,28.63,35.26,22.43,41.98
BFA,BFA_BFA.8.2_1,Gourma,Est,2002,503.3,490.9,-4.54,28.82,35.28,22.82,43.98
BFA,BFA_BFA.8.2_1,Gourma,Est,2003,555.7,544.9,47.86,28.76,35.03,22.92,46.34
BFA,BFA_BFA.8.2_1,Gourma,Est,2004,333.0,319.0,-174.84,28.91,35.3,23.0,44.9
BFA,BFA_BFA.8.2_1,Gourma,Est,2005,426.2,412.3,-81.64,29.07,35.4,23.22,45.08
BFA,BFA_BFA.8.2_1,Gourma,Est,2006,430.2,424.5,-77.64,29.04,35.65,22.92,42.4
BFA,BFA_BFA.8.2_1,Gourma,Est,2007,446.0,435.1,-61.84,28.69,35.15,22.79,43.9
BFA,BFA_BFA.8.2_1,Gourma,Est,2008,425.5,422.5,-82.34,28.22,34.78,22.14,42.86
BFA,BFA_BFA.8.2_1,Gourma,Est,2009,498.0,490.2,-9.84,28.96,35.29,23.15,46.35
BFA,BFA_BFA.8.2_1,Gourma,Est,2010,528.3,519.4,20.46,28.83,35.1,23.0,47.75
BFA,BFA_BFA.8.2_1,Gourma,Est,2011,356.6,348.8,-151.24,29.13,35.69,23.02,42.71
BFA,BFA_BFA.8.2_1,Gourma,Est,2012,691.3,676.2,183.46,28.35,34.56,22.71,48.6
BFA,BFA_BFA.8.2_1,Gourma,Est,2013,570.4,546.8,62.56,28.56,34.87,22.85,48.86
BFA,BFA_BFA.8.2_1,Gourma,Est,2014,430.1,411.3,-77.74,29.0,35.31,23.16,45.92
BFA,BFA_BFA.8.2_1,Gourma,Est,2015,584.7,580.4,76.86,28.73,35.09,22.8,43.63
BFA,BFA_BFA.8.2_1,Gourma,Est,2016,522.5,496.8,14.66,28.9,35.19,23.16,46.82
BFA,BFA_BFA.8.2_1,Gourma,Est,2017,344.2,338.8,-163.64,28.53,34.69,23.19,43.83
BFA,BFA_BFA.8.2_1,Gourma,Est,2018,441.1,436.3,-66.74,28.62,34.57,23.41,46.67
BFA,BFA_BFA.8.2_1,Gourma,Est,2019,546.7,531.4,38.86,29.01,35.09,23.6,45.29
BFA,BFA_BFA.8.2_1,Gourma,Est,2020,572.1,560.0,64.26,29.0,34.93,23.6,43.76
BFA,BFA_BFA.8.2_1,Gourma,Est,2021,418.3,418.1,-89.54,29.31,35.29,23.83,41.47
BFA,BFA_BFA.8.2_1,Gourma,Est,2022,674.4,674.1,166.56,28.43,34.6,22.97,42.71
BFA,BFA_BFA.8.2_1,Gourma,Est,2023,471.9,469.6,-35.94,29.28,35.44,23.73,42.51
BFA,BFA_BFA.8.2_1,Gourma,Est,2024,804.8,803.0,296.96,28.74,34.79,23.44,45.26
BFA,BFA_BFA.8.2_1,Gourma,Est,2025,658.2,656.9,150.36,29.05,35.28,23.71,45.64
BFA,BFA_BFA.8.3_1,Komandjoari,Est,2000,456.0,453.9,27.55,28.4,35.19,21.94,40.56
BFA,BFA_BFA.8.3_1,Komandjoari,Est,2001,382.9,378.7,-45.55,28.57,35.43,22.02,38.94
BFA,BFA_BFA.8.3_1,Komandjoari,Est,2002,407.5,404.3,-20.95,28.86,35.54,22.51,40.48
BFA,BFA_BFA.8.3_1,Komandjoari,Est,2003,538.7,518.5,110.25,28.67,35.21,22.46,43.6
BFA,BFA_BFA.8.3_1,Komandjoari,Est,2004,290.7,287.8,-137.75,28.94,35.65,22.67,41.32
BFA,BFA_BFA.8.3_1,Komandjoari,Est,2005,369.1,366.6,-59.35,29.1,35.69,22.92,41.77
BFA,BFA_BFA.8.3_1,Komandjoari,Est,2006,344.4,343.1,-84.05,28.96,35.84,22.5,39.37
BFA,BFA_BFA.8.3_1,Komandjoari,Est,2007,318.8,313.9,-109.65,28.72,35.45,22.45,40.34
BFA,BFA_BFA.8.3_1,Komandjoari,Est,2008,367.3,366.5,-61.15,28.16,34.99,21.72,39.76
BFA,BFA_BFA.8.3_1,Komandjoari,Est,2009,433.2,427.7,4.75,29.09,35.75,22.84,42.27
BFA,BFA_BFA.8.3_1,Komandjoari,Est,2010,415.3,412.4,-13.15,28.97,35.62,22.69,43.83
BFA,BFA_BFA.8.3_1,Komandjoari,Est,2011,271.4,267.5,-157.05,29.23,36.11,22.76,38.95
BFA,BFA_BFA.8.3_1,Komandjoari,Est,2012,628.0,618.8,199.55,28.44,34.83,22.51,45.18
BFA,BFA_BFA.8.3_1,Komandjoari,Est,2013,382.4,367.0,-46.05,28.79,35.46,22.56,44.13
BFA,BFA_BFA.8.3_1,Komandjoari,Est,2014,346.4,342.0,-82.05,29.02,35.56,22.89,42.5
BFA,BFA_BFA.8.3_1,Komandjoari,Est,2015,450.0,449.8,21.55,28.74,35.38,22.48,40.19
BFA,BFA_BFA.8.3_1,Komandjoari,Est,2016,443.8,431.2,15.35,28.95,35.48,22.83,43.47
BFA,BFA_BFA.8.3_1,Komandjoari,Est,2017,297.8,292.3,-130.65,28.53,35.05,23.03,41.2
BFA,BFA_BFA.8.3_1,Komandjoari,Est,2018,359.1,354.9,-69.35,28.73,35.03,23.27,42.84
BFA,BFA_BFA.8.3_1,Komandjoari,Est,2019,450.1,447.5,21.65,29.11,35.45,23.58,41.54
BFA,BFA_BFA.8.3_1,Komandjoari,Est,2020,550.1,549.8,121.65,29.08,35.28,23.54,40.65
BFA,BFA_BFA.8.3_1,Komandjoari,Est,2021,364.6,364.6,-63.85,29.52,35.83,23.88,37.59
BFA,BFA_BFA.8.3_1,Komandjoari,Est,2022,673.4,673.4,244.95,28.54,34.86,22.98,39.76
BFA,BFA_BFA.8.3_1,Komandjoari,Est,2023,467.9,466.3,39.45,29.43,35.85,23.69,39.12
BFA,BFA_BFA.8.3_1,Komandjoari,Est,2024,529.6,528.0,101.15,28.85,35.34,23.3,41.61
BFA,BFA_BFA.8.3_1,Komandjoari,Est,2025,601.2,591.1,172.75,29.0,35.36,23.56,43.32
BFA,BFA_BFA.8.4_1,Kompienga,Est,2000,563.7,557.1,-53.59,29.06,35.32,23.27,46.63
BFA,BFA_BFA.8.4_1,Kompienga,Est,2001,544.3,516.7,-72.99,29.36,35.76,23.3,44.0
BFA,BFA_BFA.8.4_1,Kompienga,Est,2002,651.9,638.5,34.61,29.33,35.52,23.61,47.45
BFA,BFA_BFA.8.4_1,Kompienga,Est,2003,678.7,650.5,61.41,29.37,35.5,23.76,48.93
BFA,BFA_BFA.8.4_1,Kompienga,Est,2004,489.6,460.0,-127.69,29.47,35.61,23.79,48.02
BFA,BFA_BFA.8.4_1,Kompienga,Est,2005,462.8,430.0,-154.49,29.65,35.78,24.04,48.23
BFA,BFA_BFA.8.4_1,Kompienga,Est,2006,480.6,473.1,-136.69,29.61,35.86,23.8,45.83
BFA,BFA_BFA.8.4_1,Kompienga,Est,2007,445.3,430.0,-171.99,29.25,35.48,23.62,47.16
BFA,BFA_BFA.8.4_1,Kompienga,Est,2008,515.5,501.9,-101.79,28.94,35.25,23.09,45.62
BFA,BFA_BFA.8.4_1,Kompienga,Est,2009,691.7,666.5,74.41,29.58,35.66,24.0,49.29
BFA,BFA_BFA.8.4_1,Kompienga,Est,2010,705.3,672.1,88.01,29.44,35.44,23.86,50.73
BFA,BFA_BFA.8.4_1,Kompienga,Est,2011,472.8,463.4,-144.49,29.85,36.22,24.01,45.46
BFA,BFA_BFA.8.4_1,Kompienga,Est,2012,853.5,826.8,236.21,28.89,34.88,23.5,51.67
BFA,BFA_BFA.8.4_1,Kompienga,Est,2013,537.0,489.4,-80.29,29.34,35.36,23.96,51.34
BFA,BFA_BFA.8.4_1,Kompienga,Est,2014,650.7,609.1,33.41,29.37,35.34,23.85,50.35
BFA,BFA_BFA.8.4_1,Kompienga,Est,2015,647.2,637.5,29.91,29.38,35.51,23.71,46.45
BFA,BFA_BFA.8.4_1,Kompienga,Est,2016,658.7,624.4,41.41,29.68,35.8,24.13,48.78
BFA,BFA_BFA.8.4_1,Kompienga,Est,2017,466.5,456.3,-150.79,29.05,35.08,23.63,47.01
BFA,BFA_BFA.8.4_1,Kompienga,Est,2018,513.2,492.0,-104.09,29.26,35.15,24.09,49.1
BFA,BFA_BFA.8.4_1,Kompienga,Est,2019,535.9,529.9,-81.39,29.42,35.19,24.14,49.11
BFA,BFA_BFA.8.4_1,Kompienga,Est,2020,638.7,617.2,21.41,29.47,35.27,24.09,46.46
BFA,BFA_BFA.8.4_1,Kompienga,Est,2021,472.4,472.4,-144.89,29.88,35.82,24.34,44.19
BFA,BFA_BFA.8.4_1,Kompienga,Est,2022,871.8,860.9,254.51,28.72,34.64,23.33,46.9
BFA,BFA_BFA.8.4_1,Kompienga,Est,2023,686.3,669.7,69.01,29.59,35.58,24.09,46.49
BFA,BFA_BFA.8.4_1,Kompienga,Est,2024,989.3,985.9,372.01,29.24,35.24,23.92,48.06
BFA,BFA_BFA.8.4_1,Kompienga,Est,2025,826.2,803.7,208.91,29.66,35.58,24.42,49.47
BFA,BFA_BFA.8.5_1,Tapoa,Est,2000,550.2,546.0,-21.11,28.69,35.15,22.83,42.96
BFA,BFA_BFA.8.5_1,Tapoa,Est,2001,532.4,525.3,-38.91,28.94,35.52,22.95,41.17
BFA,BFA_BFA.8.5_1,Tapoa,Est,2002,591.8,577.8,20.49,29.06,35.44,23.32,43.85
BFA,BFA_BFA.8.5_1,Tapoa,Est,2003,765.9,745.4,194.59,28.93,35.16,23.29,46.36
BFA,BFA_BFA.8.5_1,Tapoa,Est,2004,402.5,385.7,-168.81,29.15,35.53,23.46,44.67
BFA,BFA_BFA.8.5_1,Tapoa,Est,2005,512.9,499.1,-58.41,29.52,35.83,23.76,43.6
BFA,BFA_BFA.8.5_1,Tapoa,Est,2006,447.9,445.7,-123.41,29.42,35.95,23.57,41.62
BFA,BFA_BFA.8.5_1,Tapoa,Est,2007,463.2,443.6,-108.11,29.12,35.66,23.28,42.54
BFA,BFA_BFA.8.5_1,Tapoa,Est,2008,511.5,509.7,-59.81,28.44,34.8,22.63,42.94
BFA,BFA_BFA.8.5_1,Tapoa,Est,2009,572.0,560.9,0.69,29.29,35.59,23.64,46.09
BFA,BFA_BFA.8.5_1,Tapoa,Est,2010,607.8,580.9,36.49,29.26,35.56,23.6,46.56
BFA,BFA_BFA.8.5_1,Tapoa,Est,2011,390.6,375.7,-180.71,29.47,36.02,23.5,41.69
BFA,BFA_BFA.8.5_1,Tapoa,Est,2012,918.0,895.0,346.69,28.54,34.66,23.08,48.85
BFA,BFA_BFA.8.5_1,Tapoa,Est,2013,561.1,528.9,-10.21,29.01,35.26,23.47,47.84
BFA,BFA_BFA.8.5_1,Tapoa,Est,2014,533.8,508.4,-37.51,29.17,35.39,23.55,46.17
BFA,BFA_BFA.8.5_1,Tapoa,Est,2015,614.8,600.7,43.49,29.0,35.26,23.31,43.51
BFA,BFA_BFA.8.5_1,Tapoa,Est,2016,565.1,545.1,-6.21,29.38,35.65,23.8,45.63
BFA,BFA_BFA.8.5_1,Tapoa,Est,2017,447.6,437.7,-123.71,28.56,34.89,23.27,44.07
BFA,BFA_BFA.8.5_1,Tapoa,Est,2018,519.9,506.1,-51.41,28.5,34.56,23.42,47.56
BFA,BFA_BFA.8.5_1,Tapoa,Est,2019,516.0,513.1,-55.31,28.9,35.04,23.63,46.01
BFA,BFA_BFA.8.5_1,Tapoa,Est,2020,625.1,622.9,53.79,28.81,34.77,23.57,45.0
BFA,BFA_BFA.8.5_1,Tapoa,Est,2021,450.7,450.4,-120.61,29.21,35.4,23.77,41.71
BFA,BFA_BFA.8.5_1,Tapoa,Est,2022,675.0,674.2,103.69,28.09,34.21,22.81,44.74
BFA,BFA_BFA.8.5_1,Tapoa,Est,2023,537.0,534.2,-34.31,29.07,35.18,23.69,43.55
BFA,BFA_BFA.8.5_1,Tapoa,Est,2024,843.4,839.7,272.09,28.63,34.74,23.43,45.65
BFA,BFA_BFA.8.5_1,Tapoa,Est,2025,697.8,696.2,126.49,29.05,35.39,23.73,46.55
BFA,BFA_BFA.9.1_1,Houet,Haut-Bassins,2000,845.9,826.1,20.16,26.91,32.93,21.37,53.48
BFA,BFA_BFA.9.1_1,Houet,Haut-Bassins,2001,771.3,744.3,-54.44,27.35,33.54,21.63,50.57
BFA,BFA_BFA.9.1_1,Houet,Haut-Bassins,2002,693.2,653.9,-132.54,27.78,33.74,22.27,50.85
BFA,BFA_BFA.9.1_1,Houet,Haut-Bassins,2003,966.7,904.4,140.96,27.46,33.35,22.15,54.6
BFA,BFA_BFA.9.1_1,Houet,Haut-Bassins,2004,558.8,463.7,-266.94,27.95,33.96,22.39,51.48
BFA,BFA_BFA.9.1_1,Houet,Haut-Bassins,2005,651.7,612.9,-174.04,28.11,34.04,22.66,51.87
BFA,BFA_BFA.9.1_1,Houet,Haut-Bassins,2006,843.1,810.6,17.36,27.62,33.64,22.07,50.95
BFA,BFA_BFA.9.1_1,Houet,Haut-Bassins,2007,724.1,674.8,-101.64,27.58,33.67,22.08,49.71
BFA,BFA_BFA.9.1_1,Houet,Haut-Bassins,2008,771.6,745.1,-54.14,27.03,33.15,21.36,50.02
BFA,BFA_BFA.9.1_1,Houet,Haut-Bassins,2009,760.7,729.5,-65.04,27.72,33.7,22.24,52.78
BFA,BFA_BFA.9.1_1,Houet,Haut-Bassins,2010,1068.9,1040.1,243.16,27.46,33.31,22.05,55.56
BFA,BFA_BFA.9.1_1,Houet,Haut-Bassins,2011,696.2,677.8,-129.54,27.49,33.42,22.0,52.48
BFA,BFA_BFA.9.1_1,Houet,Haut-Bassins,2012,784.6,721.9,-41.14,27.17,33.07,21.87,53.87
BFA,BFA_BFA.9.1_1,Houet,Haut-Bassins,2013,638.6,604.2,-187.14,27.89,33.98,22.45,51.4
BFA,BFA_BFA.9.1_1,Houet,Haut-Bassins,2014,586.7,525.3,-239.04,28.03,34.05,22.58,51.31
BFA,BFA_BFA.9.1_1,Houet,Haut-Bassins,2015,764.5,755.0,-61.24,27.66,33.64,22.18,50.57
BFA,BFA_BFA.9.1_1,Houet,Haut-Bassins,2016,614.8,584.6,-210.94,28.14,34.18,22.65,50.62
BFA,BFA_BFA.9.1_1,Houet,Haut-Bassins,2017,802.9,762.8,-22.84,27.74,33.28,22.87,49.22
BFA,BFA_BFA.9.1_1,Houet,Haut-Bassins,2018,864.3,829.4,38.56,27.48,32.91,22.84,53.43
BFA,BFA_BFA.9.1_1,Houet,Haut-Bassins,2019,1172.3,1137.0,346.56,27.59,33.19,22.65,52.03
BFA,BFA_BFA.9.1_1,Houet,Haut-Bassins,2020,945.8,936.7,120.06,27.7,33.32,22.8,49.97
BFA,BFA_BFA.9.1_1,Houet,Haut-Bassins,2021,929.3,922.7,103.56,27.99,33.69,22.96,49.11
BFA,BFA_BFA.9.1_1,Houet,Haut-Bassins,2022,1156.6,1064.1,330.86,26.93,32.57,22.03,51.77
BFA,BFA_BFA.9.1_1,Houet,Haut-Bassins,2023,886.4,855.1,60.66,27.7,33.36,22.67,50.54
BFA,BFA_BFA.9.1_1,Houet,Haut-Bassins,2024,1058.0,1047.0,232.26,27.59,33.46,22.57,50.84
BFA,BFA_BFA.9.1_1,Houet,Haut-Bassins,2025,912.2,861.9,86.46,27.28,33.09,22.56,55.02
BFA,BFA_BFA.9.2_1,Kénédougou,Haut-Bassins,2000,927.2,900.9,102.8,27.04,33.16,21.34,52.7
BFA,BFA_BFA.9.2_1,Kénédougou,Haut-Bassins,2001,745.8,731.9,-78.6,27.44,33.81,21.51,49.92
BFA,BFA_BFA.9.2_1,Kénédougou,Haut-Bassins,2002,716.4,675.8,-108.0,27.79,33.88,22.13,50.49
BFA,BFA_BFA.9.2_1,Kénédougou,Haut-Bassins,2003,945.4,918.9,121.0,27.59,33.56,22.1,53.92
BFA,BFA_BFA.9.2_1,Kénédougou,Haut-Bassins,2004,552.2,470.9,-272.2,28.12,34.21,22.44,51.1
BFA,BFA_BFA.9.2_1,Kénédougou,Haut-Bassins,2005,665.6,627.4,-158.8,28.29,34.36,22.71,51.02
BFA,BFA_BFA.9.2_1,Kénédougou,Haut-Bassins,2006,729.1,705.0,-95.3,27.68,33.89,21.91,50.08
BFA,BFA_BFA.9.2_1,Kénédougou,Haut-Bassins,2007,735.9,706.4,-88.5,27.62,33.81,21.94,49.35
BFA,BFA_BFA.9.2_1,Kénédougou,Haut-Bassins,2008,821.6,782.1,-2.8,26.97,33.2,21.18,50.28
BFA,BFA_BFA.9.2_1,Kénédougou,Haut-Bassins,2009,809.6,774.1,-14.8,27.69,33.75,22.11,52.94
BFA,BFA_BFA.9.2_1,Kénédougou,Haut-Bassins,2010,962.2,935.1,137.8,27.47,33.39,21.9,55.37
BFA,BFA_BFA.9.2_1,Kénédougou,Haut-Bassins,2011,828.4,808.3,4.0,27.41,33.38,21.83,52.94
BFA,BFA_BFA.9.2_1,Kénédougou,Haut-Bassins,2012,809.3,769.5,-15.1,27.02,32.99,21.64,54.13
BFA,BFA_BFA.9.2_1,Kénédougou,Haut-Bassins,2013,744.2,726.3,-80.2,27.86,34.0,22.27,51.21
BFA,BFA_BFA.9.2_1,Kénédougou,Haut-Bassins,2014,623.8,582.2,-200.6,27.86,33.95,22.3,51.94
BFA,BFA_BFA.9.2_1,Kénédougou,Haut-Bassins,2015,767.3,762.9,-57.1,27.48,33.54,21.92,51.45
BFA,BFA_BFA.9.2_1,Kénédougou,Haut-Bassins,2016,673.0,645.5,-151.4,27.9,34.03,22.29,51.6
BFA,BFA_BFA.9.2_1,Kénédougou,Haut-Bassins,2017,725.3,675.3,-99.1,27.79,33.84,22.49,49.28
BFA,BFA_BFA.9.2_1,Kénédougou,Haut-Bassins,2018,877.3,846.0,52.9,27.46,33.19,22.52,53.99
BFA,BFA_BFA.9.2_1,Kénédougou,Haut-Bassins,2019,1081.5,1067.5,257.1,27.58,33.45,22.36,52.2
BFA,BFA_BFA.9.2_1,Kénédougou,Haut-Bassins,2020,958.7,951.9,134.3,27.73,33.7,22.46,50.34
BFA,BFA_BFA.9.2_1,Kénédougou,Haut-Bassins,2021,764.7,761.8,-59.7,27.99,34.11,22.56,49.76
BFA,BFA_BFA.9.2_1,Kénédougou,Haut-Bassins,2022,1073.2,974.6,248.8,26.97,33.03,21.65,52.0
BFA,BFA_BFA.9.2_1,Kénédougou,Haut-Bassins,2023,847.6,837.4,23.2,27.96,34.11,22.42,49.59
BFA,BFA_BFA.9.2_1,Kénédougou,Haut-Bassins,2024,1126.0,1123.2,301.6,27.68,33.9,22.36,51.29
BFA,BFA_BFA.9.2_1,Kénédougou,Haut-Bassins,2025,923.1,881.6,98.7,26.68,32.79,21.87,59.34
BFA,BFA_BFA.9.3_1,Tuy,Haut-Bassins,2000,781.4,767.6,22.12,27.8,33.97,22.09,50.25
BFA,BFA_BFA.9.3_1,Tuy,Haut-Bassins,2001,793.5,781.0,34.22,27.99,34.23,22.23,48.57
BFA,BFA_BFA.9.3_1,Tuy,Haut-Bassins,2002,705.5,682.3,-53.78,28.43,34.51,22.83,48.75
BFA,BFA_BFA.9.3_1,Tuy,Haut-Bassins,2003,893.7,866.3,134.42,28.17,34.08,22.78,52.22
BFA,BFA_BFA.9.3_1,Tuy,Haut-Bassins,2004,537.6,468.7,-221.68,28.48,34.55,22.91,49.76
BFA,BFA_BFA.9.3_1,Tuy,Haut-Bassins,2005,659.3,619.1,-99.98,28.61,34.64,23.11,50.38
BFA,BFA_BFA.9.3_1,Tuy,Haut-Bassins,2006,799.1,760.2,39.82,28.17,34.19,22.64,49.79
BFA,BFA_BFA.9.3_1,Tuy,Haut-Bassins,2007,598.0,563.4,-161.28,28.19,34.32,22.67,48.09
BFA,BFA_BFA.9.3_1,Tuy,Haut-Bassins,2008,728.4,715.5,-30.88,27.51,33.65,21.88,48.85
BFA,BFA_BFA.9.3_1,Tuy,Haut-Bassins,2009,650.9,634.6,-108.38,28.31,34.29,22.85,51.13
BFA,BFA_BFA.9.3_1,Tuy,Haut-Bassins,2010,1017.8,999.1,258.52,28.14,34.08,22.68,53.7
BFA,BFA_BFA.9.3_1,Tuy,Haut-Bassins,2011,574.1,555.6,-185.18,28.16,34.16,22.62,50.31
BFA,BFA_BFA.9.3_1,Tuy,Haut-Bassins,2012,734.1,674.6,-25.18,27.87,33.81,22.53,51.88
BFA,BFA_BFA.9.3_1,Tuy,Haut-Bassins,2013,616.8,577.3,-142.48,28.47,34.49,23.02,50.21
BFA,BFA_BFA.9.3_1,Tuy,Haut-Bassins,2014,593.7,563.9,-165.58,28.53,34.51,23.09,50.42
BFA,BFA_BFA.9.3_1,Tuy,Haut-Bassins,2015,650.0,645.5,-109.28,28.4,34.42,22.85,47.86
BFA,BFA_BFA.9.3_1,Tuy,Haut-Bassins,2016,532.5,503.3,-226.78,29.01,35.1,23.4,47.72
BFA,BFA_BFA.9.3_1,Tuy,Haut-Bassins,2017,774.1,749.0,14.82,28.17,34.09,23.16,48.13
BFA,BFA_BFA.9.3_1,Tuy,Haut-Bassins,2018,713.4,697.2,-45.88,28.06,33.64,23.3,52.11
BFA,BFA_BFA.9.3_1,Tuy,Haut-Bassins,2019,994.4,965.6,235.12,28.11,33.82,23.08,51.06
BFA,BFA_BFA.9.3_1,Tuy,Haut-Bassins,2020,976.2,965.2,216.92,28.19,33.91,23.22,49.33
BFA,BFA_BFA.9.3_1,Tuy,Haut-Bassins,2021,653.3,617.7,-105.98,28.44,34.24,23.37,48.28
BFA,BFA_BFA.9.3_1,Tuy,Haut-Bassins,2022,999.9,954.1,240.62,27.43,33.28,22.38,50.7
BFA,BFA_BFA.9.3_1,Tuy,Haut-Bassins,2023,826.8,796.1,67.52,28.36,34.25,23.13,48.99
BFA,BFA_BFA.9.3_1,Tuy,Haut-Bassins,2024,1061.1,1044.0,301.82,28.07,34.04,23.05,50.21
BFA,BFA_BFA.9.3_1,Tuy,Haut-Bassins,2025,875.7,852.5,116.42,27.35,33.3,22.69,55.91
BFA,BFA_BFA.10.1_1,Loroum,Nord,2000,359.1,357.1,-5.96,28.23,35.3,21.32,36.6
BFA,BFA_BFA.10.1_1,Loroum,Nord,2001,326.7,324.3,-38.36,28.11,35.27,21.28,36.26
BFA,BFA_BFA.10.1_1,Loroum,Nord,2002,272.1,271.9,-92.96,28.56,35.49,21.96,35.79
BFA,BFA_BFA.10.1_1,Loroum,Nord,2003,373.9,372.5,8.84,28.25,35.0,21.78,40.92
BFA,BFA_BFA.10.1_1,Loroum,Nord,2004,250.4,247.8,-114.66,28.7,35.63,22.06,36.38
BFA,BFA_BFA.10.1_1,Loroum,Nord,2005,414.8,410.9,49.74,28.63,35.3,22.26,39.3
BFA,BFA_BFA.10.1_1,Loroum,Nord,2006,280.7,275.2,-84.36,28.29,35.25,21.75,36.65
BFA,BFA_BFA.10.1_1,Loroum,Nord,2007,323.8,323.3,-41.26,28.19,34.97,21.73,37.13
BFA,BFA_BFA.10.1_1,Loroum,Nord,2008,275.2,273.7,-89.86,28.06,35.1,21.26,35.96
BFA,BFA_BFA.10.1_1,Loroum,Nord,2009,275.7,274.5,-89.36,28.6,35.34,22.17,38.37
BFA,BFA_BFA.10.1_1,Loroum,Nord,2010,457.6,451.8,92.54,28.44,35.2,22.12,42.26
BFA,BFA_BFA.10.1_1,Loroum,Nord,2011,237.8,237.6,-127.26,28.53,35.48,21.92,36.69
BFA,BFA_BFA.10.1_1,Loroum,Nord,2012,498.7,496.2,133.64,27.91,34.47,21.78,40.36
BFA,BFA_BFA.10.1_1,Loroum,Nord,2013,300.1,298.2,-64.96,28.58,35.46,21.99,37.81
BFA,BFA_BFA.10.1_1,Loroum,Nord,2014,259.1,258.4,-105.96,28.63,35.48,22.06,37.54
BFA,BFA_BFA.10.1_1,Loroum,Nord,2015,379.4,378.8,14.34,28.1,34.86,21.59,37.91
BFA,BFA_BFA.10.1_1,Loroum,Nord,2016,304.6,298.6,-60.46,28.69,35.42,22.2,38.57
BFA,BFA_BFA.10.1_1,Loroum,Nord,2017,369.7,365.9,4.64,28.38,34.91,22.66,37.4
BFA,BFA_BFA.10.1_1,Loroum,Nord,2018,347.0,343.1,-18.06,28.53,34.79,22.82,38.26
BFA,BFA_BFA.10.1_1,Loroum,Nord,2019,519.4,516.9,154.34,28.57,34.78,22.97,38.34
BFA,BFA_BFA.10.1_1,Loroum,Nord,2020,374.3,374.1,9.24,28.89,35.07,23.05,36.2
BFA,BFA_BFA.10.1_1,Loroum,Nord,2021,196.8,196.8,-168.26,29.66,36.01,23.7,33.4
BFA,BFA_BFA.10.1_1,Loroum,Nord,2022,548.7,547.9,183.64,28.25,34.6,22.43,36.49
BFA,BFA_BFA.10.1_1,Loroum,Nord,2023,452.6,452.6,87.54,29.31,35.78,23.21,34.51
BFA,BFA_BFA.10.1_1,Loroum,Nord,2024,613.2,613.2,248.14,28.91,35.27,23.15,37.48
BFA,BFA_BFA.10.1_1,Loroum,Nord,2025,480.2,478.7,115.14,29.14,35.51,23.35,38.95
BFA,BFA_BFA.10.2_1,Passoré,Nord,2000,516.3,513.0,-7.74,27.94,34.45,22.05,43.36
BFA,BFA_BFA.10.2_1,Passoré,Nord,2001,509.2,504.8,-14.84,28.22,34.89,22.09,41.27
BFA,BFA_BFA.10.2_1,Passoré,Nord,2002,419.3,408.8,-104.74,28.71,35.28,22.62,40.18
BFA,BFA_BFA.10.2_1,Passoré,Nord,2003,641.6,624.7,117.56,28.49,34.78,22.76,45.14
BFA,BFA_BFA.10.2_1,Passoré,Nord,2004,358.5,346.7,-165.54,28.89,35.44,22.97,41.29
BFA,BFA_BFA.10.2_1,Passoré,Nord,2005,494.4,484.1,-29.64,28.85,35.12,23.12,43.32
BFA,BFA_BFA.10.2_1,Passoré,Nord,2006,471.9,467.5,-52.14,28.52,35.03,22.57,41.59
BFA,BFA_BFA.10.2_1,Passoré,Nord,2007,411.2,407.7,-112.84,28.51,35.03,22.57,40.96
BFA,BFA_BFA.10.2_1,Passoré,Nord,2008,381.4,379.3,-142.64,28.08,34.64,22.06,40.65
BFA,BFA_BFA.10.2_1,Passoré,Nord,2009,469.6,466.3,-54.44,28.66,35.1,22.75,43.13
BFA,BFA_BFA.10.2_1,Passoré,Nord,2010,550.4,545.4,26.36,28.72,35.07,22.86,45.49
BFA,BFA_BFA.10.2_1,Passoré,Nord,2011,323.4,317.0,-200.64,28.86,35.52,22.84,40.69
BFA,BFA_BFA.10.2_1,Passoré,Nord,2012,559.0,551.2,34.96,28.29,34.57,22.66,44.52
BFA,BFA_BFA.10.2_1,Passoré,Nord,2013,447.3,430.3,-76.74,28.66,35.11,22.78,43.61
BFA,BFA_BFA.10.2_1,Passoré,Nord,2014,348.5,341.4,-175.54,28.82,35.21,23.0,43.0
BFA,BFA_BFA.10.2_1,Passoré,Nord,2015,538.2,533.9,14.16,28.27,34.67,22.4,42.21
BFA,BFA_BFA.10.2_1,Passoré,Nord,2016,485.0,473.1,-39.04,28.69,35.07,22.84,43.77
BFA,BFA_BFA.10.2_1,Passoré,Nord,2017,704.4,701.9,180.36,28.15,34.66,22.83,42.09
BFA,BFA_BFA.10.2_1,Passoré,Nord,2018,487.4,486.9,-36.64,28.11,34.28,22.98,45.48
BFA,BFA_BFA.10.2_1,Passoré,Nord,2019,571.6,558.7,47.56,28.17,34.39,23.01,44.7
BFA,BFA_BFA.10.2_1,Passoré,Nord,2020,522.9,513.1,-1.14,28.45,34.68,23.18,42.43
BFA,BFA_BFA.10.2_1,Passoré,Nord,2021,401.5,401.4,-122.54,28.91,35.18,23.61,40.61
BFA,BFA_BFA.10.2_1,Passoré,Nord,2022,753.4,740.7,229.36,27.73,34.01,22.52,43.47
BFA,BFA_BFA.10.2_1,Passoré,Nord,2023,720.0,717.9,195.96,28.61,35.07,23.12,42.77
BFA,BFA_BFA.10.2_1,Passoré,Nord,2024,895.0,894.9,370.96,28.13,34.6,22.88,44.49
BFA,BFA_BFA.10.2_1,Passoré,Nord,2025,643.7,640.3,119.66,28.27,34.56,23.02,46.69
BFA,BFA_BFA.10.3_1,Yatenga,Nord,2000,494.5,494.3,52.16,28.16,35.05,21.7,39.47
BFA,BFA_BFA.10.3_1,Yatenga,Nord,2001,461.4,459.2,19.06,28.22,35.23,21.69,38.44
BFA,BFA_BFA.10.3_1,Yatenga,Nord,2002,357.8,355.4,-84.54,28.77,35.68,22.32,37.21
BFA,BFA_BFA.10.3_1,Yatenga,Nord,2003,459.1,450.6,16.76,28.5,35.21,22.26,42.4
BFA,BFA_BFA.10.3_1,Yatenga,Nord,2004,340.2,330.4,-102.14,28.92,35.8,22.48,38.26
BFA,BFA_BFA.10.3_1,Yatenga,Nord,2005,488.2,483.9,45.86,28.81,35.4,22.62,40.91
BFA,BFA_BFA.10.3_1,Yatenga,Nord,2006,377.5,368.3,-64.84,28.5,35.4,22.14,38.47
BFA,BFA_BFA.10.3_1,Yatenga,Nord,2007,434.1,430.2,-8.24,28.3,35.02,22.09,39.08
BFA,BFA_BFA.10.3_1,Yatenga,Nord,2008,393.2,387.5,-49.14,28.06,34.98,21.61,38.37
BFA,BFA_BFA.10.3_1,Yatenga,Nord,2009,381.9,378.9,-60.44,28.7,35.4,22.43,40.35
BFA,BFA_BFA.10.3_1,Yatenga,Nord,2010,534.4,528.8,92.06,28.63,35.27,22.54,43.85
BFA,BFA_BFA.10.3_1,Yatenga,Nord,2011,265.7,264.4,-176.64,28.66,35.57,22.29,38.59
BFA,BFA_BFA.10.3_1,Yatenga,Nord,2012,567.5,557.0,125.16,28.05,34.58,22.14,42.2
BFA,BFA_BFA.10.3_1,Yatenga,Nord,2013,402.2,391.8,-40.14,28.62,35.46,22.27,40.15
BFA,BFA_BFA.10.3_1,Yatenga,Nord,2014,310.8,305.3,-131.54,28.78,35.64,22.39,39.52
BFA,BFA_BFA.10.3_1,Yatenga,Nord,2015,474.0,473.2,31.66,28.21,34.91,21.99,39.74
BFA,BFA_BFA.10.3_1,Yatenga,Nord,2016,419.6,413.8,-22.74,28.77,35.47,22.5,40.46
BFA,BFA_BFA.10.3_1,Yatenga,Nord,2017,455.2,450.7,12.86,27.9,34.68,22.21,41.42
BFA,BFA_BFA.10.3_1,Yatenga,Nord,2018,383.4,382.1,-58.94,28.13,34.66,22.46,42.05
BFA,BFA_BFA.10.3_1,Yatenga,Nord,2019,497.3,495.4,54.96,28.32,34.72,22.75,41.4
BFA,BFA_BFA.10.3_1,Yatenga,Nord,2020,435.3,435.3,-7.04,28.73,35.22,22.81,38.84
BFA,BFA_BFA.10.3_1,Yatenga,Nord,2021,264.4,264.4,-177.94,29.53,36.21,23.42,35.86
BFA,BFA_BFA.10.3_1,Yatenga,Nord,2022,581.5,580.9,139.16,28.1,34.7,22.21,39.46
BFA,BFA_BFA.10.3_1,Yatenga,Nord,2023,542.5,542.5,100.16,29.06,35.81,22.9,37.84
BFA,BFA_BFA.10.3_1,Yatenga,Nord,2024,678.4,677.9,236.06,28.71,35.35,22.9,40.04
BFA,BFA_BFA.10.3_1,Yatenga,Nord,2025,500.7,494.4,58.36,28.89,35.52,23.13,41.7
BFA,BFA_BFA.10.4_1,Zondoma,Nord,2000,501.1,500.1,7.5,27.93,34.6,21.71,42.29
BFA,BFA_BFA.10.4_1,Zondoma,Nord,2001,506.0,504.1,12.4,28.13,34.94,21.72,40.53
BFA,BFA_BFA.10.4_1,Zondoma,Nord,2002,380.7,373.0,-112.9,28.64,35.35,22.3,39.36
BFA,BFA_BFA.10.4_1,Zondoma,Nord,2003,542.0,525.8,48.4,28.4,34.85,22.36,44.53
BFA,BFA_BFA.10.4_1,Zondoma,Nord,2004,371.6,363.5,-122.0,28.82,35.52,22.56,40.48
BFA,BFA_BFA.10.4_1,Zondoma,Nord,2005,498.4,491.7,4.8,28.77,35.17,22.74,42.72
BFA,BFA_BFA.10.4_1,Zondoma,Nord,2006,428.3,421.2,-65.3,28.45,35.11,22.23,40.67
BFA,BFA_BFA.10.4_1,Zondoma,Nord,2007,432.5,425.1,-61.1,28.32,34.93,22.18,40.58
BFA,BFA_BFA.10.4_1,Zondoma,Nord,2008,410.6,407.9,-83.0,27.97,34.64,21.73,40.24
BFA,BFA_BFA.10.4_1,Zondoma,Nord,2009,416.5,415.3,-77.1,28.61,35.17,22.45,42.33
BFA,BFA_BFA.10.4_1,Zondoma,Nord,2010,543.3,538.5,49.7,28.62,35.1,22.57,45.06
BFA,BFA_BFA.10.4_1,Zondoma,Nord,2011,281.7,279.0,-211.9,28.7,35.47,22.4,40.12
BFA,BFA_BFA.10.4_1,Zondoma,Nord,2012,554.3,545.2,60.7,28.19,34.63,22.31,43.48
BFA,BFA_BFA.10.4_1,Zondoma,Nord,2013,439.4,423.1,-54.2,28.54,35.16,22.36,42.58
BFA,BFA_BFA.10.4_1,Zondoma,Nord,2014,351.4,342.3,-142.2,28.71,35.3,22.53,42.0
BFA,BFA_BFA.10.4_1,Zondoma,Nord,2015,504.7,503.2,11.1,28.22,34.76,22.08,41.27
BFA,BFA_BFA.10.4_1,Zondoma,Nord,2016,449.7,442.4,-43.9,28.7,35.23,22.56,42.42
BFA,BFA_BFA.10.4_1,Zondoma,Nord,2017,525.9,520.7,32.3,27.93,34.65,22.29,42.93
BFA,BFA_BFA.10.4_1,Zondoma,Nord,2018,452.5,449.7,-41.1,28.1,34.54,22.55,44.77
BFA,BFA_BFA.10.4_1,Zondoma,Nord,2019,574.8,568.9,81.2,28.35,34.78,22.83,43.51
BFA,BFA_BFA.10.4_1,Zondoma,Nord,2020,534.6,534.5,41.0,28.61,35.09,22.88,41.53
BFA,BFA_BFA.10.4_1,Zondoma,Nord,2021,349.1,348.8,-144.5,29.04,35.56,23.29,39.85
BFA,BFA_BFA.10.4_1,Zondoma,Nord,2022,760.6,758.4,267.0,27.77,34.25,22.19,43.03
BFA,BFA_BFA.10.4_1,Zondoma,Nord,2023,594.1,592.8,100.5,28.67,35.37,22.69,41.88
BFA,BFA_BFA.10.4_1,Zondoma,Nord,2024,810.4,810.4,316.8,28.4,35.17,22.71,42.92
BFA,BFA_BFA.10.4_1,Zondoma,Nord,2025,619.4,617.7,125.8,28.24,34.7,22.75,46.66
BFA,BFA_BFA.11.1_1,Ganzourgou,Plateau-Central,2000,609.7,608.6,68.05,28.05,33.98,22.73,45.27
BFA,BFA_BFA.11.1_1,Ganzourgou,Plateau-Central,2001,514.2,512.4,-27.45,28.53,34.64,22.99,42.25
BFA,BFA_BFA.11.1_1,Ganzourgou,Plateau-Central,2002,461.7,451.7,-79.95,28.67,34.6,23.26,43.76
BFA,BFA_BFA.11.1_1,Ganzourgou,Plateau-Central,2003,589.1,580.0,47.45,28.71,34.51,23.51,46.22
BFA,BFA_BFA.11.1_1,Ganzourgou,Plateau-Central,2004,362.6,345.4,-179.05,28.94,34.89,23.58,43.76
BFA,BFA_BFA.11.1_1,Ganzourgou,Plateau-Central,2005,430.1,408.3,-111.55,28.91,34.68,23.68,45.2
BFA,BFA_BFA.11.1_1,Ganzourgou,Plateau-Central,2006,444.2,437.6,-97.45,28.89,34.91,23.45,42.4
BFA,BFA_BFA.11.1_1,Ganzourgou,Plateau-Central,2007,453.1,440.6,-88.55,28.6,34.57,23.29,43.72
BFA,BFA_BFA.11.1_1,Ganzourgou,Plateau-Central,2008,451.7,450.2,-89.95,28.41,34.51,22.91,41.24
BFA,BFA_BFA.11.1_1,Ganzourgou,Plateau-Central,2009,488.9,478.8,-52.75,28.94,34.8,23.64,44.86
BFA,BFA_BFA.11.1_1,Ganzourgou,Plateau-Central,2010,551.1,539.4,9.45,28.98,34.81,23.69,46.71
BFA,BFA_BFA.11.1_1,Ganzourgou,Plateau-Central,2011,471.8,454.5,-69.85,28.87,34.82,23.46,43.57
BFA,BFA_BFA.11.1_1,Ganzourgou,Plateau-Central,2012,624.8,611.4,83.15,28.49,34.27,23.38,46.72
BFA,BFA_BFA.11.1_1,Ganzourgou,Plateau-Central,2013,584.0,558.9,42.35,28.69,34.61,23.49,46.8
BFA,BFA_BFA.11.1_1,Ganzourgou,Plateau-Central,2014,515.7,506.8,-25.95,28.78,34.52,23.64,46.41
BFA,BFA_BFA.11.1_1,Ganzourgou,Plateau-Central,2015,565.4,563.0,23.75,28.68,34.52,23.41,43.04
BFA,BFA_BFA.11.1_1,Ganzourgou,Plateau-Central,2016,648.8,638.2,107.15,28.84,34.66,23.64,46.29
BFA,BFA_BFA.11.1_1,Ganzourgou,Plateau-Central,2017,417.6,410.0,-124.05,28.38,34.5,23.32,44.98
BFA,BFA_BFA.11.1_1,Ganzourgou,Plateau-Central,2018,588.9,585.8,47.25,28.37,34.2,23.56,48.69
BFA,BFA_BFA.11.1_1,Ganzourgou,Plateau-Central,2019,554.3,537.5,12.65,28.54,34.5,23.65,47.63
BFA,BFA_BFA.11.1_1,Ganzourgou,Plateau-Central,2020,596.3,595.4,54.65,28.43,34.3,23.49,46.14
BFA,BFA_BFA.11.1_1,Ganzourgou,Plateau-Central,2021,408.8,408.5,-132.85,28.59,34.63,23.64,45.28
BFA,BFA_BFA.11.1_1,Ganzourgou,Plateau-Central,2022,871.4,866.7,329.75,27.88,33.98,22.93,45.41
BFA,BFA_BFA.11.1_1,Ganzourgou,Plateau-Central,2023,469.2,466.0,-72.45,28.52,34.68,23.49,46.53
BFA,BFA_BFA.11.1_1,Ganzourgou,Plateau-Central,2024,800.6,783.3,258.95,28.46,34.67,23.44,45.78
BFA,BFA_BFA.11.1_1,Ganzourgou,Plateau-Central,2025,609.0,607.0,67.35,29.02,35.37,23.74,45.11
BFA,BFA_BFA.11.2_1,Kourwéogo,Plateau-Central,2000,547.8,542.5,14.7,28.02,34.21,22.29,44.19
BFA,BFA_BFA.11.2_1,Kourwéogo,Plateau-Central,2001,540.5,535.4,7.4,28.39,34.77,22.35,41.69
BFA,BFA_BFA.11.2_1,Kourwéogo,Plateau-Central,2002,438.4,432.2,-94.7,28.73,34.98,22.85,41.61
BFA,BFA_BFA.11.2_1,Kourwéogo,Plateau-Central,2003,646.6,634.8,113.5,28.56,34.6,22.95,45.82
BFA,BFA_BFA.11.2_1,Kourwéogo,Plateau-Central,2004,324.2,313.5,-208.9,28.91,35.2,23.1,42.22
BFA,BFA_BFA.11.2_1,Kourwéogo,Plateau-Central,2005,438.7,430.0,-94.4,28.91,34.94,23.33,44.0
BFA,BFA_BFA.11.2_1,Kourwéogo,Plateau-Central,2006,415.9,407.6,-117.2,28.66,34.9,22.82,42.17
BFA,BFA_BFA.11.2_1,Kourwéogo,Plateau-Central,2007,366.4,363.8,-166.7,28.63,34.87,22.88,41.72
BFA,BFA_BFA.11.2_1,Kourwéogo,Plateau-Central,2008,432.3,427.5,-100.8,28.09,34.35,22.31,41.68
BFA,BFA_BFA.11.2_1,Kourwéogo,Plateau-Central,2009,484.2,479.3,-48.9,28.75,34.93,22.96,43.88
BFA,BFA_BFA.11.2_1,Kourwéogo,Plateau-Central,2010,550.0,545.0,16.9,28.81,34.88,23.08,46.2
BFA,BFA_BFA.11.2_1,Kourwéogo,Plateau-Central,2011,336.7,328.8,-196.4,28.84,35.13,22.99,42.06
BFA,BFA_BFA.11.2_1,Kourwéogo,Plateau-Central,2012,545.1,531.9,12.0,28.4,34.4,22.94,45.41
BFA,BFA_BFA.11.2_1,Kourwéogo,Plateau-Central,2013,464.7,444.1,-68.4,28.69,34.82,23.05,45.04
BFA,BFA_BFA.11.2_1,Kourwéogo,Plateau-Central,2014,367.9,361.2,-165.2,28.87,34.91,23.25,44.26
BFA,BFA_BFA.11.2_1,Kourwéogo,Plateau-Central,2015,617.2,614.7,84.1,28.39,34.5,22.7,42.91
BFA,BFA_BFA.11.2_1,Kourwéogo,Plateau-Central,2016,635.9,613.1,102.8,28.68,34.78,23.05,45.37
BFA,BFA_BFA.11.2_1,Kourwéogo,Plateau-Central,2017,499.7,491.7,-33.4,28.09,34.49,22.65,43.87
BFA,BFA_BFA.11.2_1,Kourwéogo,Plateau-Central,2018,604.4,603.3,71.3,28.15,34.22,22.95,47.17
BFA,BFA_BFA.11.2_1,Kourwéogo,Plateau-Central,2019,614.7,608.8,81.6,28.33,34.55,23.06,45.47
BFA,BFA_BFA.11.2_1,Kourwéogo,Plateau-Central,2020,536.9,534.9,3.8,28.46,34.57,23.09,43.47
BFA,BFA_BFA.11.2_1,Kourwéogo,Plateau-Central,2021,395.2,395.0,-137.9,28.84,35.09,23.37,41.83
BFA,BFA_BFA.11.2_1,Kourwéogo,Plateau-Central,2022,782.0,778.1,248.9,27.69,33.93,22.4,44.68
BFA,BFA_BFA.11.2_1,Kourwéogo,Plateau-Central,2023,727.2,718.7,194.1,28.29,34.61,22.75,45.25
BFA,BFA_BFA.11.2_1,Kourwéogo,Plateau-Central,2024,813.8,813.4,280.7,27.69,34.16,22.32,46.66
BFA,BFA_BFA.11.2_1,Kourwéogo,Plateau-Central,2025,734.2,713.5,201.1,27.99,34.35,22.75,48.32
BFA,BFA_BFA.11.3_1,Oubritenga,Plateau-Central,2000,618.0,615.4,101.23,28.01,34.11,22.51,43.79
BFA,BFA_BFA.11.3_1,Oubritenga,Plateau-Central,2001,471.0,464.9,-45.77,28.44,34.74,22.67,41.14
BFA,BFA_BFA.11.3_1,Oubritenga,Plateau-Central,2002,380.1,376.2,-136.67,28.7,34.82,23.08,41.67
BFA,BFA_BFA.11.3_1,Oubritenga,Plateau-Central,2003,597.9,588.1,81.13,28.61,34.57,23.22,45.21
BFA,BFA_BFA.11.3_1,Oubritenga,Plateau-Central,2004,288.4,279.3,-228.37,29.01,35.2,23.42,41.5
BFA,BFA_BFA.11.3_1,Oubritenga,Plateau-Central,2005,440.3,429.7,-76.47,28.99,34.96,23.6,43.19
BFA,BFA_BFA.11.3_1,Oubritenga,Plateau-Central,2006,373.5,366.5,-143.27,28.79,35.02,23.19,41.18
BFA,BFA_BFA.11.3_1,Oubritenga,Plateau-Central,2007,356.4,353.8,-160.37,28.57,34.73,23.07,41.79
BFA,BFA_BFA.11.3_1,Oubritenga,Plateau-Central,2008,434.0,432.3,-82.77,28.13,34.32,22.52,41.15
BFA,BFA_BFA.11.3_1,Oubritenga,Plateau-Central,2009,481.0,477.7,-35.77,28.76,34.84,23.25,43.6
BFA,BFA_BFA.11.3_1,Oubritenga,Plateau-Central,2010,479.7,473.2,-37.07,28.87,34.87,23.41,45.65
BFA,BFA_BFA.11.3_1,Oubritenga,Plateau-Central,2011,372.5,362.5,-144.27,28.87,35.03,23.27,41.74
BFA,BFA_BFA.11.3_1,Oubritenga,Plateau-Central,2012,513.0,497.9,-3.77,28.42,34.35,23.12,45.14
BFA,BFA_BFA.11.3_1,Oubritenga,Plateau-Central,2013,459.9,441.8,-56.87,28.66,34.72,23.23,44.98
BFA,BFA_BFA.11.3_1,Oubritenga,Plateau-Central,2014,342.3,336.0,-174.47,28.87,34.85,23.46,43.92
BFA,BFA_BFA.11.3_1,Oubritenga,Plateau-Central,2015,589.5,589.3,72.73,28.55,34.56,23.05,41.86
BFA,BFA_BFA.11.3_1,Oubritenga,Plateau-Central,2016,617.3,602.7,100.53,28.72,34.75,23.28,45.02
BFA,BFA_BFA.11.3_1,Oubritenga,Plateau-Central,2017,444.9,440.7,-71.87,28.24,34.54,23.04,44.0
BFA,BFA_BFA.11.3_1,Oubritenga,Plateau-Central,2018,526.6,525.4,9.83,28.33,34.38,23.32,46.9
BFA,BFA_BFA.11.3_1,Oubritenga,Plateau-Central,2019,618.7,609.9,101.93,28.41,34.58,23.37,46.42
BFA,BFA_BFA.11.3_1,Oubritenga,Plateau-Central,2020,576.9,576.9,60.13,28.01,34.09,22.95,47.41
BFA,BFA_BFA.11.3_1,Oubritenga,Plateau-Central,2021,395.2,395.2,-121.57,27.97,34.2,22.92,48.15
BFA,BFA_BFA.11.3_1,Oubritenga,Plateau-Central,2022,960.2,956.1,443.43,27.03,33.31,22.06,49.82
BFA,BFA_BFA.11.3_1,Oubritenga,Plateau-Central,2023,533.6,529.6,16.83,27.77,34.13,22.62,49.87
BFA,BFA_BFA.11.3_1,Oubritenga,Plateau-Central,2024,873.3,873.0,356.53,27.54,33.95,22.5,49.54
BFA,BFA_BFA.11.3_1,Oubritenga,Plateau-Central,2025,691.9,683.3,175.13,28.44,34.83,23.15,47.19
BFA,BFA_BFA.12.1_1,Oudalan,Sahel,2000,170.8,170.3,-59.43,29.11,36.26,22.18,29.68
BFA,BFA_BFA.12.1_1,Oudalan,Sahel,2001,249.3,249.3,19.07,28.9,36.04,22.06,30.51
BFA,BFA_BFA.12.1_1,Oudalan,Sahel,2002,185.8,183.9,-44.43,29.42,36.31,22.87,30.46
BFA,BFA_BFA.12.1_1,Oudalan,Sahel,2003,320.7,318.1,90.47,29.19,36.13,22.54,34.02
BFA,BFA_BFA.12.1_1,Oudalan,Sahel,2004,121.2,119.3,-109.03,29.63,36.74,22.88,29.41
BFA,BFA_BFA.12.1_1,Oudalan,Sahel,2005,282.0,281.8,51.77,29.52,36.26,23.01,33.37
BFA,BFA_BFA.12.1_1,Oudalan,Sahel,2006,180.3,180.2,-49.93,29.33,36.37,22.57,29.73
BFA,BFA_BFA.12.1_1,Oudalan,Sahel,2007,182.9,182.3,-47.33,29.18,36.11,22.53,30.66
BFA,BFA_BFA.12.1_1,Oudalan,Sahel,2008,143.5,143.5,-86.73,28.89,35.9,22.11,30.14
BFA,BFA_BFA.12.1_1,Oudalan,Sahel,2009,140.8,139.9,-89.43,29.81,36.71,23.25,31.07
BFA,BFA_BFA.12.1_1,Oudalan,Sahel,2010,289.2,282.8,58.97,29.54,36.48,22.95,35.03
BFA,BFA_BFA.12.1_1,Oudalan,Sahel,2011,167.0,163.8,-63.23,29.37,36.38,22.67,31.12
BFA,BFA_BFA.12.1_1,Oudalan,Sahel,2012,301.3,298.5,71.07,29.06,35.74,22.8,33.67
BFA,BFA_BFA.12.1_1,Oudalan,Sahel,2013,174.9,172.4,-55.33,29.62,36.54,22.93,31.59
BFA,BFA_BFA.12.1_1,Oudalan,Sahel,2014,208.8,206.1,-21.43,29.58,36.5,22.86,31.22
BFA,BFA_BFA.12.1_1,Oudalan,Sahel,2015,269.7,268.0,39.47,29.02,35.83,22.44,32.07
BFA,BFA_BFA.12.1_1,Oudalan,Sahel,2016,218.7,217.9,-11.53,29.84,36.67,23.23,32.14
BFA,BFA_BFA.12.1_1,Oudalan,Sahel,2017,295.1,294.2,64.87,29.22,35.78,23.46,32.16
BFA,BFA_BFA.12.1_1,Oudalan,Sahel,2018,199.8,198.5,-30.43,29.35,35.67,23.68,32.49
BFA,BFA_BFA.12.1_1,Oudalan,Sahel,2019,307.5,307.5,77.27,29.57,35.85,23.8,31.76
BFA,BFA_BFA.12.1_1,Oudalan,Sahel,2020,254.6,254.5,24.37,29.6,35.83,23.75,31.18
BFA,BFA_BFA.12.1_1,Oudalan,Sahel,2021,79.7,79.7,-150.53,30.35,36.74,24.39,27.95
BFA,BFA_BFA.12.1_1,Oudalan,Sahel,2022,285.3,284.0,55.07,29.05,35.45,23.22,30.45
BFA,BFA_BFA.12.1_1,Oudalan,Sahel,2023,253.6,253.5,23.37,29.98,36.47,23.95,29.48
BFA,BFA_BFA.12.1_1,Oudalan,Sahel,2024,332.7,332.7,102.47,29.4,35.79,23.65,33.41
BFA,BFA_BFA.12.1_1,Oudalan,Sahel,2025,370.8,369.6,140.57,29.95,36.43,24.12,32.6
BFA,BFA_BFA.12.2_1,Séno,Sahel,2000,288.1,288.1,2.03,28.99,35.71,22.76,33.84
BFA,BFA_BFA.12.2_1,Séno,Sahel,2001,313.5,313.3,27.43,29.11,35.82,22.86,32.88
BFA,BFA_BFA.12.2_1,Séno,Sahel,2002,247.8,247.8,-38.27,29.4,35.92,23.34,33.75
BFA,BFA_BFA.12.2_1,Séno,Sahel,2003,376.2,374.3,90.13,29.19,35.66,23.19,37.46
BFA,BFA_BFA.12.2_1,Séno,Sahel,2004,141.1,140.8,-144.97,29.71,36.37,23.57,33.07
BFA,BFA_BFA.12.2_1,Séno,Sahel,2005,270.0,269.2,-16.07,29.73,36.16,23.77,35.44
BFA,BFA_BFA.12.2_1,Séno,Sahel,2006,201.6,200.8,-84.47,29.49,36.18,23.33,32.91
BFA,BFA_BFA.12.2_1,Séno,Sahel,2007,281.6,279.6,-4.47,29.2,35.71,23.16,34.23
BFA,BFA_BFA.12.2_1,Séno,Sahel,2008,215.3,214.9,-70.77,28.76,35.47,22.65,33.5
BFA,BFA_BFA.12.2_1,Séno,Sahel,2009,199.8,199.4,-86.27,29.72,36.23,23.7,34.88
BFA,BFA_BFA.12.2_1,Séno,Sahel,2010,319.0,315.8,32.93,29.61,36.1,23.62,37.77
BFA,BFA_BFA.12.2_1,Séno,Sahel,2011,165.5,163.5,-120.57,29.6,36.23,23.52,33.47
BFA,BFA_BFA.12.2_1,Séno,Sahel,2012,417.7,417.3,131.63,29.06,35.38,23.32,37.91
BFA,BFA_BFA.12.2_1,Séno,Sahel,2013,250.8,248.2,-35.27,29.63,36.18,23.57,35.55
BFA,BFA_BFA.12.2_1,Séno,Sahel,2014,232.0,230.8,-54.07,29.69,36.15,23.68,34.86
BFA,BFA_BFA.12.2_1,Séno,Sahel,2015,267.4,267.4,-18.67,29.21,35.71,23.29,34.26
BFA,BFA_BFA.12.2_1,Séno,Sahel,2016,272.4,268.2,-13.67,29.69,36.14,23.71,36.05
BFA,BFA_BFA.12.2_1,Séno,Sahel,2017,379.3,376.7,93.23,28.95,35.34,23.46,35.47
BFA,BFA_BFA.12.2_1,Séno,Sahel,2018,286.3,285.8,0.23,29.09,35.21,23.73,36.09
BFA,BFA_BFA.12.2_1,Séno,Sahel,2019,257.5,257.4,-28.57,29.57,35.72,24.05,34.32
BFA,BFA_BFA.12.2_1,Séno,Sahel,2020,324.9,324.6,38.83,29.39,35.43,23.88,34.53
BFA,BFA_BFA.12.2_1,Séno,Sahel,2021,125.9,125.9,-160.17,30.04,36.2,24.45,31.17
BFA,BFA_BFA.12.2_1,Séno,Sahel,2022,399.8,399.8,113.73,28.88,35.09,23.38,33.56
BFA,BFA_BFA.12.2_1,Séno,Sahel,2023,401.0,400.8,114.93,29.76,36.01,24.12,32.86
BFA,BFA_BFA.12.2_1,Séno,Sahel,2024,342.5,342.3,56.43,29.29,35.53,23.81,35.85
BFA,BFA_BFA.12.2_1,Séno,Sahel,2025,460.9,460.7,174.83,29.82,36.16,24.21,35.63
BFA,BFA_BFA.12.3_1,Soum,Sahel,2000,291.6,291.3,-12.81,29.01,35.98,22.5,32.96
BFA,BFA_BFA.12.3_1,Soum,Sahel,2001,287.4,286.0,-17.01,29.16,36.13,22.58,31.85
BFA,BFA_BFA.12.3_1,Soum,Sahel,2002,206.9,206.9,-97.51,29.48,36.25,23.15,32.27
BFA,BFA_BFA.12.3_1,Soum,Sahel,2003,367.0,364.4,62.59,29.21,35.87,22.9,36.6
BFA,BFA_BFA.12.3_1,Soum,Sahel,2004,198.5,195.0,-105.91,29.71,36.53,23.3,31.9
BFA,BFA_BFA.12.3_1,Soum,Sahel,2005,316.5,315.3,12.09,29.64,36.23,23.45,35.02
BFA,BFA_BFA.12.3_1,Soum,Sahel,2006,229.6,227.0,-74.81,29.32,36.15,22.97,32.34
BFA,BFA_BFA.12.3_1,Soum,Sahel,2007,284.0,283.3,-20.41,29.16,35.85,22.83,33.18
BFA,BFA_BFA.12.3_1,Soum,Sahel,2008,206.4,205.6,-98.01,28.83,35.72,22.49,32.55
BFA,BFA_BFA.12.3_1,Soum,Sahel,2009,236.8,236.0,-67.61,29.62,36.32,23.4,33.99
BFA,BFA_BFA.12.3_1,Soum,Sahel,2010,363.3,359.6,58.89,29.56,36.3,23.35,37.39
BFA,BFA_BFA.12.3_1,Soum,Sahel,2011,172.7,171.3,-131.71,29.58,36.44,23.2,32.35
BFA,BFA_BFA.12.3_1,Soum,Sahel,2012,509.6,501.2,205.19,28.87,35.36,22.93,36.45
BFA,BFA_BFA.12.3_1,Soum,Sahel,2013,178.4,174.8,-126.01,29.59,36.41,23.26,33.62
BFA,BFA_BFA.12.3_1,Soum,Sahel,2014,229.3,227.1,-75.11,29.62,36.36,23.26,33.32
BFA,BFA_BFA.12.3_1,Soum,Sahel,2015,360.8,360.6,56.39,28.86,35.47,22.67,34.95
BFA,BFA_BFA.12.3_1,Soum,Sahel,2016,247.3,242.9,-57.11,29.63,36.29,23.42,34.8
BFA,BFA_BFA.12.3_1,Soum,Sahel,2017,350.0,345.3,45.59,28.9,35.46,23.27,34.97
BFA,BFA_BFA.12.3_1,Soum,Sahel,2018,268.0,267.5,-36.41,29.09,35.39,23.47,35.2
BFA,BFA_BFA.12.3_1,Soum,Sahel,2019,524.5,524.1,220.09,29.24,35.58,23.63,34.83
BFA,BFA_BFA.12.3_1,Soum,Sahel,2020,305.1,305.0,0.69,29.31,35.54,23.62,33.79
BFA,BFA_BFA.12.3_1,Soum,Sahel,2021,104.0,104.0,-200.41,30.02,36.36,24.23,31.07
BFA,BFA_BFA.12.3_1,Soum,Sahel,2022,454.2,454.1,149.79,28.75,35.15,23.07,33.56
BFA,BFA_BFA.12.3_1,Soum,Sahel,2023,376.6,376.6,72.19,29.66,36.12,23.82,32.53
BFA,BFA_BFA.12.3_1,Soum,Sahel,2024,472.3,472.3,167.89,29.3,35.62,23.66,35.42
BFA,BFA_BFA.12.3_1,Soum,Sahel,2025,373.9,373.8,69.49,29.81,36.2,24.01,35.23
BFA,BFA_BFA.12.4_1,Yagha,Sahel,2000,341.4,341.4,7.1,28.7,35.82,21.93,37.01
BFA,BFA_BFA.12.4_1,Yagha,Sahel,2001,297.1,296.1,-37.2,28.79,35.99,21.87,35.87
BFA,BFA_BFA.12.4_1,Yagha,Sahel,2002,319.9,319.9,-14.4,29.03,36.02,22.36,37.32
BFA,BFA_BFA.12.4_1,Yagha,Sahel,2003,414.5,404.8,80.2,28.98,35.95,22.33,40.07
BFA,BFA_BFA.12.4_1,Yagha,Sahel,2004,170.2,165.3,-164.1,29.34,36.47,22.57,36.98
BFA,BFA_BFA.12.4_1,Yagha,Sahel,2005,279.0,278.7,-55.3,29.46,36.39,22.89,38.31
BFA,BFA_BFA.12.4_1,Yagha,Sahel,2006,267.2,267.2,-67.1,29.11,36.21,22.36,36.56
BFA,BFA_BFA.12.4_1,Yagha,Sahel,2007,294.2,292.2,-40.1,28.94,35.94,22.32,37.09
BFA,BFA_BFA.12.4_1,Yagha,Sahel,2008,268.9,268.9,-65.4,28.51,35.67,21.67,36.36
BFA,BFA_BFA.12.4_1,Yagha,Sahel,2009,248.8,248.4,-85.5,29.51,36.5,22.86,38.14
BFA,BFA_BFA.12.4_1,Yagha,Sahel,2010,449.4,445.4,115.1,29.19,36.11,22.59,41.35
BFA,BFA_BFA.12.4_1,Yagha,Sahel,2011,184.8,183.7,-149.5,29.39,36.51,22.63,36.17
BFA,BFA_BFA.12.4_1,Yagha,Sahel,2012,439.7,435.7,105.4,28.95,35.69,22.67,40.57
BFA,BFA_BFA.12.4_1,Yagha,Sahel,2013,302.5,286.7,-31.8,29.37,36.39,22.69,39.23
BFA,BFA_BFA.12.4_1,Yagha,Sahel,2014,251.3,248.6,-83.0,29.5,36.42,22.91,38.11
BFA,BFA_BFA.12.4_1,Yagha,Sahel,2015,328.0,325.2,-6.3,29.01,35.97,22.44,36.94
BFA,BFA_BFA.12.4_1,Yagha,Sahel,2016,352.2,344.3,17.9,29.25,36.08,22.79,40.08
BFA,BFA_BFA.12.4_1,Yagha,Sahel,2017,325.2,321.4,-9.1,28.48,35.32,22.5,39.88
BFA,BFA_BFA.12.4_1,Yagha,Sahel,2018,327.0,326.1,-7.3,28.89,35.57,22.88,39.54
BFA,BFA_BFA.12.4_1,Yagha,Sahel,2019,318.2,317.6,-16.1,29.33,36.0,23.26,38.26
BFA,BFA_BFA.12.4_1,Yagha,Sahel,2020,470.2,470.2,135.9,29.34,35.88,23.13,37.48
BFA,BFA_BFA.12.4_1,Yagha,Sahel,2021,184.0,184.0,-150.3,29.91,36.65,23.49,33.85
BFA,BFA_BFA.12.4_1,Yagha,Sahel,2022,567.4,566.8,233.1,28.93,35.63,22.73,36.3
BFA,BFA_BFA.12.4_1,Yagha,Sahel,2023,343.6,343.3,9.3,29.69,36.44,23.27,35.82
BFA,BFA_BFA.12.4_1,Yagha,Sahel,2024,488.0,488.0,153.7,29.15,35.88,23.13,38.75
BFA,BFA_BFA.12.4_1,Yagha,Sahel,2025,459.0,459.0,124.7,29.45,36.06,23.57,39.75
BFA,BFA_BFA.13.1_1,Bougouriba,Sud-Ouest,2000,826.3,804.9,21.89,27.51,33.55,21.9,52.91
BFA,BFA_BFA.13.1_1,Bougouriba,Sud-Ouest,2001,833.2,802.9,28.79,27.85,34.01,22.15,50.69
BFA,BFA_BFA.13.1_1,Bougouriba,Sud-Ouest,2002,729.4,677.9,-75.01,28.28,34.22,22.83,51.36
BFA,BFA_BFA.13.1_1,Bougouriba,Sud-Ouest,2003,936.6,887.0,132.19,27.94,33.83,22.58,54.71
BFA,BFA_BFA.13.1_1,Bougouriba,Sud-Ouest,2004,560.6,460.8,-243.81,28.25,34.25,22.72,52.72
BFA,BFA_BFA.13.1_1,Bougouriba,Sud-Ouest,2005,707.0,638.9,-97.41,28.23,34.09,22.92,53.8
BFA,BFA_BFA.13.1_1,Bougouriba,Sud-Ouest,2006,760.2,726.2,-44.21,28.09,34.05,22.61,51.65
BFA,BFA_BFA.13.1_1,Bougouriba,Sud-Ouest,2007,667.8,617.4,-136.61,28.0,34.05,22.52,50.56
BFA,BFA_BFA.13.1_1,Bougouriba,Sud-Ouest,2008,751.4,719.7,-53.01,27.48,33.62,21.8,50.64
BFA,BFA_BFA.13.1_1,Bougouriba,Sud-Ouest,2009,711.4,684.2,-93.01,28.09,34.06,22.71,54.11
BFA,BFA_BFA.13.1_1,Bougouriba,Sud-Ouest,2010,1049.3,1004.4,244.89,27.99,33.89,22.59,55.83
BFA,BFA_BFA.13.1_1,Bougouriba,Sud-Ouest,2011,671.8,633.0,-132.61,27.96,33.83,22.54,53.08
BFA,BFA_BFA.13.1_1,Bougouriba,Sud-Ouest,2012,796.6,724.5,-7.81,27.71,33.66,22.4,53.97
BFA,BFA_BFA.13.1_1,Bougouriba,Sud-Ouest,2013,627.0,578.8,-177.41,28.38,34.36,23.02,52.57
BFA,BFA_BFA.13.1_1,Bougouriba,Sud-Ouest,2014,635.3,590.6,-169.11,28.37,34.28,23.0,52.84
BFA,BFA_BFA.13.1_1,Bougouriba,Sud-Ouest,2015,699.1,687.2,-105.31,28.24,34.17,22.78,50.48
BFA,BFA_BFA.13.1_1,Bougouriba,Sud-Ouest,2016,601.3,568.0,-203.11,28.67,34.61,23.19,50.69
BFA,BFA_BFA.13.1_1,Bougouriba,Sud-Ouest,2017,725.5,681.5,-78.91,28.36,34.24,23.19,49.29
BFA,BFA_BFA.13.1_1,Bougouriba,Sud-Ouest,2018,772.0,743.6,-32.41,28.14,33.72,23.27,53.66
BFA,BFA_BFA.13.1_1,Bougouriba,Sud-Ouest,2019,1081.5,1045.0,277.09,28.13,33.85,23.04,53.35
BFA,BFA_BFA.13.1_1,Bougouriba,Sud-Ouest,2020,966.3,941.1,161.89,28.2,33.94,23.05,51.29
BFA,BFA_BFA.13.1_1,Bougouriba,Sud-Ouest,2021,785.9,779.3,-18.51,28.41,34.22,23.19,50.65
BFA,BFA_BFA.13.1_1,Bougouriba,Sud-Ouest,2022,1038.1,991.2,233.69,27.36,33.17,22.26,52.93
BFA,BFA_BFA.13.1_1,Bougouriba,Sud-Ouest,2023,852.8,788.1,48.39,28.14,34.01,22.91,52.42
BFA,BFA_BFA.13.1_1,Bougouriba,Sud-Ouest,2024,1049.3,1044.2,244.89,28.03,34.06,22.83,52.17
BFA,BFA_BFA.13.1_1,Bougouriba,Sud-Ouest,2025,1079.0,976.0,274.59,27.26,33.39,22.52,59.0
BFA,BFA_BFA.13.2_1,Ioba,Sud-Ouest,2000,787.2,773.1,3.68,27.84,33.95,22.2,50.94
BFA,BFA_BFA.13.2_1,Ioba,Sud-Ouest,2001,830.0,807.0,46.48,28.07,34.22,22.4,49.33
BFA,BFA_BFA.13.2_1,Ioba,Sud-Ouest,2002,682.8,641.6,-100.72,28.57,34.62,23.06,49.22
BFA,BFA_BFA.13.2_1,Ioba,Sud-Ouest,2003,909.6,861.5,126.08,28.27,34.19,22.89,52.7
BFA,BFA_BFA.13.2_1,Ioba,Sud-Ouest,2004,614.2,513.1,-169.32,28.55,34.62,23.0,50.71
BFA,BFA_BFA.13.2_1,Ioba,Sud-Ouest,2005,721.7,638.7,-61.82,28.58,34.54,23.18,51.7
BFA,BFA_BFA.13.2_1,Ioba,Sud-Ouest,2006,740.8,704.7,-42.72,28.36,34.38,22.87,49.98
BFA,BFA_BFA.13.2_1,Ioba,Sud-Ouest,2007,618.8,559.9,-164.72,28.28,34.34,22.8,49.0
BFA,BFA_BFA.13.2_1,Ioba,Sud-Ouest,2008,709.6,692.8,-73.92,27.61,33.73,21.99,49.61
BFA,BFA_BFA.13.2_1,Ioba,Sud-Ouest,2009,693.5,668.8,-90.02,28.39,34.36,23.0,52.23
BFA,BFA_BFA.13.2_1,Ioba,Sud-Ouest,2010,963.8,915.0,180.28,28.34,34.25,22.93,54.04
BFA,BFA_BFA.13.2_1,Ioba,Sud-Ouest,2011,651.3,617.5,-132.22,28.23,34.16,22.74,51.68
BFA,BFA_BFA.13.2_1,Ioba,Sud-Ouest,2012,801.7,731.0,18.18,28.02,33.96,22.68,52.35
BFA,BFA_BFA.13.2_1,Ioba,Sud-Ouest,2013,608.9,554.2,-174.62,28.56,34.51,23.21,51.48
BFA,BFA_BFA.13.2_1,Ioba,Sud-Ouest,2014,654.0,621.8,-129.52,28.54,34.42,23.19,51.86
BFA,BFA_BFA.13.2_1,Ioba,Sud-Ouest,2015,731.6,720.3,-51.92,28.51,34.5,23.04,48.81
BFA,BFA_BFA.13.2_1,Ioba,Sud-Ouest,2016,614.8,563.9,-168.72,28.93,34.87,23.47,49.42
BFA,BFA_BFA.13.2_1,Ioba,Sud-Ouest,2017,683.8,664.0,-99.72,28.51,34.53,23.33,47.84
BFA,BFA_BFA.13.2_1,Ioba,Sud-Ouest,2018,752.1,726.2,-31.42,28.2,33.88,23.39,52.99
BFA,BFA_BFA.13.2_1,Ioba,Sud-Ouest,2019,984.1,942.2,200.58,28.19,34.0,23.18,52.59
BFA,BFA_BFA.13.2_1,Ioba,Sud-Ouest,2020,996.1,953.1,212.58,28.21,34.09,23.1,50.8
BFA,BFA_BFA.13.2_1,Ioba,Sud-Ouest,2021,735.4,720.8,-48.12,28.39,34.25,23.24,50.35
BFA,BFA_BFA.13.2_1,Ioba,Sud-Ouest,2022,1016.2,980.3,232.68,27.43,33.39,22.37,51.91
BFA,BFA_BFA.13.2_1,Ioba,Sud-Ouest,2023,866.4,817.0,82.88,28.22,34.18,23.04,51.75
BFA,BFA_BFA.13.2_1,Ioba,Sud-Ouest,2024,1108.6,1100.8,325.08,28.09,34.26,22.88,51.56
BFA,BFA_BFA.13.2_1,Ioba,Sud-Ouest,2025,894.6,851.9,111.08,27.77,34.0,22.88,55.49
BFA,BFA_BFA.13.3_1,Noumbiel,Sud-Ouest,2000,770.1,717.7,-57.18,27.28,33.11,21.87,55.78
BFA,BFA_BFA.13.3_1,Noumbiel,Sud-Ouest,2001,621.3,567.0,-205.98,27.74,33.7,22.26,52.86
BFA,BFA_BFA.13.3_1,Noumbiel,Sud-Ouest,2002,697.1,563.6,-130.18,27.98,33.71,22.78,55.47
BFA,BFA_BFA.13.3_1,Noumbiel,Sud-Ouest,2003,1021.8,900.5,194.52,27.58,33.25,22.5,58.76
BFA,BFA_BFA.13.3_1,Noumbiel,Sud-Ouest,2004,617.9,477.9,-209.38,27.94,33.77,22.64,56.71
BFA,BFA_BFA.13.3_1,Noumbiel,Sud-Ouest,2005,772.4,636.8,-54.88,27.81,33.57,22.73,57.78
BFA,BFA_BFA.13.3_1,Noumbiel,Sud-Ouest,2006,712.9,630.5,-114.38,27.97,33.86,22.6,55.0
BFA,BFA_BFA.13.3_1,Noumbiel,Sud-Ouest,2007,736.0,641.5,-91.28,27.77,33.61,22.5,54.09
BFA,BFA_BFA.13.3_1,Noumbiel,Sud-Ouest,2008,894.7,849.8,67.42,27.35,33.21,21.98,54.44
BFA,BFA_BFA.13.3_1,Noumbiel,Sud-Ouest,2009,808.2,672.8,-19.08,27.62,33.38,22.54,59.12
BFA,BFA_BFA.13.3_1,Noumbiel,Sud-Ouest,2010,1047.5,919.4,220.22,27.6,33.17,22.58,60.33
BFA,BFA_BFA.13.3_1,Noumbiel,Sud-Ouest,2011,701.5,612.5,-125.78,27.67,33.35,22.56,57.02
BFA,BFA_BFA.13.3_1,Noumbiel,Sud-Ouest,2012,790.7,678.0,-36.58,27.3,32.99,22.32,58.18
BFA,BFA_BFA.13.3_1,Noumbiel,Sud-Ouest,2013,767.5,650.9,-59.78,27.69,33.37,22.62,57.83
BFA,BFA_BFA.13.3_1,Noumbiel,Sud-Ouest,2014,724.2,636.6,-103.08,27.76,33.37,22.69,58.2
BFA,BFA_BFA.13.3_1,Noumbiel,Sud-Ouest,2015,746.3,681.8,-80.98,27.98,33.83,22.69,54.03
BFA,BFA_BFA.13.3_1,Noumbiel,Sud-Ouest,2016,826.1,716.3,-1.18,28.15,33.84,22.98,55.38
BFA,BFA_BFA.13.3_1,Noumbiel,Sud-Ouest,2017,641.9,595.2,-185.38,27.99,33.49,23.19,54.53
BFA,BFA_BFA.13.3_1,Noumbiel,Sud-Ouest,2018,861.0,760.5,33.72,27.38,32.84,22.8,59.12
BFA,BFA_BFA.13.3_1,Noumbiel,Sud-Ouest,2019,1120.1,1042.0,292.82,27.59,33.15,22.76,58.67
BFA,BFA_BFA.13.3_1,Noumbiel,Sud-Ouest,2020,967.6,851.4,140.32,27.77,33.37,22.89,55.45
BFA,BFA_BFA.13.3_1,Noumbiel,Sud-Ouest,2021,804.0,737.2,-23.28,28.13,33.81,23.13,54.75
BFA,BFA_BFA.13.3_1,Noumbiel,Sud-Ouest,2022,1038.6,822.4,211.32,26.71,32.29,21.86,58.35
BFA,BFA_BFA.13.3_1,Noumbiel,Sud-Ouest,2023,938.1,843.2,110.82,27.45,33.14,22.52,58.5
BFA,BFA_BFA.13.3_1,Noumbiel,Sud-Ouest,2024,1023.1,946.2,195.82,27.63,33.49,22.68,56.36
BFA,BFA_BFA.13.3_1,Noumbiel,Sud-Ouest,2025,858.6,786.3,31.32,27.43,32.98,22.85,61.77
BFA,BFA_BFA.13.4_1,Poni,Sud-Ouest,2000,785.8,743.6,-67.01,27.05,32.8,21.8,56.46
BFA,BFA_BFA.13.4_1,Poni,Sud-Ouest,2001,737.1,697.4,-115.71,27.46,33.36,22.1,53.66
BFA,BFA_BFA.13.4_1,Poni,Sud-Ouest,2002,714.9,632.1,-137.91,27.83,33.55,22.67,55.37
BFA,BFA_BFA.13.4_1,Poni,Sud-Ouest,2003,1150.0,1020.3,297.19,27.38,33.03,22.39,58.99
BFA,BFA_BFA.13.4_1,Poni,Sud-Ouest,2004,623.4,486.6,-229.41,27.63,33.35,22.46,57.67
BFA,BFA_BFA.13.4_1,Poni,Sud-Ouest,2005,866.2,726.9,13.39,27.63,33.27,22.65,58.2
BFA,BFA_BFA.13.4_1,Poni,Sud-Ouest,2006,723.4,671.0,-129.41,27.76,33.56,22.55,54.93
BFA,BFA_BFA.13.4_1,Poni,Sud-Ouest,2007,761.3,664.2,-91.51,27.54,33.35,22.36,54.43
BFA,BFA_BFA.13.4_1,Poni,Sud-Ouest,2008,835.3,802.4,-17.51,27.26,33.2,21.89,53.61
BFA,BFA_BFA.13.4_1,Poni,Sud-Ouest,2009,869.3,787.4,16.49,27.53,33.3,22.51,58.54
BFA,BFA_BFA.13.4_1,Poni,Sud-Ouest,2010,1084.7,987.3,231.89,27.57,33.2,22.55,59.5
BFA,BFA_BFA.13.4_1,Poni,Sud-Ouest,2011,858.8,795.3,5.99,27.57,33.23,22.52,56.54
BFA,BFA_BFA.13.4_1,Poni,Sud-Ouest,2012,837.0,739.3,-15.81,27.11,32.78,22.16,58.19
BFA,BFA_BFA.13.4_1,Poni,Sud-Ouest,2013,736.7,634.0,-116.11,27.61,33.29,22.58,57.65
BFA,BFA_BFA.13.4_1,Poni,Sud-Ouest,2014,757.8,697.2,-95.01,27.7,33.37,22.67,57.68
BFA,BFA_BFA.13.4_1,Poni,Sud-Ouest,2015,777.4,742.0,-75.41,27.83,33.64,22.62,53.92
BFA,BFA_BFA.13.4_1,Poni,Sud-Ouest,2016,789.0,702.2,-63.81,28.12,33.84,22.99,54.61
BFA,BFA_BFA.13.4_1,Poni,Sud-Ouest,2017,749.8,704.5,-103.01,28.02,33.76,23.06,52.62
BFA,BFA_BFA.13.4_1,Poni,Sud-Ouest,2018,873.8,808.5,20.99,27.52,33.06,22.84,57.64
BFA,BFA_BFA.13.4_1,Poni,Sud-Ouest,2019,1080.7,1013.5,227.89,27.7,33.39,22.74,56.8
BFA,BFA_BFA.13.4_1,Poni,Sud-Ouest,2020,991.8,897.5,138.99,27.84,33.55,22.84,53.93
BFA,BFA_BFA.13.4_1,Poni,Sud-Ouest,2021,785.3,758.9,-67.51,28.05,33.8,23.0,53.67
BFA,BFA_BFA.13.4_1,Poni,Sud-Ouest,2022,1035.8,908.2,182.99,26.75,32.48,21.81,57.12
BFA,BFA_BFA.13.4_1,Poni,Sud-Ouest,2023,794.8,708.2,-58.01,27.54,33.25,22.51,56.5
BFA,BFA_BFA.13.4_1,Poni,Sud-Ouest,2024,1049.4,1010.0,196.59,27.65,33.56,22.61,54.99
BFA,BFA_BFA.13.4_1,Poni,Sud-Ouest,2025,903.5,821.0,50.69,27.26,33.21,22.57,59.98
