iso3,district_id,district_name,region,year,pf_incidence_rate,pf_incidence_min,pf_incidence_max
BEN,BEN.1.1_1,Banikoara,Alibori,2000,0.3729,0.34225,0.42516
BEN,BEN.1.1_1,Banikoara,Alibori,2001,0.42312,0.38686,0.47832
BEN,BEN.1.1_1,Banikoara,Alibori,2002,0.46271,0.42796,0.52209
BEN,BEN.1.1_1,Banikoara,Alibori,2003,0.49202,0.45033,0.55093
BEN,BEN.1.1_1,Banikoara,Alibori,2004,0.51685,0.47814,0.57409
BEN,BEN.1.1_1,Banikoara,Alibori,2005,0.53727,0.49548,0.58873
BEN,BEN.1.1_1,Banikoara,Alibori,2006,0.54474,0.50385,0.59856
BEN,BEN.1.1_1,Banikoara,Alibori,2007,0.54024,0.49446,0.5972
BEN,BEN.1.1_1,Banikoara,Alibori,2008,0.53163,0.47733,0.59164
BEN,BEN.1.1_1,Banikoara,Alibori,2009,0.54063,0.48195,0.59545
BEN,BEN.1.1_1,Banikoara,Alibori,2010,0.552,0.49424,0.59746
BEN,BEN.1.1_1,Banikoara,Alibori,2011,0.54285,0.48202,0.5869
BEN,BEN.1.1_1,Banikoara,Alibori,2012,0.53628,0.46804,0.58005
BEN,BEN.1.1_1,Banikoara,Alibori,2013,0.51092,0.42108,0.55571
BEN,BEN.1.1_1,Banikoara,Alibori,2014,0.48351,0.39132,0.52496
BEN,BEN.1.1_1,Banikoara,Alibori,2015,0.45902,0.38901,0.51723
BEN,BEN.1.1_1,Banikoara,Alibori,2016,0.44944,0.35479,0.52658
BEN,BEN.1.1_1,Banikoara,Alibori,2017,0.43585,0.32136,0.51439
BEN,BEN.1.1_1,Banikoara,Alibori,2018,0.43866,0.31642,0.51433
BEN,BEN.1.1_1,Banikoara,Alibori,2019,0.44527,0.3318,0.49897
BEN,BEN.1.1_1,Banikoara,Alibori,2020,0.42625,0.32979,0.4919
BEN,BEN.1.1_1,Banikoara,Alibori,2021,0.42118,0.34944,0.48733
BEN,BEN.1.1_1,Banikoara,Alibori,2022,0.40699,0.36528,0.45862
BEN,BEN.1.1_1,Banikoara,Alibori,2023,0.39024,0.35942,0.43878
BEN,BEN.1.1_1,Banikoara,Alibori,2024,0.388,0.3559,0.42266
BEN,BEN.1.1_1,Banikoara,Alibori,2025,0.37911,0.34668,0.40681
BEN,BEN.1.2_1,Gogounou,Alibori,2000,0.38983,0.35599,0.42859
BEN,BEN.1.2_1,Gogounou,Alibori,2001,0.43592,0.40382,0.47997
BEN,BEN.1.2_1,Gogounou,Alibori,2002,0.47115,0.44121,0.51151
BEN,BEN.1.2_1,Gogounou,Alibori,2003,0.49799,0.46172,0.52982
BEN,BEN.1.2_1,Gogounou,Alibori,2004,0.52351,0.48977,0.54881
BEN,BEN.1.2_1,Gogounou,Alibori,2005,0.54085,0.51081,0.56629
BEN,BEN.1.2_1,Gogounou,Alibori,2006,0.54775,0.51653,0.57407
BEN,BEN.1.2_1,Gogounou,Alibori,2007,0.54344,0.49681,0.57454
BEN,BEN.1.2_1,Gogounou,Alibori,2008,0.52606,0.46489,0.56336
BEN,BEN.1.2_1,Gogounou,Alibori,2009,0.51554,0.44176,0.56188
BEN,BEN.1.2_1,Gogounou,Alibori,2010,0.50416,0.40988,0.57252
BEN,BEN.1.2_1,Gogounou,Alibori,2011,0.4716,0.37166,0.55977
BEN,BEN.1.2_1,Gogounou,Alibori,2012,0.44333,0.3384,0.53781
BEN,BEN.1.2_1,Gogounou,Alibori,2013,0.42208,0.31855,0.50434
BEN,BEN.1.2_1,Gogounou,Alibori,2014,0.41951,0.29712,0.50344
BEN,BEN.1.2_1,Gogounou,Alibori,2015,0.43426,0.29723,0.54669
BEN,BEN.1.2_1,Gogounou,Alibori,2016,0.45277,0.31431,0.56591
BEN,BEN.1.2_1,Gogounou,Alibori,2017,0.41749,0.29352,0.54767
BEN,BEN.1.2_1,Gogounou,Alibori,2018,0.35916,0.26208,0.48313
BEN,BEN.1.2_1,Gogounou,Alibori,2019,0.33318,0.2626,0.42317
BEN,BEN.1.2_1,Gogounou,Alibori,2020,0.30771,0.25422,0.37827
BEN,BEN.1.2_1,Gogounou,Alibori,2021,0.3172,0.26865,0.38072
BEN,BEN.1.2_1,Gogounou,Alibori,2022,0.36562,0.32651,0.42854
BEN,BEN.1.2_1,Gogounou,Alibori,2023,0.39152,0.35526,0.44645
BEN,BEN.1.2_1,Gogounou,Alibori,2024,0.39499,0.36514,0.44091
BEN,BEN.1.2_1,Gogounou,Alibori,2025,0.38868,0.36337,0.42678
BEN,BEN.1.3_1,Kandi,Alibori,2000,0.37025,0.33546,0.40593
BEN,BEN.1.3_1,Kandi,Alibori,2001,0.41908,0.3834,0.457
BEN,BEN.1.3_1,Kandi,Alibori,2002,0.45292,0.41665,0.48933
BEN,BEN.1.3_1,Kandi,Alibori,2003,0.48043,0.43845,0.51783
BEN,BEN.1.3_1,Kandi,Alibori,2004,0.50756,0.47213,0.53835
BEN,BEN.1.3_1,Kandi,Alibori,2005,0.52556,0.49283,0.55426
BEN,BEN.1.3_1,Kandi,Alibori,2006,0.52521,0.48905,0.55587
BEN,BEN.1.3_1,Kandi,Alibori,2007,0.51516,0.47633,0.55177
BEN,BEN.1.3_1,Kandi,Alibori,2008,0.4968,0.45467,0.54252
BEN,BEN.1.3_1,Kandi,Alibori,2009,0.49611,0.44445,0.54155
BEN,BEN.1.3_1,Kandi,Alibori,2010,0.50249,0.44095,0.55019
BEN,BEN.1.3_1,Kandi,Alibori,2011,0.49315,0.41337,0.54514
BEN,BEN.1.3_1,Kandi,Alibori,2012,0.49479,0.40625,0.5468
BEN,BEN.1.3_1,Kandi,Alibori,2013,0.48094,0.41352,0.52687
BEN,BEN.1.3_1,Kandi,Alibori,2014,0.46145,0.4113,0.50875
BEN,BEN.1.3_1,Kandi,Alibori,2015,0.43219,0.37837,0.49791
BEN,BEN.1.3_1,Kandi,Alibori,2016,0.40823,0.33402,0.4968
BEN,BEN.1.3_1,Kandi,Alibori,2017,0.35196,0.27548,0.45072
BEN,BEN.1.3_1,Kandi,Alibori,2018,0.30742,0.23182,0.39457
BEN,BEN.1.3_1,Kandi,Alibori,2019,0.30513,0.22368,0.37852
BEN,BEN.1.3_1,Kandi,Alibori,2020,0.29931,0.22473,0.36523
BEN,BEN.1.3_1,Kandi,Alibori,2021,0.31307,0.2547,0.38373
BEN,BEN.1.3_1,Kandi,Alibori,2022,0.35889,0.31241,0.40804
BEN,BEN.1.3_1,Kandi,Alibori,2023,0.39629,0.35273,0.43819
BEN,BEN.1.3_1,Kandi,Alibori,2024,0.39854,0.35943,0.43506
BEN,BEN.1.3_1,Kandi,Alibori,2025,0.38669,0.35253,0.41817
BEN,BEN.1.4_1,Karimama,Alibori,2000,0.34093,0.25653,0.38551
BEN,BEN.1.4_1,Karimama,Alibori,2001,0.39037,0.29542,0.43734
BEN,BEN.1.4_1,Karimama,Alibori,2002,0.4349,0.3309,0.47011
BEN,BEN.1.4_1,Karimama,Alibori,2003,0.4703,0.38034,0.51012
BEN,BEN.1.4_1,Karimama,Alibori,2004,0.50009,0.41705,0.54041
BEN,BEN.1.4_1,Karimama,Alibori,2005,0.5199,0.43934,0.56348
BEN,BEN.1.4_1,Karimama,Alibori,2006,0.52105,0.41408,0.56669
BEN,BEN.1.4_1,Karimama,Alibori,2007,0.50795,0.40148,0.55022
BEN,BEN.1.4_1,Karimama,Alibori,2008,0.49623,0.41014,0.53519
BEN,BEN.1.4_1,Karimama,Alibori,2009,0.50938,0.41326,0.55929
BEN,BEN.1.4_1,Karimama,Alibori,2010,0.53192,0.42858,0.59929
BEN,BEN.1.4_1,Karimama,Alibori,2011,0.53741,0.44142,0.61912
BEN,BEN.1.4_1,Karimama,Alibori,2012,0.55621,0.48039,0.62292
BEN,BEN.1.4_1,Karimama,Alibori,2013,0.54613,0.47459,0.6116
BEN,BEN.1.4_1,Karimama,Alibori,2014,0.52813,0.4437,0.60533
BEN,BEN.1.4_1,Karimama,Alibori,2015,0.50356,0.39768,0.60426
BEN,BEN.1.4_1,Karimama,Alibori,2016,0.48327,0.36045,0.59524
BEN,BEN.1.4_1,Karimama,Alibori,2017,0.46867,0.33091,0.5904
BEN,BEN.1.4_1,Karimama,Alibori,2018,0.475,0.3348,0.58267
BEN,BEN.1.4_1,Karimama,Alibori,2019,0.47923,0.36364,0.55305
BEN,BEN.1.4_1,Karimama,Alibori,2020,0.46096,0.36537,0.52104
BEN,BEN.1.4_1,Karimama,Alibori,2021,0.4527,0.37766,0.50488
BEN,BEN.1.4_1,Karimama,Alibori,2022,0.43377,0.32498,0.47415
BEN,BEN.1.4_1,Karimama,Alibori,2023,0.4122,0.28938,0.44775
BEN,BEN.1.4_1,Karimama,Alibori,2024,0.40275,0.29093,0.4406
BEN,BEN.1.4_1,Karimama,Alibori,2025,0.38725,0.29013,0.42771
BEN,BEN.1.5_1,Malanville,Alibori,2000,0.34118,0.26882,0.42202
BEN,BEN.1.5_1,Malanville,Alibori,2001,0.3928,0.31523,0.436
BEN,BEN.1.5_1,Malanville,Alibori,2002,0.43117,0.35274,0.4751
BEN,BEN.1.5_1,Malanville,Alibori,2003,0.45571,0.38397,0.49351
BEN,BEN.1.5_1,Malanville,Alibori,2004,0.4793,0.40586,0.5209
BEN,BEN.1.5_1,Malanville,Alibori,2005,0.50036,0.41528,0.54043
BEN,BEN.1.5_1,Malanville,Alibori,2006,0.5027,0.40686,0.54113
BEN,BEN.1.5_1,Malanville,Alibori,2007,0.49488,0.40997,0.54743
BEN,BEN.1.5_1,Malanville,Alibori,2008,0.47998,0.4017,0.57198
BEN,BEN.1.5_1,Malanville,Alibori,2009,0.48562,0.40349,0.60041
BEN,BEN.1.5_1,Malanville,Alibori,2010,0.50249,0.42063,0.62041
BEN,BEN.1.5_1,Malanville,Alibori,2011,0.50569,0.42924,0.62107
BEN,BEN.1.5_1,Malanville,Alibori,2012,0.52968,0.45968,0.61442
BEN,BEN.1.5_1,Malanville,Alibori,2013,0.52726,0.47235,0.57945
BEN,BEN.1.5_1,Malanville,Alibori,2014,0.51271,0.43956,0.57729
BEN,BEN.1.5_1,Malanville,Alibori,2015,0.48649,0.39285,0.57677
BEN,BEN.1.5_1,Malanville,Alibori,2016,0.45695,0.35636,0.56945
BEN,BEN.1.5_1,Malanville,Alibori,2017,0.42782,0.29609,0.56005
BEN,BEN.1.5_1,Malanville,Alibori,2018,0.41259,0.24859,0.54584
BEN,BEN.1.5_1,Malanville,Alibori,2019,0.41273,0.24269,0.52449
BEN,BEN.1.5_1,Malanville,Alibori,2020,0.40469,0.24358,0.50526
BEN,BEN.1.5_1,Malanville,Alibori,2021,0.42872,0.27636,0.51377
BEN,BEN.1.5_1,Malanville,Alibori,2022,0.44329,0.34166,0.50628
BEN,BEN.1.5_1,Malanville,Alibori,2023,0.4373,0.35249,0.48143
BEN,BEN.1.5_1,Malanville,Alibori,2024,0.42285,0.34202,0.46216
BEN,BEN.1.5_1,Malanville,Alibori,2025,0.39308,0.31351,0.42823
BEN,BEN.1.6_1,Ségbana,Alibori,2000,0.37454,0.33994,0.42815
BEN,BEN.1.6_1,Ségbana,Alibori,2001,0.42281,0.38803,0.47581
BEN,BEN.1.6_1,Ségbana,Alibori,2002,0.4584,0.42356,0.50595
BEN,BEN.1.6_1,Ségbana,Alibori,2003,0.4817,0.44899,0.52579
BEN,BEN.1.6_1,Ségbana,Alibori,2004,0.50527,0.47456,0.54237
BEN,BEN.1.6_1,Ségbana,Alibori,2005,0.52237,0.49262,0.55614
BEN,BEN.1.6_1,Ségbana,Alibori,2006,0.52676,0.49588,0.56068
BEN,BEN.1.6_1,Ségbana,Alibori,2007,0.51415,0.48395,0.56661
BEN,BEN.1.6_1,Ségbana,Alibori,2008,0.4896,0.45934,0.57738
BEN,BEN.1.6_1,Ségbana,Alibori,2009,0.47093,0.43339,0.58731
BEN,BEN.1.6_1,Ségbana,Alibori,2010,0.4541,0.4063,0.59313
BEN,BEN.1.6_1,Ségbana,Alibori,2011,0.43141,0.37286,0.5912
BEN,BEN.1.6_1,Ségbana,Alibori,2012,0.44086,0.36672,0.59013
BEN,BEN.1.6_1,Ségbana,Alibori,2013,0.45611,0.3785,0.56873
BEN,BEN.1.6_1,Ségbana,Alibori,2014,0.47431,0.40313,0.58033
BEN,BEN.1.6_1,Ségbana,Alibori,2015,0.48934,0.39866,0.60081
BEN,BEN.1.6_1,Ségbana,Alibori,2016,0.48767,0.36451,0.59395
BEN,BEN.1.6_1,Ségbana,Alibori,2017,0.43329,0.28951,0.57143
BEN,BEN.1.6_1,Ségbana,Alibori,2018,0.35299,0.22867,0.49933
BEN,BEN.1.6_1,Ségbana,Alibori,2019,0.31129,0.20888,0.44166
BEN,BEN.1.6_1,Ségbana,Alibori,2020,0.28584,0.20658,0.39544
BEN,BEN.1.6_1,Ségbana,Alibori,2021,0.30343,0.24587,0.38745
BEN,BEN.1.6_1,Ségbana,Alibori,2022,0.37494,0.33287,0.42444
BEN,BEN.1.6_1,Ségbana,Alibori,2023,0.41916,0.36688,0.45081
BEN,BEN.1.6_1,Ségbana,Alibori,2024,0.4163,0.36242,0.44855
BEN,BEN.1.6_1,Ségbana,Alibori,2025,0.3977,0.34068,0.43279
BEN,BEN.10.1_1,Adjarra,Ouémé,2000,0.3497,0.34262,0.36241
BEN,BEN.10.1_1,Adjarra,Ouémé,2001,0.36842,0.3575,0.38648
BEN,BEN.10.1_1,Adjarra,Ouémé,2002,0.38211,0.3718,0.40038
BEN,BEN.10.1_1,Adjarra,Ouémé,2003,0.37714,0.36596,0.39471
BEN,BEN.10.1_1,Adjarra,Ouémé,2004,0.3808,0.36987,0.39545
BEN,BEN.10.1_1,Adjarra,Ouémé,2005,0.37695,0.36668,0.3876
BEN,BEN.10.1_1,Adjarra,Ouémé,2006,0.35136,0.34174,0.35827
BEN,BEN.10.1_1,Adjarra,Ouémé,2007,0.32212,0.31456,0.32718
BEN,BEN.10.1_1,Adjarra,Ouémé,2008,0.28693,0.28144,0.29226
BEN,BEN.10.1_1,Adjarra,Ouémé,2009,0.26747,0.2648,0.27012
BEN,BEN.10.1_1,Adjarra,Ouémé,2010,0.24176,0.24068,0.24251
BEN,BEN.10.1_1,Adjarra,Ouémé,2011,0.22334,0.22184,0.22596
BEN,BEN.10.1_1,Adjarra,Ouémé,2012,0.22251,0.21839,0.22792
BEN,BEN.10.1_1,Adjarra,Ouémé,2013,0.21481,0.20712,0.22284
BEN,BEN.10.1_1,Adjarra,Ouémé,2014,0.21781,0.20649,0.22806
BEN,BEN.10.1_1,Adjarra,Ouémé,2015,0.23227,0.21722,0.2438
BEN,BEN.10.1_1,Adjarra,Ouémé,2016,0.26252,0.24309,0.27607
BEN,BEN.10.1_1,Adjarra,Ouémé,2017,0.29099,0.26922,0.30633
BEN,BEN.10.1_1,Adjarra,Ouémé,2018,0.3311,0.30766,0.34812
BEN,BEN.10.1_1,Adjarra,Ouémé,2019,0.3642,0.33772,0.38395
BEN,BEN.10.1_1,Adjarra,Ouémé,2020,0.36852,0.34425,0.38615
BEN,BEN.10.1_1,Adjarra,Ouémé,2021,0.35755,0.33682,0.37231
BEN,BEN.10.1_1,Adjarra,Ouémé,2022,0.32739,0.31007,0.34041
BEN,BEN.10.1_1,Adjarra,Ouémé,2023,0.30138,0.28451,0.31406
BEN,BEN.10.1_1,Adjarra,Ouémé,2024,0.2756,0.26034,0.28824
BEN,BEN.10.1_1,Adjarra,Ouémé,2025,0.25008,0.23617,0.26195
BEN,BEN.10.2_1,Adjohoun,Ouémé,2000,0.45025,0.41831,0.49065
BEN,BEN.10.2_1,Adjohoun,Ouémé,2001,0.45645,0.41676,0.49892
BEN,BEN.10.2_1,Adjohoun,Ouémé,2002,0.45718,0.41541,0.50042
BEN,BEN.10.2_1,Adjohoun,Ouémé,2003,0.45756,0.41505,0.49933
BEN,BEN.10.2_1,Adjohoun,Ouémé,2004,0.47122,0.4333,0.50785
BEN,BEN.10.2_1,Adjohoun,Ouémé,2005,0.48529,0.453,0.52087
BEN,BEN.10.2_1,Adjohoun,Ouémé,2006,0.4834,0.45288,0.52369
BEN,BEN.10.2_1,Adjohoun,Ouémé,2007,0.46334,0.42379,0.5093
BEN,BEN.10.2_1,Adjohoun,Ouémé,2008,0.38805,0.34595,0.44323
BEN,BEN.10.2_1,Adjohoun,Ouémé,2009,0.33506,0.30221,0.38282
BEN,BEN.10.2_1,Adjohoun,Ouémé,2010,0.3299,0.29934,0.36177
BEN,BEN.10.2_1,Adjohoun,Ouémé,2011,0.31833,0.28761,0.34945
BEN,BEN.10.2_1,Adjohoun,Ouémé,2012,0.3102,0.28073,0.34311
BEN,BEN.10.2_1,Adjohoun,Ouémé,2013,0.29851,0.26944,0.33381
BEN,BEN.10.2_1,Adjohoun,Ouémé,2014,0.29909,0.27023,0.33281
BEN,BEN.10.2_1,Adjohoun,Ouémé,2015,0.31614,0.28702,0.35214
BEN,BEN.10.2_1,Adjohoun,Ouémé,2016,0.35132,0.32089,0.39316
BEN,BEN.10.2_1,Adjohoun,Ouémé,2017,0.37317,0.34132,0.41032
BEN,BEN.10.2_1,Adjohoun,Ouémé,2018,0.40675,0.37037,0.43925
BEN,BEN.10.2_1,Adjohoun,Ouémé,2019,0.43879,0.40036,0.46737
BEN,BEN.10.2_1,Adjohoun,Ouémé,2020,0.43579,0.39951,0.46222
BEN,BEN.10.2_1,Adjohoun,Ouémé,2021,0.43416,0.40214,0.45992
BEN,BEN.10.2_1,Adjohoun,Ouémé,2022,0.41412,0.38442,0.44628
BEN,BEN.10.2_1,Adjohoun,Ouémé,2023,0.39252,0.36366,0.42347
BEN,BEN.10.2_1,Adjohoun,Ouémé,2024,0.36693,0.33908,0.40037
BEN,BEN.10.2_1,Adjohoun,Ouémé,2025,0.32878,0.30278,0.36048
BEN,BEN.10.3_1,Aguégués,Ouémé,2000,0.49921,0.44092,0.53041
BEN,BEN.10.3_1,Aguégués,Ouémé,2001,0.52594,0.46701,0.55779
BEN,BEN.10.3_1,Aguégués,Ouémé,2002,0.5336,0.4736,0.56321
BEN,BEN.10.3_1,Aguégués,Ouémé,2003,0.52501,0.45866,0.55769
BEN,BEN.10.3_1,Aguégués,Ouémé,2004,0.51678,0.44377,0.5501
BEN,BEN.10.3_1,Aguégués,Ouémé,2005,0.49691,0.4149,0.53015
BEN,BEN.10.3_1,Aguégués,Ouémé,2006,0.44771,0.35719,0.48163
BEN,BEN.10.3_1,Aguégués,Ouémé,2007,0.40029,0.31101,0.43772
BEN,BEN.10.3_1,Aguégués,Ouémé,2008,0.35995,0.26101,0.40038
BEN,BEN.10.3_1,Aguégués,Ouémé,2009,0.35225,0.24413,0.38974
BEN,BEN.10.3_1,Aguégués,Ouémé,2010,0.34472,0.25751,0.37764
BEN,BEN.10.3_1,Aguégués,Ouémé,2011,0.3309,0.2695,0.35905
BEN,BEN.10.3_1,Aguégués,Ouémé,2012,0.32413,0.26585,0.35658
BEN,BEN.10.3_1,Aguégués,Ouémé,2013,0.30342,0.24716,0.33238
BEN,BEN.10.3_1,Aguégués,Ouémé,2014,0.29013,0.23605,0.31755
BEN,BEN.10.3_1,Aguégués,Ouémé,2015,0.29061,0.23425,0.31448
BEN,BEN.10.3_1,Aguégués,Ouémé,2016,0.31116,0.24815,0.33492
BEN,BEN.10.3_1,Aguégués,Ouémé,2017,0.32912,0.26177,0.35475
BEN,BEN.10.3_1,Aguégués,Ouémé,2018,0.36349,0.29032,0.39122
BEN,BEN.10.3_1,Aguégués,Ouémé,2019,0.39737,0.3182,0.42584
BEN,BEN.10.3_1,Aguégués,Ouémé,2020,0.4003,0.32283,0.42715
BEN,BEN.10.3_1,Aguégués,Ouémé,2021,0.39971,0.32308,0.42616
BEN,BEN.10.3_1,Aguégués,Ouémé,2022,0.37875,0.30666,0.40431
BEN,BEN.10.3_1,Aguégués,Ouémé,2023,0.35758,0.28849,0.38171
BEN,BEN.10.3_1,Aguégués,Ouémé,2024,0.33278,0.26695,0.35782
BEN,BEN.10.3_1,Aguégués,Ouémé,2025,0.30122,0.24461,0.32364
BEN,BEN.10.4_1,Akpro-Missérété,Ouémé,2000,0.42342,0.3937,0.44556
BEN,BEN.10.4_1,Akpro-Missérété,Ouémé,2001,0.44194,0.40993,0.46791
BEN,BEN.10.4_1,Akpro-Missérété,Ouémé,2002,0.44944,0.42085,0.47581
BEN,BEN.10.4_1,Akpro-Missérété,Ouémé,2003,0.44384,0.41444,0.46616
BEN,BEN.10.4_1,Akpro-Missérété,Ouémé,2004,0.44589,0.41713,0.46466
BEN,BEN.10.4_1,Akpro-Missérété,Ouémé,2005,0.44319,0.41655,0.45946
BEN,BEN.10.4_1,Akpro-Missérété,Ouémé,2006,0.42018,0.39606,0.44667
BEN,BEN.10.4_1,Akpro-Missérété,Ouémé,2007,0.39003,0.36578,0.42416
BEN,BEN.10.4_1,Akpro-Missérété,Ouémé,2008,0.3339,0.30835,0.36485
BEN,BEN.10.4_1,Akpro-Missérété,Ouémé,2009,0.29516,0.26899,0.3196
BEN,BEN.10.4_1,Akpro-Missérété,Ouémé,2010,0.29216,0.26781,0.31392
BEN,BEN.10.4_1,Akpro-Missérété,Ouémé,2011,0.2899,0.26575,0.30754
BEN,BEN.10.4_1,Akpro-Missérété,Ouémé,2012,0.28019,0.25722,0.29527
BEN,BEN.10.4_1,Akpro-Missérété,Ouémé,2013,0.26002,0.23867,0.27423
BEN,BEN.10.4_1,Akpro-Missérété,Ouémé,2014,0.25251,0.23288,0.26707
BEN,BEN.10.4_1,Akpro-Missérété,Ouémé,2015,0.2575,0.23964,0.27584
BEN,BEN.10.4_1,Akpro-Missérété,Ouémé,2016,0.28334,0.26495,0.30573
BEN,BEN.10.4_1,Akpro-Missérété,Ouémé,2017,0.30608,0.28924,0.32979
BEN,BEN.10.4_1,Akpro-Missérété,Ouémé,2018,0.34242,0.32575,0.36836
BEN,BEN.10.4_1,Akpro-Missérété,Ouémé,2019,0.37589,0.35724,0.40406
BEN,BEN.10.4_1,Akpro-Missérété,Ouémé,2020,0.3819,0.36533,0.40891
BEN,BEN.10.4_1,Akpro-Missérété,Ouémé,2021,0.37905,0.36232,0.40465
BEN,BEN.10.4_1,Akpro-Missérété,Ouémé,2022,0.3556,0.33832,0.37955
BEN,BEN.10.4_1,Akpro-Missérété,Ouémé,2023,0.33338,0.31559,0.35466
BEN,BEN.10.4_1,Akpro-Missérété,Ouémé,2024,0.30805,0.29017,0.3283
BEN,BEN.10.4_1,Akpro-Missérété,Ouémé,2025,0.27759,0.26149,0.29518
BEN,BEN.10.5_1,Avrankou,Ouémé,2000,0.38787,0.36169,0.41084
BEN,BEN.10.5_1,Avrankou,Ouémé,2001,0.406,0.37978,0.428
BEN,BEN.10.5_1,Avrankou,Ouémé,2002,0.41753,0.39069,0.43869
BEN,BEN.10.5_1,Avrankou,Ouémé,2003,0.4153,0.38939,0.43585
BEN,BEN.10.5_1,Avrankou,Ouémé,2004,0.42472,0.3996,0.44587
BEN,BEN.10.5_1,Avrankou,Ouémé,2005,0.42967,0.40492,0.45362
BEN,BEN.10.5_1,Avrankou,Ouémé,2006,0.41571,0.39039,0.44444
BEN,BEN.10.5_1,Avrankou,Ouémé,2007,0.39234,0.3661,0.4232
BEN,BEN.10.5_1,Avrankou,Ouémé,2008,0.35817,0.33245,0.38873
BEN,BEN.10.5_1,Avrankou,Ouémé,2009,0.33257,0.3059,0.36043
BEN,BEN.10.5_1,Avrankou,Ouémé,2010,0.29727,0.27137,0.3209
BEN,BEN.10.5_1,Avrankou,Ouémé,2011,0.27115,0.2475,0.29272
BEN,BEN.10.5_1,Avrankou,Ouémé,2012,0.26506,0.24438,0.28477
BEN,BEN.10.5_1,Avrankou,Ouémé,2013,0.25297,0.23628,0.2703
BEN,BEN.10.5_1,Avrankou,Ouémé,2014,0.25414,0.24056,0.27031
BEN,BEN.10.5_1,Avrankou,Ouémé,2015,0.26994,0.25789,0.28569
BEN,BEN.10.5_1,Avrankou,Ouémé,2016,0.3027,0.29272,0.3181
BEN,BEN.10.5_1,Avrankou,Ouémé,2017,0.33103,0.32342,0.34533
BEN,BEN.10.5_1,Avrankou,Ouémé,2018,0.37249,0.36494,0.38754
BEN,BEN.10.5_1,Avrankou,Ouémé,2019,0.40864,0.40045,0.42224
BEN,BEN.10.5_1,Avrankou,Ouémé,2020,0.41133,0.40402,0.42433
BEN,BEN.10.5_1,Avrankou,Ouémé,2021,0.40203,0.39436,0.41608
BEN,BEN.10.5_1,Avrankou,Ouémé,2022,0.37209,0.36242,0.38744
BEN,BEN.10.5_1,Avrankou,Ouémé,2023,0.34542,0.3354,0.36108
BEN,BEN.10.5_1,Avrankou,Ouémé,2024,0.31713,0.30708,0.33219
BEN,BEN.10.5_1,Avrankou,Ouémé,2025,0.28561,0.27692,0.29884
BEN,BEN.10.6_1,Bonou,Ouémé,2000,0.43465,0.4027,0.47022
BEN,BEN.10.6_1,Bonou,Ouémé,2001,0.42933,0.39445,0.46762
BEN,BEN.10.6_1,Bonou,Ouémé,2002,0.4338,0.39312,0.46884
BEN,BEN.10.6_1,Bonou,Ouémé,2003,0.44554,0.40169,0.4828
BEN,BEN.10.6_1,Bonou,Ouémé,2004,0.47369,0.43094,0.50497
BEN,BEN.10.6_1,Bonou,Ouémé,2005,0.51095,0.46054,0.53576
BEN,BEN.10.6_1,Bonou,Ouémé,2006,0.53783,0.47805,0.56522
BEN,BEN.10.6_1,Bonou,Ouémé,2007,0.53645,0.47204,0.56746
BEN,BEN.10.6_1,Bonou,Ouémé,2008,0.5093,0.43758,0.54617
BEN,BEN.10.6_1,Bonou,Ouémé,2009,0.47093,0.39698,0.509
BEN,BEN.10.6_1,Bonou,Ouémé,2010,0.4037,0.34008,0.42917
BEN,BEN.10.6_1,Bonou,Ouémé,2011,0.34051,0.2927,0.36306
BEN,BEN.10.6_1,Bonou,Ouémé,2012,0.30643,0.27217,0.33483
BEN,BEN.10.6_1,Bonou,Ouémé,2013,0.27712,0.25166,0.31005
BEN,BEN.10.6_1,Bonou,Ouémé,2014,0.27108,0.24834,0.30199
BEN,BEN.10.6_1,Bonou,Ouémé,2015,0.29164,0.26564,0.32112
BEN,BEN.10.6_1,Bonou,Ouémé,2016,0.33268,0.29997,0.3641
BEN,BEN.10.6_1,Bonou,Ouémé,2017,0.35425,0.32053,0.38314
BEN,BEN.10.6_1,Bonou,Ouémé,2018,0.38177,0.34787,0.41055
BEN,BEN.10.6_1,Bonou,Ouémé,2019,0.4105,0.37596,0.43572
BEN,BEN.10.6_1,Bonou,Ouémé,2020,0.40839,0.37795,0.4319
BEN,BEN.10.6_1,Bonou,Ouémé,2021,0.41492,0.38386,0.43616
BEN,BEN.10.6_1,Bonou,Ouémé,2022,0.40729,0.3755,0.43024
BEN,BEN.10.6_1,Bonou,Ouémé,2023,0.39206,0.35764,0.41325
BEN,BEN.10.6_1,Bonou,Ouémé,2024,0.36965,0.33607,0.39261
BEN,BEN.10.6_1,Bonou,Ouémé,2025,0.338,0.30372,0.35878
BEN,BEN.10.7_1,Dangbo,Ouémé,2000,0.47985,0.43699,0.50775
BEN,BEN.10.7_1,Dangbo,Ouémé,2001,0.49853,0.45466,0.53176
BEN,BEN.10.7_1,Dangbo,Ouémé,2002,0.50332,0.45678,0.542
BEN,BEN.10.7_1,Dangbo,Ouémé,2003,0.49652,0.45419,0.53156
BEN,BEN.10.7_1,Dangbo,Ouémé,2004,0.50115,0.46207,0.53376
BEN,BEN.10.7_1,Dangbo,Ouémé,2005,0.49794,0.46351,0.52603
BEN,BEN.10.7_1,Dangbo,Ouémé,2006,0.46953,0.44491,0.49479
BEN,BEN.10.7_1,Dangbo,Ouémé,2007,0.4314,0.41835,0.45077
BEN,BEN.10.7_1,Dangbo,Ouémé,2008,0.3777,0.36298,0.39622
BEN,BEN.10.7_1,Dangbo,Ouémé,2009,0.33594,0.32353,0.35708
BEN,BEN.10.7_1,Dangbo,Ouémé,2010,0.32382,0.30762,0.34508
BEN,BEN.10.7_1,Dangbo,Ouémé,2011,0.32307,0.30486,0.34423
BEN,BEN.10.7_1,Dangbo,Ouémé,2012,0.32064,0.29435,0.34356
BEN,BEN.10.7_1,Dangbo,Ouémé,2013,0.30688,0.27565,0.32706
BEN,BEN.10.7_1,Dangbo,Ouémé,2014,0.30317,0.27053,0.32135
BEN,BEN.10.7_1,Dangbo,Ouémé,2015,0.31184,0.27946,0.33007
BEN,BEN.10.7_1,Dangbo,Ouémé,2016,0.33971,0.30785,0.35719
BEN,BEN.10.7_1,Dangbo,Ouémé,2017,0.3583,0.33208,0.37578
BEN,BEN.10.7_1,Dangbo,Ouémé,2018,0.39169,0.36682,0.41035
BEN,BEN.10.7_1,Dangbo,Ouémé,2019,0.4248,0.4019,0.4436
BEN,BEN.10.7_1,Dangbo,Ouémé,2020,0.42295,0.40528,0.43942
BEN,BEN.10.7_1,Dangbo,Ouémé,2021,0.42367,0.40578,0.44018
BEN,BEN.10.7_1,Dangbo,Ouémé,2022,0.40293,0.38324,0.41885
BEN,BEN.10.7_1,Dangbo,Ouémé,2023,0.38061,0.36005,0.39698
BEN,BEN.10.7_1,Dangbo,Ouémé,2024,0.35367,0.33517,0.3685
BEN,BEN.10.7_1,Dangbo,Ouémé,2025,0.31726,0.30107,0.33065
BEN,BEN.10.8_1,Porto-Novo,Ouémé,2000,0.36162,0.33104,0.38232
BEN,BEN.10.8_1,Porto-Novo,Ouémé,2001,0.3799,0.34779,0.40318
BEN,BEN.10.8_1,Porto-Novo,Ouémé,2002,0.38958,0.35809,0.41212
BEN,BEN.10.8_1,Porto-Novo,Ouémé,2003,0.38061,0.35104,0.39967
BEN,BEN.10.8_1,Porto-Novo,Ouémé,2004,0.37914,0.34977,0.39672
BEN,BEN.10.8_1,Porto-Novo,Ouémé,2005,0.36994,0.33917,0.38633
BEN,BEN.10.8_1,Porto-Novo,Ouémé,2006,0.33805,0.30953,0.35642
BEN,BEN.10.8_1,Porto-Novo,Ouémé,2007,0.30802,0.28148,0.32733
BEN,BEN.10.8_1,Porto-Novo,Ouémé,2008,0.26855,0.25103,0.28343
BEN,BEN.10.8_1,Porto-Novo,Ouémé,2009,0.25063,0.23862,0.27339
BEN,BEN.10.8_1,Porto-Novo,Ouémé,2010,0.23844,0.21932,0.25502
BEN,BEN.10.8_1,Porto-Novo,Ouémé,2011,0.22801,0.20384,0.24285
BEN,BEN.10.8_1,Porto-Novo,Ouémé,2012,0.22337,0.20239,0.23552
BEN,BEN.10.8_1,Porto-Novo,Ouémé,2013,0.21011,0.19346,0.21961
BEN,BEN.10.8_1,Porto-Novo,Ouémé,2014,0.20723,0.19362,0.21456
BEN,BEN.10.8_1,Porto-Novo,Ouémé,2015,0.21551,0.20388,0.2218
BEN,BEN.10.8_1,Porto-Novo,Ouémé,2016,0.23913,0.22888,0.24479
BEN,BEN.10.8_1,Porto-Novo,Ouémé,2017,0.26209,0.25395,0.2673
BEN,BEN.10.8_1,Porto-Novo,Ouémé,2018,0.29791,0.29044,0.304
BEN,BEN.10.8_1,Porto-Novo,Ouémé,2019,0.32929,0.3217,0.33503
BEN,BEN.10.8_1,Porto-Novo,Ouémé,2020,0.33507,0.32703,0.34139
BEN,BEN.10.8_1,Porto-Novo,Ouémé,2021,0.32954,0.31892,0.33747
BEN,BEN.10.8_1,Porto-Novo,Ouémé,2022,0.30554,0.29288,0.31457
BEN,BEN.10.8_1,Porto-Novo,Ouémé,2023,0.28324,0.27142,0.29126
BEN,BEN.10.8_1,Porto-Novo,Ouémé,2024,0.25958,0.24725,0.2682
BEN,BEN.10.8_1,Porto-Novo,Ouémé,2025,0.23589,0.22519,0.24291
BEN,BEN.10.9_1,Sèmè-Kpodji,Ouémé,2000,0.41993,0.33692,0.48409
BEN,BEN.10.9_1,Sèmè-Kpodji,Ouémé,2001,0.45008,0.36123,0.51393
BEN,BEN.10.9_1,Sèmè-Kpodji,Ouémé,2002,0.46296,0.37508,0.52332
BEN,BEN.10.9_1,Sèmè-Kpodji,Ouémé,2003,0.45409,0.36931,0.5126
BEN,BEN.10.9_1,Sèmè-Kpodji,Ouémé,2004,0.44536,0.36847,0.50137
BEN,BEN.10.9_1,Sèmè-Kpodji,Ouémé,2005,0.42532,0.3562,0.479
BEN,BEN.10.9_1,Sèmè-Kpodji,Ouémé,2006,0.37712,0.31882,0.42491
BEN,BEN.10.9_1,Sèmè-Kpodji,Ouémé,2007,0.33396,0.28506,0.3795
BEN,BEN.10.9_1,Sèmè-Kpodji,Ouémé,2008,0.28347,0.23542,0.34354
BEN,BEN.10.9_1,Sèmè-Kpodji,Ouémé,2009,0.25899,0.20345,0.33761
BEN,BEN.10.9_1,Sèmè-Kpodji,Ouémé,2010,0.25875,0.20216,0.3244
BEN,BEN.10.9_1,Sèmè-Kpodji,Ouémé,2011,0.26138,0.2091,0.30849
BEN,BEN.10.9_1,Sèmè-Kpodji,Ouémé,2012,0.25953,0.21121,0.30256
BEN,BEN.10.9_1,Sèmè-Kpodji,Ouémé,2013,0.24633,0.20464,0.28398
BEN,BEN.10.9_1,Sèmè-Kpodji,Ouémé,2014,0.24211,0.20657,0.27304
BEN,BEN.10.9_1,Sèmè-Kpodji,Ouémé,2015,0.24841,0.21854,0.27545
BEN,BEN.10.9_1,Sèmè-Kpodji,Ouémé,2016,0.27154,0.24333,0.29619
BEN,BEN.10.9_1,Sèmè-Kpodji,Ouémé,2017,0.29394,0.26977,0.32254
BEN,BEN.10.9_1,Sèmè-Kpodji,Ouémé,2018,0.33056,0.30651,0.36457
BEN,BEN.10.9_1,Sèmè-Kpodji,Ouémé,2019,0.36467,0.33943,0.40101
BEN,BEN.10.9_1,Sèmè-Kpodji,Ouémé,2020,0.36897,0.34516,0.40178
BEN,BEN.10.9_1,Sèmè-Kpodji,Ouémé,2021,0.36256,0.33509,0.38905
BEN,BEN.10.9_1,Sèmè-Kpodji,Ouémé,2022,0.33722,0.30602,0.36634
BEN,BEN.10.9_1,Sèmè-Kpodji,Ouémé,2023,0.31496,0.28265,0.34557
BEN,BEN.10.9_1,Sèmè-Kpodji,Ouémé,2024,0.28998,0.25887,0.31974
BEN,BEN.10.9_1,Sèmè-Kpodji,Ouémé,2025,0.26445,0.23728,0.28943
BEN,BEN.11.1_1,Adja-Ouèrè,Plateau,2000,0.42019,0.36944,0.46878
BEN,BEN.11.1_1,Adja-Ouèrè,Plateau,2001,0.41806,0.36744,0.47081
BEN,BEN.11.1_1,Adja-Ouèrè,Plateau,2002,0.4224,0.36917,0.47529
BEN,BEN.11.1_1,Adja-Ouèrè,Plateau,2003,0.43648,0.37586,0.49131
BEN,BEN.11.1_1,Adja-Ouèrè,Plateau,2004,0.47271,0.41053,0.52215
BEN,BEN.11.1_1,Adja-Ouèrè,Plateau,2005,0.52095,0.45354,0.56756
BEN,BEN.11.1_1,Adja-Ouèrè,Plateau,2006,0.55487,0.49384,0.59111
BEN,BEN.11.1_1,Adja-Ouèrè,Plateau,2007,0.55963,0.50573,0.59053
BEN,BEN.11.1_1,Adja-Ouèrè,Plateau,2008,0.54501,0.48386,0.58529
BEN,BEN.11.1_1,Adja-Ouèrè,Plateau,2009,0.51826,0.44203,0.57454
BEN,BEN.11.1_1,Adja-Ouèrè,Plateau,2010,0.46552,0.3853,0.53936
BEN,BEN.11.1_1,Adja-Ouèrè,Plateau,2011,0.379,0.31472,0.44339
BEN,BEN.11.1_1,Adja-Ouèrè,Plateau,2012,0.29962,0.25739,0.34157
BEN,BEN.11.1_1,Adja-Ouèrè,Plateau,2013,0.25418,0.22274,0.28933
BEN,BEN.11.1_1,Adja-Ouèrè,Plateau,2014,0.24353,0.2152,0.27625
BEN,BEN.11.1_1,Adja-Ouèrè,Plateau,2015,0.2704,0.23541,0.30493
BEN,BEN.11.1_1,Adja-Ouèrè,Plateau,2016,0.31976,0.27623,0.36156
BEN,BEN.11.1_1,Adja-Ouèrè,Plateau,2017,0.34565,0.30195,0.38594
BEN,BEN.11.1_1,Adja-Ouèrè,Plateau,2018,0.37394,0.33388,0.41029
BEN,BEN.11.1_1,Adja-Ouèrè,Plateau,2019,0.4044,0.36523,0.44211
BEN,BEN.11.1_1,Adja-Ouèrè,Plateau,2020,0.40331,0.3689,0.43431
BEN,BEN.11.1_1,Adja-Ouèrè,Plateau,2021,0.41331,0.37992,0.44584
BEN,BEN.11.1_1,Adja-Ouèrè,Plateau,2022,0.40681,0.36891,0.43929
BEN,BEN.11.1_1,Adja-Ouèrè,Plateau,2023,0.39164,0.35232,0.42283
BEN,BEN.11.1_1,Adja-Ouèrè,Plateau,2024,0.3725,0.32833,0.41117
BEN,BEN.11.1_1,Adja-Ouèrè,Plateau,2025,0.34564,0.29961,0.38516
BEN,BEN.11.2_1,Ifangni,Plateau,2000,0.34897,0.29323,0.40755
BEN,BEN.11.2_1,Ifangni,Plateau,2001,0.3599,0.29757,0.42027
BEN,BEN.11.2_1,Ifangni,Plateau,2002,0.37158,0.30726,0.43025
BEN,BEN.11.2_1,Ifangni,Plateau,2003,0.37328,0.3122,0.42858
BEN,BEN.11.2_1,Ifangni,Plateau,2004,0.39126,0.33036,0.44647
BEN,BEN.11.2_1,Ifangni,Plateau,2005,0.40908,0.35138,0.47008
BEN,BEN.11.2_1,Ifangni,Plateau,2006,0.41297,0.35415,0.48385
BEN,BEN.11.2_1,Ifangni,Plateau,2007,0.40206,0.34206,0.47352
BEN,BEN.11.2_1,Ifangni,Plateau,2008,0.36969,0.3068,0.44448
BEN,BEN.11.2_1,Ifangni,Plateau,2009,0.33365,0.2753,0.40841
BEN,BEN.11.2_1,Ifangni,Plateau,2010,0.30329,0.24861,0.36926
BEN,BEN.11.2_1,Ifangni,Plateau,2011,0.26933,0.22034,0.32351
BEN,BEN.11.2_1,Ifangni,Plateau,2012,0.24559,0.20274,0.2891
BEN,BEN.11.2_1,Ifangni,Plateau,2013,0.23655,0.19652,0.27589
BEN,BEN.11.2_1,Ifangni,Plateau,2014,0.24295,0.204,0.27999
BEN,BEN.11.2_1,Ifangni,Plateau,2015,0.26718,0.22615,0.30937
BEN,BEN.11.2_1,Ifangni,Plateau,2016,0.30864,0.264,0.35971
BEN,BEN.11.2_1,Ifangni,Plateau,2017,0.34461,0.29774,0.39793
BEN,BEN.11.2_1,Ifangni,Plateau,2018,0.38997,0.33858,0.44824
BEN,BEN.11.2_1,Ifangni,Plateau,2019,0.42461,0.37095,0.48435
BEN,BEN.11.2_1,Ifangni,Plateau,2020,0.42525,0.37222,0.48112
BEN,BEN.11.2_1,Ifangni,Plateau,2021,0.41372,0.35973,0.46816
BEN,BEN.11.2_1,Ifangni,Plateau,2022,0.37998,0.32843,0.43557
BEN,BEN.11.2_1,Ifangni,Plateau,2023,0.35156,0.30161,0.40569
BEN,BEN.11.2_1,Ifangni,Plateau,2024,0.32026,0.27383,0.3706
BEN,BEN.11.2_1,Ifangni,Plateau,2025,0.28754,0.24562,0.33207
BEN,BEN.11.3_1,Kétou,Plateau,2000,0.44006,0.38309,0.4855
BEN,BEN.11.3_1,Kétou,Plateau,2001,0.44413,0.37431,0.49427
BEN,BEN.11.3_1,Kétou,Plateau,2002,0.45948,0.38847,0.51075
BEN,BEN.11.3_1,Kétou,Plateau,2003,0.48818,0.41737,0.52792
BEN,BEN.11.3_1,Kétou,Plateau,2004,0.52934,0.47253,0.55611
BEN,BEN.11.3_1,Kétou,Plateau,2005,0.5713,0.52761,0.58764
BEN,BEN.11.3_1,Kétou,Plateau,2006,0.59283,0.56492,0.59787
BEN,BEN.11.3_1,Kétou,Plateau,2007,0.59264,0.5718,0.59576
BEN,BEN.11.3_1,Kétou,Plateau,2008,0.58776,0.55954,0.59433
BEN,BEN.11.3_1,Kétou,Plateau,2009,0.56914,0.52427,0.5866
BEN,BEN.11.3_1,Kétou,Plateau,2010,0.50271,0.43067,0.55246
BEN,BEN.11.3_1,Kétou,Plateau,2011,0.39739,0.32461,0.45004
BEN,BEN.11.3_1,Kétou,Plateau,2012,0.30907,0.24187,0.35589
BEN,BEN.11.3_1,Kétou,Plateau,2013,0.2677,0.20334,0.30837
BEN,BEN.11.3_1,Kétou,Plateau,2014,0.27408,0.2048,0.32167
BEN,BEN.11.3_1,Kétou,Plateau,2015,0.3377,0.25288,0.40222
BEN,BEN.11.3_1,Kétou,Plateau,2016,0.41915,0.32141,0.49139
BEN,BEN.11.3_1,Kétou,Plateau,2017,0.44493,0.34173,0.51718
BEN,BEN.11.3_1,Kétou,Plateau,2018,0.45035,0.34944,0.51921
BEN,BEN.11.3_1,Kétou,Plateau,2019,0.44818,0.36032,0.50837
BEN,BEN.11.3_1,Kétou,Plateau,2020,0.42925,0.35018,0.48355
BEN,BEN.11.3_1,Kétou,Plateau,2021,0.43485,0.36585,0.48521
BEN,BEN.11.3_1,Kétou,Plateau,2022,0.43567,0.37559,0.48244
BEN,BEN.11.3_1,Kétou,Plateau,2023,0.42364,0.36844,0.46756
BEN,BEN.11.3_1,Kétou,Plateau,2024,0.41258,0.3563,0.45573
BEN,BEN.11.3_1,Kétou,Plateau,2025,0.3893,0.33509,0.43065
BEN,BEN.11.4_1,Pobè,Plateau,2000,0.42577,0.33604,0.46182
BEN,BEN.11.4_1,Pobè,Plateau,2001,0.42845,0.32771,0.46666
BEN,BEN.11.4_1,Pobè,Plateau,2002,0.43697,0.33237,0.47869
BEN,BEN.11.4_1,Pobè,Plateau,2003,0.45343,0.34423,0.49701
BEN,BEN.11.4_1,Pobè,Plateau,2004,0.48797,0.38425,0.52899
BEN,BEN.11.4_1,Pobè,Plateau,2005,0.53723,0.43932,0.56947
BEN,BEN.11.4_1,Pobè,Plateau,2006,0.56951,0.49794,0.5896
BEN,BEN.11.4_1,Pobè,Plateau,2007,0.57347,0.52015,0.58813
BEN,BEN.11.4_1,Pobè,Plateau,2008,0.56393,0.4969,0.58266
BEN,BEN.11.4_1,Pobè,Plateau,2009,0.54245,0.44789,0.57374
BEN,BEN.11.4_1,Pobè,Plateau,2010,0.48852,0.38174,0.54166
BEN,BEN.11.4_1,Pobè,Plateau,2011,0.39646,0.30236,0.44912
BEN,BEN.11.4_1,Pobè,Plateau,2012,0.30834,0.23604,0.34752
BEN,BEN.11.4_1,Pobè,Plateau,2013,0.25759,0.19788,0.28952
BEN,BEN.11.4_1,Pobè,Plateau,2014,0.25019,0.1903,0.27805
BEN,BEN.11.4_1,Pobè,Plateau,2015,0.288,0.21386,0.32058
BEN,BEN.11.4_1,Pobè,Plateau,2016,0.34837,0.25598,0.38344
BEN,BEN.11.4_1,Pobè,Plateau,2017,0.37958,0.28166,0.41679
BEN,BEN.11.4_1,Pobè,Plateau,2018,0.40839,0.31271,0.44844
BEN,BEN.11.4_1,Pobè,Plateau,2019,0.43437,0.34148,0.47744
BEN,BEN.11.4_1,Pobè,Plateau,2020,0.43058,0.34456,0.47096
BEN,BEN.11.4_1,Pobè,Plateau,2021,0.43752,0.35097,0.4736
BEN,BEN.11.4_1,Pobè,Plateau,2022,0.4286,0.34461,0.46388
BEN,BEN.11.4_1,Pobè,Plateau,2023,0.41135,0.32842,0.44172
BEN,BEN.11.4_1,Pobè,Plateau,2024,0.39273,0.30711,0.42355
BEN,BEN.11.4_1,Pobè,Plateau,2025,0.36518,0.28206,0.39689
BEN,BEN.11.5_1,Sakété,Plateau,2000,0.40935,0.3608,0.44331
BEN,BEN.11.5_1,Sakété,Plateau,2001,0.41701,0.36698,0.45254
BEN,BEN.11.5_1,Sakété,Plateau,2002,0.42375,0.37203,0.45701
BEN,BEN.11.5_1,Sakété,Plateau,2003,0.42556,0.37364,0.4641
BEN,BEN.11.5_1,Sakété,Plateau,2004,0.44616,0.39651,0.48363
BEN,BEN.11.5_1,Sakété,Plateau,2005,0.47352,0.41801,0.51616
BEN,BEN.11.5_1,Sakété,Plateau,2006,0.49301,0.43436,0.53578
BEN,BEN.11.5_1,Sakété,Plateau,2007,0.48989,0.42952,0.53514
BEN,BEN.11.5_1,Sakété,Plateau,2008,0.46482,0.40178,0.51405
BEN,BEN.11.5_1,Sakété,Plateau,2009,0.43287,0.36885,0.47976
BEN,BEN.11.5_1,Sakété,Plateau,2010,0.39338,0.33391,0.44004
BEN,BEN.11.5_1,Sakété,Plateau,2011,0.34024,0.29153,0.39263
BEN,BEN.11.5_1,Sakété,Plateau,2012,0.29587,0.25881,0.33913
BEN,BEN.11.5_1,Sakété,Plateau,2013,0.27123,0.23673,0.30576
BEN,BEN.11.5_1,Sakété,Plateau,2014,0.26848,0.23294,0.30204
BEN,BEN.11.5_1,Sakété,Plateau,2015,0.29003,0.25701,0.32154
BEN,BEN.11.5_1,Sakété,Plateau,2016,0.3326,0.29576,0.36485
BEN,BEN.11.5_1,Sakété,Plateau,2017,0.36357,0.32296,0.41455
BEN,BEN.11.5_1,Sakété,Plateau,2018,0.4037,0.36041,0.46082
BEN,BEN.11.5_1,Sakété,Plateau,2019,0.43819,0.39629,0.4851
BEN,BEN.11.5_1,Sakété,Plateau,2020,0.4396,0.3998,0.49503
BEN,BEN.11.5_1,Sakété,Plateau,2021,0.43578,0.39667,0.48744
BEN,BEN.11.5_1,Sakété,Plateau,2022,0.41191,0.37261,0.45277
BEN,BEN.11.5_1,Sakété,Plateau,2023,0.38763,0.34866,0.43416
BEN,BEN.11.5_1,Sakété,Plateau,2024,0.35766,0.31742,0.39691
BEN,BEN.11.5_1,Sakété,Plateau,2025,0.32178,0.28389,0.3516
BEN,BEN.12.1_1,Abomey,Zou,2000,0.40052,0.31824,0.45478
BEN,BEN.12.1_1,Abomey,Zou,2001,0.36769,0.28055,0.43115
BEN,BEN.12.1_1,Abomey,Zou,2002,0.37728,0.28514,0.44448
BEN,BEN.12.1_1,Abomey,Zou,2003,0.43583,0.33681,0.5045
BEN,BEN.12.1_1,Abomey,Zou,2004,0.52838,0.44495,0.57504
BEN,BEN.12.1_1,Abomey,Zou,2005,0.58411,0.54841,0.59449
BEN,BEN.12.1_1,Abomey,Zou,2006,0.59522,0.59023,0.59716
BEN,BEN.12.1_1,Abomey,Zou,2007,0.59416,0.59182,0.59471
BEN,BEN.12.1_1,Abomey,Zou,2008,0.59265,0.58833,0.59352
BEN,BEN.12.1_1,Abomey,Zou,2009,0.5841,0.55433,0.59122
BEN,BEN.12.1_1,Abomey,Zou,2010,0.53676,0.45341,0.56544
BEN,BEN.12.1_1,Abomey,Zou,2011,0.44717,0.34901,0.49491
BEN,BEN.12.1_1,Abomey,Zou,2012,0.38282,0.2863,0.4528
BEN,BEN.12.1_1,Abomey,Zou,2013,0.36328,0.26985,0.45168
BEN,BEN.12.1_1,Abomey,Zou,2014,0.37607,0.28361,0.47551
BEN,BEN.12.1_1,Abomey,Zou,2015,0.43182,0.33093,0.53166
BEN,BEN.12.1_1,Abomey,Zou,2016,0.48692,0.38598,0.56564
BEN,BEN.12.1_1,Abomey,Zou,2017,0.4818,0.38263,0.55972
BEN,BEN.12.1_1,Abomey,Zou,2018,0.43496,0.3378,0.50856
BEN,BEN.12.1_1,Abomey,Zou,2019,0.38464,0.29685,0.4444
BEN,BEN.12.1_1,Abomey,Zou,2020,0.34273,0.26568,0.38394
BEN,BEN.12.1_1,Abomey,Zou,2021,0.34991,0.27413,0.38262
BEN,BEN.12.1_1,Abomey,Zou,2022,0.36646,0.28792,0.39592
BEN,BEN.12.1_1,Abomey,Zou,2023,0.36349,0.28638,0.39321
BEN,BEN.12.1_1,Abomey,Zou,2024,0.35495,0.28124,0.38192
BEN,BEN.12.1_1,Abomey,Zou,2025,0.33566,0.26911,0.3648
BEN,BEN.12.2_1,Agbangnizoun,Zou,2000,0.44047,0.428,0.4581
BEN,BEN.12.2_1,Agbangnizoun,Zou,2001,0.41129,0.39676,0.42999
BEN,BEN.12.2_1,Agbangnizoun,Zou,2002,0.42276,0.40905,0.44502
BEN,BEN.12.2_1,Agbangnizoun,Zou,2003,0.47568,0.45585,0.49902
BEN,BEN.12.2_1,Agbangnizoun,Zou,2004,0.55453,0.5362,0.57
BEN,BEN.12.2_1,Agbangnizoun,Zou,2005,0.59072,0.58406,0.59507
BEN,BEN.12.2_1,Agbangnizoun,Zou,2006,0.59499,0.59324,0.59598
BEN,BEN.12.2_1,Agbangnizoun,Zou,2007,0.59386,0.5918,0.59447
BEN,BEN.12.2_1,Agbangnizoun,Zou,2008,0.59259,0.59047,0.59328
BEN,BEN.12.2_1,Agbangnizoun,Zou,2009,0.58239,0.56462,0.5909
BEN,BEN.12.2_1,Agbangnizoun,Zou,2010,0.52824,0.48596,0.56093
BEN,BEN.12.2_1,Agbangnizoun,Zou,2011,0.44386,0.39919,0.48433
BEN,BEN.12.2_1,Agbangnizoun,Zou,2012,0.39126,0.35034,0.42341
BEN,BEN.12.2_1,Agbangnizoun,Zou,2013,0.38525,0.34799,0.41209
BEN,BEN.12.2_1,Agbangnizoun,Zou,2014,0.40417,0.36955,0.44034
BEN,BEN.12.2_1,Agbangnizoun,Zou,2015,0.46183,0.42298,0.50218
BEN,BEN.12.2_1,Agbangnizoun,Zou,2016,0.51906,0.48475,0.55065
BEN,BEN.12.2_1,Agbangnizoun,Zou,2017,0.51595,0.48157,0.54678
BEN,BEN.12.2_1,Agbangnizoun,Zou,2018,0.47219,0.44477,0.4972
BEN,BEN.12.2_1,Agbangnizoun,Zou,2019,0.42561,0.406,0.45311
BEN,BEN.12.2_1,Agbangnizoun,Zou,2020,0.38246,0.35934,0.40823
BEN,BEN.12.2_1,Agbangnizoun,Zou,2021,0.38771,0.36479,0.41498
BEN,BEN.12.2_1,Agbangnizoun,Zou,2022,0.40241,0.3807,0.43251
BEN,BEN.12.2_1,Agbangnizoun,Zou,2023,0.39466,0.3761,0.42786
BEN,BEN.12.2_1,Agbangnizoun,Zou,2024,0.38169,0.36584,0.41312
BEN,BEN.12.2_1,Agbangnizoun,Zou,2025,0.35629,0.33864,0.38531
BEN,BEN.12.3_1,Bohicon,Zou,2000,0.37877,0.30464,0.40977
BEN,BEN.12.3_1,Bohicon,Zou,2001,0.33928,0.26272,0.36949
BEN,BEN.12.3_1,Bohicon,Zou,2002,0.34439,0.26852,0.37501
BEN,BEN.12.3_1,Bohicon,Zou,2003,0.40148,0.31987,0.43195
BEN,BEN.12.3_1,Bohicon,Zou,2004,0.49922,0.43103,0.52451
BEN,BEN.12.3_1,Bohicon,Zou,2005,0.57605,0.54089,0.58871
BEN,BEN.12.3_1,Bohicon,Zou,2006,0.59434,0.58875,0.5964
BEN,BEN.12.3_1,Bohicon,Zou,2007,0.59414,0.59143,0.59472
BEN,BEN.12.3_1,Bohicon,Zou,2008,0.59289,0.59014,0.59353
BEN,BEN.12.3_1,Bohicon,Zou,2009,0.5856,0.56772,0.59146
BEN,BEN.12.3_1,Bohicon,Zou,2010,0.54491,0.47681,0.57423
BEN,BEN.12.3_1,Bohicon,Zou,2011,0.44899,0.36042,0.49562
BEN,BEN.12.3_1,Bohicon,Zou,2012,0.35727,0.28155,0.39615
BEN,BEN.12.3_1,Bohicon,Zou,2013,0.31141,0.24588,0.34397
BEN,BEN.12.3_1,Bohicon,Zou,2014,0.30632,0.24817,0.34589
BEN,BEN.12.3_1,Bohicon,Zou,2015,0.34966,0.28924,0.39681
BEN,BEN.12.3_1,Bohicon,Zou,2016,0.40759,0.34182,0.45895
BEN,BEN.12.3_1,Bohicon,Zou,2017,0.40989,0.34413,0.45508
BEN,BEN.12.3_1,Bohicon,Zou,2018,0.37712,0.31386,0.41137
BEN,BEN.12.3_1,Bohicon,Zou,2019,0.35265,0.28381,0.38203
BEN,BEN.12.3_1,Bohicon,Zou,2020,0.33144,0.26412,0.36096
BEN,BEN.12.3_1,Bohicon,Zou,2021,0.34874,0.27887,0.37883
BEN,BEN.12.3_1,Bohicon,Zou,2022,0.37107,0.30093,0.40161
BEN,BEN.12.3_1,Bohicon,Zou,2023,0.36882,0.30135,0.39946
BEN,BEN.12.3_1,Bohicon,Zou,2024,0.3604,0.29351,0.39155
BEN,BEN.12.3_1,Bohicon,Zou,2025,0.33522,0.2748,0.3639
BEN,BEN.12.4_1,Covè,Zou,2000,0.37687,0.33366,0.40481
BEN,BEN.12.4_1,Covè,Zou,2001,0.3515,0.30312,0.38694
BEN,BEN.12.4_1,Covè,Zou,2002,0.36426,0.30952,0.40652
BEN,BEN.12.4_1,Covè,Zou,2003,0.41787,0.35019,0.46858
BEN,BEN.12.4_1,Covè,Zou,2004,0.50727,0.43756,0.55094
BEN,BEN.12.4_1,Covè,Zou,2005,0.57487,0.53242,0.59141
BEN,BEN.12.4_1,Covè,Zou,2006,0.59553,0.58493,0.59791
BEN,BEN.12.4_1,Covè,Zou,2007,0.5945,0.58975,0.5954
BEN,BEN.12.4_1,Covè,Zou,2008,0.59281,0.58503,0.59419
BEN,BEN.12.4_1,Covè,Zou,2009,0.58549,0.56065,0.59277
BEN,BEN.12.4_1,Covè,Zou,2010,0.54374,0.48613,0.56799
BEN,BEN.12.4_1,Covè,Zou,2011,0.43683,0.37096,0.47522
BEN,BEN.12.4_1,Covè,Zou,2012,0.33338,0.27795,0.37599
BEN,BEN.12.4_1,Covè,Zou,2013,0.27912,0.22626,0.32229
BEN,BEN.12.4_1,Covè,Zou,2014,0.27242,0.21556,0.32259
BEN,BEN.12.4_1,Covè,Zou,2015,0.31785,0.24452,0.38078
BEN,BEN.12.4_1,Covè,Zou,2016,0.37996,0.29217,0.45109
BEN,BEN.12.4_1,Covè,Zou,2017,0.38954,0.30553,0.45473
BEN,BEN.12.4_1,Covè,Zou,2018,0.37133,0.30536,0.4195
BEN,BEN.12.4_1,Covè,Zou,2019,0.35868,0.29989,0.39829
BEN,BEN.12.4_1,Covè,Zou,2020,0.34035,0.29087,0.37213
BEN,BEN.12.4_1,Covè,Zou,2021,0.35894,0.31318,0.38854
BEN,BEN.12.4_1,Covè,Zou,2022,0.37707,0.33304,0.40371
BEN,BEN.12.4_1,Covè,Zou,2023,0.37592,0.33386,0.40533
BEN,BEN.12.4_1,Covè,Zou,2024,0.36674,0.32434,0.39389
BEN,BEN.12.4_1,Covè,Zou,2025,0.34405,0.30417,0.3727
BEN,BEN.12.5_1,Djidja,Zou,2000,0.41393,0.37036,0.47475
BEN,BEN.12.5_1,Djidja,Zou,2001,0.40043,0.33324,0.47613
BEN,BEN.12.5_1,Djidja,Zou,2002,0.42409,0.34376,0.51057
BEN,BEN.12.5_1,Djidja,Zou,2003,0.48797,0.41102,0.56362
BEN,BEN.12.5_1,Djidja,Zou,2004,0.56311,0.51483,0.59568
BEN,BEN.12.5_1,Djidja,Zou,2005,0.59469,0.58673,0.59957
BEN,BEN.12.5_1,Djidja,Zou,2006,0.59761,0.59618,0.59814
BEN,BEN.12.5_1,Djidja,Zou,2007,0.59494,0.59335,0.59554
BEN,BEN.12.5_1,Djidja,Zou,2008,0.59226,0.57582,0.59416
BEN,BEN.12.5_1,Djidja,Zou,2009,0.58047,0.53211,0.59293
BEN,BEN.12.5_1,Djidja,Zou,2010,0.53037,0.45701,0.58189
BEN,BEN.12.5_1,Djidja,Zou,2011,0.45339,0.40614,0.521
BEN,BEN.12.5_1,Djidja,Zou,2012,0.40358,0.33757,0.46049
BEN,BEN.12.5_1,Djidja,Zou,2013,0.39943,0.29818,0.5054
BEN,BEN.12.5_1,Djidja,Zou,2014,0.41455,0.29106,0.54625
BEN,BEN.12.5_1,Djidja,Zou,2015,0.45632,0.33999,0.56931
BEN,BEN.12.5_1,Djidja,Zou,2016,0.49406,0.40152,0.5736
BEN,BEN.12.5_1,Djidja,Zou,2017,0.48006,0.40329,0.56824
BEN,BEN.12.5_1,Djidja,Zou,2018,0.42558,0.36156,0.52573
BEN,BEN.12.5_1,Djidja,Zou,2019,0.37529,0.32321,0.45767
BEN,BEN.12.5_1,Djidja,Zou,2020,0.3312,0.28977,0.38725
BEN,BEN.12.5_1,Djidja,Zou,2021,0.3344,0.29486,0.37918
BEN,BEN.12.5_1,Djidja,Zou,2022,0.35195,0.30609,0.39849
BEN,BEN.12.5_1,Djidja,Zou,2023,0.35217,0.3041,0.39761
BEN,BEN.12.5_1,Djidja,Zou,2024,0.35455,0.31233,0.39442
BEN,BEN.12.5_1,Djidja,Zou,2025,0.34397,0.31551,0.37026
BEN,BEN.12.6_1,Ouinhi,Zou,2000,0.40712,0.35732,0.47198
BEN,BEN.12.6_1,Ouinhi,Zou,2001,0.39493,0.33547,0.47269
BEN,BEN.12.6_1,Ouinhi,Zou,2002,0.39764,0.33879,0.474
BEN,BEN.12.6_1,Ouinhi,Zou,2003,0.42324,0.37124,0.48803
BEN,BEN.12.6_1,Ouinhi,Zou,2004,0.47775,0.44692,0.51955
BEN,BEN.12.6_1,Ouinhi,Zou,2005,0.54226,0.51572,0.57277
BEN,BEN.12.6_1,Ouinhi,Zou,2006,0.57917,0.56249,0.59454
BEN,BEN.12.6_1,Ouinhi,Zou,2007,0.58269,0.56986,0.59392
BEN,BEN.12.6_1,Ouinhi,Zou,2008,0.57372,0.55371,0.59138
BEN,BEN.12.6_1,Ouinhi,Zou,2009,0.55103,0.51949,0.58259
BEN,BEN.12.6_1,Ouinhi,Zou,2010,0.49104,0.4481,0.54457
BEN,BEN.12.6_1,Ouinhi,Zou,2011,0.38799,0.35216,0.43615
BEN,BEN.12.6_1,Ouinhi,Zou,2012,0.29752,0.27368,0.34203
BEN,BEN.12.6_1,Ouinhi,Zou,2013,0.24715,0.22051,0.29516
BEN,BEN.12.6_1,Ouinhi,Zou,2014,0.235,0.2069,0.28262
BEN,BEN.12.6_1,Ouinhi,Zou,2015,0.26295,0.23475,0.31062
BEN,BEN.12.6_1,Ouinhi,Zou,2016,0.31211,0.28219,0.36086
BEN,BEN.12.6_1,Ouinhi,Zou,2017,0.33208,0.29971,0.38713
BEN,BEN.12.6_1,Ouinhi,Zou,2018,0.34685,0.30676,0.41177
BEN,BEN.12.6_1,Ouinhi,Zou,2019,0.36647,0.31695,0.44008
BEN,BEN.12.6_1,Ouinhi,Zou,2020,0.36249,0.31384,0.43382
BEN,BEN.12.6_1,Ouinhi,Zou,2021,0.37925,0.33303,0.44095
BEN,BEN.12.6_1,Ouinhi,Zou,2022,0.3874,0.34993,0.43635
BEN,BEN.12.6_1,Ouinhi,Zou,2023,0.37798,0.34413,0.42275
BEN,BEN.12.6_1,Ouinhi,Zou,2024,0.36558,0.33233,0.4076
BEN,BEN.12.6_1,Ouinhi,Zou,2025,0.34234,0.31212,0.37869
BEN,BEN.12.7_1,Za-Kpota,Zou,2000,0.37495,0.35537,0.39597
BEN,BEN.12.7_1,Za-Kpota,Zou,2001,0.33786,0.31963,0.3563
BEN,BEN.12.7_1,Za-Kpota,Zou,2002,0.34491,0.32786,0.36822
BEN,BEN.12.7_1,Za-Kpota,Zou,2003,0.40366,0.37449,0.43278
BEN,BEN.12.7_1,Za-Kpota,Zou,2004,0.50321,0.47239,0.52748
BEN,BEN.12.7_1,Za-Kpota,Zou,2005,0.57979,0.56119,0.59076
BEN,BEN.12.7_1,Za-Kpota,Zou,2006,0.59598,0.59273,0.59746
BEN,BEN.12.7_1,Za-Kpota,Zou,2007,0.59468,0.59388,0.59494
BEN,BEN.12.7_1,Za-Kpota,Zou,2008,0.59332,0.59236,0.59375
BEN,BEN.12.7_1,Za-Kpota,Zou,2009,0.58948,0.58198,0.59195
BEN,BEN.12.7_1,Za-Kpota,Zou,2010,0.5634,0.53688,0.58126
BEN,BEN.12.7_1,Za-Kpota,Zou,2011,0.46992,0.42023,0.5181
BEN,BEN.12.7_1,Za-Kpota,Zou,2012,0.36068,0.31504,0.41483
BEN,BEN.12.7_1,Za-Kpota,Zou,2013,0.30212,0.26089,0.35359
BEN,BEN.12.7_1,Za-Kpota,Zou,2014,0.29132,0.24939,0.34613
BEN,BEN.12.7_1,Za-Kpota,Zou,2015,0.33382,0.2838,0.39485
BEN,BEN.12.7_1,Za-Kpota,Zou,2016,0.39277,0.33824,0.45886
BEN,BEN.12.7_1,Za-Kpota,Zou,2017,0.39722,0.34381,0.45633
BEN,BEN.12.7_1,Za-Kpota,Zou,2018,0.37159,0.33172,0.41533
BEN,BEN.12.7_1,Za-Kpota,Zou,2019,0.35084,0.32088,0.37837
BEN,BEN.12.7_1,Za-Kpota,Zou,2020,0.33181,0.30911,0.3552
BEN,BEN.12.7_1,Za-Kpota,Zou,2021,0.35334,0.33229,0.37696
BEN,BEN.12.7_1,Za-Kpota,Zou,2022,0.37764,0.35579,0.39892
BEN,BEN.12.7_1,Za-Kpota,Zou,2023,0.37638,0.35536,0.39657
BEN,BEN.12.7_1,Za-Kpota,Zou,2024,0.3681,0.34348,0.39127
BEN,BEN.12.7_1,Za-Kpota,Zou,2025,0.34292,0.32001,0.36527
BEN,BEN.12.8_1,Zagnanado,Zou,2000,0.39988,0.34745,0.44482
BEN,BEN.12.8_1,Zagnanado,Zou,2001,0.38407,0.3249,0.43605
BEN,BEN.12.8_1,Zagnanado,Zou,2002,0.39635,0.33086,0.43811
BEN,BEN.12.8_1,Zagnanado,Zou,2003,0.43795,0.36539,0.49347
BEN,BEN.12.8_1,Zagnanado,Zou,2004,0.50888,0.44562,0.5572
BEN,BEN.12.8_1,Zagnanado,Zou,2005,0.57112,0.5348,0.59116
BEN,BEN.12.8_1,Zagnanado,Zou,2006,0.59385,0.58509,0.59787
BEN,BEN.12.8_1,Zagnanado,Zou,2007,0.59362,0.58972,0.59532
BEN,BEN.12.8_1,Zagnanado,Zou,2008,0.59065,0.58312,0.59412
BEN,BEN.12.8_1,Zagnanado,Zou,2009,0.57951,0.56381,0.59265
BEN,BEN.12.8_1,Zagnanado,Zou,2010,0.53237,0.49411,0.56969
BEN,BEN.12.8_1,Zagnanado,Zou,2011,0.42682,0.37411,0.48791
BEN,BEN.12.8_1,Zagnanado,Zou,2012,0.32873,0.27902,0.38613
BEN,BEN.12.8_1,Zagnanado,Zou,2013,0.27555,0.22604,0.33352
BEN,BEN.12.8_1,Zagnanado,Zou,2014,0.26753,0.21322,0.33337
BEN,BEN.12.8_1,Zagnanado,Zou,2015,0.3091,0.24229,0.39736
BEN,BEN.12.8_1,Zagnanado,Zou,2016,0.37046,0.29204,0.47541
BEN,BEN.12.8_1,Zagnanado,Zou,2017,0.38564,0.30678,0.4879
BEN,BEN.12.8_1,Zagnanado,Zou,2018,0.38242,0.3074,0.46456
BEN,BEN.12.8_1,Zagnanado,Zou,2019,0.38222,0.3136,0.44215
BEN,BEN.12.8_1,Zagnanado,Zou,2020,0.36857,0.30739,0.41578
BEN,BEN.12.8_1,Zagnanado,Zou,2021,0.38351,0.3268,0.42165
BEN,BEN.12.8_1,Zagnanado,Zou,2022,0.39523,0.34781,0.42983
BEN,BEN.12.8_1,Zagnanado,Zou,2023,0.38904,0.34195,0.4225
BEN,BEN.12.8_1,Zagnanado,Zou,2024,0.37863,0.33042,0.4173
BEN,BEN.12.8_1,Zagnanado,Zou,2025,0.3554,0.31062,0.39146
BEN,BEN.12.9_1,Zogbodomey,Zou,2000,0.42968,0.37844,0.50417
BEN,BEN.12.9_1,Zogbodomey,Zou,2001,0.40229,0.34605,0.49078
BEN,BEN.12.9_1,Zogbodomey,Zou,2002,0.40493,0.34734,0.49755
BEN,BEN.12.9_1,Zogbodomey,Zou,2003,0.44324,0.38543,0.52429
BEN,BEN.12.9_1,Zogbodomey,Zou,2004,0.5147,0.4629,0.56821
BEN,BEN.12.9_1,Zogbodomey,Zou,2005,0.57112,0.54243,0.58877
BEN,BEN.12.9_1,Zogbodomey,Zou,2006,0.59092,0.58363,0.59453
BEN,BEN.12.9_1,Zogbodomey,Zou,2007,0.59178,0.58492,0.59448
BEN,BEN.12.9_1,Zogbodomey,Zou,2008,0.58844,0.5716,0.59327
BEN,BEN.12.9_1,Zogbodomey,Zou,2009,0.56885,0.54451,0.58482
BEN,BEN.12.9_1,Zogbodomey,Zou,2010,0.51019,0.46133,0.54672
BEN,BEN.12.9_1,Zogbodomey,Zou,2011,0.4209,0.3812,0.45894
BEN,BEN.12.9_1,Zogbodomey,Zou,2012,0.35094,0.30159,0.41402
BEN,BEN.12.9_1,Zogbodomey,Zou,2013,0.32049,0.2613,0.40903
BEN,BEN.12.9_1,Zogbodomey,Zou,2014,0.31949,0.25176,0.42281
BEN,BEN.12.9_1,Zogbodomey,Zou,2015,0.3577,0.28303,0.47497
BEN,BEN.12.9_1,Zogbodomey,Zou,2016,0.41173,0.33297,0.52378
BEN,BEN.12.9_1,Zogbodomey,Zou,2017,0.41726,0.34093,0.52563
BEN,BEN.12.9_1,Zogbodomey,Zou,2018,0.40156,0.33444,0.49663
BEN,BEN.12.9_1,Zogbodomey,Zou,2019,0.39073,0.33227,0.47418
BEN,BEN.12.9_1,Zogbodomey,Zou,2020,0.37104,0.32108,0.44174
BEN,BEN.12.9_1,Zogbodomey,Zou,2021,0.38519,0.33839,0.44713
BEN,BEN.12.9_1,Zogbodomey,Zou,2022,0.39933,0.35588,0.45174
BEN,BEN.12.9_1,Zogbodomey,Zou,2023,0.39188,0.35129,0.44123
BEN,BEN.12.9_1,Zogbodomey,Zou,2024,0.379,0.33901,0.42817
BEN,BEN.12.9_1,Zogbodomey,Zou,2025,0.35076,0.31468,0.39436
BEN,BEN.2.1_1,Boukoumbé,Atakora,2000,0.38973,0.34401,0.4234
BEN,BEN.2.1_1,Boukoumbé,Atakora,2001,0.43701,0.38923,0.47386
BEN,BEN.2.1_1,Boukoumbé,Atakora,2002,0.48551,0.44333,0.51319
BEN,BEN.2.1_1,Boukoumbé,Atakora,2003,0.52382,0.49035,0.54693
BEN,BEN.2.1_1,Boukoumbé,Atakora,2004,0.55034,0.52385,0.56892
BEN,BEN.2.1_1,Boukoumbé,Atakora,2005,0.5721,0.55255,0.58602
BEN,BEN.2.1_1,Boukoumbé,Atakora,2006,0.58284,0.56741,0.59043
BEN,BEN.2.1_1,Boukoumbé,Atakora,2007,0.58534,0.56986,0.59403
BEN,BEN.2.1_1,Boukoumbé,Atakora,2008,0.58408,0.56615,0.59509
BEN,BEN.2.1_1,Boukoumbé,Atakora,2009,0.59046,0.57721,0.59759
BEN,BEN.2.1_1,Boukoumbé,Atakora,2010,0.59587,0.58368,0.60067
BEN,BEN.2.1_1,Boukoumbé,Atakora,2011,0.5884,0.57013,0.59662
BEN,BEN.2.1_1,Boukoumbé,Atakora,2012,0.57591,0.53628,0.59183
BEN,BEN.2.1_1,Boukoumbé,Atakora,2013,0.55163,0.49487,0.58291
BEN,BEN.2.1_1,Boukoumbé,Atakora,2014,0.53623,0.47319,0.57215
BEN,BEN.2.1_1,Boukoumbé,Atakora,2015,0.54042,0.47636,0.57073
BEN,BEN.2.1_1,Boukoumbé,Atakora,2016,0.54757,0.49023,0.57734
BEN,BEN.2.1_1,Boukoumbé,Atakora,2017,0.53679,0.47512,0.5728
BEN,BEN.2.1_1,Boukoumbé,Atakora,2018,0.50755,0.44291,0.56124
BEN,BEN.2.1_1,Boukoumbé,Atakora,2019,0.461,0.39666,0.51985
BEN,BEN.2.1_1,Boukoumbé,Atakora,2020,0.40735,0.34569,0.46335
BEN,BEN.2.1_1,Boukoumbé,Atakora,2021,0.39113,0.33364,0.44543
BEN,BEN.2.1_1,Boukoumbé,Atakora,2022,0.38917,0.33338,0.4385
BEN,BEN.2.1_1,Boukoumbé,Atakora,2023,0.37724,0.32393,0.41956
BEN,BEN.2.1_1,Boukoumbé,Atakora,2024,0.37414,0.3218,0.41084
BEN,BEN.2.1_1,Boukoumbé,Atakora,2025,0.3729,0.32934,0.40014
BEN,BEN.2.2_1,Cobly,Atakora,2000,0.3882,0.34135,0.41614
BEN,BEN.2.2_1,Cobly,Atakora,2001,0.4389,0.38839,0.46647
BEN,BEN.2.2_1,Cobly,Atakora,2002,0.49932,0.4463,0.52464
BEN,BEN.2.2_1,Cobly,Atakora,2003,0.54924,0.49947,0.57433
BEN,BEN.2.2_1,Cobly,Atakora,2004,0.57706,0.53758,0.59615
BEN,BEN.2.2_1,Cobly,Atakora,2005,0.59181,0.56198,0.60392
BEN,BEN.2.2_1,Cobly,Atakora,2006,0.59237,0.57042,0.60101
BEN,BEN.2.2_1,Cobly,Atakora,2007,0.58768,0.56703,0.59431
BEN,BEN.2.2_1,Cobly,Atakora,2008,0.5819,0.56083,0.59265
BEN,BEN.2.2_1,Cobly,Atakora,2009,0.58793,0.57389,0.59686
BEN,BEN.2.2_1,Cobly,Atakora,2010,0.59381,0.58268,0.60163
BEN,BEN.2.2_1,Cobly,Atakora,2011,0.58493,0.56766,0.59746
BEN,BEN.2.2_1,Cobly,Atakora,2012,0.56167,0.5179,0.59241
BEN,BEN.2.2_1,Cobly,Atakora,2013,0.52854,0.46587,0.57863
BEN,BEN.2.2_1,Cobly,Atakora,2014,0.52312,0.47942,0.57246
BEN,BEN.2.2_1,Cobly,Atakora,2015,0.55609,0.52334,0.58143
BEN,BEN.2.2_1,Cobly,Atakora,2016,0.57372,0.54034,0.58359
BEN,BEN.2.2_1,Cobly,Atakora,2017,0.57028,0.52732,0.581
BEN,BEN.2.2_1,Cobly,Atakora,2018,0.54889,0.48755,0.56949
BEN,BEN.2.2_1,Cobly,Atakora,2019,0.50326,0.4326,0.53119
BEN,BEN.2.2_1,Cobly,Atakora,2020,0.45085,0.37788,0.48605
BEN,BEN.2.2_1,Cobly,Atakora,2021,0.4323,0.35584,0.46905
BEN,BEN.2.2_1,Cobly,Atakora,2022,0.42435,0.35468,0.45893
BEN,BEN.2.2_1,Cobly,Atakora,2023,0.40559,0.34271,0.44105
BEN,BEN.2.2_1,Cobly,Atakora,2024,0.40071,0.34089,0.43791
BEN,BEN.2.2_1,Cobly,Atakora,2025,0.39194,0.34696,0.4251
BEN,BEN.2.3_1,Kérou,Atakora,2000,0.38573,0.33383,0.41259
BEN,BEN.2.3_1,Kérou,Atakora,2001,0.43703,0.38652,0.46546
BEN,BEN.2.3_1,Kérou,Atakora,2002,0.48004,0.44103,0.51128
BEN,BEN.2.3_1,Kérou,Atakora,2003,0.51101,0.4811,0.53737
BEN,BEN.2.3_1,Kérou,Atakora,2004,0.53762,0.51239,0.56056
BEN,BEN.2.3_1,Kérou,Atakora,2005,0.56087,0.53639,0.5824
BEN,BEN.2.3_1,Kérou,Atakora,2006,0.57079,0.54859,0.59279
BEN,BEN.2.3_1,Kérou,Atakora,2007,0.567,0.54668,0.58969
BEN,BEN.2.3_1,Kérou,Atakora,2008,0.56052,0.53741,0.5835
BEN,BEN.2.3_1,Kérou,Atakora,2009,0.56634,0.536,0.58293
BEN,BEN.2.3_1,Kérou,Atakora,2010,0.57196,0.52979,0.58617
BEN,BEN.2.3_1,Kérou,Atakora,2011,0.54726,0.49807,0.57208
BEN,BEN.2.3_1,Kérou,Atakora,2012,0.4866,0.42229,0.53104
BEN,BEN.2.3_1,Kérou,Atakora,2013,0.42228,0.34165,0.47424
BEN,BEN.2.3_1,Kérou,Atakora,2014,0.39542,0.31635,0.44932
BEN,BEN.2.3_1,Kérou,Atakora,2015,0.4174,0.33726,0.46469
BEN,BEN.2.3_1,Kérou,Atakora,2016,0.45196,0.37415,0.49383
BEN,BEN.2.3_1,Kérou,Atakora,2017,0.43318,0.36223,0.47141
BEN,BEN.2.3_1,Kérou,Atakora,2018,0.39782,0.33341,0.43887
BEN,BEN.2.3_1,Kérou,Atakora,2019,0.40766,0.35457,0.45201
BEN,BEN.2.3_1,Kérou,Atakora,2020,0.41622,0.36873,0.46057
BEN,BEN.2.3_1,Kérou,Atakora,2021,0.41212,0.36774,0.45341
BEN,BEN.2.3_1,Kérou,Atakora,2022,0.40469,0.36437,0.44213
BEN,BEN.2.3_1,Kérou,Atakora,2023,0.3898,0.35363,0.42534
BEN,BEN.2.3_1,Kérou,Atakora,2024,0.38746,0.34153,0.42228
BEN,BEN.2.3_1,Kérou,Atakora,2025,0.37885,0.3372,0.40683
BEN,BEN.2.4_1,Kouandé,Atakora,2000,0.39959,0.36091,0.42829
BEN,BEN.2.4_1,Kouandé,Atakora,2001,0.4509,0.41027,0.47877
BEN,BEN.2.4_1,Kouandé,Atakora,2002,0.49631,0.46213,0.52138
BEN,BEN.2.4_1,Kouandé,Atakora,2003,0.52565,0.49548,0.54967
BEN,BEN.2.4_1,Kouandé,Atakora,2004,0.5529,0.53201,0.56808
BEN,BEN.2.4_1,Kouandé,Atakora,2005,0.57459,0.557,0.58741
BEN,BEN.2.4_1,Kouandé,Atakora,2006,0.58644,0.56919,0.59705
BEN,BEN.2.4_1,Kouandé,Atakora,2007,0.58685,0.56586,0.59767
BEN,BEN.2.4_1,Kouandé,Atakora,2008,0.58176,0.55849,0.59684
BEN,BEN.2.4_1,Kouandé,Atakora,2009,0.58152,0.5602,0.59779
BEN,BEN.2.4_1,Kouandé,Atakora,2010,0.57911,0.54587,0.5978
BEN,BEN.2.4_1,Kouandé,Atakora,2011,0.54919,0.48786,0.58914
BEN,BEN.2.4_1,Kouandé,Atakora,2012,0.4814,0.39347,0.56223
BEN,BEN.2.4_1,Kouandé,Atakora,2013,0.41912,0.33261,0.52452
BEN,BEN.2.4_1,Kouandé,Atakora,2014,0.40128,0.3225,0.50068
BEN,BEN.2.4_1,Kouandé,Atakora,2015,0.43476,0.36288,0.5058
BEN,BEN.2.4_1,Kouandé,Atakora,2016,0.4794,0.41933,0.52286
BEN,BEN.2.4_1,Kouandé,Atakora,2017,0.48773,0.43742,0.53159
BEN,BEN.2.4_1,Kouandé,Atakora,2018,0.48876,0.40319,0.53185
BEN,BEN.2.4_1,Kouandé,Atakora,2019,0.46981,0.41147,0.51367
BEN,BEN.2.4_1,Kouandé,Atakora,2020,0.43547,0.38397,0.47578
BEN,BEN.2.4_1,Kouandé,Atakora,2021,0.42817,0.36693,0.46466
BEN,BEN.2.4_1,Kouandé,Atakora,2022,0.42191,0.36147,0.45063
BEN,BEN.2.4_1,Kouandé,Atakora,2023,0.40458,0.34564,0.43286
BEN,BEN.2.4_1,Kouandé,Atakora,2024,0.40209,0.34494,0.43115
BEN,BEN.2.4_1,Kouandé,Atakora,2025,0.3888,0.34451,0.41278
BEN,BEN.2.5_1,Matéri,Atakora,2000,0.37321,0.32887,0.40824
BEN,BEN.2.5_1,Matéri,Atakora,2001,0.42779,0.3814,0.46009
BEN,BEN.2.5_1,Matéri,Atakora,2002,0.48797,0.44513,0.51699
BEN,BEN.2.5_1,Matéri,Atakora,2003,0.54481,0.51277,0.56851
BEN,BEN.2.5_1,Matéri,Atakora,2004,0.5728,0.55064,0.59296
BEN,BEN.2.5_1,Matéri,Atakora,2005,0.58834,0.57233,0.60335
BEN,BEN.2.5_1,Matéri,Atakora,2006,0.59409,0.57945,0.60103
BEN,BEN.2.5_1,Matéri,Atakora,2007,0.58948,0.57545,0.59758
BEN,BEN.2.5_1,Matéri,Atakora,2008,0.58438,0.56846,0.59408
BEN,BEN.2.5_1,Matéri,Atakora,2009,0.58977,0.57435,0.59898
BEN,BEN.2.5_1,Matéri,Atakora,2010,0.59567,0.58009,0.60319
BEN,BEN.2.5_1,Matéri,Atakora,2011,0.58566,0.55449,0.60038
BEN,BEN.2.5_1,Matéri,Atakora,2012,0.54687,0.49046,0.59008
BEN,BEN.2.5_1,Matéri,Atakora,2013,0.4948,0.42568,0.5709
BEN,BEN.2.5_1,Matéri,Atakora,2014,0.49766,0.43589,0.56172
BEN,BEN.2.5_1,Matéri,Atakora,2015,0.54667,0.5055,0.57779
BEN,BEN.2.5_1,Matéri,Atakora,2016,0.57632,0.55867,0.58388
BEN,BEN.2.5_1,Matéri,Atakora,2017,0.57631,0.56132,0.58106
BEN,BEN.2.5_1,Matéri,Atakora,2018,0.56615,0.54276,0.57469
BEN,BEN.2.5_1,Matéri,Atakora,2019,0.52551,0.48297,0.54248
BEN,BEN.2.5_1,Matéri,Atakora,2020,0.46967,0.41997,0.4933
BEN,BEN.2.5_1,Matéri,Atakora,2021,0.44544,0.39136,0.4711
BEN,BEN.2.5_1,Matéri,Atakora,2022,0.42301,0.37673,0.45583
BEN,BEN.2.5_1,Matéri,Atakora,2023,0.39473,0.35004,0.43053
BEN,BEN.2.5_1,Matéri,Atakora,2024,0.38563,0.34209,0.4246
BEN,BEN.2.5_1,Matéri,Atakora,2025,0.37159,0.33436,0.40751
BEN,BEN.2.6_1,Natitingou,Atakora,2000,0.40223,0.3705,0.42606
BEN,BEN.2.6_1,Natitingou,Atakora,2001,0.45211,0.41745,0.4743
BEN,BEN.2.6_1,Natitingou,Atakora,2002,0.49776,0.46926,0.51796
BEN,BEN.2.6_1,Natitingou,Atakora,2003,0.52955,0.50625,0.54797
BEN,BEN.2.6_1,Natitingou,Atakora,2004,0.5552,0.53741,0.56908
BEN,BEN.2.6_1,Natitingou,Atakora,2005,0.57439,0.56224,0.58489
BEN,BEN.2.6_1,Natitingou,Atakora,2006,0.58503,0.57507,0.59134
BEN,BEN.2.6_1,Natitingou,Atakora,2007,0.59027,0.58084,0.59521
BEN,BEN.2.6_1,Natitingou,Atakora,2008,0.58942,0.5785,0.59601
BEN,BEN.2.6_1,Natitingou,Atakora,2009,0.59124,0.57943,0.59794
BEN,BEN.2.6_1,Natitingou,Atakora,2010,0.59184,0.5746,0.60092
BEN,BEN.2.6_1,Natitingou,Atakora,2011,0.57313,0.5367,0.59685
BEN,BEN.2.6_1,Natitingou,Atakora,2012,0.53218,0.46376,0.59196
BEN,BEN.2.6_1,Natitingou,Atakora,2013,0.49105,0.40494,0.57753
BEN,BEN.2.6_1,Natitingou,Atakora,2014,0.47926,0.39758,0.56567
BEN,BEN.2.6_1,Natitingou,Atakora,2015,0.50541,0.43247,0.5735
BEN,BEN.2.6_1,Natitingou,Atakora,2016,0.53569,0.47744,0.57922
BEN,BEN.2.6_1,Natitingou,Atakora,2017,0.53209,0.47415,0.57374
BEN,BEN.2.6_1,Natitingou,Atakora,2018,0.51558,0.45507,0.56236
BEN,BEN.2.6_1,Natitingou,Atakora,2019,0.48066,0.43023,0.52099
BEN,BEN.2.6_1,Natitingou,Atakora,2020,0.43276,0.38626,0.47562
BEN,BEN.2.6_1,Natitingou,Atakora,2021,0.41813,0.3748,0.46331
BEN,BEN.2.6_1,Natitingou,Atakora,2022,0.41011,0.36778,0.44491
BEN,BEN.2.6_1,Natitingou,Atakora,2023,0.39295,0.35403,0.42397
BEN,BEN.2.6_1,Natitingou,Atakora,2024,0.39038,0.35284,0.41981
BEN,BEN.2.6_1,Natitingou,Atakora,2025,0.38057,0.34981,0.40622
BEN,BEN.2.7_1,Péhunco,Atakora,2000,0.38764,0.36005,0.42097
BEN,BEN.2.7_1,Péhunco,Atakora,2001,0.43515,0.40631,0.46726
BEN,BEN.2.7_1,Péhunco,Atakora,2002,0.47802,0.44853,0.51464
BEN,BEN.2.7_1,Péhunco,Atakora,2003,0.50696,0.47847,0.54015
BEN,BEN.2.7_1,Péhunco,Atakora,2004,0.53839,0.51805,0.56133
BEN,BEN.2.7_1,Péhunco,Atakora,2005,0.5614,0.5451,0.57905
BEN,BEN.2.7_1,Péhunco,Atakora,2006,0.578,0.56358,0.59277
BEN,BEN.2.7_1,Péhunco,Atakora,2007,0.58452,0.572,0.59634
BEN,BEN.2.7_1,Péhunco,Atakora,2008,0.58042,0.56505,0.59496
BEN,BEN.2.7_1,Péhunco,Atakora,2009,0.57664,0.55449,0.59635
BEN,BEN.2.7_1,Péhunco,Atakora,2010,0.56782,0.53713,0.59542
BEN,BEN.2.7_1,Péhunco,Atakora,2011,0.52419,0.47607,0.57552
BEN,BEN.2.7_1,Péhunco,Atakora,2012,0.42531,0.36233,0.50933
BEN,BEN.2.7_1,Péhunco,Atakora,2013,0.33948,0.28024,0.42777
BEN,BEN.2.7_1,Péhunco,Atakora,2014,0.31284,0.25292,0.39751
BEN,BEN.2.7_1,Péhunco,Atakora,2015,0.35088,0.27795,0.43225
BEN,BEN.2.7_1,Péhunco,Atakora,2016,0.41762,0.32698,0.5015
BEN,BEN.2.7_1,Péhunco,Atakora,2017,0.424,0.33241,0.50255
BEN,BEN.2.7_1,Péhunco,Atakora,2018,0.40128,0.3235,0.47864
BEN,BEN.2.7_1,Péhunco,Atakora,2019,0.42679,0.36341,0.49558
BEN,BEN.2.7_1,Péhunco,Atakora,2020,0.44619,0.39444,0.4983
BEN,BEN.2.7_1,Péhunco,Atakora,2021,0.44049,0.40022,0.47949
BEN,BEN.2.7_1,Péhunco,Atakora,2022,0.4233,0.39113,0.45501
BEN,BEN.2.7_1,Péhunco,Atakora,2023,0.40273,0.37574,0.43121
BEN,BEN.2.7_1,Péhunco,Atakora,2024,0.40051,0.38278,0.42921
BEN,BEN.2.7_1,Péhunco,Atakora,2025,0.38715,0.36974,0.41428
BEN,BEN.2.8_1,Tanguiéta,Atakora,2000,0.3758,0.31457,0.44899
BEN,BEN.2.8_1,Tanguiéta,Atakora,2001,0.42474,0.36496,0.49367
BEN,BEN.2.8_1,Tanguiéta,Atakora,2002,0.47847,0.41485,0.53006
BEN,BEN.2.8_1,Tanguiéta,Atakora,2003,0.52438,0.46449,0.56433
BEN,BEN.2.8_1,Tanguiéta,Atakora,2004,0.55252,0.50395,0.58459
BEN,BEN.2.8_1,Tanguiéta,Atakora,2005,0.5718,0.5312,0.59647
BEN,BEN.2.8_1,Tanguiéta,Atakora,2006,0.58015,0.54202,0.60016
BEN,BEN.2.8_1,Tanguiéta,Atakora,2007,0.57729,0.54529,0.59741
BEN,BEN.2.8_1,Tanguiéta,Atakora,2008,0.57347,0.53477,0.59734
BEN,BEN.2.8_1,Tanguiéta,Atakora,2009,0.57848,0.53818,0.60364
BEN,BEN.2.8_1,Tanguiéta,Atakora,2010,0.58248,0.52923,0.60466
BEN,BEN.2.8_1,Tanguiéta,Atakora,2011,0.56376,0.49796,0.603
BEN,BEN.2.8_1,Tanguiéta,Atakora,2012,0.5237,0.44052,0.59574
BEN,BEN.2.8_1,Tanguiéta,Atakora,2013,0.47411,0.38215,0.58216
BEN,BEN.2.8_1,Tanguiéta,Atakora,2014,0.46324,0.37149,0.57381
BEN,BEN.2.8_1,Tanguiéta,Atakora,2015,0.49229,0.39835,0.58127
BEN,BEN.2.8_1,Tanguiéta,Atakora,2016,0.517,0.42562,0.58351
BEN,BEN.2.8_1,Tanguiéta,Atakora,2017,0.51034,0.41961,0.58004
BEN,BEN.2.8_1,Tanguiéta,Atakora,2018,0.49229,0.3788,0.57175
BEN,BEN.2.8_1,Tanguiéta,Atakora,2019,0.45704,0.37084,0.53926
BEN,BEN.2.8_1,Tanguiéta,Atakora,2020,0.41813,0.34448,0.48921
BEN,BEN.2.8_1,Tanguiéta,Atakora,2021,0.41095,0.34531,0.47956
BEN,BEN.2.8_1,Tanguiéta,Atakora,2022,0.40415,0.34939,0.45786
BEN,BEN.2.8_1,Tanguiéta,Atakora,2023,0.38613,0.33755,0.44416
BEN,BEN.2.8_1,Tanguiéta,Atakora,2024,0.38066,0.33076,0.42919
BEN,BEN.2.8_1,Tanguiéta,Atakora,2025,0.3664,0.31673,0.40883
BEN,BEN.2.9_1,Toucountouna,Atakora,2000,0.40234,0.37454,0.42328
BEN,BEN.2.9_1,Toucountouna,Atakora,2001,0.45181,0.41824,0.47492
BEN,BEN.2.9_1,Toucountouna,Atakora,2002,0.50016,0.47253,0.51636
BEN,BEN.2.9_1,Toucountouna,Atakora,2003,0.53559,0.51584,0.54949
BEN,BEN.2.9_1,Toucountouna,Atakora,2004,0.55954,0.54281,0.56809
BEN,BEN.2.9_1,Toucountouna,Atakora,2005,0.57804,0.56396,0.58523
BEN,BEN.2.9_1,Toucountouna,Atakora,2006,0.58598,0.57231,0.59198
BEN,BEN.2.9_1,Toucountouna,Atakora,2007,0.58805,0.57415,0.59538
BEN,BEN.2.9_1,Toucountouna,Atakora,2008,0.58469,0.57037,0.59394
BEN,BEN.2.9_1,Toucountouna,Atakora,2009,0.58606,0.57412,0.59618
BEN,BEN.2.9_1,Toucountouna,Atakora,2010,0.58607,0.57056,0.60048
BEN,BEN.2.9_1,Toucountouna,Atakora,2011,0.56283,0.53927,0.5948
BEN,BEN.2.9_1,Toucountouna,Atakora,2012,0.51083,0.46545,0.58523
BEN,BEN.2.9_1,Toucountouna,Atakora,2013,0.4636,0.40766,0.55369
BEN,BEN.2.9_1,Toucountouna,Atakora,2014,0.45919,0.39881,0.54431
BEN,BEN.2.9_1,Toucountouna,Atakora,2015,0.50216,0.44394,0.56472
BEN,BEN.2.9_1,Toucountouna,Atakora,2016,0.54401,0.50006,0.57679
BEN,BEN.2.9_1,Toucountouna,Atakora,2017,0.54903,0.50718,0.5742
BEN,BEN.2.9_1,Toucountouna,Atakora,2018,0.54225,0.50203,0.56967
BEN,BEN.2.9_1,Toucountouna,Atakora,2019,0.50582,0.47422,0.53667
BEN,BEN.2.9_1,Toucountouna,Atakora,2020,0.4627,0.42762,0.49508
BEN,BEN.2.9_1,Toucountouna,Atakora,2021,0.44934,0.41257,0.48009
BEN,BEN.2.9_1,Toucountouna,Atakora,2022,0.43596,0.4036,0.45954
BEN,BEN.2.9_1,Toucountouna,Atakora,2023,0.41321,0.38162,0.43317
BEN,BEN.2.9_1,Toucountouna,Atakora,2024,0.40603,0.37623,0.42409
BEN,BEN.2.9_1,Toucountouna,Atakora,2025,0.39219,0.36315,0.4091
BEN,BEN.3.1_1,Abomey-Calavi,Atlantique,2000,0.46991,0.40019,0.51496
BEN,BEN.3.1_1,Abomey-Calavi,Atlantique,2001,0.47985,0.40785,0.53833
BEN,BEN.3.1_1,Abomey-Calavi,Atlantique,2002,0.47897,0.40552,0.54035
BEN,BEN.3.1_1,Abomey-Calavi,Atlantique,2003,0.46713,0.38897,0.53062
BEN,BEN.3.1_1,Abomey-Calavi,Atlantique,2004,0.46155,0.37935,0.52485
BEN,BEN.3.1_1,Abomey-Calavi,Atlantique,2005,0.44854,0.35927,0.5131
BEN,BEN.3.1_1,Abomey-Calavi,Atlantique,2006,0.40617,0.31293,0.49357
BEN,BEN.3.1_1,Abomey-Calavi,Atlantique,2007,0.36074,0.27273,0.45703
BEN,BEN.3.1_1,Abomey-Calavi,Atlantique,2008,0.3237,0.2469,0.41187
BEN,BEN.3.1_1,Abomey-Calavi,Atlantique,2009,0.31614,0.24953,0.38618
BEN,BEN.3.1_1,Abomey-Calavi,Atlantique,2010,0.32182,0.2615,0.37607
BEN,BEN.3.1_1,Abomey-Calavi,Atlantique,2011,0.31206,0.25708,0.35339
BEN,BEN.3.1_1,Abomey-Calavi,Atlantique,2012,0.30475,0.24725,0.33886
BEN,BEN.3.1_1,Abomey-Calavi,Atlantique,2013,0.30593,0.24081,0.34352
BEN,BEN.3.1_1,Abomey-Calavi,Atlantique,2014,0.30957,0.23899,0.35042
BEN,BEN.3.1_1,Abomey-Calavi,Atlantique,2015,0.31969,0.24569,0.36478
BEN,BEN.3.1_1,Abomey-Calavi,Atlantique,2016,0.34438,0.2623,0.39329
BEN,BEN.3.1_1,Abomey-Calavi,Atlantique,2017,0.35561,0.2744,0.4065
BEN,BEN.3.1_1,Abomey-Calavi,Atlantique,2018,0.37488,0.29463,0.4311
BEN,BEN.3.1_1,Abomey-Calavi,Atlantique,2019,0.39454,0.31237,0.4565
BEN,BEN.3.1_1,Abomey-Calavi,Atlantique,2020,0.39055,0.31196,0.44897
BEN,BEN.3.1_1,Abomey-Calavi,Atlantique,2021,0.39213,0.31244,0.44818
BEN,BEN.3.1_1,Abomey-Calavi,Atlantique,2022,0.37816,0.29839,0.43106
BEN,BEN.3.1_1,Abomey-Calavi,Atlantique,2023,0.35918,0.27962,0.41173
BEN,BEN.3.1_1,Abomey-Calavi,Atlantique,2024,0.335,0.25707,0.3918
BEN,BEN.3.1_1,Abomey-Calavi,Atlantique,2025,0.30154,0.23483,0.35204
BEN,BEN.3.2_1,Allada,Atlantique,2000,0.50588,0.46177,0.54216
BEN,BEN.3.2_1,Allada,Atlantique,2001,0.50313,0.4511,0.54457
BEN,BEN.3.2_1,Allada,Atlantique,2002,0.50288,0.4423,0.54816
BEN,BEN.3.2_1,Allada,Atlantique,2003,0.50799,0.44428,0.55309
BEN,BEN.3.2_1,Allada,Atlantique,2004,0.52252,0.46016,0.56472
BEN,BEN.3.2_1,Allada,Atlantique,2005,0.53266,0.46708,0.57497
BEN,BEN.3.2_1,Allada,Atlantique,2006,0.52339,0.44157,0.57782
BEN,BEN.3.2_1,Allada,Atlantique,2007,0.49124,0.39623,0.5693
BEN,BEN.3.2_1,Allada,Atlantique,2008,0.43457,0.34478,0.5294
BEN,BEN.3.2_1,Allada,Atlantique,2009,0.38925,0.31404,0.47906
BEN,BEN.3.2_1,Allada,Atlantique,2010,0.36106,0.29196,0.44337
BEN,BEN.3.2_1,Allada,Atlantique,2011,0.33719,0.27337,0.41161
BEN,BEN.3.2_1,Allada,Atlantique,2012,0.33746,0.28062,0.41011
BEN,BEN.3.2_1,Allada,Atlantique,2013,0.36166,0.30736,0.43632
BEN,BEN.3.2_1,Allada,Atlantique,2014,0.38788,0.32615,0.46213
BEN,BEN.3.2_1,Allada,Atlantique,2015,0.42065,0.35079,0.49717
BEN,BEN.3.2_1,Allada,Atlantique,2016,0.45736,0.38512,0.52771
BEN,BEN.3.2_1,Allada,Atlantique,2017,0.45937,0.3905,0.52982
BEN,BEN.3.2_1,Allada,Atlantique,2018,0.45494,0.39168,0.51962
BEN,BEN.3.2_1,Allada,Atlantique,2019,0.45133,0.39685,0.51031
BEN,BEN.3.2_1,Allada,Atlantique,2020,0.43139,0.38505,0.4843
BEN,BEN.3.2_1,Allada,Atlantique,2021,0.43365,0.38935,0.4831
BEN,BEN.3.2_1,Allada,Atlantique,2022,0.42699,0.38171,0.47441
BEN,BEN.3.2_1,Allada,Atlantique,2023,0.41298,0.36622,0.45964
BEN,BEN.3.2_1,Allada,Atlantique,2024,0.3942,0.34379,0.44039
BEN,BEN.3.2_1,Allada,Atlantique,2025,0.35731,0.30965,0.40174
BEN,BEN.3.3_1,Kpomassè,Atlantique,2000,0.46756,0.42198,0.51191
BEN,BEN.3.3_1,Kpomassè,Atlantique,2001,0.46566,0.4187,0.52069
BEN,BEN.3.3_1,Kpomassè,Atlantique,2002,0.46591,0.41685,0.52064
BEN,BEN.3.3_1,Kpomassè,Atlantique,2003,0.47257,0.41731,0.52248
BEN,BEN.3.3_1,Kpomassè,Atlantique,2004,0.48943,0.42136,0.534
BEN,BEN.3.3_1,Kpomassè,Atlantique,2005,0.49315,0.41264,0.53643
BEN,BEN.3.3_1,Kpomassè,Atlantique,2006,0.46227,0.37656,0.5075
BEN,BEN.3.3_1,Kpomassè,Atlantique,2007,0.4093,0.32989,0.45241
BEN,BEN.3.3_1,Kpomassè,Atlantique,2008,0.34548,0.28162,0.38738
BEN,BEN.3.3_1,Kpomassè,Atlantique,2009,0.30071,0.25723,0.34788
BEN,BEN.3.3_1,Kpomassè,Atlantique,2010,0.27702,0.23625,0.32996
BEN,BEN.3.3_1,Kpomassè,Atlantique,2011,0.26438,0.222,0.31728
BEN,BEN.3.3_1,Kpomassè,Atlantique,2012,0.27568,0.23447,0.32883
BEN,BEN.3.3_1,Kpomassè,Atlantique,2013,0.31042,0.27075,0.3616
BEN,BEN.3.3_1,Kpomassè,Atlantique,2014,0.34893,0.30719,0.39957
BEN,BEN.3.3_1,Kpomassè,Atlantique,2015,0.39533,0.34311,0.44487
BEN,BEN.3.3_1,Kpomassè,Atlantique,2016,0.43858,0.38314,0.48497
BEN,BEN.3.3_1,Kpomassè,Atlantique,2017,0.43726,0.3841,0.48493
BEN,BEN.3.3_1,Kpomassè,Atlantique,2018,0.41941,0.37175,0.46617
BEN,BEN.3.3_1,Kpomassè,Atlantique,2019,0.39934,0.35664,0.44986
BEN,BEN.3.3_1,Kpomassè,Atlantique,2020,0.37681,0.33536,0.42593
BEN,BEN.3.3_1,Kpomassè,Atlantique,2021,0.38107,0.34015,0.42909
BEN,BEN.3.3_1,Kpomassè,Atlantique,2022,0.37849,0.33367,0.42251
BEN,BEN.3.3_1,Kpomassè,Atlantique,2023,0.3667,0.31931,0.40885
BEN,BEN.3.3_1,Kpomassè,Atlantique,2024,0.34674,0.29699,0.3926
BEN,BEN.3.3_1,Kpomassè,Atlantique,2025,0.31763,0.27223,0.35755
BEN,BEN.3.4_1,Ouidah,Atlantique,2000,0.45802,0.42871,0.48091
BEN,BEN.3.4_1,Ouidah,Atlantique,2001,0.46443,0.42676,0.48743
BEN,BEN.3.4_1,Ouidah,Atlantique,2002,0.46179,0.42366,0.48552
BEN,BEN.3.4_1,Ouidah,Atlantique,2003,0.45381,0.41842,0.48294
BEN,BEN.3.4_1,Ouidah,Atlantique,2004,0.45229,0.41963,0.48829
BEN,BEN.3.4_1,Ouidah,Atlantique,2005,0.44205,0.41086,0.48249
BEN,BEN.3.4_1,Ouidah,Atlantique,2006,0.40033,0.3684,0.44417
BEN,BEN.3.4_1,Ouidah,Atlantique,2007,0.35333,0.32402,0.39276
BEN,BEN.3.4_1,Ouidah,Atlantique,2008,0.31227,0.28455,0.34088
BEN,BEN.3.4_1,Ouidah,Atlantique,2009,0.29782,0.26584,0.31455
BEN,BEN.3.4_1,Ouidah,Atlantique,2010,0.29937,0.26364,0.31678
BEN,BEN.3.4_1,Ouidah,Atlantique,2011,0.29561,0.26072,0.31835
BEN,BEN.3.4_1,Ouidah,Atlantique,2012,0.30101,0.2685,0.31953
BEN,BEN.3.4_1,Ouidah,Atlantique,2013,0.31993,0.29051,0.33624
BEN,BEN.3.4_1,Ouidah,Atlantique,2014,0.34122,0.31048,0.3599
BEN,BEN.3.4_1,Ouidah,Atlantique,2015,0.36918,0.32436,0.39686
BEN,BEN.3.4_1,Ouidah,Atlantique,2016,0.40161,0.34882,0.43675
BEN,BEN.3.4_1,Ouidah,Atlantique,2017,0.4055,0.35851,0.43644
BEN,BEN.3.4_1,Ouidah,Atlantique,2018,0.40371,0.37068,0.42624
BEN,BEN.3.4_1,Ouidah,Atlantique,2019,0.39973,0.36418,0.41728
BEN,BEN.3.4_1,Ouidah,Atlantique,2020,0.3858,0.34982,0.402
BEN,BEN.3.4_1,Ouidah,Atlantique,2021,0.38769,0.3515,0.40408
BEN,BEN.3.4_1,Ouidah,Atlantique,2022,0.37761,0.34469,0.39459
BEN,BEN.3.4_1,Ouidah,Atlantique,2023,0.36147,0.32952,0.38077
BEN,BEN.3.4_1,Ouidah,Atlantique,2024,0.33621,0.30691,0.35889
BEN,BEN.3.4_1,Ouidah,Atlantique,2025,0.30571,0.27912,0.32535
BEN,BEN.3.5_1,Sô-Ava,Atlantique,2000,0.50043,0.44741,0.54373
BEN,BEN.3.5_1,Sô-Ava,Atlantique,2001,0.52289,0.46158,0.56792
BEN,BEN.3.5_1,Sô-Ava,Atlantique,2002,0.52695,0.46249,0.57039
BEN,BEN.3.5_1,Sô-Ava,Atlantique,2003,0.51745,0.44891,0.56793
BEN,BEN.3.5_1,Sô-Ava,Atlantique,2004,0.51055,0.43908,0.56473
BEN,BEN.3.5_1,Sô-Ava,Atlantique,2005,0.49263,0.4186,0.55065
BEN,BEN.3.5_1,Sô-Ava,Atlantique,2006,0.44198,0.36877,0.50154
BEN,BEN.3.5_1,Sô-Ava,Atlantique,2007,0.39161,0.32262,0.44245
BEN,BEN.3.5_1,Sô-Ava,Atlantique,2008,0.35241,0.29057,0.39875
BEN,BEN.3.5_1,Sô-Ava,Atlantique,2009,0.34784,0.29109,0.39574
BEN,BEN.3.5_1,Sô-Ava,Atlantique,2010,0.35646,0.30287,0.40867
BEN,BEN.3.5_1,Sô-Ava,Atlantique,2011,0.34224,0.29472,0.39214
BEN,BEN.3.5_1,Sô-Ava,Atlantique,2012,0.32648,0.2827,0.37776
BEN,BEN.3.5_1,Sô-Ava,Atlantique,2013,0.31512,0.2746,0.36976
BEN,BEN.3.5_1,Sô-Ava,Atlantique,2014,0.30661,0.2693,0.35807
BEN,BEN.3.5_1,Sô-Ava,Atlantique,2015,0.30941,0.27285,0.35868
BEN,BEN.3.5_1,Sô-Ava,Atlantique,2016,0.32855,0.2895,0.37595
BEN,BEN.3.5_1,Sô-Ava,Atlantique,2017,0.34236,0.302,0.38807
BEN,BEN.3.5_1,Sô-Ava,Atlantique,2018,0.3732,0.32722,0.42204
BEN,BEN.3.5_1,Sô-Ava,Atlantique,2019,0.4032,0.35036,0.45422
BEN,BEN.3.5_1,Sô-Ava,Atlantique,2020,0.40473,0.35158,0.45445
BEN,BEN.3.5_1,Sô-Ava,Atlantique,2021,0.40625,0.3527,0.456
BEN,BEN.3.5_1,Sô-Ava,Atlantique,2022,0.38776,0.33761,0.43403
BEN,BEN.3.5_1,Sô-Ava,Atlantique,2023,0.368,0.3185,0.41536
BEN,BEN.3.5_1,Sô-Ava,Atlantique,2024,0.34206,0.29444,0.38618
BEN,BEN.3.5_1,Sô-Ava,Atlantique,2025,0.3083,0.26716,0.34659
BEN,BEN.3.6_1,Toffo,Atlantique,2000,0.47868,0.42336,0.53655
BEN,BEN.3.6_1,Toffo,Atlantique,2001,0.46439,0.40224,0.53501
BEN,BEN.3.6_1,Toffo,Atlantique,2002,0.46644,0.40082,0.54152
BEN,BEN.3.6_1,Toffo,Atlantique,2003,0.48511,0.42073,0.55239
BEN,BEN.3.6_1,Toffo,Atlantique,2004,0.52371,0.47202,0.56789
BEN,BEN.3.6_1,Toffo,Atlantique,2005,0.55619,0.50796,0.58947
BEN,BEN.3.6_1,Toffo,Atlantique,2006,0.57277,0.53123,0.59462
BEN,BEN.3.6_1,Toffo,Atlantique,2007,0.57084,0.52489,0.59258
BEN,BEN.3.6_1,Toffo,Atlantique,2008,0.54545,0.47767,0.59159
BEN,BEN.3.6_1,Toffo,Atlantique,2009,0.50256,0.42602,0.58402
BEN,BEN.3.6_1,Toffo,Atlantique,2010,0.45264,0.38412,0.55287
BEN,BEN.3.6_1,Toffo,Atlantique,2011,0.3957,0.34044,0.48829
BEN,BEN.3.6_1,Toffo,Atlantique,2012,0.36179,0.30391,0.44227
BEN,BEN.3.6_1,Toffo,Atlantique,2013,0.35522,0.2746,0.42534
BEN,BEN.3.6_1,Toffo,Atlantique,2014,0.36459,0.26966,0.45615
BEN,BEN.3.6_1,Toffo,Atlantique,2015,0.398,0.29531,0.49852
BEN,BEN.3.6_1,Toffo,Atlantique,2016,0.44164,0.33974,0.53233
BEN,BEN.3.6_1,Toffo,Atlantique,2017,0.4464,0.35291,0.53302
BEN,BEN.3.6_1,Toffo,Atlantique,2018,0.44038,0.3585,0.52135
BEN,BEN.3.6_1,Toffo,Atlantique,2019,0.43566,0.36941,0.50489
BEN,BEN.3.6_1,Toffo,Atlantique,2020,0.41525,0.35773,0.4729
BEN,BEN.3.6_1,Toffo,Atlantique,2021,0.42364,0.3744,0.4734
BEN,BEN.3.6_1,Toffo,Atlantique,2022,0.42449,0.38061,0.47064
BEN,BEN.3.6_1,Toffo,Atlantique,2023,0.41305,0.37193,0.4577
BEN,BEN.3.6_1,Toffo,Atlantique,2024,0.39764,0.35492,0.44382
BEN,BEN.3.6_1,Toffo,Atlantique,2025,0.36313,0.32382,0.41125
BEN,BEN.3.7_1,Tori-Bossito,Atlantique,2000,0.50755,0.469,0.53127
BEN,BEN.3.7_1,Tori-Bossito,Atlantique,2001,0.51241,0.47515,0.53563
BEN,BEN.3.7_1,Tori-Bossito,Atlantique,2002,0.51093,0.47074,0.53608
BEN,BEN.3.7_1,Tori-Bossito,Atlantique,2003,0.50932,0.46075,0.53693
BEN,BEN.3.7_1,Tori-Bossito,Atlantique,2004,0.5129,0.45606,0.54612
BEN,BEN.3.7_1,Tori-Bossito,Atlantique,2005,0.50838,0.44311,0.54945
BEN,BEN.3.7_1,Tori-Bossito,Atlantique,2006,0.47644,0.39973,0.53409
BEN,BEN.3.7_1,Tori-Bossito,Atlantique,2007,0.42522,0.35241,0.48891
BEN,BEN.3.7_1,Tori-Bossito,Atlantique,2008,0.36925,0.31457,0.42178
BEN,BEN.3.7_1,Tori-Bossito,Atlantique,2009,0.34148,0.30473,0.37916
BEN,BEN.3.7_1,Tori-Bossito,Atlantique,2010,0.33392,0.30999,0.36289
BEN,BEN.3.7_1,Tori-Bossito,Atlantique,2011,0.32311,0.29282,0.34863
BEN,BEN.3.7_1,Tori-Bossito,Atlantique,2012,0.32937,0.30455,0.35604
BEN,BEN.3.7_1,Tori-Bossito,Atlantique,2013,0.35524,0.32513,0.3856
BEN,BEN.3.7_1,Tori-Bossito,Atlantique,2014,0.38165,0.34268,0.41297
BEN,BEN.3.7_1,Tori-Bossito,Atlantique,2015,0.41015,0.36337,0.44886
BEN,BEN.3.7_1,Tori-Bossito,Atlantique,2016,0.44291,0.3939,0.48392
BEN,BEN.3.7_1,Tori-Bossito,Atlantique,2017,0.44636,0.39878,0.48629
BEN,BEN.3.7_1,Tori-Bossito,Atlantique,2018,0.44666,0.40265,0.4804
BEN,BEN.3.7_1,Tori-Bossito,Atlantique,2019,0.44767,0.40637,0.47506
BEN,BEN.3.7_1,Tori-Bossito,Atlantique,2020,0.4316,0.39491,0.45529
BEN,BEN.3.7_1,Tori-Bossito,Atlantique,2021,0.43341,0.39806,0.45623
BEN,BEN.3.7_1,Tori-Bossito,Atlantique,2022,0.42495,0.38916,0.44734
BEN,BEN.3.7_1,Tori-Bossito,Atlantique,2023,0.4109,0.37117,0.43516
BEN,BEN.3.7_1,Tori-Bossito,Atlantique,2024,0.39039,0.34484,0.4169
BEN,BEN.3.7_1,Tori-Bossito,Atlantique,2025,0.35314,0.31093,0.37956
BEN,BEN.3.8_1,Zè,Atlantique,2000,0.48854,0.43859,0.52043
BEN,BEN.3.8_1,Zè,Atlantique,2001,0.48695,0.42009,0.52274
BEN,BEN.3.8_1,Zè,Atlantique,2002,0.48566,0.41726,0.52342
BEN,BEN.3.8_1,Zè,Atlantique,2003,0.48646,0.43307,0.52117
BEN,BEN.3.8_1,Zè,Atlantique,2004,0.50083,0.45727,0.53397
BEN,BEN.3.8_1,Zè,Atlantique,2005,0.51849,0.4696,0.5624
BEN,BEN.3.8_1,Zè,Atlantique,2006,0.51818,0.43809,0.584
BEN,BEN.3.8_1,Zè,Atlantique,2007,0.497,0.38803,0.58547
BEN,BEN.3.8_1,Zè,Atlantique,2008,0.45769,0.34451,0.57109
BEN,BEN.3.8_1,Zè,Atlantique,2009,0.42516,0.33001,0.54221
BEN,BEN.3.8_1,Zè,Atlantique,2010,0.39914,0.33305,0.48872
BEN,BEN.3.8_1,Zè,Atlantique,2011,0.36087,0.31441,0.40893
BEN,BEN.3.8_1,Zè,Atlantique,2012,0.33577,0.29451,0.37749
BEN,BEN.3.8_1,Zè,Atlantique,2013,0.32842,0.28372,0.38456
BEN,BEN.3.8_1,Zè,Atlantique,2014,0.33119,0.28268,0.39397
BEN,BEN.3.8_1,Zè,Atlantique,2015,0.35009,0.30573,0.41428
BEN,BEN.3.8_1,Zè,Atlantique,2016,0.38702,0.34031,0.44948
BEN,BEN.3.8_1,Zè,Atlantique,2017,0.39915,0.35577,0.45418
BEN,BEN.3.8_1,Zè,Atlantique,2018,0.41692,0.36682,0.46317
BEN,BEN.3.8_1,Zè,Atlantique,2019,0.43628,0.37849,0.47294
BEN,BEN.3.8_1,Zè,Atlantique,2020,0.42682,0.36874,0.45713
BEN,BEN.3.8_1,Zè,Atlantique,2021,0.43276,0.38038,0.46367
BEN,BEN.3.8_1,Zè,Atlantique,2022,0.42507,0.38542,0.45235
BEN,BEN.3.8_1,Zè,Atlantique,2023,0.41072,0.37708,0.43972
BEN,BEN.3.8_1,Zè,Atlantique,2024,0.39159,0.35666,0.42459
BEN,BEN.3.8_1,Zè,Atlantique,2025,0.3548,0.31976,0.38677
BEN,BEN.4.1_1,Bembèrèkè,Borgou,2000,0.392,0.35886,0.42601
BEN,BEN.4.1_1,Bembèrèkè,Borgou,2001,0.4365,0.40411,0.47549
BEN,BEN.4.1_1,Bembèrèkè,Borgou,2002,0.4706,0.43574,0.50971
BEN,BEN.4.1_1,Bembèrèkè,Borgou,2003,0.49342,0.45924,0.52787
BEN,BEN.4.1_1,Bembèrèkè,Borgou,2004,0.51668,0.48459,0.5451
BEN,BEN.4.1_1,Bembèrèkè,Borgou,2005,0.53786,0.50494,0.56058
BEN,BEN.4.1_1,Bembèrèkè,Borgou,2006,0.5508,0.52111,0.57026
BEN,BEN.4.1_1,Bembèrèkè,Borgou,2007,0.55121,0.52183,0.5719
BEN,BEN.4.1_1,Bembèrèkè,Borgou,2008,0.53772,0.49885,0.56584
BEN,BEN.4.1_1,Bembèrèkè,Borgou,2009,0.52068,0.47013,0.56174
BEN,BEN.4.1_1,Bembèrèkè,Borgou,2010,0.49702,0.43291,0.5518
BEN,BEN.4.1_1,Bembèrèkè,Borgou,2011,0.45039,0.37362,0.51671
BEN,BEN.4.1_1,Bembèrèkè,Borgou,2012,0.40713,0.32664,0.48272
BEN,BEN.4.1_1,Bembèrèkè,Borgou,2013,0.37967,0.292,0.46862
BEN,BEN.4.1_1,Bembèrèkè,Borgou,2014,0.37557,0.27566,0.50115
BEN,BEN.4.1_1,Bembèrèkè,Borgou,2015,0.39349,0.2823,0.54498
BEN,BEN.4.1_1,Bembèrèkè,Borgou,2016,0.4141,0.30361,0.56641
BEN,BEN.4.1_1,Bembèrèkè,Borgou,2017,0.39973,0.30215,0.55905
BEN,BEN.4.1_1,Bembèrèkè,Borgou,2018,0.3805,0.30836,0.52751
BEN,BEN.4.1_1,Bembèrèkè,Borgou,2019,0.3716,0.3193,0.48288
BEN,BEN.4.1_1,Bembèrèkè,Borgou,2020,0.35158,0.31572,0.44543
BEN,BEN.4.1_1,Bembèrèkè,Borgou,2021,0.36549,0.32653,0.45057
BEN,BEN.4.1_1,Bembèrèkè,Borgou,2022,0.38171,0.34542,0.45871
BEN,BEN.4.1_1,Bembèrèkè,Borgou,2023,0.38085,0.34783,0.4445
BEN,BEN.4.1_1,Bembèrèkè,Borgou,2024,0.39007,0.35947,0.44372
BEN,BEN.4.1_1,Bembèrèkè,Borgou,2025,0.39098,0.36322,0.43077
BEN,BEN.4.2_1,Kalalé,Borgou,2000,0.37722,0.33654,0.4171
BEN,BEN.4.2_1,Kalalé,Borgou,2001,0.4235,0.3799,0.46624
BEN,BEN.4.2_1,Kalalé,Borgou,2002,0.45927,0.41514,0.50176
BEN,BEN.4.2_1,Kalalé,Borgou,2003,0.47851,0.44088,0.51353
BEN,BEN.4.2_1,Kalalé,Borgou,2004,0.49848,0.46062,0.53079
BEN,BEN.4.2_1,Kalalé,Borgou,2005,0.51841,0.48411,0.54693
BEN,BEN.4.2_1,Kalalé,Borgou,2006,0.5336,0.50085,0.55794
BEN,BEN.4.2_1,Kalalé,Borgou,2007,0.53268,0.50308,0.56696
BEN,BEN.4.2_1,Kalalé,Borgou,2008,0.5159,0.47984,0.55592
BEN,BEN.4.2_1,Kalalé,Borgou,2009,0.49971,0.45136,0.54287
BEN,BEN.4.2_1,Kalalé,Borgou,2010,0.48481,0.42645,0.53608
BEN,BEN.4.2_1,Kalalé,Borgou,2011,0.46587,0.39608,0.5382
BEN,BEN.4.2_1,Kalalé,Borgou,2012,0.48075,0.38913,0.55715
BEN,BEN.4.2_1,Kalalé,Borgou,2013,0.50084,0.4083,0.56379
BEN,BEN.4.2_1,Kalalé,Borgou,2014,0.52658,0.45111,0.57354
BEN,BEN.4.2_1,Kalalé,Borgou,2015,0.55744,0.50014,0.58215
BEN,BEN.4.2_1,Kalalé,Borgou,2016,0.56632,0.52541,0.58099
BEN,BEN.4.2_1,Kalalé,Borgou,2017,0.54924,0.50394,0.57141
BEN,BEN.4.2_1,Kalalé,Borgou,2018,0.49451,0.44099,0.54814
BEN,BEN.4.2_1,Kalalé,Borgou,2019,0.42609,0.36894,0.49339
BEN,BEN.4.2_1,Kalalé,Borgou,2020,0.37408,0.31895,0.44393
BEN,BEN.4.2_1,Kalalé,Borgou,2021,0.37681,0.31276,0.44441
BEN,BEN.4.2_1,Kalalé,Borgou,2022,0.39401,0.33772,0.45231
BEN,BEN.4.2_1,Kalalé,Borgou,2023,0.39498,0.34119,0.44608
BEN,BEN.4.2_1,Kalalé,Borgou,2024,0.40314,0.3537,0.45006
BEN,BEN.4.2_1,Kalalé,Borgou,2025,0.40002,0.35614,0.43711
BEN,BEN.4.3_1,N'Dali,Borgou,2000,0.41491,0.35398,0.46834
BEN,BEN.4.3_1,N'Dali,Borgou,2001,0.45969,0.40445,0.50807
BEN,BEN.4.3_1,N'Dali,Borgou,2002,0.49182,0.4397,0.53145
BEN,BEN.4.3_1,N'Dali,Borgou,2003,0.51196,0.46099,0.54926
BEN,BEN.4.3_1,N'Dali,Borgou,2004,0.531,0.48326,0.56761
BEN,BEN.4.3_1,N'Dali,Borgou,2005,0.5534,0.5104,0.5853
BEN,BEN.4.3_1,N'Dali,Borgou,2006,0.5713,0.5293,0.59665
BEN,BEN.4.3_1,N'Dali,Borgou,2007,0.57382,0.53992,0.59542
BEN,BEN.4.3_1,N'Dali,Borgou,2008,0.56786,0.52637,0.59352
BEN,BEN.4.3_1,N'Dali,Borgou,2009,0.5615,0.50595,0.59606
BEN,BEN.4.3_1,N'Dali,Borgou,2010,0.54904,0.47607,0.59726
BEN,BEN.4.3_1,N'Dali,Borgou,2011,0.51661,0.42858,0.58957
BEN,BEN.4.3_1,N'Dali,Borgou,2012,0.48073,0.38889,0.56566
BEN,BEN.4.3_1,N'Dali,Borgou,2013,0.44432,0.36642,0.51844
BEN,BEN.4.3_1,N'Dali,Borgou,2014,0.42278,0.34031,0.4951
BEN,BEN.4.3_1,N'Dali,Borgou,2015,0.42542,0.3253,0.51277
BEN,BEN.4.3_1,N'Dali,Borgou,2016,0.43958,0.32833,0.54913
BEN,BEN.4.3_1,N'Dali,Borgou,2017,0.42837,0.31744,0.55518
BEN,BEN.4.3_1,N'Dali,Borgou,2018,0.42232,0.31286,0.55921
BEN,BEN.4.3_1,N'Dali,Borgou,2019,0.42653,0.30352,0.55286
BEN,BEN.4.3_1,N'Dali,Borgou,2020,0.40268,0.28258,0.52189
BEN,BEN.4.3_1,N'Dali,Borgou,2021,0.39427,0.29069,0.48328
BEN,BEN.4.3_1,N'Dali,Borgou,2022,0.38941,0.31096,0.44728
BEN,BEN.4.3_1,N'Dali,Borgou,2023,0.38056,0.31833,0.42521
BEN,BEN.4.3_1,N'Dali,Borgou,2024,0.39262,0.33765,0.42959
BEN,BEN.4.3_1,N'Dali,Borgou,2025,0.4032,0.35446,0.43268
BEN,BEN.4.4_1,Nikki,Borgou,2000,0.38965,0.35512,0.42057
BEN,BEN.4.4_1,Nikki,Borgou,2001,0.43408,0.40024,0.45914
BEN,BEN.4.4_1,Nikki,Borgou,2002,0.46838,0.43344,0.49455
BEN,BEN.4.4_1,Nikki,Borgou,2003,0.4857,0.45398,0.51111
BEN,BEN.4.4_1,Nikki,Borgou,2004,0.50404,0.47073,0.53141
BEN,BEN.4.4_1,Nikki,Borgou,2005,0.52315,0.4832,0.55096
BEN,BEN.4.4_1,Nikki,Borgou,2006,0.53934,0.50452,0.56308
BEN,BEN.4.4_1,Nikki,Borgou,2007,0.54284,0.51234,0.56756
BEN,BEN.4.4_1,Nikki,Borgou,2008,0.5266,0.48706,0.55914
BEN,BEN.4.4_1,Nikki,Borgou,2009,0.50484,0.45867,0.5456
BEN,BEN.4.4_1,Nikki,Borgou,2010,0.48006,0.42629,0.52635
BEN,BEN.4.4_1,Nikki,Borgou,2011,0.45125,0.39373,0.50631
BEN,BEN.4.4_1,Nikki,Borgou,2012,0.45037,0.38917,0.52489
BEN,BEN.4.4_1,Nikki,Borgou,2013,0.46412,0.40849,0.53263
BEN,BEN.4.4_1,Nikki,Borgou,2014,0.48497,0.43456,0.54977
BEN,BEN.4.4_1,Nikki,Borgou,2015,0.51693,0.45457,0.57126
BEN,BEN.4.4_1,Nikki,Borgou,2016,0.52621,0.46169,0.56977
BEN,BEN.4.4_1,Nikki,Borgou,2017,0.4955,0.42831,0.55038
BEN,BEN.4.4_1,Nikki,Borgou,2018,0.43168,0.38421,0.4959
BEN,BEN.4.4_1,Nikki,Borgou,2019,0.37393,0.29494,0.42285
BEN,BEN.4.4_1,Nikki,Borgou,2020,0.32792,0.25856,0.36271
BEN,BEN.4.4_1,Nikki,Borgou,2021,0.33163,0.25659,0.36006
BEN,BEN.4.4_1,Nikki,Borgou,2022,0.35225,0.25855,0.37539
BEN,BEN.4.4_1,Nikki,Borgou,2023,0.36043,0.27582,0.38757
BEN,BEN.4.4_1,Nikki,Borgou,2024,0.38265,0.29082,0.4058
BEN,BEN.4.4_1,Nikki,Borgou,2025,0.39112,0.29417,0.4227
BEN,BEN.4.5_1,Parakou,Borgou,2000,0.39174,0.32069,0.4205
BEN,BEN.4.5_1,Parakou,Borgou,2001,0.43672,0.3663,0.46221
BEN,BEN.4.5_1,Parakou,Borgou,2002,0.46664,0.40045,0.49321
BEN,BEN.4.5_1,Parakou,Borgou,2003,0.48478,0.41335,0.51164
BEN,BEN.4.5_1,Parakou,Borgou,2004,0.50646,0.43518,0.53166
BEN,BEN.4.5_1,Parakou,Borgou,2005,0.53235,0.47103,0.55349
BEN,BEN.4.5_1,Parakou,Borgou,2006,0.55239,0.49941,0.57011
BEN,BEN.4.5_1,Parakou,Borgou,2007,0.55342,0.5048,0.56991
BEN,BEN.4.5_1,Parakou,Borgou,2008,0.53771,0.48181,0.55863
BEN,BEN.4.5_1,Parakou,Borgou,2009,0.51378,0.4438,0.54711
BEN,BEN.4.5_1,Parakou,Borgou,2010,0.47826,0.39255,0.52403
BEN,BEN.4.5_1,Parakou,Borgou,2011,0.42824,0.33291,0.48358
BEN,BEN.4.5_1,Parakou,Borgou,2012,0.39668,0.29849,0.45317
BEN,BEN.4.5_1,Parakou,Borgou,2013,0.38843,0.28879,0.4354
BEN,BEN.4.5_1,Parakou,Borgou,2014,0.38458,0.28757,0.42309
BEN,BEN.4.5_1,Parakou,Borgou,2015,0.38994,0.29326,0.44004
BEN,BEN.4.5_1,Parakou,Borgou,2016,0.40292,0.30718,0.45866
BEN,BEN.4.5_1,Parakou,Borgou,2017,0.38684,0.29548,0.4436
BEN,BEN.4.5_1,Parakou,Borgou,2018,0.38074,0.29177,0.43399
BEN,BEN.4.5_1,Parakou,Borgou,2019,0.38647,0.29669,0.43148
BEN,BEN.4.5_1,Parakou,Borgou,2020,0.36086,0.27835,0.40293
BEN,BEN.4.5_1,Parakou,Borgou,2021,0.35308,0.27375,0.39147
BEN,BEN.4.5_1,Parakou,Borgou,2022,0.35177,0.27607,0.38512
BEN,BEN.4.5_1,Parakou,Borgou,2023,0.34695,0.27627,0.37719
BEN,BEN.4.5_1,Parakou,Borgou,2024,0.3597,0.28487,0.39289
BEN,BEN.4.5_1,Parakou,Borgou,2025,0.3678,0.3009,0.39891
BEN,BEN.4.6_1,Pèrèrè,Borgou,2000,0.40645,0.38557,0.44527
BEN,BEN.4.6_1,Pèrèrè,Borgou,2001,0.45179,0.43185,0.46714
BEN,BEN.4.6_1,Pèrèrè,Borgou,2002,0.48406,0.46145,0.49969
BEN,BEN.4.6_1,Pèrèrè,Borgou,2003,0.50114,0.46949,0.51767
BEN,BEN.4.6_1,Pèrèrè,Borgou,2004,0.51879,0.48324,0.53416
BEN,BEN.4.6_1,Pèrèrè,Borgou,2005,0.53731,0.49406,0.55228
BEN,BEN.4.6_1,Pèrèrè,Borgou,2006,0.55437,0.51746,0.57152
BEN,BEN.4.6_1,Pèrèrè,Borgou,2007,0.56009,0.52703,0.57338
BEN,BEN.4.6_1,Pèrèrè,Borgou,2008,0.54373,0.51945,0.56143
BEN,BEN.4.6_1,Pèrèrè,Borgou,2009,0.51656,0.48187,0.54474
BEN,BEN.4.6_1,Pèrèrè,Borgou,2010,0.47988,0.43801,0.52185
BEN,BEN.4.6_1,Pèrèrè,Borgou,2011,0.44256,0.39563,0.49114
BEN,BEN.4.6_1,Pèrèrè,Borgou,2012,0.43511,0.38356,0.48248
BEN,BEN.4.6_1,Pèrèrè,Borgou,2013,0.45044,0.40593,0.48678
BEN,BEN.4.6_1,Pèrèrè,Borgou,2014,0.46982,0.4212,0.49926
BEN,BEN.4.6_1,Pèrèrè,Borgou,2015,0.49687,0.42933,0.52555
BEN,BEN.4.6_1,Pèrèrè,Borgou,2016,0.50742,0.43267,0.53796
BEN,BEN.4.6_1,Pèrèrè,Borgou,2017,0.48082,0.40179,0.51767
BEN,BEN.4.6_1,Pèrèrè,Borgou,2018,0.43288,0.36503,0.4926
BEN,BEN.4.6_1,Pèrèrè,Borgou,2019,0.39427,0.32133,0.46188
BEN,BEN.4.6_1,Pèrèrè,Borgou,2020,0.35153,0.28747,0.41571
BEN,BEN.4.6_1,Pèrèrè,Borgou,2021,0.34927,0.28373,0.39888
BEN,BEN.4.6_1,Pèrèrè,Borgou,2022,0.36268,0.28146,0.39932
BEN,BEN.4.6_1,Pèrèrè,Borgou,2023,0.36548,0.29659,0.3903
BEN,BEN.4.6_1,Pèrèrè,Borgou,2024,0.38248,0.29835,0.40456
BEN,BEN.4.6_1,Pèrèrè,Borgou,2025,0.39196,0.28703,0.41563
BEN,BEN.4.7_1,Sinendé,Borgou,2000,0.40121,0.36957,0.43848
BEN,BEN.4.7_1,Sinendé,Borgou,2001,0.4438,0.41171,0.48557
BEN,BEN.4.7_1,Sinendé,Borgou,2002,0.47889,0.44689,0.51671
BEN,BEN.4.7_1,Sinendé,Borgou,2003,0.5063,0.476,0.53972
BEN,BEN.4.7_1,Sinendé,Borgou,2004,0.53134,0.50097,0.55598
BEN,BEN.4.7_1,Sinendé,Borgou,2005,0.55333,0.52493,0.57629
BEN,BEN.4.7_1,Sinendé,Borgou,2006,0.56702,0.534,0.59046
BEN,BEN.4.7_1,Sinendé,Borgou,2007,0.5678,0.53562,0.59054
BEN,BEN.4.7_1,Sinendé,Borgou,2008,0.55965,0.5205,0.5873
BEN,BEN.4.7_1,Sinendé,Borgou,2009,0.55141,0.49794,0.5874
BEN,BEN.4.7_1,Sinendé,Borgou,2010,0.5354,0.46307,0.5857
BEN,BEN.4.7_1,Sinendé,Borgou,2011,0.48874,0.39646,0.56436
BEN,BEN.4.7_1,Sinendé,Borgou,2012,0.42162,0.32204,0.52407
BEN,BEN.4.7_1,Sinendé,Borgou,2013,0.36179,0.2715,0.45864
BEN,BEN.4.7_1,Sinendé,Borgou,2014,0.33221,0.24668,0.42941
BEN,BEN.4.7_1,Sinendé,Borgou,2015,0.33382,0.24859,0.4546
BEN,BEN.4.7_1,Sinendé,Borgou,2016,0.35567,0.26881,0.49714
BEN,BEN.4.7_1,Sinendé,Borgou,2017,0.35426,0.26908,0.50543
BEN,BEN.4.7_1,Sinendé,Borgou,2018,0.36089,0.266,0.50517
BEN,BEN.4.7_1,Sinendé,Borgou,2019,0.37936,0.26833,0.50541
BEN,BEN.4.7_1,Sinendé,Borgou,2020,0.37256,0.26086,0.4793
BEN,BEN.4.7_1,Sinendé,Borgou,2021,0.38651,0.28185,0.46154
BEN,BEN.4.7_1,Sinendé,Borgou,2022,0.39243,0.33948,0.43663
BEN,BEN.4.7_1,Sinendé,Borgou,2023,0.38413,0.34901,0.4142
BEN,BEN.4.7_1,Sinendé,Borgou,2024,0.38964,0.35626,0.4171
BEN,BEN.4.7_1,Sinendé,Borgou,2025,0.38959,0.36172,0.41989
BEN,BEN.4.8_1,Tchaourou,Borgou,2000,0.43077,0.38202,0.48712
BEN,BEN.4.8_1,Tchaourou,Borgou,2001,0.46915,0.43036,0.51094
BEN,BEN.4.8_1,Tchaourou,Borgou,2002,0.49339,0.45719,0.53218
BEN,BEN.4.8_1,Tchaourou,Borgou,2003,0.50944,0.46981,0.54896
BEN,BEN.4.8_1,Tchaourou,Borgou,2004,0.52654,0.48495,0.5645
BEN,BEN.4.8_1,Tchaourou,Borgou,2005,0.54935,0.49925,0.58366
BEN,BEN.4.8_1,Tchaourou,Borgou,2006,0.56692,0.52219,0.59365
BEN,BEN.4.8_1,Tchaourou,Borgou,2007,0.56683,0.52875,0.59017
BEN,BEN.4.8_1,Tchaourou,Borgou,2008,0.54984,0.51746,0.58721
BEN,BEN.4.8_1,Tchaourou,Borgou,2009,0.52368,0.47874,0.58731
BEN,BEN.4.8_1,Tchaourou,Borgou,2010,0.48289,0.42152,0.58493
BEN,BEN.4.8_1,Tchaourou,Borgou,2011,0.43622,0.36057,0.56667
BEN,BEN.4.8_1,Tchaourou,Borgou,2012,0.42084,0.33797,0.54472
BEN,BEN.4.8_1,Tchaourou,Borgou,2013,0.43484,0.35385,0.5194
BEN,BEN.4.8_1,Tchaourou,Borgou,2014,0.44897,0.35584,0.53169
BEN,BEN.4.8_1,Tchaourou,Borgou,2015,0.47204,0.35562,0.55768
BEN,BEN.4.8_1,Tchaourou,Borgou,2016,0.49583,0.36515,0.56963
BEN,BEN.4.8_1,Tchaourou,Borgou,2017,0.49472,0.35746,0.57137
BEN,BEN.4.8_1,Tchaourou,Borgou,2018,0.49711,0.36791,0.57091
BEN,BEN.4.8_1,Tchaourou,Borgou,2019,0.49216,0.34176,0.5622
BEN,BEN.4.8_1,Tchaourou,Borgou,2020,0.45578,0.31132,0.53346
BEN,BEN.4.8_1,Tchaourou,Borgou,2021,0.42741,0.30675,0.49471
BEN,BEN.4.8_1,Tchaourou,Borgou,2022,0.40197,0.30034,0.45596
BEN,BEN.4.8_1,Tchaourou,Borgou,2023,0.3798,0.31215,0.4268
BEN,BEN.4.8_1,Tchaourou,Borgou,2024,0.38194,0.30827,0.42904
BEN,BEN.4.8_1,Tchaourou,Borgou,2025,0.37865,0.2902,0.42624
BEN,BEN.5.1_1,Bantè,Collines,2000,0.46527,0.42329,0.50423
BEN,BEN.5.1_1,Bantè,Collines,2001,0.49077,0.44056,0.52708
BEN,BEN.5.1_1,Bantè,Collines,2002,0.51534,0.47302,0.54309
BEN,BEN.5.1_1,Bantè,Collines,2003,0.54475,0.5113,0.56603
BEN,BEN.5.1_1,Bantè,Collines,2004,0.56829,0.54712,0.58258
BEN,BEN.5.1_1,Bantè,Collines,2005,0.58374,0.56876,0.59317
BEN,BEN.5.1_1,Bantè,Collines,2006,0.58943,0.57208,0.59688
BEN,BEN.5.1_1,Bantè,Collines,2007,0.5811,0.55927,0.59254
BEN,BEN.5.1_1,Bantè,Collines,2008,0.55388,0.51117,0.57982
BEN,BEN.5.1_1,Bantè,Collines,2009,0.48676,0.41671,0.53972
BEN,BEN.5.1_1,Bantè,Collines,2010,0.39734,0.32402,0.46149
BEN,BEN.5.1_1,Bantè,Collines,2011,0.3571,0.30002,0.40893
BEN,BEN.5.1_1,Bantè,Collines,2012,0.39887,0.34057,0.46519
BEN,BEN.5.1_1,Bantè,Collines,2013,0.48975,0.3767,0.55694
BEN,BEN.5.1_1,Bantè,Collines,2014,0.52428,0.41394,0.5764
BEN,BEN.5.1_1,Bantè,Collines,2015,0.53848,0.45087,0.57644
BEN,BEN.5.1_1,Bantè,Collines,2016,0.54405,0.47889,0.57621
BEN,BEN.5.1_1,Bantè,Collines,2017,0.53635,0.46067,0.57303
BEN,BEN.5.1_1,Bantè,Collines,2018,0.52486,0.43576,0.56964
BEN,BEN.5.1_1,Bantè,Collines,2019,0.50065,0.41429,0.55697
BEN,BEN.5.1_1,Bantè,Collines,2020,0.45528,0.37205,0.52267
BEN,BEN.5.1_1,Bantè,Collines,2021,0.42332,0.35748,0.48518
BEN,BEN.5.1_1,Bantè,Collines,2022,0.40082,0.35154,0.45493
BEN,BEN.5.1_1,Bantè,Collines,2023,0.37979,0.33914,0.42658
BEN,BEN.5.1_1,Bantè,Collines,2024,0.38159,0.3386,0.42341
BEN,BEN.5.1_1,Bantè,Collines,2025,0.37925,0.33729,0.42038
BEN,BEN.5.2_1,Dassa-Zoumè,Collines,2000,0.40496,0.34561,0.43858
BEN,BEN.5.2_1,Dassa-Zoumè,Collines,2001,0.40538,0.34833,0.45116
BEN,BEN.5.2_1,Dassa-Zoumè,Collines,2002,0.43522,0.37517,0.47773
BEN,BEN.5.2_1,Dassa-Zoumè,Collines,2003,0.48792,0.43805,0.5265
BEN,BEN.5.2_1,Dassa-Zoumè,Collines,2004,0.54319,0.50639,0.56383
BEN,BEN.5.2_1,Dassa-Zoumè,Collines,2005,0.58104,0.55726,0.59233
BEN,BEN.5.2_1,Dassa-Zoumè,Collines,2006,0.59484,0.58381,0.59803
BEN,BEN.5.2_1,Dassa-Zoumè,Collines,2007,0.59422,0.58583,0.59576
BEN,BEN.5.2_1,Dassa-Zoumè,Collines,2008,0.59013,0.57232,0.59433
BEN,BEN.5.2_1,Dassa-Zoumè,Collines,2009,0.57181,0.52675,0.59077
BEN,BEN.5.2_1,Dassa-Zoumè,Collines,2010,0.50662,0.42522,0.54822
BEN,BEN.5.2_1,Dassa-Zoumè,Collines,2011,0.40881,0.33378,0.45857
BEN,BEN.5.2_1,Dassa-Zoumè,Collines,2012,0.33812,0.28029,0.39031
BEN,BEN.5.2_1,Dassa-Zoumè,Collines,2013,0.31267,0.26112,0.38073
BEN,BEN.5.2_1,Dassa-Zoumè,Collines,2014,0.32034,0.26675,0.38286
BEN,BEN.5.2_1,Dassa-Zoumè,Collines,2015,0.37202,0.30582,0.41757
BEN,BEN.5.2_1,Dassa-Zoumè,Collines,2016,0.43047,0.34229,0.47206
BEN,BEN.5.2_1,Dassa-Zoumè,Collines,2017,0.43206,0.33711,0.48637
BEN,BEN.5.2_1,Dassa-Zoumè,Collines,2018,0.40352,0.30529,0.47766
BEN,BEN.5.2_1,Dassa-Zoumè,Collines,2019,0.37907,0.28247,0.4617
BEN,BEN.5.2_1,Dassa-Zoumè,Collines,2020,0.35026,0.26098,0.43038
BEN,BEN.5.2_1,Dassa-Zoumè,Collines,2021,0.35851,0.27154,0.42894
BEN,BEN.5.2_1,Dassa-Zoumè,Collines,2022,0.37573,0.29369,0.43204
BEN,BEN.5.2_1,Dassa-Zoumè,Collines,2023,0.37482,0.30073,0.42069
BEN,BEN.5.2_1,Dassa-Zoumè,Collines,2024,0.37471,0.30514,0.41103
BEN,BEN.5.2_1,Dassa-Zoumè,Collines,2025,0.36414,0.30148,0.39552
BEN,BEN.5.3_1,Glazoué,Collines,2000,0.43931,0.38933,0.47667
BEN,BEN.5.3_1,Glazoué,Collines,2001,0.45573,0.40088,0.49531
BEN,BEN.5.3_1,Glazoué,Collines,2002,0.48038,0.43287,0.51729
BEN,BEN.5.3_1,Glazoué,Collines,2003,0.51992,0.48441,0.54776
BEN,BEN.5.3_1,Glazoué,Collines,2004,0.55224,0.52677,0.56846
BEN,BEN.5.3_1,Glazoué,Collines,2005,0.57558,0.55551,0.58424
BEN,BEN.5.3_1,Glazoué,Collines,2006,0.58846,0.57108,0.59348
BEN,BEN.5.3_1,Glazoué,Collines,2007,0.58701,0.56626,0.59234
BEN,BEN.5.3_1,Glazoué,Collines,2008,0.57004,0.53149,0.58661
BEN,BEN.5.3_1,Glazoué,Collines,2009,0.51727,0.46796,0.56
BEN,BEN.5.3_1,Glazoué,Collines,2010,0.43028,0.37552,0.48314
BEN,BEN.5.3_1,Glazoué,Collines,2011,0.36223,0.3163,0.40155
BEN,BEN.5.3_1,Glazoué,Collines,2012,0.34351,0.288,0.39504
BEN,BEN.5.3_1,Glazoué,Collines,2013,0.37462,0.29832,0.45289
BEN,BEN.5.3_1,Glazoué,Collines,2014,0.40868,0.31036,0.49331
BEN,BEN.5.3_1,Glazoué,Collines,2015,0.45603,0.3495,0.53171
BEN,BEN.5.3_1,Glazoué,Collines,2016,0.49202,0.39046,0.55645
BEN,BEN.5.3_1,Glazoué,Collines,2017,0.49103,0.38109,0.56097
BEN,BEN.5.3_1,Glazoué,Collines,2018,0.47254,0.35065,0.55605
BEN,BEN.5.3_1,Glazoué,Collines,2019,0.4482,0.32448,0.5346
BEN,BEN.5.3_1,Glazoué,Collines,2020,0.40911,0.29833,0.49412
BEN,BEN.5.3_1,Glazoué,Collines,2021,0.39548,0.30474,0.46057
BEN,BEN.5.3_1,Glazoué,Collines,2022,0.39121,0.32305,0.43945
BEN,BEN.5.3_1,Glazoué,Collines,2023,0.37893,0.32605,0.41735
BEN,BEN.5.3_1,Glazoué,Collines,2024,0.37774,0.32949,0.41218
BEN,BEN.5.3_1,Glazoué,Collines,2025,0.37219,0.32774,0.40387
BEN,BEN.5.4_1,Ouèssè,Collines,2000,0.44234,0.38887,0.4897
BEN,BEN.5.4_1,Ouèssè,Collines,2001,0.46794,0.41064,0.51157
BEN,BEN.5.4_1,Ouèssè,Collines,2002,0.48939,0.43582,0.53164
BEN,BEN.5.4_1,Ouèssè,Collines,2003,0.51305,0.45901,0.55202
BEN,BEN.5.4_1,Ouèssè,Collines,2004,0.5381,0.47183,0.56505
BEN,BEN.5.4_1,Ouèssè,Collines,2005,0.56101,0.49171,0.57992
BEN,BEN.5.4_1,Ouèssè,Collines,2006,0.57766,0.51096,0.59116
BEN,BEN.5.4_1,Ouèssè,Collines,2007,0.57767,0.51903,0.59209
BEN,BEN.5.4_1,Ouèssè,Collines,2008,0.55452,0.51533,0.58425
BEN,BEN.5.4_1,Ouèssè,Collines,2009,0.50567,0.45863,0.55278
BEN,BEN.5.4_1,Ouèssè,Collines,2010,0.42692,0.36534,0.49446
BEN,BEN.5.4_1,Ouèssè,Collines,2011,0.36234,0.30464,0.44785
BEN,BEN.5.4_1,Ouèssè,Collines,2012,0.34383,0.29003,0.45677
BEN,BEN.5.4_1,Ouèssè,Collines,2013,0.37113,0.29998,0.49728
BEN,BEN.5.4_1,Ouèssè,Collines,2014,0.40713,0.29814,0.5264
BEN,BEN.5.4_1,Ouèssè,Collines,2015,0.45588,0.32923,0.55068
BEN,BEN.5.4_1,Ouèssè,Collines,2016,0.49903,0.3746,0.56681
BEN,BEN.5.4_1,Ouèssè,Collines,2017,0.50422,0.3948,0.56972
BEN,BEN.5.4_1,Ouèssè,Collines,2018,0.50046,0.37947,0.56885
BEN,BEN.5.4_1,Ouèssè,Collines,2019,0.4858,0.33405,0.55851
BEN,BEN.5.4_1,Ouèssè,Collines,2020,0.44912,0.31759,0.52902
BEN,BEN.5.4_1,Ouèssè,Collines,2021,0.42555,0.31864,0.49267
BEN,BEN.5.4_1,Ouèssè,Collines,2022,0.40435,0.3113,0.45624
BEN,BEN.5.4_1,Ouèssè,Collines,2023,0.38312,0.31717,0.42435
BEN,BEN.5.4_1,Ouèssè,Collines,2024,0.3799,0.30815,0.42002
BEN,BEN.5.4_1,Ouèssè,Collines,2025,0.37015,0.29026,0.41385
BEN,BEN.5.5_1,Savalou,Collines,2000,0.44448,0.33598,0.47694
BEN,BEN.5.5_1,Savalou,Collines,2001,0.46776,0.35383,0.50287
BEN,BEN.5.5_1,Savalou,Collines,2002,0.50169,0.38951,0.53721
BEN,BEN.5.5_1,Savalou,Collines,2003,0.54666,0.4436,0.57816
BEN,BEN.5.5_1,Savalou,Collines,2004,0.57943,0.50491,0.59837
BEN,BEN.5.5_1,Savalou,Collines,2005,0.59292,0.54871,0.59996
BEN,BEN.5.5_1,Savalou,Collines,2006,0.59517,0.57045,0.5986
BEN,BEN.5.5_1,Savalou,Collines,2007,0.58989,0.56338,0.5957
BEN,BEN.5.5_1,Savalou,Collines,2008,0.57488,0.53132,0.59438
BEN,BEN.5.5_1,Savalou,Collines,2009,0.5313,0.45,0.59218
BEN,BEN.5.5_1,Savalou,Collines,2010,0.45281,0.34808,0.55172
BEN,BEN.5.5_1,Savalou,Collines,2011,0.39688,0.28384,0.47398
BEN,BEN.5.5_1,Savalou,Collines,2012,0.40133,0.26821,0.48291
BEN,BEN.5.5_1,Savalou,Collines,2013,0.44757,0.2867,0.54634
BEN,BEN.5.5_1,Savalou,Collines,2014,0.47046,0.30222,0.55727
BEN,BEN.5.5_1,Savalou,Collines,2015,0.48962,0.31751,0.56225
BEN,BEN.5.5_1,Savalou,Collines,2016,0.49677,0.33162,0.56577
BEN,BEN.5.5_1,Savalou,Collines,2017,0.46832,0.30415,0.54603
BEN,BEN.5.5_1,Savalou,Collines,2018,0.42111,0.27124,0.49006
BEN,BEN.5.5_1,Savalou,Collines,2019,0.3838,0.24855,0.45105
BEN,BEN.5.5_1,Savalou,Collines,2020,0.34047,0.22611,0.4016
BEN,BEN.5.5_1,Savalou,Collines,2021,0.3343,0.23222,0.37992
BEN,BEN.5.5_1,Savalou,Collines,2022,0.34537,0.25227,0.38401
BEN,BEN.5.5_1,Savalou,Collines,2023,0.34473,0.25756,0.38243
BEN,BEN.5.5_1,Savalou,Collines,2024,0.35511,0.26646,0.39238
BEN,BEN.5.5_1,Savalou,Collines,2025,0.35428,0.27069,0.38101
BEN,BEN.5.6_1,Savè,Collines,2000,0.4423,0.36671,0.47949
BEN,BEN.5.6_1,Savè,Collines,2001,0.45886,0.37318,0.50765
BEN,BEN.5.6_1,Savè,Collines,2002,0.47777,0.38954,0.52099
BEN,BEN.5.6_1,Savè,Collines,2003,0.50843,0.42372,0.54052
BEN,BEN.5.6_1,Savè,Collines,2004,0.53699,0.47742,0.55695
BEN,BEN.5.6_1,Savè,Collines,2005,0.56581,0.52147,0.58471
BEN,BEN.5.6_1,Savè,Collines,2006,0.58793,0.55999,0.59757
BEN,BEN.5.6_1,Savè,Collines,2007,0.58887,0.56338,0.59523
BEN,BEN.5.6_1,Savè,Collines,2008,0.57583,0.53257,0.59274
BEN,BEN.5.6_1,Savè,Collines,2009,0.53162,0.45167,0.57556
BEN,BEN.5.6_1,Savè,Collines,2010,0.4473,0.34995,0.51893
BEN,BEN.5.6_1,Savè,Collines,2011,0.35913,0.26532,0.43207
BEN,BEN.5.6_1,Savè,Collines,2012,0.30613,0.22269,0.36587
BEN,BEN.5.6_1,Savè,Collines,2013,0.29789,0.21968,0.35372
BEN,BEN.5.6_1,Savè,Collines,2014,0.31939,0.24022,0.38222
BEN,BEN.5.6_1,Savè,Collines,2015,0.38268,0.29411,0.44053
BEN,BEN.5.6_1,Savè,Collines,2016,0.44777,0.35912,0.49531
BEN,BEN.5.6_1,Savè,Collines,2017,0.45391,0.36494,0.49717
BEN,BEN.5.6_1,Savè,Collines,2018,0.43306,0.34433,0.4801
BEN,BEN.5.6_1,Savè,Collines,2019,0.41133,0.324,0.46129
BEN,BEN.5.6_1,Savè,Collines,2020,0.38089,0.30013,0.42686
BEN,BEN.5.6_1,Savè,Collines,2021,0.38667,0.30381,0.44093
BEN,BEN.5.6_1,Savè,Collines,2022,0.39777,0.31939,0.44394
BEN,BEN.5.6_1,Savè,Collines,2023,0.39194,0.32059,0.45074
BEN,BEN.5.6_1,Savè,Collines,2024,0.39469,0.3287,0.44142
BEN,BEN.5.6_1,Savè,Collines,2025,0.38806,0.33169,0.41928
BEN,BEN.6.1_1,Bassila,Donga,2000,0.46314,0.40318,0.51211
BEN,BEN.6.1_1,Bassila,Donga,2001,0.49605,0.4395,0.53692
BEN,BEN.6.1_1,Bassila,Donga,2002,0.51703,0.46859,0.55059
BEN,BEN.6.1_1,Bassila,Donga,2003,0.53476,0.48564,0.56795
BEN,BEN.6.1_1,Bassila,Donga,2004,0.54943,0.50293,0.57563
BEN,BEN.6.1_1,Bassila,Donga,2005,0.56705,0.52335,0.58783
BEN,BEN.6.1_1,Bassila,Donga,2006,0.576,0.53555,0.59325
BEN,BEN.6.1_1,Bassila,Donga,2007,0.56934,0.51809,0.58945
BEN,BEN.6.1_1,Bassila,Donga,2008,0.54363,0.4707,0.58208
BEN,BEN.6.1_1,Bassila,Donga,2009,0.49713,0.36933,0.58187
BEN,BEN.6.1_1,Bassila,Donga,2010,0.43148,0.28355,0.57753
BEN,BEN.6.1_1,Bassila,Donga,2011,0.39856,0.26118,0.56453
BEN,BEN.6.1_1,Bassila,Donga,2012,0.44062,0.321,0.56285
BEN,BEN.6.1_1,Bassila,Donga,2013,0.51677,0.4328,0.56622
BEN,BEN.6.1_1,Bassila,Donga,2014,0.54269,0.47889,0.57918
BEN,BEN.6.1_1,Bassila,Donga,2015,0.54983,0.4646,0.57836
BEN,BEN.6.1_1,Bassila,Donga,2016,0.55027,0.42546,0.57825
BEN,BEN.6.1_1,Bassila,Donga,2017,0.54107,0.37406,0.57486
BEN,BEN.6.1_1,Bassila,Donga,2018,0.53455,0.32848,0.57225
BEN,BEN.6.1_1,Bassila,Donga,2019,0.5183,0.29983,0.56886
BEN,BEN.6.1_1,Bassila,Donga,2020,0.47557,0.26473,0.55026
BEN,BEN.6.1_1,Bassila,Donga,2021,0.43701,0.26624,0.51151
BEN,BEN.6.1_1,Bassila,Donga,2022,0.40452,0.30315,0.47076
BEN,BEN.6.1_1,Bassila,Donga,2023,0.37578,0.28794,0.43692
BEN,BEN.6.1_1,Bassila,Donga,2024,0.37779,0.29919,0.43357
BEN,BEN.6.1_1,Bassila,Donga,2025,0.38121,0.32168,0.43036
BEN,BEN.6.2_1,Copargo,Donga,2000,0.41346,0.39164,0.43486
BEN,BEN.6.2_1,Copargo,Donga,2001,0.46291,0.44062,0.4845
BEN,BEN.6.2_1,Copargo,Donga,2002,0.50029,0.48278,0.51826
BEN,BEN.6.2_1,Copargo,Donga,2003,0.5302,0.51273,0.5441
BEN,BEN.6.2_1,Copargo,Donga,2004,0.5539,0.54204,0.56337
BEN,BEN.6.2_1,Copargo,Donga,2005,0.57477,0.56659,0.58189
BEN,BEN.6.2_1,Copargo,Donga,2006,0.58813,0.5802,0.59395
BEN,BEN.6.2_1,Copargo,Donga,2007,0.59244,0.5855,0.59692
BEN,BEN.6.2_1,Copargo,Donga,2008,0.58968,0.58052,0.59622
BEN,BEN.6.2_1,Copargo,Donga,2009,0.59239,0.58349,0.59771
BEN,BEN.6.2_1,Copargo,Donga,2010,0.59585,0.58659,0.59916
BEN,BEN.6.2_1,Copargo,Donga,2011,0.58792,0.57116,0.59689
BEN,BEN.6.2_1,Copargo,Donga,2012,0.57378,0.52299,0.59151
BEN,BEN.6.2_1,Copargo,Donga,2013,0.54931,0.45697,0.57343
BEN,BEN.6.2_1,Copargo,Donga,2014,0.53209,0.43472,0.56201
BEN,BEN.6.2_1,Copargo,Donga,2015,0.52522,0.45962,0.55884
BEN,BEN.6.2_1,Copargo,Donga,2016,0.53053,0.48101,0.56421
BEN,BEN.6.2_1,Copargo,Donga,2017,0.50193,0.42657,0.54961
BEN,BEN.6.2_1,Copargo,Donga,2018,0.44795,0.35909,0.5228
BEN,BEN.6.2_1,Copargo,Donga,2019,0.40996,0.32391,0.50578
BEN,BEN.6.2_1,Copargo,Donga,2020,0.36393,0.29024,0.45685
BEN,BEN.6.2_1,Copargo,Donga,2021,0.34543,0.2837,0.43398
BEN,BEN.6.2_1,Copargo,Donga,2022,0.36077,0.31381,0.41649
BEN,BEN.6.2_1,Copargo,Donga,2023,0.37109,0.33205,0.40603
BEN,BEN.6.2_1,Copargo,Donga,2024,0.3711,0.33603,0.40423
BEN,BEN.6.2_1,Copargo,Donga,2025,0.36803,0.34027,0.39474
BEN,BEN.6.4_1,Ouaké,Donga,2000,0.42583,0.4066,0.44143
BEN,BEN.6.4_1,Ouaké,Donga,2001,0.47303,0.45721,0.48852
BEN,BEN.6.4_1,Ouaké,Donga,2002,0.5095,0.49527,0.52073
BEN,BEN.6.4_1,Ouaké,Donga,2003,0.53679,0.52726,0.54512
BEN,BEN.6.4_1,Ouaké,Donga,2004,0.55622,0.54825,0.56386
BEN,BEN.6.4_1,Ouaké,Donga,2005,0.5746,0.56618,0.58107
BEN,BEN.6.4_1,Ouaké,Donga,2006,0.58435,0.57588,0.59029
BEN,BEN.6.4_1,Ouaké,Donga,2007,0.58185,0.56813,0.592
BEN,BEN.6.4_1,Ouaké,Donga,2008,0.57224,0.55092,0.58506
BEN,BEN.6.4_1,Ouaké,Donga,2009,0.56942,0.52933,0.58739
BEN,BEN.6.4_1,Ouaké,Donga,2010,0.56453,0.49275,0.5941
BEN,BEN.6.4_1,Ouaké,Donga,2011,0.54617,0.46406,0.58442
BEN,BEN.6.4_1,Ouaké,Donga,2012,0.55093,0.48815,0.57943
BEN,BEN.6.4_1,Ouaké,Donga,2013,0.55484,0.53289,0.56833
BEN,BEN.6.4_1,Ouaké,Donga,2014,0.53647,0.51637,0.55117
BEN,BEN.6.4_1,Ouaké,Donga,2015,0.4951,0.46116,0.52362
BEN,BEN.6.4_1,Ouaké,Donga,2016,0.4625,0.41265,0.49918
BEN,BEN.6.4_1,Ouaké,Donga,2017,0.39867,0.34226,0.44106
BEN,BEN.6.4_1,Ouaké,Donga,2018,0.34213,0.28646,0.3881
BEN,BEN.6.4_1,Ouaké,Donga,2019,0.31539,0.26247,0.36202
BEN,BEN.6.4_1,Ouaké,Donga,2020,0.27833,0.23437,0.31481
BEN,BEN.6.4_1,Ouaké,Donga,2021,0.27822,0.24156,0.30708
BEN,BEN.6.4_1,Ouaké,Donga,2022,0.31638,0.28634,0.33489
BEN,BEN.6.4_1,Ouaké,Donga,2023,0.34114,0.31596,0.35486
BEN,BEN.6.4_1,Ouaké,Donga,2024,0.35108,0.32801,0.36372
BEN,BEN.6.4_1,Ouaké,Donga,2025,0.35846,0.33978,0.37252
BEN,BEN.6.5_1,DjougouRural,Donga,2000,0.42611,0.38364,0.47784
BEN,BEN.6.5_1,DjougouRural,Donga,2001,0.47326,0.43305,0.51786
BEN,BEN.6.5_1,DjougouRural,Donga,2002,0.50613,0.46715,0.543
BEN,BEN.6.5_1,DjougouRural,Donga,2003,0.53068,0.4901,0.55755
BEN,BEN.6.5_1,DjougouRural,Donga,2004,0.5523,0.51348,0.57131
BEN,BEN.6.5_1,DjougouRural,Donga,2005,0.57423,0.54341,0.59013
BEN,BEN.6.5_1,DjougouRural,Donga,2006,0.58808,0.56712,0.59764
BEN,BEN.6.5_1,DjougouRural,Donga,2007,0.5882,0.56866,0.59716
BEN,BEN.6.5_1,DjougouRural,Donga,2008,0.58535,0.55575,0.59598
BEN,BEN.6.5_1,DjougouRural,Donga,2009,0.58715,0.53928,0.59747
BEN,BEN.6.5_1,DjougouRural,Donga,2010,0.58707,0.51121,0.5989
BEN,BEN.6.5_1,DjougouRural,Donga,2011,0.57355,0.46561,0.59603
BEN,BEN.6.5_1,DjougouRural,Donga,2012,0.55358,0.44086,0.58896
BEN,BEN.6.5_1,DjougouRural,Donga,2013,0.5237,0.42909,0.57487
BEN,BEN.6.5_1,DjougouRural,Donga,2014,0.51027,0.42556,0.56285
BEN,BEN.6.5_1,DjougouRural,Donga,2015,0.52197,0.45434,0.56629
BEN,BEN.6.5_1,DjougouRural,Donga,2016,0.54198,0.47564,0.56899
BEN,BEN.6.5_1,DjougouRural,Donga,2017,0.52608,0.4149,0.56179
BEN,BEN.6.5_1,DjougouRural,Donga,2018,0.49109,0.34801,0.56363
BEN,BEN.6.5_1,DjougouRural,Donga,2019,0.46136,0.31685,0.55875
BEN,BEN.6.5_1,DjougouRural,Donga,2020,0.42183,0.29507,0.52645
BEN,BEN.6.5_1,DjougouRural,Donga,2021,0.39385,0.2945,0.48658
BEN,BEN.6.5_1,DjougouRural,Donga,2022,0.38464,0.3228,0.44985
BEN,BEN.6.5_1,DjougouRural,Donga,2023,0.38324,0.34332,0.42676
BEN,BEN.6.5_1,DjougouRural,Donga,2024,0.38438,0.34371,0.42528
BEN,BEN.6.5_1,DjougouRural,Donga,2025,0.3806,0.34751,0.42471
BEN,BEN.6.6_1,DjougouUrbain,Donga,2000,0.41145,0.38249,0.43261
BEN,BEN.6.6_1,DjougouUrbain,Donga,2001,0.46072,0.43367,0.47904
BEN,BEN.6.6_1,DjougouUrbain,Donga,2002,0.4946,0.47171,0.51336
BEN,BEN.6.6_1,DjougouUrbain,Donga,2003,0.524,0.49925,0.54397
BEN,BEN.6.6_1,DjougouUrbain,Donga,2004,0.54942,0.53053,0.56394
BEN,BEN.6.6_1,DjougouUrbain,Donga,2005,0.57218,0.55865,0.5838
BEN,BEN.6.6_1,DjougouUrbain,Donga,2006,0.58776,0.57843,0.59388
BEN,BEN.6.6_1,DjougouUrbain,Donga,2007,0.58884,0.58078,0.59397
BEN,BEN.6.6_1,DjougouUrbain,Donga,2008,0.58644,0.57819,0.59131
BEN,BEN.6.6_1,DjougouUrbain,Donga,2009,0.5905,0.58303,0.59476
BEN,BEN.6.6_1,DjougouUrbain,Donga,2010,0.59553,0.58932,0.59859
BEN,BEN.6.6_1,DjougouUrbain,Donga,2011,0.58811,0.57093,0.5961
BEN,BEN.6.6_1,DjougouUrbain,Donga,2012,0.56982,0.54043,0.58602
BEN,BEN.6.6_1,DjougouUrbain,Donga,2013,0.54313,0.5092,0.5676
BEN,BEN.6.6_1,DjougouUrbain,Donga,2014,0.52438,0.48905,0.55035
BEN,BEN.6.6_1,DjougouUrbain,Donga,2015,0.52281,0.48589,0.54918
BEN,BEN.6.6_1,DjougouUrbain,Donga,2016,0.53347,0.49679,0.55938
BEN,BEN.6.6_1,DjougouUrbain,Donga,2017,0.50507,0.45436,0.54743
BEN,BEN.6.6_1,DjougouUrbain,Donga,2018,0.45201,0.39487,0.5093
BEN,BEN.6.6_1,DjougouUrbain,Donga,2019,0.41577,0.36141,0.47376
BEN,BEN.6.6_1,DjougouUrbain,Donga,2020,0.37455,0.32697,0.42718
BEN,BEN.6.6_1,DjougouUrbain,Donga,2021,0.35218,0.31031,0.39418
BEN,BEN.6.6_1,DjougouUrbain,Donga,2022,0.35334,0.32053,0.38152
BEN,BEN.6.6_1,DjougouUrbain,Donga,2023,0.35786,0.32446,0.38088
BEN,BEN.6.6_1,DjougouUrbain,Donga,2024,0.3582,0.32652,0.38048
BEN,BEN.6.6_1,DjougouUrbain,Donga,2025,0.35724,0.32971,0.37733
BEN,BEN.7.1_1,Aplahoué,Kouffo,2000,0.4783,0.43382,0.50757
BEN,BEN.7.1_1,Aplahoué,Kouffo,2001,0.46834,0.41004,0.49496
BEN,BEN.7.1_1,Aplahoué,Kouffo,2002,0.48766,0.42188,0.51478
BEN,BEN.7.1_1,Aplahoué,Kouffo,2003,0.53701,0.47244,0.56425
BEN,BEN.7.1_1,Aplahoué,Kouffo,2004,0.58228,0.54568,0.59311
BEN,BEN.7.1_1,Aplahoué,Kouffo,2005,0.59402,0.55742,0.59919
BEN,BEN.7.1_1,Aplahoué,Kouffo,2006,0.59562,0.5561,0.59764
BEN,BEN.7.1_1,Aplahoué,Kouffo,2007,0.59277,0.55077,0.59455
BEN,BEN.7.1_1,Aplahoué,Kouffo,2008,0.58693,0.52607,0.59296
BEN,BEN.7.1_1,Aplahoué,Kouffo,2009,0.55589,0.46437,0.58635
BEN,BEN.7.1_1,Aplahoué,Kouffo,2010,0.47941,0.38105,0.53508
BEN,BEN.7.1_1,Aplahoué,Kouffo,2011,0.42405,0.32507,0.46895
BEN,BEN.7.1_1,Aplahoué,Kouffo,2012,0.43738,0.33553,0.48093
BEN,BEN.7.1_1,Aplahoué,Kouffo,2013,0.49872,0.39618,0.53581
BEN,BEN.7.1_1,Aplahoué,Kouffo,2014,0.54335,0.45833,0.5681
BEN,BEN.7.1_1,Aplahoué,Kouffo,2015,0.57014,0.51409,0.57747
BEN,BEN.7.1_1,Aplahoué,Kouffo,2016,0.57267,0.52367,0.57571
BEN,BEN.7.1_1,Aplahoué,Kouffo,2017,0.56769,0.51113,0.57308
BEN,BEN.7.1_1,Aplahoué,Kouffo,2018,0.53566,0.45036,0.55954
BEN,BEN.7.1_1,Aplahoué,Kouffo,2019,0.46651,0.37558,0.50287
BEN,BEN.7.1_1,Aplahoué,Kouffo,2020,0.39461,0.32571,0.43464
BEN,BEN.7.1_1,Aplahoué,Kouffo,2021,0.37331,0.2927,0.41467
BEN,BEN.7.1_1,Aplahoué,Kouffo,2022,0.37232,0.27833,0.41446
BEN,BEN.7.1_1,Aplahoué,Kouffo,2023,0.35714,0.25688,0.39675
BEN,BEN.7.1_1,Aplahoué,Kouffo,2024,0.35222,0.25737,0.38502
BEN,BEN.7.1_1,Aplahoué,Kouffo,2025,0.33928,0.25505,0.36597
BEN,BEN.7.2_1,Djakotomey,Kouffo,2000,0.46336,0.44494,0.47792
BEN,BEN.7.2_1,Djakotomey,Kouffo,2001,0.44448,0.42308,0.45935
BEN,BEN.7.2_1,Djakotomey,Kouffo,2002,0.4602,0.43369,0.4783
BEN,BEN.7.2_1,Djakotomey,Kouffo,2003,0.51304,0.48173,0.53325
BEN,BEN.7.2_1,Djakotomey,Kouffo,2004,0.5726,0.55312,0.58434
BEN,BEN.7.2_1,Djakotomey,Kouffo,2005,0.59271,0.58501,0.59694
BEN,BEN.7.2_1,Djakotomey,Kouffo,2006,0.59452,0.59171,0.59632
BEN,BEN.7.2_1,Djakotomey,Kouffo,2007,0.59042,0.58763,0.59202
BEN,BEN.7.2_1,Djakotomey,Kouffo,2008,0.57255,0.55898,0.57954
BEN,BEN.7.2_1,Djakotomey,Kouffo,2009,0.49752,0.46213,0.52613
BEN,BEN.7.2_1,Djakotomey,Kouffo,2010,0.39715,0.35819,0.43449
BEN,BEN.7.2_1,Djakotomey,Kouffo,2011,0.34437,0.31186,0.37394
BEN,BEN.7.2_1,Djakotomey,Kouffo,2012,0.36045,0.33941,0.37857
BEN,BEN.7.2_1,Djakotomey,Kouffo,2013,0.42808,0.39869,0.44927
BEN,BEN.7.2_1,Djakotomey,Kouffo,2014,0.48867,0.45487,0.52088
BEN,BEN.7.2_1,Djakotomey,Kouffo,2015,0.53927,0.51457,0.55915
BEN,BEN.7.2_1,Djakotomey,Kouffo,2016,0.56232,0.55246,0.56915
BEN,BEN.7.2_1,Djakotomey,Kouffo,2017,0.55149,0.52997,0.56094
BEN,BEN.7.2_1,Djakotomey,Kouffo,2018,0.49716,0.45972,0.52008
BEN,BEN.7.2_1,Djakotomey,Kouffo,2019,0.43092,0.38584,0.46074
BEN,BEN.7.2_1,Djakotomey,Kouffo,2020,0.37411,0.33094,0.40727
BEN,BEN.7.2_1,Djakotomey,Kouffo,2021,0.37242,0.33412,0.39863
BEN,BEN.7.2_1,Djakotomey,Kouffo,2022,0.38504,0.35268,0.41004
BEN,BEN.7.2_1,Djakotomey,Kouffo,2023,0.37397,0.34761,0.39754
BEN,BEN.7.2_1,Djakotomey,Kouffo,2024,0.35805,0.33572,0.38115
BEN,BEN.7.2_1,Djakotomey,Kouffo,2025,0.33321,0.31229,0.3544
BEN,BEN.7.4_1,Klouékanmè,Kouffo,2000,0.46261,0.43393,0.48617
BEN,BEN.7.4_1,Klouékanmè,Kouffo,2001,0.44162,0.40535,0.46813
BEN,BEN.7.4_1,Klouékanmè,Kouffo,2002,0.4542,0.41497,0.4805
BEN,BEN.7.4_1,Klouékanmè,Kouffo,2003,0.50162,0.46302,0.52946
BEN,BEN.7.4_1,Klouékanmè,Kouffo,2004,0.56628,0.54235,0.58414
BEN,BEN.7.4_1,Klouékanmè,Kouffo,2005,0.59002,0.58107,0.59404
BEN,BEN.7.4_1,Klouékanmè,Kouffo,2006,0.59404,0.59108,0.59611
BEN,BEN.7.4_1,Klouékanmè,Kouffo,2007,0.59216,0.58927,0.59434
BEN,BEN.7.4_1,Klouékanmè,Kouffo,2008,0.58867,0.57944,0.59297
BEN,BEN.7.4_1,Klouékanmè,Kouffo,2009,0.56065,0.52811,0.58566
BEN,BEN.7.4_1,Klouékanmè,Kouffo,2010,0.48436,0.43878,0.5338
BEN,BEN.7.4_1,Klouékanmè,Kouffo,2011,0.41402,0.37115,0.46141
BEN,BEN.7.4_1,Klouékanmè,Kouffo,2012,0.3951,0.35346,0.44433
BEN,BEN.7.4_1,Klouékanmè,Kouffo,2013,0.42612,0.35803,0.47741
BEN,BEN.7.4_1,Klouékanmè,Kouffo,2014,0.46495,0.38495,0.51554
BEN,BEN.7.4_1,Klouékanmè,Kouffo,2015,0.52282,0.44292,0.56526
BEN,BEN.7.4_1,Klouékanmè,Kouffo,2016,0.55695,0.503,0.57455
BEN,BEN.7.4_1,Klouékanmè,Kouffo,2017,0.55386,0.50075,0.5704
BEN,BEN.7.4_1,Klouékanmè,Kouffo,2018,0.51585,0.46072,0.5467
BEN,BEN.7.4_1,Klouékanmè,Kouffo,2019,0.45875,0.41846,0.48795
BEN,BEN.7.4_1,Klouékanmè,Kouffo,2020,0.40373,0.37729,0.42871
BEN,BEN.7.4_1,Klouékanmè,Kouffo,2021,0.39624,0.37679,0.42387
BEN,BEN.7.4_1,Klouékanmè,Kouffo,2022,0.4029,0.38007,0.43137
BEN,BEN.7.4_1,Klouékanmè,Kouffo,2023,0.38757,0.36332,0.41574
BEN,BEN.7.4_1,Klouékanmè,Kouffo,2024,0.3726,0.35236,0.39678
BEN,BEN.7.4_1,Klouékanmè,Kouffo,2025,0.3498,0.32889,0.36813
BEN,BEN.7.5_1,Lalo,Kouffo,2000,0.50073,0.45387,0.53847
BEN,BEN.7.5_1,Lalo,Kouffo,2001,0.48727,0.42899,0.53588
BEN,BEN.7.5_1,Lalo,Kouffo,2002,0.49412,0.43602,0.54201
BEN,BEN.7.5_1,Lalo,Kouffo,2003,0.52124,0.47086,0.55884
BEN,BEN.7.5_1,Lalo,Kouffo,2004,0.5616,0.53671,0.57765
BEN,BEN.7.5_1,Lalo,Kouffo,2005,0.58351,0.5766,0.58883
BEN,BEN.7.5_1,Lalo,Kouffo,2006,0.59026,0.58355,0.59329
BEN,BEN.7.5_1,Lalo,Kouffo,2007,0.58837,0.57924,0.59126
BEN,BEN.7.5_1,Lalo,Kouffo,2008,0.57518,0.54448,0.58807
BEN,BEN.7.5_1,Lalo,Kouffo,2009,0.52721,0.48386,0.56342
BEN,BEN.7.5_1,Lalo,Kouffo,2010,0.45896,0.42829,0.50454
BEN,BEN.7.5_1,Lalo,Kouffo,2011,0.40041,0.37718,0.44329
BEN,BEN.7.5_1,Lalo,Kouffo,2012,0.38357,0.34671,0.41383
BEN,BEN.7.5_1,Lalo,Kouffo,2013,0.40586,0.35604,0.4437
BEN,BEN.7.5_1,Lalo,Kouffo,2014,0.43842,0.38148,0.48174
BEN,BEN.7.5_1,Lalo,Kouffo,2015,0.49056,0.43476,0.52877
BEN,BEN.7.5_1,Lalo,Kouffo,2016,0.53542,0.48964,0.56298
BEN,BEN.7.5_1,Lalo,Kouffo,2017,0.53696,0.48601,0.56394
BEN,BEN.7.5_1,Lalo,Kouffo,2018,0.50915,0.45502,0.54469
BEN,BEN.7.5_1,Lalo,Kouffo,2019,0.47818,0.42372,0.52007
BEN,BEN.7.5_1,Lalo,Kouffo,2020,0.43963,0.38518,0.48185
BEN,BEN.7.5_1,Lalo,Kouffo,2021,0.43879,0.39068,0.4779
BEN,BEN.7.5_1,Lalo,Kouffo,2022,0.44128,0.39645,0.47584
BEN,BEN.7.5_1,Lalo,Kouffo,2023,0.42612,0.38635,0.46066
BEN,BEN.7.5_1,Lalo,Kouffo,2024,0.40604,0.36496,0.44438
BEN,BEN.7.5_1,Lalo,Kouffo,2025,0.3727,0.33667,0.40506
BEN,BEN.7.6_1,Toviklin,Kouffo,2000,0.47871,0.46741,0.49302
BEN,BEN.7.6_1,Toviklin,Kouffo,2001,0.45789,0.44569,0.47299
BEN,BEN.7.6_1,Toviklin,Kouffo,2002,0.46823,0.45775,0.48381
BEN,BEN.7.6_1,Toviklin,Kouffo,2003,0.51148,0.49827,0.52791
BEN,BEN.7.6_1,Toviklin,Kouffo,2004,0.56434,0.55513,0.57448
BEN,BEN.7.6_1,Toviklin,Kouffo,2005,0.58832,0.58462,0.59247
BEN,BEN.7.6_1,Toviklin,Kouffo,2006,0.59281,0.59101,0.59411
BEN,BEN.7.6_1,Toviklin,Kouffo,2007,0.59011,0.58894,0.59151
BEN,BEN.7.6_1,Toviklin,Kouffo,2008,0.57826,0.56892,0.58441
BEN,BEN.7.6_1,Toviklin,Kouffo,2009,0.52566,0.49955,0.54207
BEN,BEN.7.6_1,Toviklin,Kouffo,2010,0.43888,0.40762,0.45788
BEN,BEN.7.6_1,Toviklin,Kouffo,2011,0.37559,0.34583,0.39301
BEN,BEN.7.6_1,Toviklin,Kouffo,2012,0.36855,0.34343,0.3878
BEN,BEN.7.6_1,Toviklin,Kouffo,2013,0.40882,0.3876,0.43084
BEN,BEN.7.6_1,Toviklin,Kouffo,2014,0.45521,0.43621,0.47591
BEN,BEN.7.6_1,Toviklin,Kouffo,2015,0.51181,0.49427,0.52917
BEN,BEN.7.6_1,Toviklin,Kouffo,2016,0.55278,0.53992,0.56278
BEN,BEN.7.6_1,Toviklin,Kouffo,2017,0.5499,0.53214,0.55673
BEN,BEN.7.6_1,Toviklin,Kouffo,2018,0.51084,0.48152,0.52341
BEN,BEN.7.6_1,Toviklin,Kouffo,2019,0.45947,0.42774,0.47311
BEN,BEN.7.6_1,Toviklin,Kouffo,2020,0.41138,0.38149,0.42639
BEN,BEN.7.6_1,Toviklin,Kouffo,2021,0.4105,0.3854,0.42314
BEN,BEN.7.6_1,Toviklin,Kouffo,2022,0.41545,0.39433,0.42601
BEN,BEN.7.6_1,Toviklin,Kouffo,2023,0.39951,0.38242,0.40936
BEN,BEN.7.6_1,Toviklin,Kouffo,2024,0.37982,0.363,0.38949
BEN,BEN.7.6_1,Toviklin,Kouffo,2025,0.35151,0.33515,0.35977
BEN,BEN.8.1_1,Cotonou,Littoral,2000,0.39516,0.37936,0.41395
BEN,BEN.8.1_1,Cotonou,Littoral,2001,0.41089,0.39736,0.43232
BEN,BEN.8.1_1,Cotonou,Littoral,2002,0.41414,0.40176,0.43683
BEN,BEN.8.1_1,Cotonou,Littoral,2003,0.39627,0.38392,0.41952
BEN,BEN.8.1_1,Cotonou,Littoral,2004,0.38329,0.36952,0.40512
BEN,BEN.8.1_1,Cotonou,Littoral,2005,0.36,0.34545,0.38029
BEN,BEN.8.1_1,Cotonou,Littoral,2006,0.3115,0.29794,0.3288
BEN,BEN.8.1_1,Cotonou,Littoral,2007,0.27236,0.26172,0.28596
BEN,BEN.8.1_1,Cotonou,Littoral,2008,0.24719,0.23804,0.25817
BEN,BEN.8.1_1,Cotonou,Littoral,2009,0.25171,0.24349,0.26199
BEN,BEN.8.1_1,Cotonou,Littoral,2010,0.26598,0.25882,0.27534
BEN,BEN.8.1_1,Cotonou,Littoral,2011,0.26102,0.25472,0.26757
BEN,BEN.8.1_1,Cotonou,Littoral,2012,0.24713,0.24014,0.25262
BEN,BEN.8.1_1,Cotonou,Littoral,2013,0.2344,0.22498,0.2416
BEN,BEN.8.1_1,Cotonou,Littoral,2014,0.22861,0.21837,0.23745
BEN,BEN.8.1_1,Cotonou,Littoral,2015,0.23037,0.2182,0.24051
BEN,BEN.8.1_1,Cotonou,Littoral,2016,0.24439,0.23052,0.25535
BEN,BEN.8.1_1,Cotonou,Littoral,2017,0.25849,0.24614,0.27007
BEN,BEN.8.1_1,Cotonou,Littoral,2018,0.28326,0.27204,0.29435
BEN,BEN.8.1_1,Cotonou,Littoral,2019,0.30522,0.29452,0.31509
BEN,BEN.8.1_1,Cotonou,Littoral,2020,0.30826,0.29909,0.31755
BEN,BEN.8.1_1,Cotonou,Littoral,2021,0.30715,0.29732,0.31576
BEN,BEN.8.1_1,Cotonou,Littoral,2022,0.29101,0.27993,0.29826
BEN,BEN.8.1_1,Cotonou,Littoral,2023,0.27296,0.26219,0.27992
BEN,BEN.8.1_1,Cotonou,Littoral,2024,0.25063,0.24004,0.2565
BEN,BEN.8.1_1,Cotonou,Littoral,2025,0.22979,0.22054,0.2353
BEN,BEN.9.1_1,Athiémè,Mono,2000,0.50626,0.4828,0.52337
BEN,BEN.9.1_1,Athiémè,Mono,2001,0.50304,0.47371,0.52026
BEN,BEN.9.1_1,Athiémè,Mono,2002,0.51592,0.49146,0.53999
BEN,BEN.9.1_1,Athiémè,Mono,2003,0.55388,0.5381,0.58218
BEN,BEN.9.1_1,Athiémè,Mono,2004,0.58425,0.56656,0.59716
BEN,BEN.9.1_1,Athiémè,Mono,2005,0.59134,0.57734,0.59688
BEN,BEN.9.1_1,Athiémè,Mono,2006,0.58785,0.56901,0.59605
BEN,BEN.9.1_1,Athiémè,Mono,2007,0.56431,0.52857,0.59216
BEN,BEN.9.1_1,Athiémè,Mono,2008,0.49953,0.44668,0.56955
BEN,BEN.9.1_1,Athiémè,Mono,2009,0.39793,0.35563,0.47981
BEN,BEN.9.1_1,Athiémè,Mono,2010,0.32022,0.29497,0.38463
BEN,BEN.9.1_1,Athiémè,Mono,2011,0.29148,0.27032,0.34895
BEN,BEN.9.1_1,Athiémè,Mono,2012,0.33028,0.30189,0.40074
BEN,BEN.9.1_1,Athiémè,Mono,2013,0.41885,0.37639,0.50641
BEN,BEN.9.1_1,Athiémè,Mono,2014,0.48864,0.44841,0.55976
BEN,BEN.9.1_1,Athiémè,Mono,2015,0.53301,0.50611,0.57405
BEN,BEN.9.1_1,Athiémè,Mono,2016,0.55061,0.53875,0.57255
BEN,BEN.9.1_1,Athiémè,Mono,2017,0.52632,0.50609,0.55938
BEN,BEN.9.1_1,Athiémè,Mono,2018,0.46297,0.43394,0.49718
BEN,BEN.9.1_1,Athiémè,Mono,2019,0.40147,0.36901,0.42249
BEN,BEN.9.1_1,Athiémè,Mono,2020,0.35493,0.32184,0.37217
BEN,BEN.9.1_1,Athiémè,Mono,2021,0.37116,0.33869,0.38898
BEN,BEN.9.1_1,Athiémè,Mono,2022,0.39331,0.36385,0.41433
BEN,BEN.9.1_1,Athiémè,Mono,2023,0.39205,0.36568,0.41486
BEN,BEN.9.1_1,Athiémè,Mono,2024,0.3803,0.35554,0.40146
BEN,BEN.9.1_1,Athiémè,Mono,2025,0.35453,0.32992,0.37124
BEN,BEN.9.2_1,Bopa,Mono,2000,0.50855,0.43966,0.54452
BEN,BEN.9.2_1,Bopa,Mono,2001,0.5014,0.42493,0.5394
BEN,BEN.9.2_1,Bopa,Mono,2002,0.50556,0.42603,0.54489
BEN,BEN.9.2_1,Bopa,Mono,2003,0.52536,0.43688,0.5645
BEN,BEN.9.2_1,Bopa,Mono,2004,0.55348,0.46116,0.58562
BEN,BEN.9.2_1,Bopa,Mono,2005,0.56815,0.4707,0.59516
BEN,BEN.9.2_1,Bopa,Mono,2006,0.56431,0.44017,0.59469
BEN,BEN.9.2_1,Bopa,Mono,2007,0.54369,0.38583,0.59064
BEN,BEN.9.2_1,Bopa,Mono,2008,0.49278,0.31682,0.57915
BEN,BEN.9.2_1,Bopa,Mono,2009,0.42316,0.26355,0.52826
BEN,BEN.9.2_1,Bopa,Mono,2010,0.36188,0.23303,0.46748
BEN,BEN.9.2_1,Bopa,Mono,2011,0.32499,0.21762,0.41627
BEN,BEN.9.2_1,Bopa,Mono,2012,0.33184,0.22932,0.41224
BEN,BEN.9.2_1,Bopa,Mono,2013,0.37426,0.26701,0.45326
BEN,BEN.9.2_1,Bopa,Mono,2014,0.42304,0.30741,0.49392
BEN,BEN.9.2_1,Bopa,Mono,2015,0.47989,0.35521,0.5461
BEN,BEN.9.2_1,Bopa,Mono,2016,0.52098,0.40174,0.57102
BEN,BEN.9.2_1,Bopa,Mono,2017,0.52008,0.40111,0.57095
BEN,BEN.9.2_1,Bopa,Mono,2018,0.49474,0.38106,0.55604
BEN,BEN.9.2_1,Bopa,Mono,2019,0.46132,0.35923,0.52477
BEN,BEN.9.2_1,Bopa,Mono,2020,0.42532,0.33844,0.48448
BEN,BEN.9.2_1,Bopa,Mono,2021,0.42727,0.34671,0.48306
BEN,BEN.9.2_1,Bopa,Mono,2022,0.42902,0.34979,0.47826
BEN,BEN.9.2_1,Bopa,Mono,2023,0.41653,0.34039,0.46414
BEN,BEN.9.2_1,Bopa,Mono,2024,0.39909,0.32021,0.44909
BEN,BEN.9.2_1,Bopa,Mono,2025,0.36797,0.29419,0.41399
BEN,BEN.9.3_1,Comè,Mono,2000,0.44177,0.41992,0.4688
BEN,BEN.9.3_1,Comè,Mono,2001,0.43229,0.4042,0.46321
BEN,BEN.9.3_1,Comè,Mono,2002,0.43561,0.40484,0.46965
BEN,BEN.9.3_1,Comè,Mono,2003,0.45288,0.42265,0.48876
BEN,BEN.9.3_1,Comè,Mono,2004,0.4819,0.45145,0.51978
BEN,BEN.9.3_1,Comè,Mono,2005,0.49315,0.46248,0.53484
BEN,BEN.9.3_1,Comè,Mono,2006,0.46633,0.43098,0.51849
BEN,BEN.9.3_1,Comè,Mono,2007,0.41274,0.37775,0.46548
BEN,BEN.9.3_1,Comè,Mono,2008,0.33751,0.30785,0.37895
BEN,BEN.9.3_1,Comè,Mono,2009,0.27475,0.25042,0.30611
BEN,BEN.9.3_1,Comè,Mono,2010,0.23583,0.21669,0.25686
BEN,BEN.9.3_1,Comè,Mono,2011,0.21927,0.20094,0.23775
BEN,BEN.9.3_1,Comè,Mono,2012,0.23533,0.2144,0.25815
BEN,BEN.9.3_1,Comè,Mono,2013,0.27974,0.25311,0.31037
BEN,BEN.9.3_1,Comè,Mono,2014,0.33062,0.29555,0.3715
BEN,BEN.9.3_1,Comè,Mono,2015,0.38811,0.34788,0.43362
BEN,BEN.9.3_1,Comè,Mono,2016,0.43753,0.39667,0.48348
BEN,BEN.9.3_1,Comè,Mono,2017,0.43036,0.39268,0.47098
BEN,BEN.9.3_1,Comè,Mono,2018,0.39619,0.36591,0.43114
BEN,BEN.9.3_1,Comè,Mono,2019,0.36036,0.33739,0.39409
BEN,BEN.9.3_1,Comè,Mono,2020,0.33343,0.3138,0.36848
BEN,BEN.9.3_1,Comè,Mono,2021,0.34069,0.32006,0.37546
BEN,BEN.9.3_1,Comè,Mono,2022,0.34557,0.32537,0.37826
BEN,BEN.9.3_1,Comè,Mono,2023,0.33854,0.31852,0.3698
BEN,BEN.9.3_1,Comè,Mono,2024,0.32261,0.30102,0.3545
BEN,BEN.9.3_1,Comè,Mono,2025,0.29913,0.27694,0.3293
BEN,BEN.9.4_1,Grand-Popo,Mono,2000,0.45997,0.4252,0.49726
BEN,BEN.9.4_1,Grand-Popo,Mono,2001,0.45858,0.42306,0.50007
BEN,BEN.9.4_1,Grand-Popo,Mono,2002,0.46568,0.43085,0.51041
BEN,BEN.9.4_1,Grand-Popo,Mono,2003,0.48087,0.4463,0.5276
BEN,BEN.9.4_1,Grand-Popo,Mono,2004,0.50395,0.46143,0.55002
BEN,BEN.9.4_1,Grand-Popo,Mono,2005,0.51439,0.46313,0.55834
BEN,BEN.9.4_1,Grand-Popo,Mono,2006,0.49191,0.42804,0.54865
BEN,BEN.9.4_1,Grand-Popo,Mono,2007,0.44095,0.37842,0.50067
BEN,BEN.9.4_1,Grand-Popo,Mono,2008,0.36608,0.32142,0.41986
BEN,BEN.9.4_1,Grand-Popo,Mono,2009,0.30353,0.27737,0.34733
BEN,BEN.9.4_1,Grand-Popo,Mono,2010,0.26446,0.23968,0.29925
BEN,BEN.9.4_1,Grand-Popo,Mono,2011,0.24924,0.2287,0.28148
BEN,BEN.9.4_1,Grand-Popo,Mono,2012,0.27147,0.25352,0.30758
BEN,BEN.9.4_1,Grand-Popo,Mono,2013,0.32449,0.29738,0.36969
BEN,BEN.9.4_1,Grand-Popo,Mono,2014,0.37964,0.33771,0.43334
BEN,BEN.9.4_1,Grand-Popo,Mono,2015,0.43737,0.39205,0.48978
BEN,BEN.9.4_1,Grand-Popo,Mono,2016,0.47489,0.43493,0.52212
BEN,BEN.9.4_1,Grand-Popo,Mono,2017,0.46123,0.42755,0.50735
BEN,BEN.9.4_1,Grand-Popo,Mono,2018,0.41976,0.37761,0.45869
BEN,BEN.9.4_1,Grand-Popo,Mono,2019,0.37701,0.32929,0.40735
BEN,BEN.9.4_1,Grand-Popo,Mono,2020,0.34458,0.29655,0.36853
BEN,BEN.9.4_1,Grand-Popo,Mono,2021,0.34969,0.29979,0.37438
BEN,BEN.9.4_1,Grand-Popo,Mono,2022,0.35776,0.31048,0.39064
BEN,BEN.9.4_1,Grand-Popo,Mono,2023,0.3515,0.30927,0.3879
BEN,BEN.9.4_1,Grand-Popo,Mono,2024,0.33808,0.29912,0.37957
BEN,BEN.9.4_1,Grand-Popo,Mono,2025,0.31713,0.28458,0.35688
BEN,BEN.9.5_1,Houéyogbé,Mono,2000,0.47824,0.45268,0.51041
BEN,BEN.9.5_1,Houéyogbé,Mono,2001,0.46958,0.4377,0.50682
BEN,BEN.9.5_1,Houéyogbé,Mono,2002,0.47575,0.44649,0.51418
BEN,BEN.9.5_1,Houéyogbé,Mono,2003,0.50119,0.47174,0.5401
BEN,BEN.9.5_1,Houéyogbé,Mono,2004,0.53772,0.50246,0.57666
BEN,BEN.9.5_1,Houéyogbé,Mono,2005,0.55441,0.51406,0.58996
BEN,BEN.9.5_1,Houéyogbé,Mono,2006,0.54445,0.49228,0.59052
BEN,BEN.9.5_1,Houéyogbé,Mono,2007,0.50326,0.43669,0.57504
BEN,BEN.9.5_1,Houéyogbé,Mono,2008,0.42384,0.35744,0.51622
BEN,BEN.9.5_1,Houéyogbé,Mono,2009,0.33956,0.28583,0.42138
BEN,BEN.9.5_1,Houéyogbé,Mono,2010,0.27942,0.23603,0.34172
BEN,BEN.9.5_1,Houéyogbé,Mono,2011,0.25295,0.2156,0.30263
BEN,BEN.9.5_1,Houéyogbé,Mono,2012,0.27162,0.23501,0.31859
BEN,BEN.9.5_1,Houéyogbé,Mono,2013,0.32514,0.28755,0.38121
BEN,BEN.9.5_1,Houéyogbé,Mono,2014,0.38525,0.34208,0.44366
BEN,BEN.9.5_1,Houéyogbé,Mono,2015,0.44887,0.39869,0.50648
BEN,BEN.9.5_1,Houéyogbé,Mono,2016,0.4959,0.4463,0.54502
BEN,BEN.9.5_1,Houéyogbé,Mono,2017,0.48625,0.44402,0.54147
BEN,BEN.9.5_1,Houéyogbé,Mono,2018,0.44513,0.39702,0.50424
BEN,BEN.9.5_1,Houéyogbé,Mono,2019,0.40191,0.35271,0.45797
BEN,BEN.9.5_1,Houéyogbé,Mono,2020,0.36618,0.3196,0.41446
BEN,BEN.9.5_1,Houéyogbé,Mono,2021,0.37464,0.33105,0.41857
BEN,BEN.9.5_1,Houéyogbé,Mono,2022,0.38178,0.34408,0.42616
BEN,BEN.9.5_1,Houéyogbé,Mono,2023,0.37572,0.33994,0.41466
BEN,BEN.9.5_1,Houéyogbé,Mono,2024,0.36066,0.32716,0.39932
BEN,BEN.9.5_1,Houéyogbé,Mono,2025,0.33528,0.30488,0.37263
BEN,BEN.9.6_1,Dogbo,Kouffo,2000,0.48618,0.46029,0.51925
BEN,BEN.9.6_1,Dogbo,Kouffo,2001,0.47273,0.44112,0.50906
BEN,BEN.9.6_1,Dogbo,Kouffo,2002,0.48902,0.45745,0.51973
BEN,BEN.9.6_1,Dogbo,Kouffo,2003,0.53694,0.50697,0.56299
BEN,BEN.9.6_1,Dogbo,Kouffo,2004,0.58313,0.56858,0.59654
BEN,BEN.9.6_1,Dogbo,Kouffo,2005,0.59526,0.59046,0.59709
BEN,BEN.9.6_1,Dogbo,Kouffo,2006,0.59504,0.59267,0.59619
BEN,BEN.9.6_1,Dogbo,Kouffo,2007,0.59046,0.58851,0.59229
BEN,BEN.9.6_1,Dogbo,Kouffo,2008,0.56925,0.55692,0.57893
BEN,BEN.9.6_1,Dogbo,Kouffo,2009,0.4881,0.45464,0.52104
BEN,BEN.9.6_1,Dogbo,Kouffo,2010,0.39307,0.35492,0.44218
BEN,BEN.9.6_1,Dogbo,Kouffo,2011,0.34359,0.31133,0.38607
BEN,BEN.9.6_1,Dogbo,Kouffo,2012,0.36212,0.33973,0.38313
BEN,BEN.9.6_1,Dogbo,Kouffo,2013,0.43112,0.39555,0.47679
BEN,BEN.9.6_1,Dogbo,Kouffo,2014,0.48856,0.45236,0.53776
BEN,BEN.9.6_1,Dogbo,Kouffo,2015,0.53358,0.50526,0.56228
BEN,BEN.9.6_1,Dogbo,Kouffo,2016,0.55692,0.54086,0.56708
BEN,BEN.9.6_1,Dogbo,Kouffo,2017,0.53985,0.51477,0.56409
BEN,BEN.9.6_1,Dogbo,Kouffo,2018,0.48186,0.44174,0.53797
BEN,BEN.9.6_1,Dogbo,Kouffo,2019,0.42057,0.3738,0.49291
BEN,BEN.9.6_1,Dogbo,Kouffo,2020,0.36989,0.32411,0.44809
BEN,BEN.9.6_1,Dogbo,Kouffo,2021,0.37784,0.33513,0.44641
BEN,BEN.9.6_1,Dogbo,Kouffo,2022,0.39538,0.35805,0.44868
BEN,BEN.9.6_1,Dogbo,Kouffo,2023,0.38912,0.35662,0.43283
BEN,BEN.9.6_1,Dogbo,Kouffo,2024,0.37392,0.34542,0.41601
BEN,BEN.9.6_1,Dogbo,Kouffo,2025,0.34634,0.32112,0.38294
BEN,BEN.9.7_1,Lokossa,Mono,2000,0.49681,0.43029,0.54852
BEN,BEN.9.7_1,Lokossa,Mono,2001,0.48715,0.41289,0.54182
BEN,BEN.9.7_1,Lokossa,Mono,2002,0.5006,0.42737,0.54726
BEN,BEN.9.7_1,Lokossa,Mono,2003,0.54026,0.47226,0.58503
BEN,BEN.9.7_1,Lokossa,Mono,2004,0.57961,0.54233,0.59724
BEN,BEN.9.7_1,Lokossa,Mono,2005,0.5925,0.57802,0.59697
BEN,BEN.9.7_1,Lokossa,Mono,2006,0.59161,0.57528,0.59612
BEN,BEN.9.7_1,Lokossa,Mono,2007,0.58045,0.54644,0.59339
BEN,BEN.9.7_1,Lokossa,Mono,2008,0.54083,0.46822,0.58538
BEN,BEN.9.7_1,Lokossa,Mono,2009,0.45061,0.35621,0.53874
BEN,BEN.9.7_1,Lokossa,Mono,2010,0.36348,0.27718,0.46885
BEN,BEN.9.7_1,Lokossa,Mono,2011,0.32241,0.24562,0.41529
BEN,BEN.9.7_1,Lokossa,Mono,2012,0.34671,0.27198,0.42254
BEN,BEN.9.7_1,Lokossa,Mono,2013,0.41783,0.33822,0.52249
BEN,BEN.9.7_1,Lokossa,Mono,2014,0.47689,0.4008,0.56574
BEN,BEN.9.7_1,Lokossa,Mono,2015,0.52295,0.45518,0.57513
BEN,BEN.9.7_1,Lokossa,Mono,2016,0.54711,0.4874,0.57395
BEN,BEN.9.7_1,Lokossa,Mono,2017,0.53055,0.45606,0.57193
BEN,BEN.9.7_1,Lokossa,Mono,2018,0.4757,0.39078,0.56095
BEN,BEN.9.7_1,Lokossa,Mono,2019,0.41718,0.3317,0.53026
BEN,BEN.9.7_1,Lokossa,Mono,2020,0.36852,0.29279,0.48677
BEN,BEN.9.7_1,Lokossa,Mono,2021,0.37891,0.30488,0.48372
BEN,BEN.9.7_1,Lokossa,Mono,2022,0.39633,0.32553,0.48176
BEN,BEN.9.7_1,Lokossa,Mono,2023,0.39152,0.32559,0.46794
BEN,BEN.9.7_1,Lokossa,Mono,2024,0.37774,0.31406,0.4527
BEN,BEN.9.7_1,Lokossa,Mono,2025,0.3503,0.2932,0.41774
BFA,BFA.1.1_1,Balé,BoucleduMouhoun,2000,0.60825,0.58993,0.61816
BFA,BFA.1.1_1,Balé,BoucleduMouhoun,2001,0.60952,0.59571,0.61743
BFA,BFA.1.1_1,Balé,BoucleduMouhoun,2002,0.60573,0.58979,0.61458
BFA,BFA.1.1_1,Balé,BoucleduMouhoun,2003,0.59139,0.56427,0.60661
BFA,BFA.1.1_1,Balé,BoucleduMouhoun,2004,0.56064,0.52332,0.58624
BFA,BFA.1.1_1,Balé,BoucleduMouhoun,2005,0.55517,0.52177,0.58034
BFA,BFA.1.1_1,Balé,BoucleduMouhoun,2006,0.5795,0.55026,0.59751
BFA,BFA.1.1_1,Balé,BoucleduMouhoun,2007,0.59697,0.57674,0.60895
BFA,BFA.1.1_1,Balé,BoucleduMouhoun,2008,0.60604,0.59323,0.61435
BFA,BFA.1.1_1,Balé,BoucleduMouhoun,2009,0.61119,0.6076,0.6138
BFA,BFA.1.1_1,Balé,BoucleduMouhoun,2010,0.61045,0.60753,0.61239
BFA,BFA.1.1_1,Balé,BoucleduMouhoun,2011,0.60898,0.60636,0.61134
BFA,BFA.1.1_1,Balé,BoucleduMouhoun,2012,0.60661,0.60461,0.60902
BFA,BFA.1.1_1,Balé,BoucleduMouhoun,2013,0.5953,0.56738,0.60402
BFA,BFA.1.1_1,Balé,BoucleduMouhoun,2014,0.56208,0.4915,0.59708
BFA,BFA.1.1_1,Balé,BoucleduMouhoun,2015,0.52294,0.44039,0.58077
BFA,BFA.1.1_1,Balé,BoucleduMouhoun,2016,0.45789,0.37697,0.53134
BFA,BFA.1.1_1,Balé,BoucleduMouhoun,2017,0.40026,0.32356,0.47688
BFA,BFA.1.1_1,Balé,BoucleduMouhoun,2018,0.33833,0.27638,0.41102
BFA,BFA.1.1_1,Balé,BoucleduMouhoun,2019,0.29483,0.24014,0.3957
BFA,BFA.1.1_1,Balé,BoucleduMouhoun,2020,0.27646,0.21965,0.40314
BFA,BFA.1.1_1,Balé,BoucleduMouhoun,2021,0.27967,0.2195,0.42323
BFA,BFA.1.1_1,Balé,BoucleduMouhoun,2022,0.30001,0.24111,0.43925
BFA,BFA.1.1_1,Balé,BoucleduMouhoun,2023,0.323,0.26169,0.44991
BFA,BFA.1.1_1,Balé,BoucleduMouhoun,2024,0.33597,0.27747,0.43909
BFA,BFA.1.1_1,Balé,BoucleduMouhoun,2025,0.34954,0.30075,0.42421
BFA,BFA.1.2_1,Banwa,BoucleduMouhoun,2000,0.61453,0.59937,0.62236
BFA,BFA.1.2_1,Banwa,BoucleduMouhoun,2001,0.61684,0.60419,0.62188
BFA,BFA.1.2_1,Banwa,BoucleduMouhoun,2002,0.61586,0.60257,0.62104
BFA,BFA.1.2_1,Banwa,BoucleduMouhoun,2003,0.60623,0.5879,0.61903
BFA,BFA.1.2_1,Banwa,BoucleduMouhoun,2004,0.5684,0.51697,0.60048
BFA,BFA.1.2_1,Banwa,BoucleduMouhoun,2005,0.54942,0.4887,0.58324
BFA,BFA.1.2_1,Banwa,BoucleduMouhoun,2006,0.56327,0.51948,0.58974
BFA,BFA.1.2_1,Banwa,BoucleduMouhoun,2007,0.57936,0.55534,0.60259
BFA,BFA.1.2_1,Banwa,BoucleduMouhoun,2008,0.59635,0.57401,0.61126
BFA,BFA.1.2_1,Banwa,BoucleduMouhoun,2009,0.61191,0.60164,0.61824
BFA,BFA.1.2_1,Banwa,BoucleduMouhoun,2010,0.61312,0.6106,0.61629
BFA,BFA.1.2_1,Banwa,BoucleduMouhoun,2011,0.61178,0.60809,0.61453
BFA,BFA.1.2_1,Banwa,BoucleduMouhoun,2012,0.60929,0.60566,0.61221
BFA,BFA.1.2_1,Banwa,BoucleduMouhoun,2013,0.60279,0.57461,0.60789
BFA,BFA.1.2_1,Banwa,BoucleduMouhoun,2014,0.59484,0.55301,0.6042
BFA,BFA.1.2_1,Banwa,BoucleduMouhoun,2015,0.58352,0.52323,0.60495
BFA,BFA.1.2_1,Banwa,BoucleduMouhoun,2016,0.53617,0.40355,0.59933
BFA,BFA.1.2_1,Banwa,BoucleduMouhoun,2017,0.47423,0.32201,0.57816
BFA,BFA.1.2_1,Banwa,BoucleduMouhoun,2018,0.37317,0.26439,0.50286
BFA,BFA.1.2_1,Banwa,BoucleduMouhoun,2019,0.28444,0.19857,0.38867
BFA,BFA.1.2_1,Banwa,BoucleduMouhoun,2020,0.24993,0.16929,0.33838
BFA,BFA.1.2_1,Banwa,BoucleduMouhoun,2021,0.26297,0.20351,0.32894
BFA,BFA.1.2_1,Banwa,BoucleduMouhoun,2022,0.29543,0.23283,0.33944
BFA,BFA.1.2_1,Banwa,BoucleduMouhoun,2023,0.3176,0.25488,0.35617
BFA,BFA.1.2_1,Banwa,BoucleduMouhoun,2024,0.32774,0.27629,0.36472
BFA,BFA.1.2_1,Banwa,BoucleduMouhoun,2025,0.33835,0.30235,0.36685
BFA,BFA.1.3_1,Kossi,BoucleduMouhoun,2000,0.62115,0.59949,0.62543
BFA,BFA.1.3_1,Kossi,BoucleduMouhoun,2001,0.62007,0.59984,0.62527
BFA,BFA.1.3_1,Kossi,BoucleduMouhoun,2002,0.61886,0.59249,0.62364
BFA,BFA.1.3_1,Kossi,BoucleduMouhoun,2003,0.61201,0.56747,0.62229
BFA,BFA.1.3_1,Kossi,BoucleduMouhoun,2004,0.5775,0.51746,0.61669
BFA,BFA.1.3_1,Kossi,BoucleduMouhoun,2005,0.56101,0.47957,0.61082
BFA,BFA.1.3_1,Kossi,BoucleduMouhoun,2006,0.58328,0.50559,0.61806
BFA,BFA.1.3_1,Kossi,BoucleduMouhoun,2007,0.60041,0.53893,0.62081
BFA,BFA.1.3_1,Kossi,BoucleduMouhoun,2008,0.60981,0.56328,0.62431
BFA,BFA.1.3_1,Kossi,BoucleduMouhoun,2009,0.61498,0.58409,0.62539
BFA,BFA.1.3_1,Kossi,BoucleduMouhoun,2010,0.61425,0.58689,0.62835
BFA,BFA.1.3_1,Kossi,BoucleduMouhoun,2011,0.61036,0.56838,0.62691
BFA,BFA.1.3_1,Kossi,BoucleduMouhoun,2012,0.60806,0.5644,0.62726
BFA,BFA.1.3_1,Kossi,BoucleduMouhoun,2013,0.59907,0.53967,0.62416
BFA,BFA.1.3_1,Kossi,BoucleduMouhoun,2014,0.59741,0.53515,0.62418
BFA,BFA.1.3_1,Kossi,BoucleduMouhoun,2015,0.60173,0.55311,0.62656
BFA,BFA.1.3_1,Kossi,BoucleduMouhoun,2016,0.59345,0.52958,0.62045
BFA,BFA.1.3_1,Kossi,BoucleduMouhoun,2017,0.57225,0.47867,0.60933
BFA,BFA.1.3_1,Kossi,BoucleduMouhoun,2018,0.49828,0.36612,0.58622
BFA,BFA.1.3_1,Kossi,BoucleduMouhoun,2019,0.38565,0.26711,0.50795
BFA,BFA.1.3_1,Kossi,BoucleduMouhoun,2020,0.32954,0.22585,0.44546
BFA,BFA.1.3_1,Kossi,BoucleduMouhoun,2021,0.32154,0.21684,0.44429
BFA,BFA.1.3_1,Kossi,BoucleduMouhoun,2022,0.33702,0.22852,0.45137
BFA,BFA.1.3_1,Kossi,BoucleduMouhoun,2023,0.35203,0.24909,0.43971
BFA,BFA.1.3_1,Kossi,BoucleduMouhoun,2024,0.352,0.26899,0.41065
BFA,BFA.1.3_1,Kossi,BoucleduMouhoun,2025,0.35594,0.29922,0.40271
BFA,BFA.1.4_1,Mouhoun,BoucleduMouhoun,2000,0.61708,0.60619,0.62294
BFA,BFA.1.4_1,Mouhoun,BoucleduMouhoun,2001,0.61758,0.60941,0.62178
BFA,BFA.1.4_1,Mouhoun,BoucleduMouhoun,2002,0.61457,0.60484,0.62116
BFA,BFA.1.4_1,Mouhoun,BoucleduMouhoun,2003,0.60119,0.58496,0.61965
BFA,BFA.1.4_1,Mouhoun,BoucleduMouhoun,2004,0.56214,0.52512,0.60154
BFA,BFA.1.4_1,Mouhoun,BoucleduMouhoun,2005,0.55116,0.50304,0.58842
BFA,BFA.1.4_1,Mouhoun,BoucleduMouhoun,2006,0.57551,0.54284,0.60841
BFA,BFA.1.4_1,Mouhoun,BoucleduMouhoun,2007,0.59576,0.56502,0.61364
BFA,BFA.1.4_1,Mouhoun,BoucleduMouhoun,2008,0.60856,0.58593,0.61596
BFA,BFA.1.4_1,Mouhoun,BoucleduMouhoun,2009,0.61372,0.60657,0.617
BFA,BFA.1.4_1,Mouhoun,BoucleduMouhoun,2010,0.61242,0.59936,0.61438
BFA,BFA.1.4_1,Mouhoun,BoucleduMouhoun,2011,0.61049,0.58067,0.6127
BFA,BFA.1.4_1,Mouhoun,BoucleduMouhoun,2012,0.60712,0.57185,0.61027
BFA,BFA.1.4_1,Mouhoun,BoucleduMouhoun,2013,0.59304,0.54371,0.60516
BFA,BFA.1.4_1,Mouhoun,BoucleduMouhoun,2014,0.56638,0.47359,0.59718
BFA,BFA.1.4_1,Mouhoun,BoucleduMouhoun,2015,0.54799,0.42224,0.5853
BFA,BFA.1.4_1,Mouhoun,BoucleduMouhoun,2016,0.5004,0.36273,0.57099
BFA,BFA.1.4_1,Mouhoun,BoucleduMouhoun,2017,0.44701,0.31054,0.54473
BFA,BFA.1.4_1,Mouhoun,BoucleduMouhoun,2018,0.36405,0.26574,0.46938
BFA,BFA.1.4_1,Mouhoun,BoucleduMouhoun,2019,0.2906,0.23491,0.37808
BFA,BFA.1.4_1,Mouhoun,BoucleduMouhoun,2020,0.25663,0.21985,0.3519
BFA,BFA.1.4_1,Mouhoun,BoucleduMouhoun,2021,0.25467,0.21444,0.35355
BFA,BFA.1.4_1,Mouhoun,BoucleduMouhoun,2022,0.2749,0.2266,0.37058
BFA,BFA.1.4_1,Mouhoun,BoucleduMouhoun,2023,0.29813,0.24063,0.37397
BFA,BFA.1.4_1,Mouhoun,BoucleduMouhoun,2024,0.31359,0.25597,0.37438
BFA,BFA.1.4_1,Mouhoun,BoucleduMouhoun,2025,0.33153,0.27936,0.37915
BFA,BFA.1.5_1,Nayala,BoucleduMouhoun,2000,0.62176,0.61359,0.62403
BFA,BFA.1.5_1,Nayala,BoucleduMouhoun,2001,0.62092,0.61587,0.62197
BFA,BFA.1.5_1,Nayala,BoucleduMouhoun,2002,0.61925,0.61272,0.62153
BFA,BFA.1.5_1,Nayala,BoucleduMouhoun,2003,0.61497,0.59328,0.62207
BFA,BFA.1.5_1,Nayala,BoucleduMouhoun,2004,0.60034,0.55287,0.6196
BFA,BFA.1.5_1,Nayala,BoucleduMouhoun,2005,0.59511,0.54357,0.61557
BFA,BFA.1.5_1,Nayala,BoucleduMouhoun,2006,0.60687,0.57327,0.61746
BFA,BFA.1.5_1,Nayala,BoucleduMouhoun,2007,0.61332,0.59914,0.61948
BFA,BFA.1.5_1,Nayala,BoucleduMouhoun,2008,0.61556,0.60551,0.61966
BFA,BFA.1.5_1,Nayala,BoucleduMouhoun,2009,0.61698,0.60859,0.61926
BFA,BFA.1.5_1,Nayala,BoucleduMouhoun,2010,0.61245,0.60072,0.61663
BFA,BFA.1.5_1,Nayala,BoucleduMouhoun,2011,0.60399,0.57766,0.61301
BFA,BFA.1.5_1,Nayala,BoucleduMouhoun,2012,0.59214,0.54199,0.61006
BFA,BFA.1.5_1,Nayala,BoucleduMouhoun,2013,0.55549,0.48488,0.59866
BFA,BFA.1.5_1,Nayala,BoucleduMouhoun,2014,0.52875,0.4622,0.58952
BFA,BFA.1.5_1,Nayala,BoucleduMouhoun,2015,0.53632,0.47565,0.59522
BFA,BFA.1.5_1,Nayala,BoucleduMouhoun,2016,0.50749,0.44657,0.5764
BFA,BFA.1.5_1,Nayala,BoucleduMouhoun,2017,0.46665,0.39699,0.54668
BFA,BFA.1.5_1,Nayala,BoucleduMouhoun,2018,0.3811,0.30942,0.47135
BFA,BFA.1.5_1,Nayala,BoucleduMouhoun,2019,0.29508,0.23949,0.36078
BFA,BFA.1.5_1,Nayala,BoucleduMouhoun,2020,0.26076,0.21052,0.33505
BFA,BFA.1.5_1,Nayala,BoucleduMouhoun,2021,0.26037,0.20516,0.34497
BFA,BFA.1.5_1,Nayala,BoucleduMouhoun,2022,0.28099,0.21819,0.36267
BFA,BFA.1.5_1,Nayala,BoucleduMouhoun,2023,0.3027,0.23402,0.36846
BFA,BFA.1.5_1,Nayala,BoucleduMouhoun,2024,0.31739,0.24837,0.37664
BFA,BFA.1.5_1,Nayala,BoucleduMouhoun,2025,0.33424,0.26967,0.39471
BFA,BFA.1.6_1,Sourou,BoucleduMouhoun,2000,0.61443,0.57096,0.62529
BFA,BFA.1.6_1,Sourou,BoucleduMouhoun,2001,0.61673,0.58545,0.62358
BFA,BFA.1.6_1,Sourou,BoucleduMouhoun,2002,0.61741,0.59637,0.62319
BFA,BFA.1.6_1,Sourou,BoucleduMouhoun,2003,0.61901,0.60784,0.62355
BFA,BFA.1.6_1,Sourou,BoucleduMouhoun,2004,0.61524,0.59139,0.62298
BFA,BFA.1.6_1,Sourou,BoucleduMouhoun,2005,0.6135,0.57684,0.62317
BFA,BFA.1.6_1,Sourou,BoucleduMouhoun,2006,0.61698,0.59172,0.62301
BFA,BFA.1.6_1,Sourou,BoucleduMouhoun,2007,0.61889,0.59525,0.62287
BFA,BFA.1.6_1,Sourou,BoucleduMouhoun,2008,0.61857,0.59839,0.62246
BFA,BFA.1.6_1,Sourou,BoucleduMouhoun,2009,0.61594,0.57223,0.62012
BFA,BFA.1.6_1,Sourou,BoucleduMouhoun,2010,0.60655,0.53922,0.61651
BFA,BFA.1.6_1,Sourou,BoucleduMouhoun,2011,0.58415,0.49798,0.61478
BFA,BFA.1.6_1,Sourou,BoucleduMouhoun,2012,0.57057,0.45409,0.61731
BFA,BFA.1.6_1,Sourou,BoucleduMouhoun,2013,0.54631,0.42823,0.61243
BFA,BFA.1.6_1,Sourou,BoucleduMouhoun,2014,0.53269,0.41027,0.61205
BFA,BFA.1.6_1,Sourou,BoucleduMouhoun,2015,0.54281,0.4314,0.61205
BFA,BFA.1.6_1,Sourou,BoucleduMouhoun,2016,0.51074,0.40871,0.58975
BFA,BFA.1.6_1,Sourou,BoucleduMouhoun,2017,0.46364,0.36778,0.5548
BFA,BFA.1.6_1,Sourou,BoucleduMouhoun,2018,0.36819,0.29613,0.46527
BFA,BFA.1.6_1,Sourou,BoucleduMouhoun,2019,0.28349,0.22598,0.34876
BFA,BFA.1.6_1,Sourou,BoucleduMouhoun,2020,0.25303,0.18857,0.30125
BFA,BFA.1.6_1,Sourou,BoucleduMouhoun,2021,0.26312,0.20325,0.32257
BFA,BFA.1.6_1,Sourou,BoucleduMouhoun,2022,0.29347,0.23174,0.36365
BFA,BFA.1.6_1,Sourou,BoucleduMouhoun,2023,0.3189,0.26506,0.38377
BFA,BFA.1.6_1,Sourou,BoucleduMouhoun,2024,0.32237,0.28123,0.36108
BFA,BFA.1.6_1,Sourou,BoucleduMouhoun,2025,0.32718,0.28148,0.37495
BFA,BFA.10.1_1,Loroum,Nord,2000,0.54499,0.45099,0.59815
BFA,BFA.10.1_1,Loroum,Nord,2001,0.56656,0.48185,0.61005
BFA,BFA.10.1_1,Loroum,Nord,2002,0.58175,0.50187,0.61711
BFA,BFA.10.1_1,Loroum,Nord,2003,0.59631,0.5259,0.62356
BFA,BFA.10.1_1,Loroum,Nord,2004,0.60469,0.54195,0.62585
BFA,BFA.10.1_1,Loroum,Nord,2005,0.60895,0.54721,0.6248
BFA,BFA.10.1_1,Loroum,Nord,2006,0.61248,0.54354,0.62479
BFA,BFA.10.1_1,Loroum,Nord,2007,0.61193,0.52023,0.62451
BFA,BFA.10.1_1,Loroum,Nord,2008,0.61629,0.53636,0.62475
BFA,BFA.10.1_1,Loroum,Nord,2009,0.62066,0.57391,0.62525
BFA,BFA.10.1_1,Loroum,Nord,2010,0.61987,0.59588,0.62863
BFA,BFA.10.1_1,Loroum,Nord,2011,0.61728,0.56384,0.63112
BFA,BFA.10.1_1,Loroum,Nord,2012,0.613,0.53412,0.63306
BFA,BFA.10.1_1,Loroum,Nord,2013,0.60466,0.50868,0.63063
BFA,BFA.10.1_1,Loroum,Nord,2014,0.59381,0.48937,0.62539
BFA,BFA.10.1_1,Loroum,Nord,2015,0.57209,0.49296,0.61373
BFA,BFA.10.1_1,Loroum,Nord,2016,0.50481,0.43035,0.54973
BFA,BFA.10.1_1,Loroum,Nord,2017,0.43846,0.35658,0.51495
BFA,BFA.10.1_1,Loroum,Nord,2018,0.3544,0.27751,0.46032
BFA,BFA.10.1_1,Loroum,Nord,2019,0.29587,0.225,0.40165
BFA,BFA.10.1_1,Loroum,Nord,2020,0.27004,0.2038,0.36744
BFA,BFA.10.1_1,Loroum,Nord,2021,0.27952,0.21861,0.36538
BFA,BFA.10.1_1,Loroum,Nord,2022,0.30755,0.24696,0.37839
BFA,BFA.10.1_1,Loroum,Nord,2023,0.32567,0.26605,0.38973
BFA,BFA.10.1_1,Loroum,Nord,2024,0.32398,0.26777,0.3935
BFA,BFA.10.1_1,Loroum,Nord,2025,0.3188,0.25189,0.38679
BFA,BFA.10.2_1,Passoré,Nord,2000,0.61782,0.59129,0.62425
BFA,BFA.10.2_1,Passoré,Nord,2001,0.61955,0.60459,0.62242
BFA,BFA.10.2_1,Passoré,Nord,2002,0.61971,0.60942,0.62198
BFA,BFA.10.2_1,Passoré,Nord,2003,0.61904,0.59453,0.6225
BFA,BFA.10.2_1,Passoré,Nord,2004,0.61176,0.53288,0.62151
BFA,BFA.10.2_1,Passoré,Nord,2005,0.60865,0.49328,0.62129
BFA,BFA.10.2_1,Passoré,Nord,2006,0.6115,0.492,0.62019
BFA,BFA.10.2_1,Passoré,Nord,2007,0.6145,0.51334,0.62141
BFA,BFA.10.2_1,Passoré,Nord,2008,0.61638,0.54728,0.62098
BFA,BFA.10.2_1,Passoré,Nord,2009,0.61687,0.56272,0.61939
BFA,BFA.10.2_1,Passoré,Nord,2010,0.61367,0.55754,0.61804
BFA,BFA.10.2_1,Passoré,Nord,2011,0.59376,0.50501,0.61392
BFA,BFA.10.2_1,Passoré,Nord,2012,0.54328,0.4332,0.59508
BFA,BFA.10.2_1,Passoré,Nord,2013,0.46686,0.34439,0.54496
BFA,BFA.10.2_1,Passoré,Nord,2014,0.43668,0.31307,0.51649
BFA,BFA.10.2_1,Passoré,Nord,2015,0.46551,0.35693,0.52127
BFA,BFA.10.2_1,Passoré,Nord,2016,0.45657,0.38304,0.49757
BFA,BFA.10.2_1,Passoré,Nord,2017,0.4325,0.35696,0.48133
BFA,BFA.10.2_1,Passoré,Nord,2018,0.38594,0.30815,0.45338
BFA,BFA.10.2_1,Passoré,Nord,2019,0.33575,0.25986,0.41538
BFA,BFA.10.2_1,Passoré,Nord,2020,0.32186,0.24753,0.40753
BFA,BFA.10.2_1,Passoré,Nord,2021,0.33703,0.26102,0.42735
BFA,BFA.10.2_1,Passoré,Nord,2022,0.35722,0.28244,0.44893
BFA,BFA.10.2_1,Passoré,Nord,2023,0.36652,0.29301,0.45008
BFA,BFA.10.2_1,Passoré,Nord,2024,0.35351,0.28239,0.42567
BFA,BFA.10.2_1,Passoré,Nord,2025,0.3331,0.26717,0.3879
BFA,BFA.10.3_1,Yatenga,Nord,2000,0.57,0.49596,0.61899
BFA,BFA.10.3_1,Yatenga,Nord,2001,0.58872,0.53066,0.61941
BFA,BFA.10.3_1,Yatenga,Nord,2002,0.60148,0.55425,0.62038
BFA,BFA.10.3_1,Yatenga,Nord,2003,0.61274,0.57983,0.62266
BFA,BFA.10.3_1,Yatenga,Nord,2004,0.61736,0.58406,0.62398
BFA,BFA.10.3_1,Yatenga,Nord,2005,0.61872,0.57573,0.62418
BFA,BFA.10.3_1,Yatenga,Nord,2006,0.61969,0.57882,0.62418
BFA,BFA.10.3_1,Yatenga,Nord,2007,0.61836,0.55526,0.62407
BFA,BFA.10.3_1,Yatenga,Nord,2008,0.6171,0.55656,0.62369
BFA,BFA.10.3_1,Yatenga,Nord,2009,0.61331,0.56516,0.62297
BFA,BFA.10.3_1,Yatenga,Nord,2010,0.5942,0.44782,0.62038
BFA,BFA.10.3_1,Yatenga,Nord,2011,0.55824,0.34081,0.61751
BFA,BFA.10.3_1,Yatenga,Nord,2012,0.54441,0.32871,0.61711
BFA,BFA.10.3_1,Yatenga,Nord,2013,0.52631,0.33457,0.6155
BFA,BFA.10.3_1,Yatenga,Nord,2014,0.51199,0.34471,0.61306
BFA,BFA.10.3_1,Yatenga,Nord,2015,0.51004,0.37512,0.6026
BFA,BFA.10.3_1,Yatenga,Nord,2016,0.46393,0.35875,0.54391
BFA,BFA.10.3_1,Yatenga,Nord,2017,0.41185,0.32665,0.48431
BFA,BFA.10.3_1,Yatenga,Nord,2018,0.33643,0.26014,0.43707
BFA,BFA.10.3_1,Yatenga,Nord,2019,0.28242,0.20726,0.38522
BFA,BFA.10.3_1,Yatenga,Nord,2020,0.26426,0.19273,0.36292
BFA,BFA.10.3_1,Yatenga,Nord,2021,0.28137,0.21364,0.37455
BFA,BFA.10.3_1,Yatenga,Nord,2022,0.3113,0.24149,0.39167
BFA,BFA.10.3_1,Yatenga,Nord,2023,0.32886,0.26793,0.39572
BFA,BFA.10.3_1,Yatenga,Nord,2024,0.31821,0.26081,0.37545
BFA,BFA.10.3_1,Yatenga,Nord,2025,0.30214,0.24572,0.35689
BFA,BFA.10.4_1,Zondoma,Nord,2000,0.60509,0.58806,0.61933
BFA,BFA.10.4_1,Zondoma,Nord,2001,0.61149,0.59974,0.62098
BFA,BFA.10.4_1,Zondoma,Nord,2002,0.61594,0.60755,0.622
BFA,BFA.10.4_1,Zondoma,Nord,2003,0.61991,0.61205,0.62341
BFA,BFA.10.4_1,Zondoma,Nord,2004,0.62035,0.61078,0.62362
BFA,BFA.10.4_1,Zondoma,Nord,2005,0.62119,0.61239,0.62367
BFA,BFA.10.4_1,Zondoma,Nord,2006,0.62051,0.61627,0.62187
BFA,BFA.10.4_1,Zondoma,Nord,2007,0.62114,0.61887,0.62233
BFA,BFA.10.4_1,Zondoma,Nord,2008,0.62101,0.6186,0.62236
BFA,BFA.10.4_1,Zondoma,Nord,2009,0.61902,0.61529,0.62016
BFA,BFA.10.4_1,Zondoma,Nord,2010,0.60891,0.55602,0.61708
BFA,BFA.10.4_1,Zondoma,Nord,2011,0.55399,0.44414,0.60379
BFA,BFA.10.4_1,Zondoma,Nord,2012,0.50726,0.41357,0.58067
BFA,BFA.10.4_1,Zondoma,Nord,2013,0.46229,0.37741,0.53569
BFA,BFA.10.4_1,Zondoma,Nord,2014,0.4464,0.3609,0.51119
BFA,BFA.10.4_1,Zondoma,Nord,2015,0.47218,0.39217,0.52118
BFA,BFA.10.4_1,Zondoma,Nord,2016,0.45063,0.38529,0.48901
BFA,BFA.10.4_1,Zondoma,Nord,2017,0.41906,0.35782,0.45362
BFA,BFA.10.4_1,Zondoma,Nord,2018,0.36188,0.30955,0.3996
BFA,BFA.10.4_1,Zondoma,Nord,2019,0.3046,0.2538,0.33951
BFA,BFA.10.4_1,Zondoma,Nord,2020,0.28688,0.23812,0.32013
BFA,BFA.10.4_1,Zondoma,Nord,2021,0.30246,0.25326,0.34014
BFA,BFA.10.4_1,Zondoma,Nord,2022,0.32683,0.2779,0.36384
BFA,BFA.10.4_1,Zondoma,Nord,2023,0.34209,0.29378,0.37605
BFA,BFA.10.4_1,Zondoma,Nord,2024,0.33463,0.28363,0.36506
BFA,BFA.10.4_1,Zondoma,Nord,2025,0.32444,0.26854,0.34981
BFA,BFA.11.1_1,Ganzourgou,Plateau-Central,2000,0.6122,0.5756,0.62269
BFA,BFA.11.1_1,Ganzourgou,Plateau-Central,2001,0.61192,0.57291,0.62187
BFA,BFA.11.1_1,Ganzourgou,Plateau-Central,2002,0.60275,0.55005,0.62042
BFA,BFA.11.1_1,Ganzourgou,Plateau-Central,2003,0.56887,0.49778,0.61436
BFA,BFA.11.1_1,Ganzourgou,Plateau-Central,2004,0.49622,0.42526,0.57336
BFA,BFA.11.1_1,Ganzourgou,Plateau-Central,2005,0.4541,0.36576,0.55112
BFA,BFA.11.1_1,Ganzourgou,Plateau-Central,2006,0.45583,0.36522,0.55464
BFA,BFA.11.1_1,Ganzourgou,Plateau-Central,2007,0.49108,0.40872,0.57753
BFA,BFA.11.1_1,Ganzourgou,Plateau-Central,2008,0.54186,0.45571,0.60112
BFA,BFA.11.1_1,Ganzourgou,Plateau-Central,2009,0.59809,0.50911,0.61828
BFA,BFA.11.1_1,Ganzourgou,Plateau-Central,2010,0.61087,0.54777,0.61663
BFA,BFA.11.1_1,Ganzourgou,Plateau-Central,2011,0.60589,0.53083,0.61471
BFA,BFA.11.1_1,Ganzourgou,Plateau-Central,2012,0.57963,0.47185,0.61108
BFA,BFA.11.1_1,Ganzourgou,Plateau-Central,2013,0.50171,0.36032,0.58357
BFA,BFA.11.1_1,Ganzourgou,Plateau-Central,2014,0.45025,0.31576,0.53959
BFA,BFA.11.1_1,Ganzourgou,Plateau-Central,2015,0.45329,0.34507,0.53078
BFA,BFA.11.1_1,Ganzourgou,Plateau-Central,2016,0.434,0.34315,0.49954
BFA,BFA.11.1_1,Ganzourgou,Plateau-Central,2017,0.41028,0.31866,0.47622
BFA,BFA.11.1_1,Ganzourgou,Plateau-Central,2018,0.38003,0.28719,0.44159
BFA,BFA.11.1_1,Ganzourgou,Plateau-Central,2019,0.35086,0.25893,0.40432
BFA,BFA.11.1_1,Ganzourgou,Plateau-Central,2020,0.33006,0.24345,0.37756
BFA,BFA.11.1_1,Ganzourgou,Plateau-Central,2021,0.31487,0.23555,0.36145
BFA,BFA.11.1_1,Ganzourgou,Plateau-Central,2022,0.30881,0.23451,0.35481
BFA,BFA.11.1_1,Ganzourgou,Plateau-Central,2023,0.3207,0.25112,0.35844
BFA,BFA.11.1_1,Ganzourgou,Plateau-Central,2024,0.33555,0.2707,0.37476
BFA,BFA.11.1_1,Ganzourgou,Plateau-Central,2025,0.35121,0.29807,0.38965
BFA,BFA.11.2_1,Kourwéogo,Plateau-Central,2000,0.62189,0.61768,0.62397
BFA,BFA.11.2_1,Kourwéogo,Plateau-Central,2001,0.6213,0.61887,0.62192
BFA,BFA.11.2_1,Kourwéogo,Plateau-Central,2002,0.6203,0.6159,0.62148
BFA,BFA.11.2_1,Kourwéogo,Plateau-Central,2003,0.61862,0.60228,0.62181
BFA,BFA.11.2_1,Kourwéogo,Plateau-Central,2004,0.60259,0.54244,0.61948
BFA,BFA.11.2_1,Kourwéogo,Plateau-Central,2005,0.58848,0.51282,0.61686
BFA,BFA.11.2_1,Kourwéogo,Plateau-Central,2006,0.5975,0.52652,0.61783
BFA,BFA.11.2_1,Kourwéogo,Plateau-Central,2007,0.6084,0.56531,0.61953
BFA,BFA.11.2_1,Kourwéogo,Plateau-Central,2008,0.61305,0.5877,0.61984
BFA,BFA.11.2_1,Kourwéogo,Plateau-Central,2009,0.61523,0.59538,0.61917
BFA,BFA.11.2_1,Kourwéogo,Plateau-Central,2010,0.60899,0.57683,0.61657
BFA,BFA.11.2_1,Kourwéogo,Plateau-Central,2011,0.57548,0.49636,0.61141
BFA,BFA.11.2_1,Kourwéogo,Plateau-Central,2012,0.49679,0.3817,0.60471
BFA,BFA.11.2_1,Kourwéogo,Plateau-Central,2013,0.39849,0.28085,0.5704
BFA,BFA.11.2_1,Kourwéogo,Plateau-Central,2014,0.3641,0.26123,0.53242
BFA,BFA.11.2_1,Kourwéogo,Plateau-Central,2015,0.40907,0.32127,0.52022
BFA,BFA.11.2_1,Kourwéogo,Plateau-Central,2016,0.42706,0.3713,0.487
BFA,BFA.11.2_1,Kourwéogo,Plateau-Central,2017,0.42521,0.38383,0.47762
BFA,BFA.11.2_1,Kourwéogo,Plateau-Central,2018,0.39922,0.34691,0.45584
BFA,BFA.11.2_1,Kourwéogo,Plateau-Central,2019,0.37219,0.31291,0.41827
BFA,BFA.11.2_1,Kourwéogo,Plateau-Central,2020,0.37138,0.31088,0.4163
BFA,BFA.11.2_1,Kourwéogo,Plateau-Central,2021,0.39307,0.32807,0.43604
BFA,BFA.11.2_1,Kourwéogo,Plateau-Central,2022,0.41155,0.35535,0.45693
BFA,BFA.11.2_1,Kourwéogo,Plateau-Central,2023,0.41791,0.3665,0.45344
BFA,BFA.11.2_1,Kourwéogo,Plateau-Central,2024,0.39786,0.35028,0.43594
BFA,BFA.11.2_1,Kourwéogo,Plateau-Central,2025,0.36596,0.3275,0.39939
BFA,BFA.11.3_1,Oubritenga,Plateau-Central,2000,0.62223,0.6193,0.62401
BFA,BFA.11.3_1,Oubritenga,Plateau-Central,2001,0.62149,0.6201,0.62202
BFA,BFA.11.3_1,Oubritenga,Plateau-Central,2002,0.6206,0.6186,0.62151
BFA,BFA.11.3_1,Oubritenga,Plateau-Central,2003,0.61349,0.57327,0.62184
BFA,BFA.11.3_1,Oubritenga,Plateau-Central,2004,0.54954,0.42803,0.61476
BFA,BFA.11.3_1,Oubritenga,Plateau-Central,2005,0.47412,0.34436,0.58787
BFA,BFA.11.3_1,Oubritenga,Plateau-Central,2006,0.46252,0.33237,0.58393
BFA,BFA.11.3_1,Oubritenga,Plateau-Central,2007,0.48701,0.35211,0.59437
BFA,BFA.11.3_1,Oubritenga,Plateau-Central,2008,0.52042,0.37697,0.6027
BFA,BFA.11.3_1,Oubritenga,Plateau-Central,2009,0.54752,0.38427,0.61197
BFA,BFA.11.3_1,Oubritenga,Plateau-Central,2010,0.54236,0.35559,0.61481
BFA,BFA.11.3_1,Oubritenga,Plateau-Central,2011,0.48277,0.28599,0.61225
BFA,BFA.11.3_1,Oubritenga,Plateau-Central,2012,0.38584,0.20443,0.57887
BFA,BFA.11.3_1,Oubritenga,Plateau-Central,2013,0.28772,0.14081,0.47669
BFA,BFA.11.3_1,Oubritenga,Plateau-Central,2014,0.26082,0.13271,0.42031
BFA,BFA.11.3_1,Oubritenga,Plateau-Central,2015,0.31009,0.18594,0.43965
BFA,BFA.11.3_1,Oubritenga,Plateau-Central,2016,0.35593,0.24569,0.43759
BFA,BFA.11.3_1,Oubritenga,Plateau-Central,2017,0.37245,0.27549,0.43043
BFA,BFA.11.3_1,Oubritenga,Plateau-Central,2018,0.36235,0.27162,0.41693
BFA,BFA.11.3_1,Oubritenga,Plateau-Central,2019,0.34366,0.25969,0.39826
BFA,BFA.11.3_1,Oubritenga,Plateau-Central,2020,0.33921,0.25918,0.40358
BFA,BFA.11.3_1,Oubritenga,Plateau-Central,2021,0.34391,0.26042,0.41946
BFA,BFA.11.3_1,Oubritenga,Plateau-Central,2022,0.34867,0.25594,0.43267
BFA,BFA.11.3_1,Oubritenga,Plateau-Central,2023,0.35806,0.26481,0.43473
BFA,BFA.11.3_1,Oubritenga,Plateau-Central,2024,0.35568,0.27313,0.41678
BFA,BFA.11.3_1,Oubritenga,Plateau-Central,2025,0.34641,0.2857,0.38542
BFA,BFA.12.1_1,Oudalan,Sahel,2000,0.46621,0.22908,0.55611
BFA,BFA.12.1_1,Oudalan,Sahel,2001,0.47234,0.24,0.56966
BFA,BFA.12.1_1,Oudalan,Sahel,2002,0.47667,0.25024,0.57354
BFA,BFA.12.1_1,Oudalan,Sahel,2003,0.47917,0.25912,0.58192
BFA,BFA.12.1_1,Oudalan,Sahel,2004,0.47548,0.26759,0.56905
BFA,BFA.12.1_1,Oudalan,Sahel,2005,0.48639,0.27562,0.57288
BFA,BFA.12.1_1,Oudalan,Sahel,2006,0.50558,0.28042,0.58818
BFA,BFA.12.1_1,Oudalan,Sahel,2007,0.52663,0.29608,0.60347
BFA,BFA.12.1_1,Oudalan,Sahel,2008,0.56517,0.33732,0.62039
BFA,BFA.12.1_1,Oudalan,Sahel,2009,0.60621,0.38179,0.62596
BFA,BFA.12.1_1,Oudalan,Sahel,2010,0.61681,0.4334,0.6241
BFA,BFA.12.1_1,Oudalan,Sahel,2011,0.61597,0.43703,0.62283
BFA,BFA.12.1_1,Oudalan,Sahel,2012,0.60802,0.40646,0.62022
BFA,BFA.12.1_1,Oudalan,Sahel,2013,0.58616,0.35502,0.61699
BFA,BFA.12.1_1,Oudalan,Sahel,2014,0.55647,0.3216,0.61541
BFA,BFA.12.1_1,Oudalan,Sahel,2015,0.53941,0.3123,0.608
BFA,BFA.12.1_1,Oudalan,Sahel,2016,0.48349,0.29075,0.5596
BFA,BFA.12.1_1,Oudalan,Sahel,2017,0.44071,0.26889,0.50519
BFA,BFA.12.1_1,Oudalan,Sahel,2018,0.38683,0.2387,0.43761
BFA,BFA.12.1_1,Oudalan,Sahel,2019,0.34633,0.2244,0.40575
BFA,BFA.12.1_1,Oudalan,Sahel,2020,0.30726,0.20229,0.3771
BFA,BFA.12.1_1,Oudalan,Sahel,2021,0.29004,0.18752,0.3599
BFA,BFA.12.1_1,Oudalan,Sahel,2022,0.29581,0.19003,0.35434
BFA,BFA.12.1_1,Oudalan,Sahel,2023,0.30115,0.19381,0.34969
BFA,BFA.12.1_1,Oudalan,Sahel,2024,0.29874,0.17444,0.34954
BFA,BFA.12.1_1,Oudalan,Sahel,2025,0.29615,0.15722,0.3521
BFA,BFA.12.2_1,Séno,Sahel,2000,0.52212,0.4078,0.5863
BFA,BFA.12.2_1,Séno,Sahel,2001,0.53628,0.41116,0.59327
BFA,BFA.12.2_1,Séno,Sahel,2002,0.53933,0.41157,0.59838
BFA,BFA.12.2_1,Séno,Sahel,2003,0.53704,0.4055,0.60121
BFA,BFA.12.2_1,Séno,Sahel,2004,0.5247,0.4088,0.58697
BFA,BFA.12.2_1,Séno,Sahel,2005,0.52474,0.41562,0.58261
BFA,BFA.12.2_1,Séno,Sahel,2006,0.53609,0.42574,0.59733
BFA,BFA.12.2_1,Séno,Sahel,2007,0.54909,0.43669,0.60993
BFA,BFA.12.2_1,Séno,Sahel,2008,0.57823,0.47357,0.62305
BFA,BFA.12.2_1,Séno,Sahel,2009,0.60561,0.52065,0.62541
BFA,BFA.12.2_1,Séno,Sahel,2010,0.61372,0.55131,0.62298
BFA,BFA.12.2_1,Séno,Sahel,2011,0.61073,0.54457,0.62078
BFA,BFA.12.2_1,Séno,Sahel,2012,0.60105,0.52662,0.61822
BFA,BFA.12.2_1,Séno,Sahel,2013,0.57511,0.47754,0.61268
BFA,BFA.12.2_1,Séno,Sahel,2014,0.54657,0.44307,0.60212
BFA,BFA.12.2_1,Séno,Sahel,2015,0.53673,0.44788,0.58693
BFA,BFA.12.2_1,Séno,Sahel,2016,0.49686,0.42593,0.54194
BFA,BFA.12.2_1,Séno,Sahel,2017,0.46552,0.40919,0.51081
BFA,BFA.12.2_1,Séno,Sahel,2018,0.43171,0.35761,0.50112
BFA,BFA.12.2_1,Séno,Sahel,2019,0.39518,0.30704,0.49007
BFA,BFA.12.2_1,Séno,Sahel,2020,0.3633,0.26241,0.48415
BFA,BFA.12.2_1,Séno,Sahel,2021,0.35017,0.24479,0.49373
BFA,BFA.12.2_1,Séno,Sahel,2022,0.35035,0.25171,0.47854
BFA,BFA.12.2_1,Séno,Sahel,2023,0.35406,0.26791,0.46514
BFA,BFA.12.2_1,Séno,Sahel,2024,0.34509,0.2783,0.42846
BFA,BFA.12.2_1,Séno,Sahel,2025,0.33399,0.27521,0.38186
BFA,BFA.12.3_1,Soum,Sahel,2000,0.5543,0.46415,0.61096
BFA,BFA.12.3_1,Soum,Sahel,2001,0.56547,0.47127,0.61735
BFA,BFA.12.3_1,Soum,Sahel,2002,0.57091,0.47548,0.61961
BFA,BFA.12.3_1,Soum,Sahel,2003,0.57631,0.47792,0.62407
BFA,BFA.12.3_1,Soum,Sahel,2004,0.57529,0.47698,0.62404
BFA,BFA.12.3_1,Soum,Sahel,2005,0.5837,0.48232,0.62478
BFA,BFA.12.3_1,Soum,Sahel,2006,0.60061,0.51062,0.62541
BFA,BFA.12.3_1,Soum,Sahel,2007,0.60974,0.53337,0.62471
BFA,BFA.12.3_1,Soum,Sahel,2008,0.61959,0.57506,0.62548
BFA,BFA.12.3_1,Soum,Sahel,2009,0.62453,0.61364,0.62595
BFA,BFA.12.3_1,Soum,Sahel,2010,0.6227,0.6205,0.62392
BFA,BFA.12.3_1,Soum,Sahel,2011,0.62095,0.62008,0.62251
BFA,BFA.12.3_1,Soum,Sahel,2012,0.61843,0.61668,0.62017
BFA,BFA.12.3_1,Soum,Sahel,2013,0.61575,0.61027,0.61768
BFA,BFA.12.3_1,Soum,Sahel,2014,0.61165,0.59239,0.61668
BFA,BFA.12.3_1,Soum,Sahel,2015,0.59797,0.57357,0.6113
BFA,BFA.12.3_1,Soum,Sahel,2016,0.54018,0.49829,0.57208
BFA,BFA.12.3_1,Soum,Sahel,2017,0.47716,0.42011,0.53864
BFA,BFA.12.3_1,Soum,Sahel,2018,0.39731,0.32636,0.48735
BFA,BFA.12.3_1,Soum,Sahel,2019,0.33518,0.25644,0.43836
BFA,BFA.12.3_1,Soum,Sahel,2020,0.29497,0.22432,0.40052
BFA,BFA.12.3_1,Soum,Sahel,2021,0.28992,0.2272,0.39521
BFA,BFA.12.3_1,Soum,Sahel,2022,0.30463,0.24589,0.4093
BFA,BFA.12.3_1,Soum,Sahel,2023,0.32002,0.26707,0.41572
BFA,BFA.12.3_1,Soum,Sahel,2024,0.32384,0.2693,0.41958
BFA,BFA.12.3_1,Soum,Sahel,2025,0.33011,0.27036,0.41349
BFA,BFA.12.4_1,Yagha,Sahel,2000,0.4982,0.31781,0.57405
BFA,BFA.12.4_1,Yagha,Sahel,2001,0.50691,0.33256,0.58943
BFA,BFA.12.4_1,Yagha,Sahel,2002,0.50665,0.34303,0.58966
BFA,BFA.12.4_1,Yagha,Sahel,2003,0.50504,0.3553,0.5818
BFA,BFA.12.4_1,Yagha,Sahel,2004,0.49936,0.37168,0.57045
BFA,BFA.12.4_1,Yagha,Sahel,2005,0.49933,0.37398,0.57097
BFA,BFA.12.4_1,Yagha,Sahel,2006,0.49712,0.3361,0.58214
BFA,BFA.12.4_1,Yagha,Sahel,2007,0.49406,0.30941,0.59096
BFA,BFA.12.4_1,Yagha,Sahel,2008,0.51584,0.31709,0.60899
BFA,BFA.12.4_1,Yagha,Sahel,2009,0.54773,0.31387,0.62031
BFA,BFA.12.4_1,Yagha,Sahel,2010,0.56423,0.32843,0.6198
BFA,BFA.12.4_1,Yagha,Sahel,2011,0.55126,0.32342,0.61943
BFA,BFA.12.4_1,Yagha,Sahel,2012,0.51967,0.30515,0.6171
BFA,BFA.12.4_1,Yagha,Sahel,2013,0.463,0.28347,0.59939
BFA,BFA.12.4_1,Yagha,Sahel,2014,0.43323,0.28396,0.57301
BFA,BFA.12.4_1,Yagha,Sahel,2015,0.44314,0.3024,0.56565
BFA,BFA.12.4_1,Yagha,Sahel,2016,0.44217,0.32554,0.5323
BFA,BFA.12.4_1,Yagha,Sahel,2017,0.44349,0.33438,0.52075
BFA,BFA.12.4_1,Yagha,Sahel,2018,0.45025,0.3382,0.51666
BFA,BFA.12.4_1,Yagha,Sahel,2019,0.45202,0.34017,0.50967
BFA,BFA.12.4_1,Yagha,Sahel,2020,0.44948,0.32123,0.50137
BFA,BFA.12.4_1,Yagha,Sahel,2021,0.44982,0.30691,0.5005
BFA,BFA.12.4_1,Yagha,Sahel,2022,0.43153,0.30225,0.48367
BFA,BFA.12.4_1,Yagha,Sahel,2023,0.41223,0.28352,0.46531
BFA,BFA.12.4_1,Yagha,Sahel,2024,0.36883,0.24994,0.42818
BFA,BFA.12.4_1,Yagha,Sahel,2025,0.32118,0.20901,0.38072
BFA,BFA.13.1_1,Bougouriba,Sud-Ouest,2000,0.61124,0.60481,0.61453
BFA,BFA.13.1_1,Bougouriba,Sud-Ouest,2001,0.61298,0.6087,0.61467
BFA,BFA.13.1_1,Bougouriba,Sud-Ouest,2002,0.61138,0.60754,0.61301
BFA,BFA.13.1_1,Bougouriba,Sud-Ouest,2003,0.60744,0.59659,0.61217
BFA,BFA.13.1_1,Bougouriba,Sud-Ouest,2004,0.58433,0.56303,0.59912
BFA,BFA.13.1_1,Bougouriba,Sud-Ouest,2005,0.57201,0.54508,0.58846
BFA,BFA.13.1_1,Bougouriba,Sud-Ouest,2006,0.58135,0.55462,0.59276
BFA,BFA.13.1_1,Bougouriba,Sud-Ouest,2007,0.59022,0.56956,0.59868
BFA,BFA.13.1_1,Bougouriba,Sud-Ouest,2008,0.5966,0.58466,0.60127
BFA,BFA.13.1_1,Bougouriba,Sud-Ouest,2009,0.60557,0.6009,0.60778
BFA,BFA.13.1_1,Bougouriba,Sud-Ouest,2010,0.60571,0.60381,0.60722
BFA,BFA.13.1_1,Bougouriba,Sud-Ouest,2011,0.60452,0.60035,0.60605
BFA,BFA.13.1_1,Bougouriba,Sud-Ouest,2012,0.60185,0.59619,0.6042
BFA,BFA.13.1_1,Bougouriba,Sud-Ouest,2013,0.58228,0.53091,0.5991
BFA,BFA.13.1_1,Bougouriba,Sud-Ouest,2014,0.5358,0.44664,0.59612
BFA,BFA.13.1_1,Bougouriba,Sud-Ouest,2015,0.47061,0.37655,0.57477
BFA,BFA.13.1_1,Bougouriba,Sud-Ouest,2016,0.38533,0.30669,0.48437
BFA,BFA.13.1_1,Bougouriba,Sud-Ouest,2017,0.32978,0.25614,0.41474
BFA,BFA.13.1_1,Bougouriba,Sud-Ouest,2018,0.29955,0.23327,0.37241
BFA,BFA.13.1_1,Bougouriba,Sud-Ouest,2019,0.29116,0.23092,0.3665
BFA,BFA.13.1_1,Bougouriba,Sud-Ouest,2020,0.29647,0.2411,0.3814
BFA,BFA.13.1_1,Bougouriba,Sud-Ouest,2021,0.31048,0.24889,0.40699
BFA,BFA.13.1_1,Bougouriba,Sud-Ouest,2022,0.33339,0.26882,0.43812
BFA,BFA.13.1_1,Bougouriba,Sud-Ouest,2023,0.35792,0.2968,0.45448
BFA,BFA.13.1_1,Bougouriba,Sud-Ouest,2024,0.36875,0.31474,0.44319
BFA,BFA.13.1_1,Bougouriba,Sud-Ouest,2025,0.37643,0.33026,0.42926
BFA,BFA.13.2_1,Ioba,Sud-Ouest,2000,0.60672,0.59373,0.61473
BFA,BFA.13.2_1,Ioba,Sud-Ouest,2001,0.60864,0.59842,0.61522
BFA,BFA.13.2_1,Ioba,Sud-Ouest,2002,0.60664,0.59791,0.61355
BFA,BFA.13.2_1,Ioba,Sud-Ouest,2003,0.59697,0.58403,0.60992
BFA,BFA.13.2_1,Ioba,Sud-Ouest,2004,0.57041,0.55359,0.59378
BFA,BFA.13.2_1,Ioba,Sud-Ouest,2005,0.55832,0.53665,0.58483
BFA,BFA.13.2_1,Ioba,Sud-Ouest,2006,0.57419,0.54898,0.59486
BFA,BFA.13.2_1,Ioba,Sud-Ouest,2007,0.58516,0.55553,0.59715
BFA,BFA.13.2_1,Ioba,Sud-Ouest,2008,0.5932,0.56692,0.60151
BFA,BFA.13.2_1,Ioba,Sud-Ouest,2009,0.60602,0.59278,0.60889
BFA,BFA.13.2_1,Ioba,Sud-Ouest,2010,0.60662,0.60416,0.60864
BFA,BFA.13.2_1,Ioba,Sud-Ouest,2011,0.60541,0.60371,0.60685
BFA,BFA.13.2_1,Ioba,Sud-Ouest,2012,0.6034,0.60134,0.60497
BFA,BFA.13.2_1,Ioba,Sud-Ouest,2013,0.5941,0.55577,0.59988
BFA,BFA.13.2_1,Ioba,Sud-Ouest,2014,0.55922,0.47798,0.59512
BFA,BFA.13.2_1,Ioba,Sud-Ouest,2015,0.49042,0.41737,0.55122
BFA,BFA.13.2_1,Ioba,Sud-Ouest,2016,0.3931,0.34685,0.43549
BFA,BFA.13.2_1,Ioba,Sud-Ouest,2017,0.33449,0.29242,0.38012
BFA,BFA.13.2_1,Ioba,Sud-Ouest,2018,0.3019,0.25474,0.35123
BFA,BFA.13.2_1,Ioba,Sud-Ouest,2019,0.29712,0.24013,0.36675
BFA,BFA.13.2_1,Ioba,Sud-Ouest,2020,0.30212,0.23175,0.38155
BFA,BFA.13.2_1,Ioba,Sud-Ouest,2021,0.31889,0.2357,0.4011
BFA,BFA.13.2_1,Ioba,Sud-Ouest,2022,0.34481,0.25515,0.42518
BFA,BFA.13.2_1,Ioba,Sud-Ouest,2023,0.37028,0.28482,0.44586
BFA,BFA.13.2_1,Ioba,Sud-Ouest,2024,0.37915,0.30806,0.43539
BFA,BFA.13.2_1,Ioba,Sud-Ouest,2025,0.38201,0.33535,0.41943
BFA,BFA.13.3_1,Noumbiel,Sud-Ouest,2000,0.58446,0.53666,0.60119
BFA,BFA.13.3_1,Noumbiel,Sud-Ouest,2001,0.58872,0.53957,0.60583
BFA,BFA.13.3_1,Noumbiel,Sud-Ouest,2002,0.58569,0.53841,0.60313
BFA,BFA.13.3_1,Noumbiel,Sud-Ouest,2003,0.57516,0.53483,0.59773
BFA,BFA.13.3_1,Noumbiel,Sud-Ouest,2004,0.55648,0.50758,0.58171
BFA,BFA.13.3_1,Noumbiel,Sud-Ouest,2005,0.5423,0.49162,0.5679
BFA,BFA.13.3_1,Noumbiel,Sud-Ouest,2006,0.5408,0.48745,0.56469
BFA,BFA.13.3_1,Noumbiel,Sud-Ouest,2007,0.55032,0.48553,0.57658
BFA,BFA.13.3_1,Noumbiel,Sud-Ouest,2008,0.57135,0.52059,0.58929
BFA,BFA.13.3_1,Noumbiel,Sud-Ouest,2009,0.59632,0.54946,0.60126
BFA,BFA.13.3_1,Noumbiel,Sud-Ouest,2010,0.59939,0.54897,0.60154
BFA,BFA.13.3_1,Noumbiel,Sud-Ouest,2011,0.59854,0.55023,0.60046
BFA,BFA.13.3_1,Noumbiel,Sud-Ouest,2012,0.59594,0.55033,0.59814
BFA,BFA.13.3_1,Noumbiel,Sud-Ouest,2013,0.59369,0.55228,0.59624
BFA,BFA.13.3_1,Noumbiel,Sud-Ouest,2014,0.58931,0.55103,0.59479
BFA,BFA.13.3_1,Noumbiel,Sud-Ouest,2015,0.582,0.5449,0.59237
BFA,BFA.13.3_1,Noumbiel,Sud-Ouest,2016,0.54963,0.47327,0.58285
BFA,BFA.13.3_1,Noumbiel,Sud-Ouest,2017,0.5192,0.4176,0.57534
BFA,BFA.13.3_1,Noumbiel,Sud-Ouest,2018,0.50922,0.39198,0.57612
BFA,BFA.13.3_1,Noumbiel,Sud-Ouest,2019,0.50192,0.38955,0.57751
BFA,BFA.13.3_1,Noumbiel,Sud-Ouest,2020,0.50045,0.39201,0.58233
BFA,BFA.13.3_1,Noumbiel,Sud-Ouest,2021,0.49116,0.38664,0.57681
BFA,BFA.13.3_1,Noumbiel,Sud-Ouest,2022,0.47294,0.38109,0.55909
BFA,BFA.13.3_1,Noumbiel,Sud-Ouest,2023,0.44744,0.3754,0.53084
BFA,BFA.13.3_1,Noumbiel,Sud-Ouest,2024,0.41236,0.36102,0.47414
BFA,BFA.13.3_1,Noumbiel,Sud-Ouest,2025,0.38019,0.34911,0.41316
BFA,BFA.13.4_1,Poni,Sud-Ouest,2000,0.59895,0.48281,0.60943
BFA,BFA.13.4_1,Poni,Sud-Ouest,2001,0.60428,0.49009,0.61168
BFA,BFA.13.4_1,Poni,Sud-Ouest,2002,0.60351,0.48823,0.61061
BFA,BFA.13.4_1,Poni,Sud-Ouest,2003,0.59582,0.48246,0.60724
BFA,BFA.13.4_1,Poni,Sud-Ouest,2004,0.57363,0.4749,0.59531
BFA,BFA.13.4_1,Poni,Sud-Ouest,2005,0.55729,0.47558,0.58132
BFA,BFA.13.4_1,Poni,Sud-Ouest,2006,0.56003,0.50395,0.58392
BFA,BFA.13.4_1,Poni,Sud-Ouest,2007,0.57157,0.51325,0.59587
BFA,BFA.13.4_1,Poni,Sud-Ouest,2008,0.58514,0.53216,0.59926
BFA,BFA.13.4_1,Poni,Sud-Ouest,2009,0.60113,0.54199,0.60473
BFA,BFA.13.4_1,Poni,Sud-Ouest,2010,0.60207,0.54541,0.6049
BFA,BFA.13.4_1,Poni,Sud-Ouest,2011,0.60129,0.54577,0.60374
BFA,BFA.13.4_1,Poni,Sud-Ouest,2012,0.59863,0.53272,0.60137
BFA,BFA.13.4_1,Poni,Sud-Ouest,2013,0.59628,0.52768,0.59875
BFA,BFA.13.4_1,Poni,Sud-Ouest,2014,0.59207,0.51326,0.59698
BFA,BFA.13.4_1,Poni,Sud-Ouest,2015,0.57715,0.50087,0.59295
BFA,BFA.13.4_1,Poni,Sud-Ouest,2016,0.5125,0.40012,0.56765
BFA,BFA.13.4_1,Poni,Sud-Ouest,2017,0.44833,0.32196,0.54348
BFA,BFA.13.4_1,Poni,Sud-Ouest,2018,0.40545,0.27618,0.52071
BFA,BFA.13.4_1,Poni,Sud-Ouest,2019,0.3811,0.26808,0.49308
BFA,BFA.13.4_1,Poni,Sud-Ouest,2020,0.3737,0.26858,0.48731
BFA,BFA.13.4_1,Poni,Sud-Ouest,2021,0.37518,0.27265,0.48192
BFA,BFA.13.4_1,Poni,Sud-Ouest,2022,0.38515,0.27015,0.47041
BFA,BFA.13.4_1,Poni,Sud-Ouest,2023,0.39206,0.26634,0.45799
BFA,BFA.13.4_1,Poni,Sud-Ouest,2024,0.38653,0.27269,0.44385
BFA,BFA.13.4_1,Poni,Sud-Ouest,2025,0.37958,0.28293,0.42761
BFA,BFA.2.1_1,Comoé,Cascades,2000,0.60302,0.48656,0.61238
BFA,BFA.2.1_1,Comoé,Cascades,2001,0.60782,0.49888,0.61358
BFA,BFA.2.1_1,Comoé,Cascades,2002,0.60764,0.50653,0.61191
BFA,BFA.2.1_1,Comoé,Cascades,2003,0.60643,0.50992,0.61229
BFA,BFA.2.1_1,Comoé,Cascades,2004,0.59931,0.50721,0.61178
BFA,BFA.2.1_1,Comoé,Cascades,2005,0.58715,0.50674,0.60404
BFA,BFA.2.1_1,Comoé,Cascades,2006,0.5751,0.52269,0.59417
BFA,BFA.2.1_1,Comoé,Cascades,2007,0.5627,0.48792,0.59538
BFA,BFA.2.1_1,Comoé,Cascades,2008,0.56337,0.4543,0.59924
BFA,BFA.2.1_1,Comoé,Cascades,2009,0.57719,0.44506,0.60502
BFA,BFA.2.1_1,Comoé,Cascades,2010,0.58241,0.4302,0.60547
BFA,BFA.2.1_1,Comoé,Cascades,2011,0.57996,0.41087,0.60431
BFA,BFA.2.1_1,Comoé,Cascades,2012,0.5779,0.40945,0.60173
BFA,BFA.2.1_1,Comoé,Cascades,2013,0.56208,0.38238,0.59717
BFA,BFA.2.1_1,Comoé,Cascades,2014,0.53336,0.34619,0.59315
BFA,BFA.2.1_1,Comoé,Cascades,2015,0.49271,0.32098,0.58829
BFA,BFA.2.1_1,Comoé,Cascades,2016,0.42426,0.28529,0.55931
BFA,BFA.2.1_1,Comoé,Cascades,2017,0.37247,0.25699,0.51738
BFA,BFA.2.1_1,Comoé,Cascades,2018,0.34349,0.22375,0.4971
BFA,BFA.2.1_1,Comoé,Cascades,2019,0.32934,0.20218,0.4926
BFA,BFA.2.1_1,Comoé,Cascades,2020,0.32482,0.19501,0.49399
BFA,BFA.2.1_1,Comoé,Cascades,2021,0.3237,0.19517,0.49915
BFA,BFA.2.1_1,Comoé,Cascades,2022,0.32746,0.20623,0.48785
BFA,BFA.2.1_1,Comoé,Cascades,2023,0.34082,0.23153,0.46388
BFA,BFA.2.1_1,Comoé,Cascades,2024,0.35171,0.25556,0.43928
BFA,BFA.2.1_1,Comoé,Cascades,2025,0.36457,0.26718,0.41471
BFA,BFA.2.2_1,Léraba,Cascades,2000,0.58227,0.54187,0.60797
BFA,BFA.2.2_1,Léraba,Cascades,2001,0.59819,0.57379,0.6129
BFA,BFA.2.2_1,Léraba,Cascades,2002,0.60017,0.58233,0.61152
BFA,BFA.2.2_1,Léraba,Cascades,2003,0.59668,0.57661,0.61136
BFA,BFA.2.2_1,Léraba,Cascades,2004,0.58127,0.55224,0.60561
BFA,BFA.2.2_1,Léraba,Cascades,2005,0.56023,0.52306,0.59279
BFA,BFA.2.2_1,Léraba,Cascades,2006,0.53169,0.48478,0.57044
BFA,BFA.2.2_1,Léraba,Cascades,2007,0.50429,0.45488,0.55772
BFA,BFA.2.2_1,Léraba,Cascades,2008,0.50873,0.45831,0.56972
BFA,BFA.2.2_1,Léraba,Cascades,2009,0.55184,0.4987,0.60553
BFA,BFA.2.2_1,Léraba,Cascades,2010,0.58354,0.53291,0.61655
BFA,BFA.2.2_1,Léraba,Cascades,2011,0.58997,0.54064,0.61579
BFA,BFA.2.2_1,Léraba,Cascades,2012,0.59227,0.54637,0.61532
BFA,BFA.2.2_1,Léraba,Cascades,2013,0.5749,0.51206,0.607
BFA,BFA.2.2_1,Léraba,Cascades,2014,0.52905,0.4479,0.57936
BFA,BFA.2.2_1,Léraba,Cascades,2015,0.46313,0.38023,0.5037
BFA,BFA.2.2_1,Léraba,Cascades,2016,0.38201,0.30857,0.41694
BFA,BFA.2.2_1,Léraba,Cascades,2017,0.32661,0.25598,0.3636
BFA,BFA.2.2_1,Léraba,Cascades,2018,0.29456,0.22107,0.33635
BFA,BFA.2.2_1,Léraba,Cascades,2019,0.27955,0.201,0.33661
BFA,BFA.2.2_1,Léraba,Cascades,2020,0.2664,0.19041,0.3278
BFA,BFA.2.2_1,Léraba,Cascades,2021,0.25214,0.18415,0.31034
BFA,BFA.2.2_1,Léraba,Cascades,2022,0.24726,0.18734,0.30494
BFA,BFA.2.2_1,Léraba,Cascades,2023,0.26232,0.20718,0.32016
BFA,BFA.2.2_1,Léraba,Cascades,2024,0.28894,0.23358,0.33879
BFA,BFA.2.2_1,Léraba,Cascades,2025,0.32749,0.27422,0.36049
BFA,BFA.3.1_1,Boulgou,Centre-Est,2000,0.56514,0.51847,0.60398
BFA,BFA.3.1_1,Boulgou,Centre-Est,2001,0.55419,0.49873,0.60441
BFA,BFA.3.1_1,Boulgou,Centre-Est,2002,0.53999,0.47873,0.59398
BFA,BFA.3.1_1,Boulgou,Centre-Est,2003,0.52152,0.44272,0.57387
BFA,BFA.3.1_1,Boulgou,Centre-Est,2004,0.49956,0.3868,0.59197
BFA,BFA.3.1_1,Boulgou,Centre-Est,2005,0.48578,0.36184,0.59793
BFA,BFA.3.1_1,Boulgou,Centre-Est,2006,0.48355,0.36925,0.59589
BFA,BFA.3.1_1,Boulgou,Centre-Est,2007,0.49818,0.40997,0.58761
BFA,BFA.3.1_1,Boulgou,Centre-Est,2008,0.53921,0.46597,0.5958
BFA,BFA.3.1_1,Boulgou,Centre-Est,2009,0.59486,0.54331,0.61166
BFA,BFA.3.1_1,Boulgou,Centre-Est,2010,0.6082,0.58691,0.6117
BFA,BFA.3.1_1,Boulgou,Centre-Est,2011,0.60631,0.58324,0.61038
BFA,BFA.3.1_1,Boulgou,Centre-Est,2012,0.59257,0.54011,0.60726
BFA,BFA.3.1_1,Boulgou,Centre-Est,2013,0.50073,0.40121,0.59359
BFA,BFA.3.1_1,Boulgou,Centre-Est,2014,0.40431,0.29461,0.56183
BFA,BFA.3.1_1,Boulgou,Centre-Est,2015,0.35729,0.25552,0.53482
BFA,BFA.3.1_1,Boulgou,Centre-Est,2016,0.3166,0.22148,0.47893
BFA,BFA.3.1_1,Boulgou,Centre-Est,2017,0.29586,0.20693,0.43029
BFA,BFA.3.1_1,Boulgou,Centre-Est,2018,0.28926,0.20371,0.38529
BFA,BFA.3.1_1,Boulgou,Centre-Est,2019,0.29085,0.20687,0.36334
BFA,BFA.3.1_1,Boulgou,Centre-Est,2020,0.29375,0.21031,0.39805
BFA,BFA.3.1_1,Boulgou,Centre-Est,2021,0.29011,0.21267,0.41612
BFA,BFA.3.1_1,Boulgou,Centre-Est,2022,0.2882,0.21226,0.41942
BFA,BFA.3.1_1,Boulgou,Centre-Est,2023,0.30734,0.23133,0.43717
BFA,BFA.3.1_1,Boulgou,Centre-Est,2024,0.33294,0.25914,0.43454
BFA,BFA.3.1_1,Boulgou,Centre-Est,2025,0.35719,0.29651,0.43531
BFA,BFA.3.2_1,Koulpélogo,Centre-Est,2000,0.53633,0.47084,0.56481
BFA,BFA.3.2_1,Koulpélogo,Centre-Est,2001,0.53361,0.47541,0.5605
BFA,BFA.3.2_1,Koulpélogo,Centre-Est,2002,0.54715,0.50643,0.58005
BFA,BFA.3.2_1,Koulpélogo,Centre-Est,2003,0.57416,0.50424,0.61191
BFA,BFA.3.2_1,Koulpélogo,Centre-Est,2004,0.58551,0.49891,0.61482
BFA,BFA.3.2_1,Koulpélogo,Centre-Est,2005,0.5883,0.49396,0.61259
BFA,BFA.3.2_1,Koulpélogo,Centre-Est,2006,0.58801,0.49417,0.61255
BFA,BFA.3.2_1,Koulpélogo,Centre-Est,2007,0.58671,0.50218,0.6109
BFA,BFA.3.2_1,Koulpélogo,Centre-Est,2008,0.5943,0.5354,0.60951
BFA,BFA.3.2_1,Koulpélogo,Centre-Est,2009,0.6077,0.58894,0.61212
BFA,BFA.3.2_1,Koulpélogo,Centre-Est,2010,0.60902,0.60352,0.6112
BFA,BFA.3.2_1,Koulpélogo,Centre-Est,2011,0.60719,0.60156,0.61033
BFA,BFA.3.2_1,Koulpélogo,Centre-Est,2012,0.60178,0.57442,0.60687
BFA,BFA.3.2_1,Koulpélogo,Centre-Est,2013,0.56489,0.46019,0.59193
BFA,BFA.3.2_1,Koulpélogo,Centre-Est,2014,0.51788,0.37151,0.57535
BFA,BFA.3.2_1,Koulpélogo,Centre-Est,2015,0.50806,0.33924,0.57203
BFA,BFA.3.2_1,Koulpélogo,Centre-Est,2016,0.4871,0.29154,0.57112
BFA,BFA.3.2_1,Koulpélogo,Centre-Est,2017,0.46752,0.27682,0.5764
BFA,BFA.3.2_1,Koulpélogo,Centre-Est,2018,0.43817,0.2722,0.55854
BFA,BFA.3.2_1,Koulpélogo,Centre-Est,2019,0.40325,0.26642,0.51763
BFA,BFA.3.2_1,Koulpélogo,Centre-Est,2020,0.37603,0.25578,0.48584
BFA,BFA.3.2_1,Koulpélogo,Centre-Est,2021,0.34692,0.23631,0.4604
BFA,BFA.3.2_1,Koulpélogo,Centre-Est,2022,0.32264,0.22314,0.428
BFA,BFA.3.2_1,Koulpélogo,Centre-Est,2023,0.31694,0.23143,0.40298
BFA,BFA.3.2_1,Koulpélogo,Centre-Est,2024,0.31623,0.25353,0.3761
BFA,BFA.3.2_1,Koulpélogo,Centre-Est,2025,0.32357,0.27899,0.36197
BFA,BFA.3.3_1,Kouritenga,Centre-Est,2000,0.58799,0.5623,0.61724
BFA,BFA.3.3_1,Kouritenga,Centre-Est,2001,0.58279,0.55179,0.61958
BFA,BFA.3.3_1,Kouritenga,Centre-Est,2002,0.57063,0.53716,0.61523
BFA,BFA.3.3_1,Kouritenga,Centre-Est,2003,0.5484,0.49974,0.59443
BFA,BFA.3.3_1,Kouritenga,Centre-Est,2004,0.51478,0.44508,0.56797
BFA,BFA.3.3_1,Kouritenga,Centre-Est,2005,0.49451,0.41548,0.55716
BFA,BFA.3.3_1,Kouritenga,Centre-Est,2006,0.49249,0.40609,0.561
BFA,BFA.3.3_1,Kouritenga,Centre-Est,2007,0.50415,0.42024,0.57281
BFA,BFA.3.3_1,Kouritenga,Centre-Est,2008,0.53338,0.4469,0.59188
BFA,BFA.3.3_1,Kouritenga,Centre-Est,2009,0.57907,0.49259,0.61573
BFA,BFA.3.3_1,Kouritenga,Centre-Est,2010,0.60139,0.52403,0.61524
BFA,BFA.3.3_1,Kouritenga,Centre-Est,2011,0.5962,0.50816,0.61416
BFA,BFA.3.3_1,Kouritenga,Centre-Est,2012,0.57726,0.4645,0.60957
BFA,BFA.3.3_1,Kouritenga,Centre-Est,2013,0.52358,0.396,0.58292
BFA,BFA.3.3_1,Kouritenga,Centre-Est,2014,0.47642,0.35851,0.55167
BFA,BFA.3.3_1,Kouritenga,Centre-Est,2015,0.46402,0.3613,0.53454
BFA,BFA.3.3_1,Kouritenga,Centre-Est,2016,0.42797,0.34783,0.49132
BFA,BFA.3.3_1,Kouritenga,Centre-Est,2017,0.39809,0.32422,0.45641
BFA,BFA.3.3_1,Kouritenga,Centre-Est,2018,0.36783,0.28826,0.43564
BFA,BFA.3.3_1,Kouritenga,Centre-Est,2019,0.33554,0.26003,0.41995
BFA,BFA.3.3_1,Kouritenga,Centre-Est,2020,0.31707,0.24219,0.40725
BFA,BFA.3.3_1,Kouritenga,Centre-Est,2021,0.30106,0.22837,0.3941
BFA,BFA.3.3_1,Kouritenga,Centre-Est,2022,0.29287,0.2213,0.37584
BFA,BFA.3.3_1,Kouritenga,Centre-Est,2023,0.3048,0.23733,0.37577
BFA,BFA.3.3_1,Kouritenga,Centre-Est,2024,0.31823,0.25763,0.36944
BFA,BFA.3.3_1,Kouritenga,Centre-Est,2025,0.33506,0.28623,0.36564
BFA,BFA.4.1_1,Bam,Centre-Nord,2000,0.59996,0.57213,0.61932
BFA,BFA.4.1_1,Bam,Centre-Nord,2001,0.61079,0.58901,0.62156
BFA,BFA.4.1_1,Bam,Centre-Nord,2002,0.6138,0.59911,0.62121
BFA,BFA.4.1_1,Bam,Centre-Nord,2003,0.61346,0.56663,0.62369
BFA,BFA.4.1_1,Bam,Centre-Nord,2004,0.60313,0.49348,0.62564
BFA,BFA.4.1_1,Bam,Centre-Nord,2005,0.5988,0.43961,0.62507
BFA,BFA.4.1_1,Bam,Centre-Nord,2006,0.60401,0.43719,0.6246
BFA,BFA.4.1_1,Bam,Centre-Nord,2007,0.60624,0.46299,0.62446
BFA,BFA.4.1_1,Bam,Centre-Nord,2008,0.60923,0.49472,0.62429
BFA,BFA.4.1_1,Bam,Centre-Nord,2009,0.61103,0.51251,0.62277
BFA,BFA.4.1_1,Bam,Centre-Nord,2010,0.60952,0.50644,0.62151
BFA,BFA.4.1_1,Bam,Centre-Nord,2011,0.6014,0.45327,0.62048
BFA,BFA.4.1_1,Bam,Centre-Nord,2012,0.58556,0.38535,0.61729
BFA,BFA.4.1_1,Bam,Centre-Nord,2013,0.55655,0.31292,0.61407
BFA,BFA.4.1_1,Bam,Centre-Nord,2014,0.53933,0.29188,0.61172
BFA,BFA.4.1_1,Bam,Centre-Nord,2015,0.53407,0.32422,0.60306
BFA,BFA.4.1_1,Bam,Centre-Nord,2016,0.50284,0.34774,0.5693
BFA,BFA.4.1_1,Bam,Centre-Nord,2017,0.4707,0.34206,0.54154
BFA,BFA.4.1_1,Bam,Centre-Nord,2018,0.41295,0.30373,0.50176
BFA,BFA.4.1_1,Bam,Centre-Nord,2019,0.3511,0.21766,0.44784
BFA,BFA.4.1_1,Bam,Centre-Nord,2020,0.32915,0.23049,0.4141
BFA,BFA.4.1_1,Bam,Centre-Nord,2021,0.3343,0.25697,0.40563
BFA,BFA.4.1_1,Bam,Centre-Nord,2022,0.3458,0.27082,0.41563
BFA,BFA.4.1_1,Bam,Centre-Nord,2023,0.35681,0.27811,0.42383
BFA,BFA.4.1_1,Bam,Centre-Nord,2024,0.35286,0.26812,0.42225
BFA,BFA.4.1_1,Bam,Centre-Nord,2025,0.33986,0.25239,0.4138
BFA,BFA.4.2_1,Namentenga,Centre-Nord,2000,0.60314,0.54206,0.62417
BFA,BFA.4.2_1,Namentenga,Centre-Nord,2001,0.60816,0.56002,0.62432
BFA,BFA.4.2_1,Namentenga,Centre-Nord,2002,0.60924,0.56523,0.62406
BFA,BFA.4.2_1,Namentenga,Centre-Nord,2003,0.60673,0.56061,0.62389
BFA,BFA.4.2_1,Namentenga,Centre-Nord,2004,0.58715,0.52028,0.61807
BFA,BFA.4.2_1,Namentenga,Centre-Nord,2005,0.57356,0.48523,0.60293
BFA,BFA.4.2_1,Namentenga,Centre-Nord,2006,0.57781,0.48864,0.60999
BFA,BFA.4.2_1,Namentenga,Centre-Nord,2007,0.58864,0.51191,0.61388
BFA,BFA.4.2_1,Namentenga,Centre-Nord,2008,0.60644,0.55018,0.62388
BFA,BFA.4.2_1,Namentenga,Centre-Nord,2009,0.61867,0.59856,0.62405
BFA,BFA.4.2_1,Namentenga,Centre-Nord,2010,0.61816,0.61013,0.62214
BFA,BFA.4.2_1,Namentenga,Centre-Nord,2011,0.61672,0.59599,0.62061
BFA,BFA.4.2_1,Namentenga,Centre-Nord,2012,0.61155,0.5514,0.61757
BFA,BFA.4.2_1,Namentenga,Centre-Nord,2013,0.58862,0.47345,0.61225
BFA,BFA.4.2_1,Namentenga,Centre-Nord,2014,0.55766,0.41721,0.60436
BFA,BFA.4.2_1,Namentenga,Centre-Nord,2015,0.54291,0.42377,0.58697
BFA,BFA.4.2_1,Namentenga,Centre-Nord,2016,0.50569,0.411,0.55086
BFA,BFA.4.2_1,Namentenga,Centre-Nord,2017,0.47664,0.38865,0.52724
BFA,BFA.4.2_1,Namentenga,Centre-Nord,2018,0.43859,0.34695,0.4932
BFA,BFA.4.2_1,Namentenga,Centre-Nord,2019,0.39754,0.30005,0.45906
BFA,BFA.4.2_1,Namentenga,Centre-Nord,2020,0.37,0.27132,0.44427
BFA,BFA.4.2_1,Namentenga,Centre-Nord,2021,0.3551,0.25568,0.43476
BFA,BFA.4.2_1,Namentenga,Centre-Nord,2022,0.34864,0.25217,0.42592
BFA,BFA.4.2_1,Namentenga,Centre-Nord,2023,0.35252,0.25835,0.41471
BFA,BFA.4.2_1,Namentenga,Centre-Nord,2024,0.34886,0.27002,0.40638
BFA,BFA.4.2_1,Namentenga,Centre-Nord,2025,0.34295,0.28273,0.39141
BFA,BFA.4.3_1,Sanmatenga,Centre-Nord,2000,0.61702,0.5591,0.62561
BFA,BFA.4.3_1,Sanmatenga,Centre-Nord,2001,0.61926,0.5725,0.62517
BFA,BFA.4.3_1,Sanmatenga,Centre-Nord,2002,0.61926,0.58111,0.6247
BFA,BFA.4.3_1,Sanmatenga,Centre-Nord,2003,0.6166,0.57916,0.62392
BFA,BFA.4.3_1,Sanmatenga,Centre-Nord,2004,0.59161,0.48297,0.62469
BFA,BFA.4.3_1,Sanmatenga,Centre-Nord,2005,0.56646,0.4139,0.62388
BFA,BFA.4.3_1,Sanmatenga,Centre-Nord,2006,0.56483,0.40498,0.62405
BFA,BFA.4.3_1,Sanmatenga,Centre-Nord,2007,0.56994,0.43857,0.62387
BFA,BFA.4.3_1,Sanmatenga,Centre-Nord,2008,0.58054,0.47332,0.62434
BFA,BFA.4.3_1,Sanmatenga,Centre-Nord,2009,0.58961,0.48281,0.62387
BFA,BFA.4.3_1,Sanmatenga,Centre-Nord,2010,0.58813,0.46555,0.62194
BFA,BFA.4.3_1,Sanmatenga,Centre-Nord,2011,0.56716,0.39339,0.62057
BFA,BFA.4.3_1,Sanmatenga,Centre-Nord,2012,0.52943,0.30045,0.61744
BFA,BFA.4.3_1,Sanmatenga,Centre-Nord,2013,0.47598,0.22129,0.61421
BFA,BFA.4.3_1,Sanmatenga,Centre-Nord,2014,0.45033,0.20561,0.61013
BFA,BFA.4.3_1,Sanmatenga,Centre-Nord,2015,0.46802,0.25546,0.60362
BFA,BFA.4.3_1,Sanmatenga,Centre-Nord,2016,0.46283,0.30859,0.57012
BFA,BFA.4.3_1,Sanmatenga,Centre-Nord,2017,0.44693,0.32873,0.54354
BFA,BFA.4.3_1,Sanmatenga,Centre-Nord,2018,0.40985,0.29186,0.50724
BFA,BFA.4.3_1,Sanmatenga,Centre-Nord,2019,0.36473,0.25774,0.45889
BFA,BFA.4.3_1,Sanmatenga,Centre-Nord,2020,0.33971,0.2437,0.43304
BFA,BFA.4.3_1,Sanmatenga,Centre-Nord,2021,0.33254,0.24699,0.43215
BFA,BFA.4.3_1,Sanmatenga,Centre-Nord,2022,0.33574,0.25708,0.43952
BFA,BFA.4.3_1,Sanmatenga,Centre-Nord,2023,0.34589,0.26652,0.44262
BFA,BFA.4.3_1,Sanmatenga,Centre-Nord,2024,0.34715,0.25815,0.42649
BFA,BFA.4.3_1,Sanmatenga,Centre-Nord,2025,0.34413,0.2451,0.41249
BFA,BFA.5.1_1,Boulkiemdé,Centre-Ouest,2000,0.61515,0.5924,0.6228
BFA,BFA.5.1_1,Boulkiemdé,Centre-Ouest,2001,0.61577,0.59216,0.62186
BFA,BFA.5.1_1,Boulkiemdé,Centre-Ouest,2002,0.61233,0.58391,0.62103
BFA,BFA.5.1_1,Boulkiemdé,Centre-Ouest,2003,0.6,0.55038,0.62088
BFA,BFA.5.1_1,Boulkiemdé,Centre-Ouest,2004,0.56616,0.45107,0.61883
BFA,BFA.5.1_1,Boulkiemdé,Centre-Ouest,2005,0.55748,0.42483,0.61649
BFA,BFA.5.1_1,Boulkiemdé,Centre-Ouest,2006,0.58438,0.48125,0.61806
BFA,BFA.5.1_1,Boulkiemdé,Centre-Ouest,2007,0.60539,0.54936,0.61962
BFA,BFA.5.1_1,Boulkiemdé,Centre-Ouest,2008,0.61274,0.58416,0.61872
BFA,BFA.5.1_1,Boulkiemdé,Centre-Ouest,2009,0.61469,0.59899,0.61828
BFA,BFA.5.1_1,Boulkiemdé,Centre-Ouest,2010,0.6129,0.60058,0.61627
BFA,BFA.5.1_1,Boulkiemdé,Centre-Ouest,2011,0.60723,0.54432,0.61326
BFA,BFA.5.1_1,Boulkiemdé,Centre-Ouest,2012,0.5873,0.44495,0.60972
BFA,BFA.5.1_1,Boulkiemdé,Centre-Ouest,2013,0.53444,0.34445,0.60081
BFA,BFA.5.1_1,Boulkiemdé,Centre-Ouest,2014,0.4955,0.31051,0.58584
BFA,BFA.5.1_1,Boulkiemdé,Centre-Ouest,2015,0.49663,0.36098,0.56824
BFA,BFA.5.1_1,Boulkiemdé,Centre-Ouest,2016,0.46998,0.39142,0.51695
BFA,BFA.5.1_1,Boulkiemdé,Centre-Ouest,2017,0.44081,0.38098,0.4798
BFA,BFA.5.1_1,Boulkiemdé,Centre-Ouest,2018,0.4025,0.33283,0.45351
BFA,BFA.5.1_1,Boulkiemdé,Centre-Ouest,2019,0.36405,0.28753,0.41372
BFA,BFA.5.1_1,Boulkiemdé,Centre-Ouest,2020,0.35776,0.28014,0.41309
BFA,BFA.5.1_1,Boulkiemdé,Centre-Ouest,2021,0.38035,0.29425,0.43846
BFA,BFA.5.1_1,Boulkiemdé,Centre-Ouest,2022,0.40374,0.3139,0.45889
BFA,BFA.5.1_1,Boulkiemdé,Centre-Ouest,2023,0.41236,0.32391,0.46064
BFA,BFA.5.1_1,Boulkiemdé,Centre-Ouest,2024,0.39444,0.31189,0.4335
BFA,BFA.5.1_1,Boulkiemdé,Centre-Ouest,2025,0.36749,0.29881,0.40005
BFA,BFA.5.2_1,Sanguié,Centre-Ouest,2000,0.61027,0.59148,0.62067
BFA,BFA.5.2_1,Sanguié,Centre-Ouest,2001,0.6116,0.59687,0.6218
BFA,BFA.5.2_1,Sanguié,Centre-Ouest,2002,0.60885,0.59214,0.62065
BFA,BFA.5.2_1,Sanguié,Centre-Ouest,2003,0.59581,0.56046,0.62004
BFA,BFA.5.2_1,Sanguié,Centre-Ouest,2004,0.57244,0.52189,0.61638
BFA,BFA.5.2_1,Sanguié,Centre-Ouest,2005,0.57296,0.52295,0.61591
BFA,BFA.5.2_1,Sanguié,Centre-Ouest,2006,0.59508,0.55852,0.6179
BFA,BFA.5.2_1,Sanguié,Centre-Ouest,2007,0.60869,0.59093,0.61955
BFA,BFA.5.2_1,Sanguié,Centre-Ouest,2008,0.61349,0.60403,0.61885
BFA,BFA.5.2_1,Sanguié,Centre-Ouest,2009,0.61468,0.61008,0.61885
BFA,BFA.5.2_1,Sanguié,Centre-Ouest,2010,0.61301,0.61001,0.61664
BFA,BFA.5.2_1,Sanguié,Centre-Ouest,2011,0.61108,0.60528,0.6135
BFA,BFA.5.2_1,Sanguié,Centre-Ouest,2012,0.60381,0.56368,0.60985
BFA,BFA.5.2_1,Sanguié,Centre-Ouest,2013,0.57928,0.4814,0.60518
BFA,BFA.5.2_1,Sanguié,Centre-Ouest,2014,0.55064,0.43787,0.60178
BFA,BFA.5.2_1,Sanguié,Centre-Ouest,2015,0.5373,0.45241,0.58578
BFA,BFA.5.2_1,Sanguié,Centre-Ouest,2016,0.4934,0.43955,0.54591
BFA,BFA.5.2_1,Sanguié,Centre-Ouest,2017,0.45075,0.40272,0.50383
BFA,BFA.5.2_1,Sanguié,Centre-Ouest,2018,0.397,0.34016,0.454
BFA,BFA.5.2_1,Sanguié,Centre-Ouest,2019,0.3485,0.28857,0.42002
BFA,BFA.5.2_1,Sanguié,Centre-Ouest,2020,0.33249,0.26871,0.41725
BFA,BFA.5.2_1,Sanguié,Centre-Ouest,2021,0.34342,0.27434,0.43999
BFA,BFA.5.2_1,Sanguié,Centre-Ouest,2022,0.3637,0.29218,0.45456
BFA,BFA.5.2_1,Sanguié,Centre-Ouest,2023,0.37237,0.31225,0.45587
BFA,BFA.5.2_1,Sanguié,Centre-Ouest,2024,0.36382,0.32076,0.43461
BFA,BFA.5.2_1,Sanguié,Centre-Ouest,2025,0.35133,0.31076,0.41887
BFA,BFA.5.3_1,Sissili,Centre-Ouest,2000,0.60582,0.53574,0.61365
BFA,BFA.5.3_1,Sissili,Centre-Ouest,2001,0.60429,0.52881,0.61126
BFA,BFA.5.3_1,Sissili,Centre-Ouest,2002,0.5969,0.51479,0.60818
BFA,BFA.5.3_1,Sissili,Centre-Ouest,2003,0.57813,0.48345,0.59914
BFA,BFA.5.3_1,Sissili,Centre-Ouest,2004,0.54205,0.44203,0.58223
BFA,BFA.5.3_1,Sissili,Centre-Ouest,2005,0.52855,0.42395,0.57236
BFA,BFA.5.3_1,Sissili,Centre-Ouest,2006,0.55247,0.42033,0.59045
BFA,BFA.5.3_1,Sissili,Centre-Ouest,2007,0.57689,0.42485,0.60284
BFA,BFA.5.3_1,Sissili,Centre-Ouest,2008,0.59462,0.44609,0.61136
BFA,BFA.5.3_1,Sissili,Centre-Ouest,2009,0.6077,0.49246,0.61247
BFA,BFA.5.3_1,Sissili,Centre-Ouest,2010,0.60739,0.51474,0.61129
BFA,BFA.5.3_1,Sissili,Centre-Ouest,2011,0.606,0.51283,0.61023
BFA,BFA.5.3_1,Sissili,Centre-Ouest,2012,0.60407,0.50064,0.60738
BFA,BFA.5.3_1,Sissili,Centre-Ouest,2013,0.59774,0.44499,0.60349
BFA,BFA.5.3_1,Sissili,Centre-Ouest,2014,0.58023,0.37587,0.59957
BFA,BFA.5.3_1,Sissili,Centre-Ouest,2015,0.5363,0.32801,0.58088
BFA,BFA.5.3_1,Sissili,Centre-Ouest,2016,0.4589,0.3013,0.52119
BFA,BFA.5.3_1,Sissili,Centre-Ouest,2017,0.41446,0.28826,0.47972
BFA,BFA.5.3_1,Sissili,Centre-Ouest,2018,0.40472,0.24994,0.46117
BFA,BFA.5.3_1,Sissili,Centre-Ouest,2019,0.41596,0.2276,0.48018
BFA,BFA.5.3_1,Sissili,Centre-Ouest,2020,0.43131,0.26682,0.50896
BFA,BFA.5.3_1,Sissili,Centre-Ouest,2021,0.44793,0.27725,0.52887
BFA,BFA.5.3_1,Sissili,Centre-Ouest,2022,0.45787,0.28942,0.52953
BFA,BFA.5.3_1,Sissili,Centre-Ouest,2023,0.4599,0.33206,0.51976
BFA,BFA.5.3_1,Sissili,Centre-Ouest,2024,0.44057,0.36869,0.49382
BFA,BFA.5.3_1,Sissili,Centre-Ouest,2025,0.41782,0.36516,0.46219
BFA,BFA.5.4_1,Ziro,Centre-Ouest,2000,0.60984,0.59674,0.61711
BFA,BFA.5.4_1,Ziro,Centre-Ouest,2001,0.60751,0.59613,0.61523
BFA,BFA.5.4_1,Ziro,Centre-Ouest,2002,0.59696,0.57494,0.61205
BFA,BFA.5.4_1,Ziro,Centre-Ouest,2003,0.55962,0.52009,0.58572
BFA,BFA.5.4_1,Ziro,Centre-Ouest,2004,0.49621,0.41617,0.55323
BFA,BFA.5.4_1,Ziro,Centre-Ouest,2005,0.47716,0.39057,0.5387
BFA,BFA.5.4_1,Ziro,Centre-Ouest,2006,0.51331,0.44107,0.56686
BFA,BFA.5.4_1,Ziro,Centre-Ouest,2007,0.55938,0.51574,0.59588
BFA,BFA.5.4_1,Ziro,Centre-Ouest,2008,0.59104,0.56466,0.60737
BFA,BFA.5.4_1,Ziro,Centre-Ouest,2009,0.60816,0.59953,0.61189
BFA,BFA.5.4_1,Ziro,Centre-Ouest,2010,0.60957,0.6068,0.61104
BFA,BFA.5.4_1,Ziro,Centre-Ouest,2011,0.60785,0.60231,0.60982
BFA,BFA.5.4_1,Ziro,Centre-Ouest,2012,0.60516,0.58625,0.60707
BFA,BFA.5.4_1,Ziro,Centre-Ouest,2013,0.59483,0.54281,0.60232
BFA,BFA.5.4_1,Ziro,Centre-Ouest,2014,0.5773,0.50784,0.59482
BFA,BFA.5.4_1,Ziro,Centre-Ouest,2015,0.54799,0.49442,0.57211
BFA,BFA.5.4_1,Ziro,Centre-Ouest,2016,0.49138,0.45136,0.5299
BFA,BFA.5.4_1,Ziro,Centre-Ouest,2017,0.45019,0.40492,0.49543
BFA,BFA.5.4_1,Ziro,Centre-Ouest,2018,0.42741,0.38834,0.47808
BFA,BFA.5.4_1,Ziro,Centre-Ouest,2019,0.41891,0.35909,0.47162
BFA,BFA.5.4_1,Ziro,Centre-Ouest,2020,0.42341,0.35216,0.4729
BFA,BFA.5.4_1,Ziro,Centre-Ouest,2021,0.44157,0.37081,0.48317
BFA,BFA.5.4_1,Ziro,Centre-Ouest,2022,0.45397,0.39189,0.49069
BFA,BFA.5.4_1,Ziro,Centre-Ouest,2023,0.45238,0.39709,0.48548
BFA,BFA.5.4_1,Ziro,Centre-Ouest,2024,0.43229,0.37987,0.46101
BFA,BFA.5.4_1,Ziro,Centre-Ouest,2025,0.405,0.35816,0.43768
BFA,BFA.6.1_1,Bazèga,Centre-Sud,2000,0.61481,0.59879,0.6196
BFA,BFA.6.1_1,Bazèga,Centre-Sud,2001,0.61344,0.5944,0.61952
BFA,BFA.6.1_1,Bazèga,Centre-Sud,2002,0.60245,0.56848,0.61718
BFA,BFA.6.1_1,Bazèga,Centre-Sud,2003,0.53609,0.47974,0.58302
BFA,BFA.6.1_1,Bazèga,Centre-Sud,2004,0.42453,0.34851,0.50301
BFA,BFA.6.1_1,Bazèga,Centre-Sud,2005,0.39499,0.31176,0.48407
BFA,BFA.6.1_1,Bazèga,Centre-Sud,2006,0.4379,0.35012,0.52197
BFA,BFA.6.1_1,Bazèga,Centre-Sud,2007,0.51229,0.42477,0.57576
BFA,BFA.6.1_1,Bazèga,Centre-Sud,2008,0.56968,0.49624,0.60313
BFA,BFA.6.1_1,Bazèga,Centre-Sud,2009,0.60229,0.54242,0.61358
BFA,BFA.6.1_1,Bazèga,Centre-Sud,2010,0.60686,0.55093,0.61265
BFA,BFA.6.1_1,Bazèga,Centre-Sud,2011,0.60013,0.51127,0.61143
BFA,BFA.6.1_1,Bazèga,Centre-Sud,2012,0.5836,0.4447,0.60738
BFA,BFA.6.1_1,Bazèga,Centre-Sud,2013,0.54287,0.36408,0.60237
BFA,BFA.6.1_1,Bazèga,Centre-Sud,2014,0.50778,0.33827,0.59643
BFA,BFA.6.1_1,Bazèga,Centre-Sud,2015,0.49529,0.3685,0.5796
BFA,BFA.6.1_1,Bazèga,Centre-Sud,2016,0.46397,0.38951,0.53443
BFA,BFA.6.1_1,Bazèga,Centre-Sud,2017,0.43825,0.36628,0.50465
BFA,BFA.6.1_1,Bazèga,Centre-Sud,2018,0.41484,0.33827,0.49507
BFA,BFA.6.1_1,Bazèga,Centre-Sud,2019,0.39995,0.32164,0.48791
BFA,BFA.6.1_1,Bazèga,Centre-Sud,2020,0.3922,0.30509,0.48719
BFA,BFA.6.1_1,Bazèga,Centre-Sud,2021,0.39873,0.29452,0.49269
BFA,BFA.6.1_1,Bazèga,Centre-Sud,2022,0.40842,0.29447,0.49336
BFA,BFA.6.1_1,Bazèga,Centre-Sud,2023,0.41102,0.3093,0.48845
BFA,BFA.6.1_1,Bazèga,Centre-Sud,2024,0.40087,0.32414,0.46377
BFA,BFA.6.1_1,Bazèga,Centre-Sud,2025,0.38243,0.33067,0.44064
BFA,BFA.6.2_1,Nahouri,Centre-Sud,2000,0.6058,0.58645,0.6147
BFA,BFA.6.2_1,Nahouri,Centre-Sud,2001,0.59993,0.57414,0.61343
BFA,BFA.6.2_1,Nahouri,Centre-Sud,2002,0.5842,0.54791,0.6052
BFA,BFA.6.2_1,Nahouri,Centre-Sud,2003,0.55238,0.51449,0.57991
BFA,BFA.6.2_1,Nahouri,Centre-Sud,2004,0.50257,0.46325,0.54154
BFA,BFA.6.2_1,Nahouri,Centre-Sud,2005,0.47491,0.42912,0.5179
BFA,BFA.6.2_1,Nahouri,Centre-Sud,2006,0.47331,0.40525,0.52003
BFA,BFA.6.2_1,Nahouri,Centre-Sud,2007,0.49161,0.41386,0.54722
BFA,BFA.6.2_1,Nahouri,Centre-Sud,2008,0.53469,0.46437,0.58922
BFA,BFA.6.2_1,Nahouri,Centre-Sud,2009,0.59513,0.56097,0.61016
BFA,BFA.6.2_1,Nahouri,Centre-Sud,2010,0.607,0.59849,0.60953
BFA,BFA.6.2_1,Nahouri,Centre-Sud,2011,0.60548,0.59427,0.60778
BFA,BFA.6.2_1,Nahouri,Centre-Sud,2012,0.59521,0.54839,0.60601
BFA,BFA.6.2_1,Nahouri,Centre-Sud,2013,0.52345,0.39495,0.60055
BFA,BFA.6.2_1,Nahouri,Centre-Sud,2014,0.45128,0.31028,0.58072
BFA,BFA.6.2_1,Nahouri,Centre-Sud,2015,0.41693,0.28787,0.54912
BFA,BFA.6.2_1,Nahouri,Centre-Sud,2016,0.38285,0.27074,0.49098
BFA,BFA.6.2_1,Nahouri,Centre-Sud,2017,0.36043,0.26384,0.45553
BFA,BFA.6.2_1,Nahouri,Centre-Sud,2018,0.3582,0.27286,0.44294
BFA,BFA.6.2_1,Nahouri,Centre-Sud,2019,0.36424,0.28344,0.44664
BFA,BFA.6.2_1,Nahouri,Centre-Sud,2020,0.37838,0.29662,0.46557
BFA,BFA.6.2_1,Nahouri,Centre-Sud,2021,0.38899,0.30753,0.47824
BFA,BFA.6.2_1,Nahouri,Centre-Sud,2022,0.40094,0.31978,0.48757
BFA,BFA.6.2_1,Nahouri,Centre-Sud,2023,0.42013,0.34601,0.49507
BFA,BFA.6.2_1,Nahouri,Centre-Sud,2024,0.43056,0.37338,0.48719
BFA,BFA.6.2_1,Nahouri,Centre-Sud,2025,0.42841,0.39436,0.47032
BFA,BFA.6.3_1,Zoundwéogo,Centre-Sud,2000,0.59318,0.52649,0.61437
BFA,BFA.6.3_1,Zoundwéogo,Centre-Sud,2001,0.58839,0.50752,0.6136
BFA,BFA.6.3_1,Zoundwéogo,Centre-Sud,2002,0.57199,0.47882,0.60677
BFA,BFA.6.3_1,Zoundwéogo,Centre-Sud,2003,0.53,0.43818,0.57152
BFA,BFA.6.3_1,Zoundwéogo,Centre-Sud,2004,0.47407,0.40162,0.52929
BFA,BFA.6.3_1,Zoundwéogo,Centre-Sud,2005,0.45032,0.38143,0.50476
BFA,BFA.6.3_1,Zoundwéogo,Centre-Sud,2006,0.46222,0.38084,0.50605
BFA,BFA.6.3_1,Zoundwéogo,Centre-Sud,2007,0.50105,0.40819,0.54234
BFA,BFA.6.3_1,Zoundwéogo,Centre-Sud,2008,0.55499,0.46594,0.59249
BFA,BFA.6.3_1,Zoundwéogo,Centre-Sud,2009,0.60387,0.55416,0.61297
BFA,BFA.6.3_1,Zoundwéogo,Centre-Sud,2010,0.60946,0.59975,0.61178
BFA,BFA.6.3_1,Zoundwéogo,Centre-Sud,2011,0.60783,0.59665,0.61073
BFA,BFA.6.3_1,Zoundwéogo,Centre-Sud,2012,0.60074,0.53711,0.60749
BFA,BFA.6.3_1,Zoundwéogo,Centre-Sud,2013,0.54992,0.39368,0.59904
BFA,BFA.6.3_1,Zoundwéogo,Centre-Sud,2014,0.47418,0.29647,0.57246
BFA,BFA.6.3_1,Zoundwéogo,Centre-Sud,2015,0.4242,0.25382,0.53532
BFA,BFA.6.3_1,Zoundwéogo,Centre-Sud,2016,0.37582,0.22494,0.49047
BFA,BFA.6.3_1,Zoundwéogo,Centre-Sud,2017,0.34671,0.20726,0.45201
BFA,BFA.6.3_1,Zoundwéogo,Centre-Sud,2018,0.3371,0.20168,0.43167
BFA,BFA.6.3_1,Zoundwéogo,Centre-Sud,2019,0.3354,0.2037,0.42331
BFA,BFA.6.3_1,Zoundwéogo,Centre-Sud,2020,0.33533,0.20927,0.41299
BFA,BFA.6.3_1,Zoundwéogo,Centre-Sud,2021,0.33626,0.21223,0.41029
BFA,BFA.6.3_1,Zoundwéogo,Centre-Sud,2022,0.34358,0.2166,0.41228
BFA,BFA.6.3_1,Zoundwéogo,Centre-Sud,2023,0.36192,0.23862,0.41668
BFA,BFA.6.3_1,Zoundwéogo,Centre-Sud,2024,0.37935,0.27007,0.4472
BFA,BFA.6.3_1,Zoundwéogo,Centre-Sud,2025,0.39092,0.30796,0.4507
BFA,BFA.7.1_1,Kadiogo,Centre,2000,0.61969,0.61231,0.62265
BFA,BFA.7.1_1,Kadiogo,Centre,2001,0.61986,0.61612,0.62193
BFA,BFA.7.1_1,Kadiogo,Centre,2002,0.61676,0.5939,0.62089
BFA,BFA.7.1_1,Kadiogo,Centre,2003,0.57207,0.43875,0.62074
BFA,BFA.7.1_1,Kadiogo,Centre,2004,0.44531,0.28398,0.61501
BFA,BFA.7.1_1,Kadiogo,Centre,2005,0.38516,0.2311,0.5842
BFA,BFA.7.1_1,Kadiogo,Centre,2006,0.4027,0.2375,0.57755
BFA,BFA.7.1_1,Kadiogo,Centre,2007,0.45658,0.27679,0.58885
BFA,BFA.7.1_1,Kadiogo,Centre,2008,0.50076,0.30616,0.60122
BFA,BFA.7.1_1,Kadiogo,Centre,2009,0.52912,0.31945,0.60796
BFA,BFA.7.1_1,Kadiogo,Centre,2010,0.52511,0.29678,0.61066
BFA,BFA.7.1_1,Kadiogo,Centre,2011,0.47453,0.24319,0.60287
BFA,BFA.7.1_1,Kadiogo,Centre,2012,0.39861,0.18545,0.569
BFA,BFA.7.1_1,Kadiogo,Centre,2013,0.31718,0.1358,0.49471
BFA,BFA.7.1_1,Kadiogo,Centre,2014,0.29281,0.12779,0.45315
BFA,BFA.7.1_1,Kadiogo,Centre,2015,0.33203,0.17177,0.46262
BFA,BFA.7.1_1,Kadiogo,Centre,2016,0.36338,0.21624,0.45596
BFA,BFA.7.1_1,Kadiogo,Centre,2017,0.36938,0.23287,0.45256
BFA,BFA.7.1_1,Kadiogo,Centre,2018,0.35042,0.21824,0.43457
BFA,BFA.7.1_1,Kadiogo,Centre,2019,0.33118,0.20231,0.41257
BFA,BFA.7.1_1,Kadiogo,Centre,2020,0.32711,0.19924,0.40486
BFA,BFA.7.1_1,Kadiogo,Centre,2021,0.33823,0.20667,0.41367
BFA,BFA.7.1_1,Kadiogo,Centre,2022,0.35499,0.22171,0.43298
BFA,BFA.7.1_1,Kadiogo,Centre,2023,0.3658,0.23546,0.44009
BFA,BFA.7.1_1,Kadiogo,Centre,2024,0.3603,0.2349,0.42636
BFA,BFA.7.1_1,Kadiogo,Centre,2025,0.34404,0.23269,0.39589
BFA,BFA.8.1_1,Gnagna,Est,2000,0.57406,0.5,0.61497
BFA,BFA.8.1_1,Gnagna,Est,2001,0.58034,0.50678,0.61608
BFA,BFA.8.1_1,Gnagna,Est,2002,0.58009,0.50555,0.61595
BFA,BFA.8.1_1,Gnagna,Est,2003,0.57763,0.49919,0.6146
BFA,BFA.8.1_1,Gnagna,Est,2004,0.56481,0.49069,0.60462
BFA,BFA.8.1_1,Gnagna,Est,2005,0.56131,0.48935,0.59715
BFA,BFA.8.1_1,Gnagna,Est,2006,0.56747,0.49074,0.59678
BFA,BFA.8.1_1,Gnagna,Est,2007,0.57726,0.49663,0.60465
BFA,BFA.8.1_1,Gnagna,Est,2008,0.59859,0.52191,0.6172
BFA,BFA.8.1_1,Gnagna,Est,2009,0.61637,0.56576,0.62181
BFA,BFA.8.1_1,Gnagna,Est,2010,0.61697,0.58989,0.61996
BFA,BFA.8.1_1,Gnagna,Est,2011,0.61483,0.57607,0.61961
BFA,BFA.8.1_1,Gnagna,Est,2012,0.60822,0.53795,0.61733
BFA,BFA.8.1_1,Gnagna,Est,2013,0.57792,0.47093,0.60929
BFA,BFA.8.1_1,Gnagna,Est,2014,0.54134,0.42365,0.59947
BFA,BFA.8.1_1,Gnagna,Est,2015,0.52482,0.4034,0.5824
BFA,BFA.8.1_1,Gnagna,Est,2016,0.49093,0.38859,0.54422
BFA,BFA.8.1_1,Gnagna,Est,2017,0.47399,0.37751,0.52506
BFA,BFA.8.1_1,Gnagna,Est,2018,0.46567,0.36479,0.5202
BFA,BFA.8.1_1,Gnagna,Est,2019,0.45342,0.34744,0.51562
BFA,BFA.8.1_1,Gnagna,Est,2020,0.44254,0.33337,0.51074
BFA,BFA.8.1_1,Gnagna,Est,2021,0.43133,0.31639,0.50631
BFA,BFA.8.1_1,Gnagna,Est,2022,0.40907,0.30343,0.4767
BFA,BFA.8.1_1,Gnagna,Est,2023,0.39225,0.29647,0.45207
BFA,BFA.8.1_1,Gnagna,Est,2024,0.36124,0.27893,0.4128
BFA,BFA.8.1_1,Gnagna,Est,2025,0.32862,0.26393,0.36948
BFA,BFA.8.2_1,Gourma,Est,2000,0.53554,0.47235,0.58266
BFA,BFA.8.2_1,Gourma,Est,2001,0.53504,0.47169,0.57991
BFA,BFA.8.2_1,Gourma,Est,2002,0.53783,0.47268,0.57377
BFA,BFA.8.2_1,Gourma,Est,2003,0.54816,0.48042,0.57942
BFA,BFA.8.2_1,Gourma,Est,2004,0.55427,0.4862,0.58886
BFA,BFA.8.2_1,Gourma,Est,2005,0.56264,0.48839,0.59579
BFA,BFA.8.2_1,Gourma,Est,2006,0.56865,0.48477,0.59932
BFA,BFA.8.2_1,Gourma,Est,2007,0.57229,0.48767,0.60434
BFA,BFA.8.2_1,Gourma,Est,2008,0.58795,0.51273,0.61012
BFA,BFA.8.2_1,Gourma,Est,2009,0.60758,0.5538,0.61752
BFA,BFA.8.2_1,Gourma,Est,2010,0.61063,0.56984,0.61631
BFA,BFA.8.2_1,Gourma,Est,2011,0.60827,0.5638,0.61448
BFA,BFA.8.2_1,Gourma,Est,2012,0.60316,0.55693,0.61137
BFA,BFA.8.2_1,Gourma,Est,2013,0.5866,0.52336,0.60286
BFA,BFA.8.2_1,Gourma,Est,2014,0.56889,0.48693,0.59768
BFA,BFA.8.2_1,Gourma,Est,2015,0.55859,0.46181,0.58776
BFA,BFA.8.2_1,Gourma,Est,2016,0.52829,0.41655,0.56849
BFA,BFA.8.2_1,Gourma,Est,2017,0.5043,0.37625,0.55397
BFA,BFA.8.2_1,Gourma,Est,2018,0.48087,0.33391,0.54353
BFA,BFA.8.2_1,Gourma,Est,2019,0.45197,0.29537,0.52876
BFA,BFA.8.2_1,Gourma,Est,2020,0.42635,0.26022,0.51317
BFA,BFA.8.2_1,Gourma,Est,2021,0.39869,0.23376,0.4905
BFA,BFA.8.2_1,Gourma,Est,2022,0.36872,0.21797,0.46076
BFA,BFA.8.2_1,Gourma,Est,2023,0.34956,0.21566,0.4341
BFA,BFA.8.2_1,Gourma,Est,2024,0.32351,0.21212,0.38969
BFA,BFA.8.2_1,Gourma,Est,2025,0.3012,0.21786,0.34179
BFA,BFA.8.3_1,Komandjoari,Est,2000,0.52499,0.38621,0.58183
BFA,BFA.8.3_1,Komandjoari,Est,2001,0.52634,0.39873,0.57961
BFA,BFA.8.3_1,Komandjoari,Est,2002,0.52938,0.41822,0.57918
BFA,BFA.8.3_1,Komandjoari,Est,2003,0.53726,0.45599,0.58202
BFA,BFA.8.3_1,Komandjoari,Est,2004,0.53504,0.48071,0.57388
BFA,BFA.8.3_1,Komandjoari,Est,2005,0.53835,0.48486,0.57362
BFA,BFA.8.3_1,Komandjoari,Est,2006,0.53954,0.46372,0.57942
BFA,BFA.8.3_1,Komandjoari,Est,2007,0.53907,0.44,0.58777
BFA,BFA.8.3_1,Komandjoari,Est,2008,0.55507,0.44559,0.60306
BFA,BFA.8.3_1,Komandjoari,Est,2009,0.58021,0.45216,0.61761
BFA,BFA.8.3_1,Komandjoari,Est,2010,0.59324,0.48031,0.61714
BFA,BFA.8.3_1,Komandjoari,Est,2011,0.58826,0.48393,0.61514
BFA,BFA.8.3_1,Komandjoari,Est,2012,0.57758,0.46862,0.6101
BFA,BFA.8.3_1,Komandjoari,Est,2013,0.54585,0.44666,0.59571
BFA,BFA.8.3_1,Komandjoari,Est,2014,0.52696,0.43967,0.57929
BFA,BFA.8.3_1,Komandjoari,Est,2015,0.52238,0.42992,0.56994
BFA,BFA.8.3_1,Komandjoari,Est,2016,0.4969,0.4116,0.53944
BFA,BFA.8.3_1,Komandjoari,Est,2017,0.48545,0.40164,0.52366
BFA,BFA.8.3_1,Komandjoari,Est,2018,0.48328,0.38858,0.52282
BFA,BFA.8.3_1,Komandjoari,Est,2019,0.47729,0.38106,0.52268
BFA,BFA.8.3_1,Komandjoari,Est,2020,0.46803,0.36065,0.51723
BFA,BFA.8.3_1,Komandjoari,Est,2021,0.45478,0.3412,0.5021
BFA,BFA.8.3_1,Komandjoari,Est,2022,0.42642,0.32042,0.47156
BFA,BFA.8.3_1,Komandjoari,Est,2023,0.40018,0.30055,0.44234
BFA,BFA.8.3_1,Komandjoari,Est,2024,0.35578,0.30484,0.39573
BFA,BFA.8.3_1,Komandjoari,Est,2025,0.30933,0.27238,0.34433
BFA,BFA.8.4_1,Kompienga,Est,2000,0.50756,0.36907,0.54342
BFA,BFA.8.4_1,Kompienga,Est,2001,0.50985,0.4127,0.54724
BFA,BFA.8.4_1,Kompienga,Est,2002,0.52972,0.45649,0.57399
BFA,BFA.8.4_1,Kompienga,Est,2003,0.56702,0.50923,0.60798
BFA,BFA.8.4_1,Kompienga,Est,2004,0.58714,0.54547,0.6137
BFA,BFA.8.4_1,Kompienga,Est,2005,0.59441,0.56121,0.61105
BFA,BFA.8.4_1,Kompienga,Est,2006,0.60025,0.56939,0.61135
BFA,BFA.8.4_1,Kompienga,Est,2007,0.60088,0.5689,0.60973
BFA,BFA.8.4_1,Kompienga,Est,2008,0.60532,0.57663,0.61199
BFA,BFA.8.4_1,Kompienga,Est,2009,0.61012,0.58738,0.61366
BFA,BFA.8.4_1,Kompienga,Est,2010,0.6096,0.59415,0.61246
BFA,BFA.8.4_1,Kompienga,Est,2011,0.60734,0.58284,0.61138
BFA,BFA.8.4_1,Kompienga,Est,2012,0.5982,0.51286,0.60671
BFA,BFA.8.4_1,Kompienga,Est,2013,0.55137,0.39371,0.59777
BFA,BFA.8.4_1,Kompienga,Est,2014,0.52598,0.37511,0.59091
BFA,BFA.8.4_1,Kompienga,Est,2015,0.55137,0.45449,0.58738
BFA,BFA.8.4_1,Kompienga,Est,2016,0.56356,0.50551,0.59306
BFA,BFA.8.4_1,Kompienga,Est,2017,0.55943,0.50906,0.59495
BFA,BFA.8.4_1,Kompienga,Est,2018,0.54113,0.46763,0.59059
BFA,BFA.8.4_1,Kompienga,Est,2019,0.50713,0.42174,0.56698
BFA,BFA.8.4_1,Kompienga,Est,2020,0.47139,0.37755,0.53738
BFA,BFA.8.4_1,Kompienga,Est,2021,0.43688,0.33718,0.5013
BFA,BFA.8.4_1,Kompienga,Est,2022,0.40385,0.30422,0.45957
BFA,BFA.8.4_1,Kompienga,Est,2023,0.37941,0.28849,0.43086
BFA,BFA.8.4_1,Kompienga,Est,2024,0.34359,0.27036,0.39019
BFA,BFA.8.4_1,Kompienga,Est,2025,0.31314,0.26004,0.35784
BFA,BFA.8.5_1,Tapoa,Est,2000,0.48738,0.3121,0.53615
BFA,BFA.8.5_1,Tapoa,Est,2001,0.48667,0.32366,0.5349
BFA,BFA.8.5_1,Tapoa,Est,2002,0.50049,0.35058,0.54816
BFA,BFA.8.5_1,Tapoa,Est,2003,0.52905,0.4072,0.56834
BFA,BFA.8.5_1,Tapoa,Est,2004,0.55107,0.46036,0.58349
BFA,BFA.8.5_1,Tapoa,Est,2005,0.56606,0.47674,0.59486
BFA,BFA.8.5_1,Tapoa,Est,2006,0.57496,0.4404,0.60405
BFA,BFA.8.5_1,Tapoa,Est,2007,0.5771,0.4113,0.60469
BFA,BFA.8.5_1,Tapoa,Est,2008,0.58819,0.41423,0.61098
BFA,BFA.8.5_1,Tapoa,Est,2009,0.60509,0.43956,0.61682
BFA,BFA.8.5_1,Tapoa,Est,2010,0.60932,0.48197,0.6206
BFA,BFA.8.5_1,Tapoa,Est,2011,0.6062,0.49516,0.62469
BFA,BFA.8.5_1,Tapoa,Est,2012,0.59552,0.48458,0.62228
BFA,BFA.8.5_1,Tapoa,Est,2013,0.55328,0.41485,0.60286
BFA,BFA.8.5_1,Tapoa,Est,2014,0.51675,0.37811,0.59329
BFA,BFA.8.5_1,Tapoa,Est,2015,0.51452,0.37945,0.58513
BFA,BFA.8.5_1,Tapoa,Est,2016,0.50734,0.40482,0.57053
BFA,BFA.8.5_1,Tapoa,Est,2017,0.50601,0.39684,0.56295
BFA,BFA.8.5_1,Tapoa,Est,2018,0.50712,0.40578,0.55676
BFA,BFA.8.5_1,Tapoa,Est,2019,0.50222,0.42206,0.55794
BFA,BFA.8.5_1,Tapoa,Est,2020,0.49133,0.39013,0.55046
BFA,BFA.8.5_1,Tapoa,Est,2021,0.47147,0.3624,0.54053
BFA,BFA.8.5_1,Tapoa,Est,2022,0.44114,0.3288,0.5009
BFA,BFA.8.5_1,Tapoa,Est,2023,0.41528,0.30121,0.4706
BFA,BFA.8.5_1,Tapoa,Est,2024,0.37462,0.27941,0.44796
BFA,BFA.8.5_1,Tapoa,Est,2025,0.32712,0.24387,0.43608
BFA,BFA.9.1_1,Houet,Haut-Bassins,2000,0.60954,0.59501,0.6154
BFA,BFA.9.1_1,Houet,Haut-Bassins,2001,0.61334,0.60571,0.61569
BFA,BFA.9.1_1,Houet,Haut-Bassins,2002,0.61268,0.60328,0.61624
BFA,BFA.9.1_1,Houet,Haut-Bassins,2003,0.61195,0.59591,0.61563
BFA,BFA.9.1_1,Houet,Haut-Bassins,2004,0.60132,0.57006,0.61241
BFA,BFA.9.1_1,Houet,Haut-Bassins,2005,0.58174,0.51878,0.60454
BFA,BFA.9.1_1,Houet,Haut-Bassins,2006,0.56692,0.46457,0.59197
BFA,BFA.9.1_1,Houet,Haut-Bassins,2007,0.5518,0.41461,0.59555
BFA,BFA.9.1_1,Houet,Haut-Bassins,2008,0.55076,0.38228,0.60229
BFA,BFA.9.1_1,Houet,Haut-Bassins,2009,0.56267,0.35263,0.61312
BFA,BFA.9.1_1,Houet,Haut-Bassins,2010,0.56619,0.32994,0.61244
BFA,BFA.9.1_1,Houet,Haut-Bassins,2011,0.55685,0.30751,0.61138
BFA,BFA.9.1_1,Houet,Haut-Bassins,2012,0.54657,0.29359,0.60906
BFA,BFA.9.1_1,Houet,Haut-Bassins,2013,0.50456,0.2535,0.60499
BFA,BFA.9.1_1,Houet,Haut-Bassins,2014,0.44556,0.21625,0.60268
BFA,BFA.9.1_1,Houet,Haut-Bassins,2015,0.39495,0.19079,0.59061
BFA,BFA.9.1_1,Houet,Haut-Bassins,2016,0.33054,0.16259,0.53651
BFA,BFA.9.1_1,Houet,Haut-Bassins,2017,0.28963,0.15135,0.4495
BFA,BFA.9.1_1,Houet,Haut-Bassins,2018,0.26755,0.15358,0.35562
BFA,BFA.9.1_1,Houet,Haut-Bassins,2019,0.26409,0.16725,0.32713
BFA,BFA.9.1_1,Houet,Haut-Bassins,2020,0.27362,0.18718,0.33933
BFA,BFA.9.1_1,Houet,Haut-Bassins,2021,0.29708,0.2144,0.37093
BFA,BFA.9.1_1,Houet,Haut-Bassins,2022,0.32696,0.24471,0.40203
BFA,BFA.9.1_1,Houet,Haut-Bassins,2023,0.35425,0.27222,0.42761
BFA,BFA.9.1_1,Houet,Haut-Bassins,2024,0.36238,0.28379,0.42652
BFA,BFA.9.1_1,Houet,Haut-Bassins,2025,0.36679,0.29291,0.42333
BFA,BFA.9.2_1,Kénédougou,Haut-Bassins,2000,0.59758,0.54217,0.61213
BFA,BFA.9.2_1,Kénédougou,Haut-Bassins,2001,0.6093,0.57623,0.61628
BFA,BFA.9.2_1,Kénédougou,Haut-Bassins,2002,0.61008,0.58818,0.61567
BFA,BFA.9.2_1,Kénédougou,Haut-Bassins,2003,0.608,0.58361,0.61508
BFA,BFA.9.2_1,Kénédougou,Haut-Bassins,2004,0.59747,0.56612,0.61294
BFA,BFA.9.2_1,Kénédougou,Haut-Bassins,2005,0.58431,0.55737,0.60496
BFA,BFA.9.2_1,Kénédougou,Haut-Bassins,2006,0.57078,0.54169,0.59375
BFA,BFA.9.2_1,Kénédougou,Haut-Bassins,2007,0.5554,0.51983,0.5821
BFA,BFA.9.2_1,Kénédougou,Haut-Bassins,2008,0.5622,0.51797,0.59302
BFA,BFA.9.2_1,Kénédougou,Haut-Bassins,2009,0.5916,0.53231,0.61095
BFA,BFA.9.2_1,Kénédougou,Haut-Bassins,2010,0.6039,0.55034,0.61228
BFA,BFA.9.2_1,Kénédougou,Haut-Bassins,2011,0.60438,0.55071,0.61122
BFA,BFA.9.2_1,Kénédougou,Haut-Bassins,2012,0.6033,0.55727,0.6089
BFA,BFA.9.2_1,Kénédougou,Haut-Bassins,2013,0.59526,0.53803,0.60525
BFA,BFA.9.2_1,Kénédougou,Haut-Bassins,2014,0.57871,0.48439,0.60339
BFA,BFA.9.2_1,Kénédougou,Haut-Bassins,2015,0.53149,0.39953,0.59214
BFA,BFA.9.2_1,Kénédougou,Haut-Bassins,2016,0.42585,0.30501,0.51553
BFA,BFA.9.2_1,Kénédougou,Haut-Bassins,2017,0.34435,0.25319,0.4185
BFA,BFA.9.2_1,Kénédougou,Haut-Bassins,2018,0.28959,0.22852,0.33513
BFA,BFA.9.2_1,Kénédougou,Haut-Bassins,2019,0.26225,0.2135,0.31238
BFA,BFA.9.2_1,Kénédougou,Haut-Bassins,2020,0.25271,0.18799,0.2998
BFA,BFA.9.2_1,Kénédougou,Haut-Bassins,2021,0.26045,0.18381,0.30688
BFA,BFA.9.2_1,Kénédougou,Haut-Bassins,2022,0.28109,0.21572,0.33349
BFA,BFA.9.2_1,Kénédougou,Haut-Bassins,2023,0.30686,0.25219,0.35994
BFA,BFA.9.2_1,Kénédougou,Haut-Bassins,2024,0.32638,0.28007,0.37943
BFA,BFA.9.2_1,Kénédougou,Haut-Bassins,2025,0.34699,0.29581,0.40145
BFA,BFA.9.3_1,Tuy,Haut-Bassins,2000,0.61371,0.60082,0.61688
BFA,BFA.9.3_1,Tuy,Haut-Bassins,2001,0.61476,0.60304,0.61683
BFA,BFA.9.3_1,Tuy,Haut-Bassins,2002,0.61209,0.5988,0.61504
BFA,BFA.9.3_1,Tuy,Haut-Bassins,2003,0.60624,0.58229,0.61356
BFA,BFA.9.3_1,Tuy,Haut-Bassins,2004,0.58382,0.55216,0.60188
BFA,BFA.9.3_1,Tuy,Haut-Bassins,2005,0.57005,0.54413,0.58829
BFA,BFA.9.3_1,Tuy,Haut-Bassins,2006,0.57862,0.54941,0.59934
BFA,BFA.9.3_1,Tuy,Haut-Bassins,2007,0.587,0.55814,0.60293
BFA,BFA.9.3_1,Tuy,Haut-Bassins,2008,0.59631,0.57511,0.60647
BFA,BFA.9.3_1,Tuy,Haut-Bassins,2009,0.60758,0.60054,0.6124
BFA,BFA.9.3_1,Tuy,Haut-Bassins,2010,0.60895,0.60645,0.61126
BFA,BFA.9.3_1,Tuy,Haut-Bassins,2011,0.60723,0.60383,0.61021
BFA,BFA.9.3_1,Tuy,Haut-Bassins,2012,0.6028,0.58168,0.60737
BFA,BFA.9.3_1,Tuy,Haut-Bassins,2013,0.56337,0.482,0.59998
BFA,BFA.9.3_1,Tuy,Haut-Bassins,2014,0.48547,0.37772,0.57913
BFA,BFA.9.3_1,Tuy,Haut-Bassins,2015,0.42973,0.31725,0.545
BFA,BFA.9.3_1,Tuy,Haut-Bassins,2016,0.36649,0.265,0.47407
BFA,BFA.9.3_1,Tuy,Haut-Bassins,2017,0.32147,0.23788,0.41076
BFA,BFA.9.3_1,Tuy,Haut-Bassins,2018,0.28722,0.22756,0.34765
BFA,BFA.9.3_1,Tuy,Haut-Bassins,2019,0.27046,0.22961,0.31621
BFA,BFA.9.3_1,Tuy,Haut-Bassins,2020,0.26738,0.23291,0.32449
BFA,BFA.9.3_1,Tuy,Haut-Bassins,2021,0.27868,0.23766,0.35191
BFA,BFA.9.3_1,Tuy,Haut-Bassins,2022,0.30269,0.25796,0.3831
BFA,BFA.9.3_1,Tuy,Haut-Bassins,2023,0.32934,0.28658,0.40048
BFA,BFA.9.3_1,Tuy,Haut-Bassins,2024,0.34365,0.30674,0.40017
BFA,BFA.9.3_1,Tuy,Haut-Bassins,2025,0.35576,0.32402,0.39858
GHA,GHA1.1_2,AsunafoNorth,Ahafo,2000,0.50664,0.44411,0.52531
GHA,GHA1.1_2,AsunafoNorth,Ahafo,2001,0.50582,0.44592,0.52329
GHA,GHA1.1_2,AsunafoNorth,Ahafo,2002,0.50402,0.44062,0.52187
GHA,GHA1.1_2,AsunafoNorth,Ahafo,2003,0.50128,0.42093,0.52011
GHA,GHA1.1_2,AsunafoNorth,Ahafo,2004,0.49175,0.3947,0.51803
GHA,GHA1.1_2,AsunafoNorth,Ahafo,2005,0.47611,0.36072,0.51362
GHA,GHA1.1_2,AsunafoNorth,Ahafo,2006,0.44353,0.31232,0.49953
GHA,GHA1.1_2,AsunafoNorth,Ahafo,2007,0.40484,0.28107,0.47282
GHA,GHA1.1_2,AsunafoNorth,Ahafo,2008,0.40986,0.28882,0.47649
GHA,GHA1.1_2,AsunafoNorth,Ahafo,2009,0.46159,0.3392,0.50578
GHA,GHA1.1_2,AsunafoNorth,Ahafo,2010,0.49325,0.40286,0.50666
GHA,GHA1.1_2,AsunafoNorth,Ahafo,2011,0.49804,0.43097,0.50485
GHA,GHA1.1_2,AsunafoNorth,Ahafo,2012,0.49466,0.4244,0.50294
GHA,GHA1.1_2,AsunafoNorth,Ahafo,2013,0.4788,0.39824,0.50085
GHA,GHA1.1_2,AsunafoNorth,Ahafo,2014,0.44907,0.36427,0.49516
GHA,GHA1.1_2,AsunafoNorth,Ahafo,2015,0.41515,0.33327,0.47695
GHA,GHA1.1_2,AsunafoNorth,Ahafo,2016,0.39553,0.3154,0.45694
GHA,GHA1.1_2,AsunafoNorth,Ahafo,2017,0.3871,0.30459,0.45097
GHA,GHA1.1_2,AsunafoNorth,Ahafo,2018,0.38116,0.29611,0.44641
GHA,GHA1.1_2,AsunafoNorth,Ahafo,2019,0.38242,0.29641,0.446
GHA,GHA1.1_2,AsunafoNorth,Ahafo,2020,0.36587,0.28201,0.43035
GHA,GHA1.1_2,AsunafoNorth,Ahafo,2021,0.31021,0.24012,0.3723
GHA,GHA1.1_2,AsunafoNorth,Ahafo,2022,0.25288,0.20542,0.30219
GHA,GHA1.1_2,AsunafoNorth,Ahafo,2023,0.22506,0.17224,0.26974
GHA,GHA1.1_2,AsunafoNorth,Ahafo,2024,0.22119,0.16778,0.2657
GHA,GHA1.1_2,AsunafoNorth,Ahafo,2025,0.21214,0.15914,0.2515
GHA,GHA1.2_2,AsunafoSouth,Ahafo,2000,0.49684,0.45765,0.5211
GHA,GHA1.2_2,AsunafoSouth,Ahafo,2001,0.4979,0.45656,0.52043
GHA,GHA1.2_2,AsunafoSouth,Ahafo,2002,0.49771,0.45525,0.51961
GHA,GHA1.2_2,AsunafoSouth,Ahafo,2003,0.4906,0.44093,0.517
GHA,GHA1.2_2,AsunafoSouth,Ahafo,2004,0.47355,0.41851,0.51078
GHA,GHA1.2_2,AsunafoSouth,Ahafo,2005,0.45257,0.38928,0.49954
GHA,GHA1.2_2,AsunafoSouth,Ahafo,2006,0.41547,0.34431,0.47923
GHA,GHA1.2_2,AsunafoSouth,Ahafo,2007,0.37448,0.31411,0.44518
GHA,GHA1.2_2,AsunafoSouth,Ahafo,2008,0.38208,0.32516,0.45057
GHA,GHA1.2_2,AsunafoSouth,Ahafo,2009,0.4446,0.38884,0.49757
GHA,GHA1.2_2,AsunafoSouth,Ahafo,2010,0.49207,0.45886,0.50644
GHA,GHA1.2_2,AsunafoSouth,Ahafo,2011,0.50045,0.48459,0.5043
GHA,GHA1.2_2,AsunafoSouth,Ahafo,2012,0.49753,0.47804,0.50246
GHA,GHA1.2_2,AsunafoSouth,Ahafo,2013,0.48353,0.44964,0.49983
GHA,GHA1.2_2,AsunafoSouth,Ahafo,2014,0.45821,0.41319,0.49063
GHA,GHA1.2_2,AsunafoSouth,Ahafo,2015,0.43248,0.37717,0.46736
GHA,GHA1.2_2,AsunafoSouth,Ahafo,2016,0.4185,0.35448,0.45277
GHA,GHA1.2_2,AsunafoSouth,Ahafo,2017,0.4067,0.34016,0.44164
GHA,GHA1.2_2,AsunafoSouth,Ahafo,2018,0.3906,0.32549,0.43175
GHA,GHA1.2_2,AsunafoSouth,Ahafo,2019,0.38184,0.32326,0.42636
GHA,GHA1.2_2,AsunafoSouth,Ahafo,2020,0.3632,0.30771,0.40919
GHA,GHA1.2_2,AsunafoSouth,Ahafo,2021,0.31167,0.26459,0.35078
GHA,GHA1.2_2,AsunafoSouth,Ahafo,2022,0.2596,0.22444,0.28897
GHA,GHA1.2_2,AsunafoSouth,Ahafo,2023,0.23191,0.19781,0.25736
GHA,GHA1.2_2,AsunafoSouth,Ahafo,2024,0.22361,0.19011,0.24879
GHA,GHA1.2_2,AsunafoSouth,Ahafo,2025,0.20914,0.1771,0.23291
GHA,GHA1.3_2,AsutifiNorth,Ahafo,2000,0.49567,0.44276,0.52051
GHA,GHA1.3_2,AsutifiNorth,Ahafo,2001,0.49271,0.43897,0.51875
GHA,GHA1.3_2,AsutifiNorth,Ahafo,2002,0.48769,0.42875,0.51708
GHA,GHA1.3_2,AsutifiNorth,Ahafo,2003,0.48152,0.40506,0.51681
GHA,GHA1.3_2,AsutifiNorth,Ahafo,2004,0.466,0.37522,0.51348
GHA,GHA1.3_2,AsutifiNorth,Ahafo,2005,0.44312,0.34377,0.50738
GHA,GHA1.3_2,AsutifiNorth,Ahafo,2006,0.40562,0.30506,0.48135
GHA,GHA1.3_2,AsutifiNorth,Ahafo,2007,0.37414,0.2881,0.44039
GHA,GHA1.3_2,AsutifiNorth,Ahafo,2008,0.37679,0.30368,0.43886
GHA,GHA1.3_2,AsutifiNorth,Ahafo,2009,0.42071,0.35813,0.47573
GHA,GHA1.3_2,AsutifiNorth,Ahafo,2010,0.46677,0.41182,0.50186
GHA,GHA1.3_2,AsutifiNorth,Ahafo,2011,0.48238,0.43649,0.50418
GHA,GHA1.3_2,AsutifiNorth,Ahafo,2012,0.4794,0.43963,0.50318
GHA,GHA1.3_2,AsutifiNorth,Ahafo,2013,0.4593,0.4096,0.49835
GHA,GHA1.3_2,AsutifiNorth,Ahafo,2014,0.42029,0.35906,0.48077
GHA,GHA1.3_2,AsutifiNorth,Ahafo,2015,0.36626,0.30125,0.43127
GHA,GHA1.3_2,AsutifiNorth,Ahafo,2016,0.3293,0.26494,0.38817
GHA,GHA1.3_2,AsutifiNorth,Ahafo,2017,0.31741,0.2512,0.37567
GHA,GHA1.3_2,AsutifiNorth,Ahafo,2018,0.32212,0.25288,0.38129
GHA,GHA1.3_2,AsutifiNorth,Ahafo,2019,0.34239,0.26867,0.40878
GHA,GHA1.3_2,AsutifiNorth,Ahafo,2020,0.33885,0.26482,0.41207
GHA,GHA1.3_2,AsutifiNorth,Ahafo,2021,0.2928,0.22855,0.36188
GHA,GHA1.3_2,AsutifiNorth,Ahafo,2022,0.24212,0.19821,0.29888
GHA,GHA1.3_2,AsutifiNorth,Ahafo,2023,0.21695,0.16826,0.27034
GHA,GHA1.3_2,AsutifiNorth,Ahafo,2024,0.21604,0.16517,0.27236
GHA,GHA1.3_2,AsutifiNorth,Ahafo,2025,0.20907,0.15922,0.2623
GHA,GHA1.4_2,AsutifiSouth,Ahafo,2000,0.4785,0.44687,0.4999
GHA,GHA1.4_2,AsutifiSouth,Ahafo,2001,0.47477,0.43993,0.49852
GHA,GHA1.4_2,AsutifiSouth,Ahafo,2002,0.4659,0.42884,0.49341
GHA,GHA1.4_2,AsutifiSouth,Ahafo,2003,0.4516,0.40253,0.48791
GHA,GHA1.4_2,AsutifiSouth,Ahafo,2004,0.43075,0.37065,0.47331
GHA,GHA1.4_2,AsutifiSouth,Ahafo,2005,0.40725,0.34495,0.45199
GHA,GHA1.4_2,AsutifiSouth,Ahafo,2006,0.37352,0.31111,0.41836
GHA,GHA1.4_2,AsutifiSouth,Ahafo,2007,0.35149,0.29387,0.38883
GHA,GHA1.4_2,AsutifiSouth,Ahafo,2008,0.36592,0.31025,0.40279
GHA,GHA1.4_2,AsutifiSouth,Ahafo,2009,0.42868,0.36908,0.46376
GHA,GHA1.4_2,AsutifiSouth,Ahafo,2010,0.48147,0.43753,0.49988
GHA,GHA1.4_2,AsutifiSouth,Ahafo,2011,0.49395,0.4673,0.50275
GHA,GHA1.4_2,AsutifiSouth,Ahafo,2012,0.49065,0.45739,0.50036
GHA,GHA1.4_2,AsutifiSouth,Ahafo,2013,0.47235,0.42269,0.49362
GHA,GHA1.4_2,AsutifiSouth,Ahafo,2014,0.43956,0.37461,0.47265
GHA,GHA1.4_2,AsutifiSouth,Ahafo,2015,0.39791,0.31938,0.4374
GHA,GHA1.4_2,AsutifiSouth,Ahafo,2016,0.36833,0.28213,0.40974
GHA,GHA1.4_2,AsutifiSouth,Ahafo,2017,0.3538,0.26638,0.40001
GHA,GHA1.4_2,AsutifiSouth,Ahafo,2018,0.34478,0.26838,0.39127
GHA,GHA1.4_2,AsutifiSouth,Ahafo,2019,0.34949,0.28332,0.39361
GHA,GHA1.4_2,AsutifiSouth,Ahafo,2020,0.3381,0.27434,0.3793
GHA,GHA1.4_2,AsutifiSouth,Ahafo,2021,0.29352,0.23734,0.33107
GHA,GHA1.4_2,AsutifiSouth,Ahafo,2022,0.24707,0.20921,0.27726
GHA,GHA1.4_2,AsutifiSouth,Ahafo,2023,0.22026,0.17707,0.24967
GHA,GHA1.4_2,AsutifiSouth,Ahafo,2024,0.21506,0.17328,0.24125
GHA,GHA1.4_2,AsutifiSouth,Ahafo,2025,0.20198,0.16516,0.22542
GHA,GHA1.5_2,TanoNorth,Ahafo,2000,0.4682,0.41755,0.49962
GHA,GHA1.5_2,TanoNorth,Ahafo,2001,0.46066,0.40668,0.49457
GHA,GHA1.5_2,TanoNorth,Ahafo,2002,0.4494,0.39166,0.48685
GHA,GHA1.5_2,TanoNorth,Ahafo,2003,0.42812,0.35915,0.48175
GHA,GHA1.5_2,TanoNorth,Ahafo,2004,0.39679,0.32369,0.46136
GHA,GHA1.5_2,TanoNorth,Ahafo,2005,0.37408,0.30244,0.43688
GHA,GHA1.5_2,TanoNorth,Ahafo,2006,0.35434,0.28774,0.41159
GHA,GHA1.5_2,TanoNorth,Ahafo,2007,0.34949,0.28952,0.39371
GHA,GHA1.5_2,TanoNorth,Ahafo,2008,0.36705,0.31093,0.40604
GHA,GHA1.5_2,TanoNorth,Ahafo,2009,0.41832,0.36044,0.45869
GHA,GHA1.5_2,TanoNorth,Ahafo,2010,0.46863,0.41758,0.49558
GHA,GHA1.5_2,TanoNorth,Ahafo,2011,0.48511,0.44595,0.49966
GHA,GHA1.5_2,TanoNorth,Ahafo,2012,0.48082,0.43537,0.49821
GHA,GHA1.5_2,TanoNorth,Ahafo,2013,0.45161,0.39921,0.47982
GHA,GHA1.5_2,TanoNorth,Ahafo,2014,0.39516,0.33562,0.43298
GHA,GHA1.5_2,TanoNorth,Ahafo,2015,0.31538,0.26114,0.35719
GHA,GHA1.5_2,TanoNorth,Ahafo,2016,0.26488,0.21542,0.30686
GHA,GHA1.5_2,TanoNorth,Ahafo,2017,0.25045,0.2014,0.28914
GHA,GHA1.5_2,TanoNorth,Ahafo,2018,0.26202,0.21183,0.29357
GHA,GHA1.5_2,TanoNorth,Ahafo,2019,0.29214,0.23744,0.33252
GHA,GHA1.5_2,TanoNorth,Ahafo,2020,0.29649,0.2399,0.34035
GHA,GHA1.5_2,TanoNorth,Ahafo,2021,0.2588,0.20923,0.29655
GHA,GHA1.5_2,TanoNorth,Ahafo,2022,0.22093,0.1871,0.2481
GHA,GHA1.5_2,TanoNorth,Ahafo,2023,0.19665,0.15604,0.22631
GHA,GHA1.5_2,TanoNorth,Ahafo,2024,0.19589,0.15383,0.22901
GHA,GHA1.5_2,TanoNorth,Ahafo,2025,0.19086,0.14998,0.22455
GHA,GHA1.6_2,TanoSouth,Ahafo,2000,0.45669,0.40377,0.48782
GHA,GHA1.6_2,TanoSouth,Ahafo,2001,0.44608,0.3874,0.48094
GHA,GHA1.6_2,TanoSouth,Ahafo,2002,0.43312,0.3775,0.46794
GHA,GHA1.6_2,TanoSouth,Ahafo,2003,0.40858,0.35211,0.45081
GHA,GHA1.6_2,TanoSouth,Ahafo,2004,0.37663,0.32092,0.4175
GHA,GHA1.6_2,TanoSouth,Ahafo,2005,0.35991,0.30402,0.40085
GHA,GHA1.6_2,TanoSouth,Ahafo,2006,0.35201,0.29336,0.39202
GHA,GHA1.6_2,TanoSouth,Ahafo,2007,0.35699,0.29886,0.39471
GHA,GHA1.6_2,TanoSouth,Ahafo,2008,0.37838,0.32222,0.41381
GHA,GHA1.6_2,TanoSouth,Ahafo,2009,0.42496,0.36922,0.46091
GHA,GHA1.6_2,TanoSouth,Ahafo,2010,0.47132,0.42657,0.49564
GHA,GHA1.6_2,TanoSouth,Ahafo,2011,0.48647,0.45153,0.50016
GHA,GHA1.6_2,TanoSouth,Ahafo,2012,0.48358,0.44341,0.49917
GHA,GHA1.6_2,TanoSouth,Ahafo,2013,0.45649,0.40842,0.48464
GHA,GHA1.6_2,TanoSouth,Ahafo,2014,0.39692,0.34462,0.43928
GHA,GHA1.6_2,TanoSouth,Ahafo,2015,0.30806,0.26708,0.3583
GHA,GHA1.6_2,TanoSouth,Ahafo,2016,0.25088,0.21638,0.29847
GHA,GHA1.6_2,TanoSouth,Ahafo,2017,0.23433,0.20094,0.27923
GHA,GHA1.6_2,TanoSouth,Ahafo,2018,0.2462,0.21058,0.28765
GHA,GHA1.6_2,TanoSouth,Ahafo,2019,0.27688,0.23702,0.31701
GHA,GHA1.6_2,TanoSouth,Ahafo,2020,0.28174,0.24055,0.3238
GHA,GHA1.6_2,TanoSouth,Ahafo,2021,0.24835,0.21223,0.28684
GHA,GHA1.6_2,TanoSouth,Ahafo,2022,0.21478,0.18896,0.24693
GHA,GHA1.6_2,TanoSouth,Ahafo,2023,0.18866,0.15721,0.22054
GHA,GHA1.6_2,TanoSouth,Ahafo,2024,0.18508,0.15356,0.21765
GHA,GHA1.6_2,TanoSouth,Ahafo,2025,0.17601,0.14621,0.20664
GHA,GHA10.1_2,Biakoye,Oti,2000,0.46601,0.44172,0.50379
GHA,GHA10.1_2,Biakoye,Oti,2001,0.42592,0.39375,0.48107
GHA,GHA10.1_2,Biakoye,Oti,2002,0.37207,0.33094,0.44929
GHA,GHA10.1_2,Biakoye,Oti,2003,0.28523,0.2353,0.38925
GHA,GHA10.1_2,Biakoye,Oti,2004,0.21992,0.17238,0.33373
GHA,GHA10.1_2,Biakoye,Oti,2005,0.20701,0.16026,0.32194
GHA,GHA10.1_2,Biakoye,Oti,2006,0.24083,0.19309,0.34974
GHA,GHA10.1_2,Biakoye,Oti,2007,0.29636,0.25234,0.38242
GHA,GHA10.1_2,Biakoye,Oti,2008,0.33365,0.2923,0.4055
GHA,GHA10.1_2,Biakoye,Oti,2009,0.35617,0.30802,0.41319
GHA,GHA10.1_2,Biakoye,Oti,2010,0.37331,0.31827,0.42037
GHA,GHA10.1_2,Biakoye,Oti,2011,0.39059,0.3299,0.44682
GHA,GHA10.1_2,Biakoye,Oti,2012,0.40308,0.33612,0.47297
GHA,GHA10.1_2,Biakoye,Oti,2013,0.39802,0.32903,0.48271
GHA,GHA10.1_2,Biakoye,Oti,2014,0.36428,0.29926,0.46732
GHA,GHA10.1_2,Biakoye,Oti,2015,0.31035,0.25542,0.42451
GHA,GHA10.1_2,Biakoye,Oti,2016,0.27582,0.22986,0.37411
GHA,GHA10.1_2,Biakoye,Oti,2017,0.27019,0.22383,0.35156
GHA,GHA10.1_2,Biakoye,Oti,2018,0.28555,0.24039,0.39209
GHA,GHA10.1_2,Biakoye,Oti,2019,0.3106,0.25875,0.43712
GHA,GHA10.1_2,Biakoye,Oti,2020,0.31203,0.25946,0.4427
GHA,GHA10.1_2,Biakoye,Oti,2021,0.27297,0.22592,0.41713
GHA,GHA10.1_2,Biakoye,Oti,2022,0.22988,0.19057,0.35434
GHA,GHA10.1_2,Biakoye,Oti,2023,0.21059,0.17621,0.31372
GHA,GHA10.1_2,Biakoye,Oti,2024,0.21577,0.18312,0.32709
GHA,GHA10.1_2,Biakoye,Oti,2025,0.21626,0.18797,0.30942
GHA,GHA10.2_2,Jasikan,Oti,2000,0.48683,0.46028,0.51005
GHA,GHA10.2_2,Jasikan,Oti,2001,0.45133,0.41788,0.48173
GHA,GHA10.2_2,Jasikan,Oti,2002,0.4044,0.35922,0.44315
GHA,GHA10.2_2,Jasikan,Oti,2003,0.32088,0.26751,0.37087
GHA,GHA10.2_2,Jasikan,Oti,2004,0.25444,0.20246,0.30207
GHA,GHA10.2_2,Jasikan,Oti,2005,0.24455,0.19187,0.29241
GHA,GHA10.2_2,Jasikan,Oti,2006,0.28559,0.22968,0.33588
GHA,GHA10.2_2,Jasikan,Oti,2007,0.34087,0.28814,0.3868
GHA,GHA10.2_2,Jasikan,Oti,2008,0.36577,0.31647,0.40833
GHA,GHA10.2_2,Jasikan,Oti,2009,0.3673,0.31886,0.41095
GHA,GHA10.2_2,Jasikan,Oti,2010,0.36094,0.30821,0.4065
GHA,GHA10.2_2,Jasikan,Oti,2011,0.36298,0.28898,0.41964
GHA,GHA10.2_2,Jasikan,Oti,2012,0.36757,0.29006,0.4312
GHA,GHA10.2_2,Jasikan,Oti,2013,0.36703,0.30454,0.42632
GHA,GHA10.2_2,Jasikan,Oti,2014,0.34824,0.29277,0.39519
GHA,GHA10.2_2,Jasikan,Oti,2015,0.32227,0.26413,0.37429
GHA,GHA10.2_2,Jasikan,Oti,2016,0.31396,0.25291,0.37562
GHA,GHA10.2_2,Jasikan,Oti,2017,0.31643,0.2546,0.38321
GHA,GHA10.2_2,Jasikan,Oti,2018,0.31743,0.25932,0.38345
GHA,GHA10.2_2,Jasikan,Oti,2019,0.32146,0.26609,0.383
GHA,GHA10.2_2,Jasikan,Oti,2020,0.30302,0.2502,0.36159
GHA,GHA10.2_2,Jasikan,Oti,2021,0.25064,0.20641,0.30262
GHA,GHA10.2_2,Jasikan,Oti,2022,0.20646,0.16724,0.25039
GHA,GHA10.2_2,Jasikan,Oti,2023,0.19163,0.1556,0.2375
GHA,GHA10.2_2,Jasikan,Oti,2024,0.20381,0.16754,0.25106
GHA,GHA10.2_2,Jasikan,Oti,2025,0.2164,0.17414,0.26272
GHA,GHA10.3_2,Kadjebi,Oti,2000,0.51157,0.47167,0.52295
GHA,GHA10.3_2,Kadjebi,Oti,2001,0.49174,0.43652,0.51154
GHA,GHA10.3_2,Kadjebi,Oti,2002,0.46656,0.39017,0.49369
GHA,GHA10.3_2,Kadjebi,Oti,2003,0.41955,0.3105,0.45971
GHA,GHA10.3_2,Kadjebi,Oti,2004,0.37056,0.24615,0.42301
GHA,GHA10.3_2,Kadjebi,Oti,2005,0.36246,0.23637,0.41643
GHA,GHA10.3_2,Kadjebi,Oti,2006,0.38799,0.27286,0.43025
GHA,GHA10.3_2,Kadjebi,Oti,2007,0.41431,0.32134,0.44187
GHA,GHA10.3_2,Kadjebi,Oti,2008,0.42596,0.34568,0.44969
GHA,GHA10.3_2,Kadjebi,Oti,2009,0.42275,0.34727,0.45441
GHA,GHA10.3_2,Kadjebi,Oti,2010,0.41463,0.33904,0.4525
GHA,GHA10.3_2,Kadjebi,Oti,2011,0.42068,0.34402,0.46219
GHA,GHA10.3_2,Kadjebi,Oti,2012,0.43821,0.35193,0.47466
GHA,GHA10.3_2,Kadjebi,Oti,2013,0.44771,0.35508,0.48195
GHA,GHA10.3_2,Kadjebi,Oti,2014,0.43537,0.33228,0.47789
GHA,GHA10.3_2,Kadjebi,Oti,2015,0.40551,0.30035,0.45432
GHA,GHA10.3_2,Kadjebi,Oti,2016,0.38468,0.2824,0.43246
GHA,GHA10.3_2,Kadjebi,Oti,2017,0.37728,0.2825,0.41756
GHA,GHA10.3_2,Kadjebi,Oti,2018,0.37006,0.28502,0.40205
GHA,GHA10.3_2,Kadjebi,Oti,2019,0.36265,0.28777,0.38996
GHA,GHA10.3_2,Kadjebi,Oti,2020,0.33595,0.27148,0.37292
GHA,GHA10.3_2,Kadjebi,Oti,2021,0.26695,0.21838,0.30795
GHA,GHA10.3_2,Kadjebi,Oti,2022,0.20968,0.17415,0.24709
GHA,GHA10.3_2,Kadjebi,Oti,2023,0.19193,0.16081,0.22719
GHA,GHA10.3_2,Kadjebi,Oti,2024,0.20805,0.17356,0.24248
GHA,GHA10.3_2,Kadjebi,Oti,2025,0.22646,0.18959,0.25419
GHA,GHA10.4_2,KrachiEast,Oti,2000,0.49588,0.4518,0.52553
GHA,GHA10.4_2,KrachiEast,Oti,2001,0.47855,0.41286,0.52038
GHA,GHA10.4_2,KrachiEast,Oti,2002,0.45063,0.35806,0.51511
GHA,GHA10.4_2,KrachiEast,Oti,2003,0.39658,0.27192,0.49274
GHA,GHA10.4_2,KrachiEast,Oti,2004,0.34315,0.20241,0.45958
GHA,GHA10.4_2,KrachiEast,Oti,2005,0.32867,0.19223,0.44619
GHA,GHA10.4_2,KrachiEast,Oti,2006,0.34705,0.22096,0.44759
GHA,GHA10.4_2,KrachiEast,Oti,2007,0.37519,0.27541,0.44899
GHA,GHA10.4_2,KrachiEast,Oti,2008,0.39169,0.31034,0.45568
GHA,GHA10.4_2,KrachiEast,Oti,2009,0.40005,0.3369,0.45821
GHA,GHA10.4_2,KrachiEast,Oti,2010,0.40867,0.35391,0.46669
GHA,GHA10.4_2,KrachiEast,Oti,2011,0.43045,0.37496,0.49034
GHA,GHA10.4_2,KrachiEast,Oti,2012,0.45927,0.39201,0.5061
GHA,GHA10.4_2,KrachiEast,Oti,2013,0.46729,0.38754,0.5053
GHA,GHA10.4_2,KrachiEast,Oti,2014,0.44848,0.35074,0.50441
GHA,GHA10.4_2,KrachiEast,Oti,2015,0.40107,0.2925,0.49879
GHA,GHA10.4_2,KrachiEast,Oti,2016,0.35906,0.25431,0.48121
GHA,GHA10.4_2,KrachiEast,Oti,2017,0.34556,0.24462,0.46674
GHA,GHA10.4_2,KrachiEast,Oti,2018,0.35061,0.26536,0.46103
GHA,GHA10.4_2,KrachiEast,Oti,2019,0.3628,0.29254,0.46511
GHA,GHA10.4_2,KrachiEast,Oti,2020,0.34908,0.29139,0.4643
GHA,GHA10.4_2,KrachiEast,Oti,2021,0.28595,0.23226,0.42921
GHA,GHA10.4_2,KrachiEast,Oti,2022,0.22677,0.17788,0.35517
GHA,GHA10.4_2,KrachiEast,Oti,2023,0.20273,0.15951,0.3082
GHA,GHA10.4_2,KrachiEast,Oti,2024,0.21076,0.17094,0.3185
GHA,GHA10.4_2,KrachiEast,Oti,2025,0.21959,0.18688,0.30517
GHA,GHA10.5_2,KrachiNchumuru,Oti,2000,0.52093,0.49927,0.53191
GHA,GHA10.5_2,KrachiNchumuru,Oti,2001,0.5197,0.49716,0.5301
GHA,GHA10.5_2,KrachiNchumuru,Oti,2002,0.51307,0.48268,0.528
GHA,GHA10.5_2,KrachiNchumuru,Oti,2003,0.48825,0.44054,0.51945
GHA,GHA10.5_2,KrachiNchumuru,Oti,2004,0.44661,0.39262,0.492
GHA,GHA10.5_2,KrachiNchumuru,Oti,2005,0.42562,0.37166,0.47408
GHA,GHA10.5_2,KrachiNchumuru,Oti,2006,0.42607,0.37196,0.47508
GHA,GHA10.5_2,KrachiNchumuru,Oti,2007,0.43293,0.38691,0.47362
GHA,GHA10.5_2,KrachiNchumuru,Oti,2008,0.44076,0.3931,0.47901
GHA,GHA10.5_2,KrachiNchumuru,Oti,2009,0.45467,0.39048,0.49359
GHA,GHA10.5_2,KrachiNchumuru,Oti,2010,0.47539,0.3919,0.50872
GHA,GHA10.5_2,KrachiNchumuru,Oti,2011,0.4937,0.42126,0.50906
GHA,GHA10.5_2,KrachiNchumuru,Oti,2012,0.50348,0.47075,0.5072
GHA,GHA10.5_2,KrachiNchumuru,Oti,2013,0.50373,0.49232,0.50553
GHA,GHA10.5_2,KrachiNchumuru,Oti,2014,0.49941,0.48419,0.50467
GHA,GHA10.5_2,KrachiNchumuru,Oti,2015,0.47245,0.41108,0.50232
GHA,GHA10.5_2,KrachiNchumuru,Oti,2016,0.41032,0.31678,0.47445
GHA,GHA10.5_2,KrachiNchumuru,Oti,2017,0.37322,0.27699,0.43914
GHA,GHA10.5_2,KrachiNchumuru,Oti,2018,0.36522,0.27331,0.42608
GHA,GHA10.5_2,KrachiNchumuru,Oti,2019,0.37576,0.28773,0.43484
GHA,GHA10.5_2,KrachiNchumuru,Oti,2020,0.37263,0.28953,0.43469
GHA,GHA10.5_2,KrachiNchumuru,Oti,2021,0.3311,0.25937,0.4032
GHA,GHA10.5_2,KrachiNchumuru,Oti,2022,0.28059,0.21243,0.34822
GHA,GHA10.5_2,KrachiNchumuru,Oti,2023,0.25367,0.18859,0.31117
GHA,GHA10.5_2,KrachiNchumuru,Oti,2024,0.25953,0.19325,0.31847
GHA,GHA10.5_2,KrachiNchumuru,Oti,2025,0.25574,0.20054,0.30587
GHA,GHA10.6_2,KrachiWest,Oti,2000,0.5008,0.46848,0.53028
GHA,GHA10.6_2,KrachiWest,Oti,2001,0.49184,0.45144,0.52798
GHA,GHA10.6_2,KrachiWest,Oti,2002,0.4734,0.42176,0.52371
GHA,GHA10.6_2,KrachiWest,Oti,2003,0.43102,0.36172,0.50667
GHA,GHA10.6_2,KrachiWest,Oti,2004,0.3818,0.31158,0.47018
GHA,GHA10.6_2,KrachiWest,Oti,2005,0.36439,0.29474,0.44989
GHA,GHA10.6_2,KrachiWest,Oti,2006,0.37485,0.31212,0.44937
GHA,GHA10.6_2,KrachiWest,Oti,2007,0.39483,0.33952,0.455
GHA,GHA10.6_2,KrachiWest,Oti,2008,0.40712,0.35202,0.4656
GHA,GHA10.6_2,KrachiWest,Oti,2009,0.4195,0.35695,0.48008
GHA,GHA10.6_2,KrachiWest,Oti,2010,0.43543,0.36423,0.50091
GHA,GHA10.6_2,KrachiWest,Oti,2011,0.46079,0.39109,0.50783
GHA,GHA10.6_2,KrachiWest,Oti,2012,0.48707,0.43423,0.50672
GHA,GHA10.6_2,KrachiWest,Oti,2013,0.49241,0.45284,0.50506
GHA,GHA10.6_2,KrachiWest,Oti,2014,0.47964,0.42712,0.50388
GHA,GHA10.6_2,KrachiWest,Oti,2015,0.42965,0.36106,0.49712
GHA,GHA10.6_2,KrachiWest,Oti,2016,0.36569,0.30188,0.46147
GHA,GHA10.6_2,KrachiWest,Oti,2017,0.34182,0.28292,0.43425
GHA,GHA10.6_2,KrachiWest,Oti,2018,0.34874,0.29745,0.43429
GHA,GHA10.6_2,KrachiWest,Oti,2019,0.37047,0.31995,0.44277
GHA,GHA10.6_2,KrachiWest,Oti,2020,0.36552,0.30855,0.44048
GHA,GHA10.6_2,KrachiWest,Oti,2021,0.30826,0.24784,0.40226
GHA,GHA10.6_2,KrachiWest,Oti,2022,0.24719,0.19342,0.33882
GHA,GHA10.6_2,KrachiWest,Oti,2023,0.21833,0.16863,0.30264
GHA,GHA10.6_2,KrachiWest,Oti,2024,0.22261,0.17255,0.3115
GHA,GHA10.6_2,KrachiWest,Oti,2025,0.22452,0.18023,0.30144
GHA,GHA10.7_2,NkwantaNorth,Oti,2000,0.52374,0.51549,0.52809
GHA,GHA10.7_2,NkwantaNorth,Oti,2001,0.523,0.51351,0.52676
GHA,GHA10.7_2,NkwantaNorth,Oti,2002,0.52176,0.51421,0.52565
GHA,GHA10.7_2,NkwantaNorth,Oti,2003,0.51631,0.49247,0.52218
GHA,GHA10.7_2,NkwantaNorth,Oti,2004,0.49516,0.44946,0.51049
GHA,GHA10.7_2,NkwantaNorth,Oti,2005,0.48212,0.42781,0.50274
GHA,GHA10.7_2,NkwantaNorth,Oti,2006,0.48005,0.42817,0.49934
GHA,GHA10.7_2,NkwantaNorth,Oti,2007,0.4743,0.43117,0.49436
GHA,GHA10.7_2,NkwantaNorth,Oti,2008,0.47382,0.42906,0.49329
GHA,GHA10.7_2,NkwantaNorth,Oti,2009,0.47901,0.42847,0.50036
GHA,GHA10.7_2,NkwantaNorth,Oti,2010,0.49051,0.43826,0.50854
GHA,GHA10.7_2,NkwantaNorth,Oti,2011,0.50183,0.46056,0.51005
GHA,GHA10.7_2,NkwantaNorth,Oti,2012,0.50694,0.4886,0.50831
GHA,GHA10.7_2,NkwantaNorth,Oti,2013,0.50594,0.49997,0.50659
GHA,GHA10.7_2,NkwantaNorth,Oti,2014,0.50499,0.49994,0.50572
GHA,GHA10.7_2,NkwantaNorth,Oti,2015,0.50175,0.48371,0.50434
GHA,GHA10.7_2,NkwantaNorth,Oti,2016,0.48667,0.42538,0.50069
GHA,GHA10.7_2,NkwantaNorth,Oti,2017,0.46305,0.36792,0.4954
GHA,GHA10.7_2,NkwantaNorth,Oti,2018,0.42462,0.32817,0.47948
GHA,GHA10.7_2,NkwantaNorth,Oti,2019,0.38858,0.3044,0.44684
GHA,GHA10.7_2,NkwantaNorth,Oti,2020,0.36453,0.28009,0.42684
GHA,GHA10.7_2,NkwantaNorth,Oti,2021,0.32535,0.24292,0.39313
GHA,GHA10.7_2,NkwantaNorth,Oti,2022,0.2893,0.20508,0.3504
GHA,GHA10.7_2,NkwantaNorth,Oti,2023,0.27332,0.1914,0.3336
GHA,GHA10.7_2,NkwantaNorth,Oti,2024,0.28315,0.19934,0.33804
GHA,GHA10.7_2,NkwantaNorth,Oti,2025,0.2779,0.20917,0.32068
GHA,GHA10.8_2,NkwantaSouth,Oti,2000,0.51839,0.50098,0.52673
GHA,GHA10.8_2,NkwantaSouth,Oti,2001,0.5168,0.48471,0.53869
GHA,GHA10.8_2,NkwantaSouth,Oti,2002,0.50982,0.45729,0.53395
GHA,GHA10.8_2,NkwantaSouth,Oti,2003,0.48845,0.41767,0.51685
GHA,GHA10.8_2,NkwantaSouth,Oti,2004,0.45833,0.37605,0.4973
GHA,GHA10.8_2,NkwantaSouth,Oti,2005,0.44742,0.36552,0.48912
GHA,GHA10.8_2,NkwantaSouth,Oti,2006,0.44939,0.3843,0.48647
GHA,GHA10.8_2,NkwantaSouth,Oti,2007,0.44758,0.39963,0.47895
GHA,GHA10.8_2,NkwantaSouth,Oti,2008,0.44436,0.40096,0.47528
GHA,GHA10.8_2,NkwantaSouth,Oti,2009,0.43938,0.36482,0.4805
GHA,GHA10.8_2,NkwantaSouth,Oti,2010,0.43899,0.35313,0.492
GHA,GHA10.8_2,NkwantaSouth,Oti,2011,0.45816,0.35536,0.50395
GHA,GHA10.8_2,NkwantaSouth,Oti,2012,0.49054,0.38614,0.50769
GHA,GHA10.8_2,NkwantaSouth,Oti,2013,0.50142,0.42793,0.53965
GHA,GHA10.8_2,NkwantaSouth,Oti,2014,0.50029,0.42663,0.53594
GHA,GHA10.8_2,NkwantaSouth,Oti,2015,0.4894,0.39354,0.52502
GHA,GHA10.8_2,NkwantaSouth,Oti,2016,0.46756,0.37238,0.4993
GHA,GHA10.8_2,NkwantaSouth,Oti,2017,0.45151,0.34445,0.49223
GHA,GHA10.8_2,NkwantaSouth,Oti,2018,0.43398,0.3361,0.48005
GHA,GHA10.8_2,NkwantaSouth,Oti,2019,0.41399,0.32414,0.46056
GHA,GHA10.8_2,NkwantaSouth,Oti,2020,0.38592,0.28949,0.43911
GHA,GHA10.8_2,NkwantaSouth,Oti,2021,0.32043,0.23865,0.38839
GHA,GHA10.8_2,NkwantaSouth,Oti,2022,0.2589,0.19371,0.32508
GHA,GHA10.8_2,NkwantaSouth,Oti,2023,0.23548,0.16629,0.29756
GHA,GHA10.8_2,NkwantaSouth,Oti,2024,0.24684,0.17363,0.30924
GHA,GHA10.8_2,NkwantaSouth,Oti,2025,0.25485,0.17899,0.30389
GHA,GHA11.1_2,Bole,Savannah,2000,0.50361,0.44669,0.52752
GHA,GHA11.1_2,Bole,Savannah,2001,0.50074,0.43823,0.52573
GHA,GHA11.1_2,Bole,Savannah,2002,0.49652,0.42904,0.52372
GHA,GHA11.1_2,Bole,Savannah,2003,0.49216,0.42874,0.52109
GHA,GHA11.1_2,Bole,Savannah,2004,0.47819,0.42803,0.50918
GHA,GHA11.1_2,Bole,Savannah,2005,0.46873,0.42647,0.50451
GHA,GHA11.1_2,Bole,Savannah,2006,0.46763,0.41735,0.51095
GHA,GHA11.1_2,Bole,Savannah,2007,0.47033,0.40443,0.51618
GHA,GHA11.1_2,Bole,Savannah,2008,0.48699,0.42349,0.53176
GHA,GHA11.1_2,Bole,Savannah,2009,0.50765,0.47287,0.54458
GHA,GHA11.1_2,Bole,Savannah,2010,0.51095,0.50157,0.54553
GHA,GHA11.1_2,Bole,Savannah,2011,0.50943,0.50362,0.54637
GHA,GHA11.1_2,Bole,Savannah,2012,0.50695,0.49594,0.54534
GHA,GHA11.1_2,Bole,Savannah,2013,0.49392,0.45649,0.53878
GHA,GHA11.1_2,Bole,Savannah,2014,0.45403,0.35458,0.50844
GHA,GHA11.1_2,Bole,Savannah,2015,0.37128,0.24722,0.47555
GHA,GHA11.1_2,Bole,Savannah,2016,0.30242,0.18824,0.44214
GHA,GHA11.1_2,Bole,Savannah,2017,0.27682,0.17899,0.40797
GHA,GHA11.1_2,Bole,Savannah,2018,0.2906,0.20273,0.38895
GHA,GHA11.1_2,Bole,Savannah,2019,0.32969,0.23801,0.41602
GHA,GHA11.1_2,Bole,Savannah,2020,0.35294,0.2634,0.43241
GHA,GHA11.1_2,Bole,Savannah,2021,0.34035,0.2585,0.42756
GHA,GHA11.1_2,Bole,Savannah,2022,0.30823,0.24098,0.38576
GHA,GHA11.1_2,Bole,Savannah,2023,0.28036,0.2135,0.34268
GHA,GHA11.1_2,Bole,Savannah,2024,0.27101,0.20482,0.32432
GHA,GHA11.1_2,Bole,Savannah,2025,0.24886,0.19257,0.29017
GHA,GHA11.2_2,CentralGonja,Savannah,2000,0.51234,0.48686,0.52718
GHA,GHA11.2_2,CentralGonja,Savannah,2001,0.51275,0.48455,0.52682
GHA,GHA11.2_2,CentralGonja,Savannah,2002,0.50207,0.46468,0.52151
GHA,GHA11.2_2,CentralGonja,Savannah,2003,0.46422,0.38876,0.50069
GHA,GHA11.2_2,CentralGonja,Savannah,2004,0.41858,0.32721,0.48429
GHA,GHA11.2_2,CentralGonja,Savannah,2005,0.40201,0.30151,0.47264
GHA,GHA11.2_2,CentralGonja,Savannah,2006,0.40844,0.30102,0.47571
GHA,GHA11.2_2,CentralGonja,Savannah,2007,0.42723,0.32341,0.48541
GHA,GHA11.2_2,CentralGonja,Savannah,2008,0.45226,0.34908,0.50327
GHA,GHA11.2_2,CentralGonja,Savannah,2009,0.47992,0.36456,0.51376
GHA,GHA11.2_2,CentralGonja,Savannah,2010,0.4961,0.41206,0.51218
GHA,GHA11.2_2,CentralGonja,Savannah,2011,0.5008,0.41962,0.51073
GHA,GHA11.2_2,CentralGonja,Savannah,2012,0.49839,0.40848,0.50876
GHA,GHA11.2_2,CentralGonja,Savannah,2013,0.48274,0.36977,0.50522
GHA,GHA11.2_2,CentralGonja,Savannah,2014,0.43718,0.31701,0.47851
GHA,GHA11.2_2,CentralGonja,Savannah,2015,0.33798,0.2538,0.42304
GHA,GHA11.2_2,CentralGonja,Savannah,2016,0.25565,0.18093,0.34207
GHA,GHA11.2_2,CentralGonja,Savannah,2017,0.20926,0.14626,0.28169
GHA,GHA11.2_2,CentralGonja,Savannah,2018,0.18766,0.14084,0.27341
GHA,GHA11.2_2,CentralGonja,Savannah,2019,0.18861,0.13214,0.30169
GHA,GHA11.2_2,CentralGonja,Savannah,2020,0.19675,0.13446,0.32017
GHA,GHA11.2_2,CentralGonja,Savannah,2021,0.19433,0.13846,0.31213
GHA,GHA11.2_2,CentralGonja,Savannah,2022,0.19268,0.14368,0.29411
GHA,GHA11.2_2,CentralGonja,Savannah,2023,0.19174,0.14486,0.27547
GHA,GHA11.2_2,CentralGonja,Savannah,2024,0.20588,0.1599,0.27548
GHA,GHA11.2_2,CentralGonja,Savannah,2025,0.21202,0.16575,0.25814
GHA,GHA11.3_2,EastGonja,Savannah,2000,0.51795,0.49021,0.52677
GHA,GHA11.3_2,EastGonja,Savannah,2001,0.51251,0.48451,0.52217
GHA,GHA11.3_2,EastGonja,Savannah,2002,0.50309,0.47073,0.51429
GHA,GHA11.3_2,EastGonja,Savannah,2003,0.47943,0.42925,0.50144
GHA,GHA11.3_2,EastGonja,Savannah,2004,0.44655,0.37796,0.47801
GHA,GHA11.3_2,EastGonja,Savannah,2005,0.43777,0.35969,0.47417
GHA,GHA11.3_2,EastGonja,Savannah,2006,0.44987,0.36591,0.48927
GHA,GHA11.3_2,EastGonja,Savannah,2007,0.4644,0.38483,0.49866
GHA,GHA11.3_2,EastGonja,Savannah,2008,0.47898,0.40073,0.50685
GHA,GHA11.3_2,EastGonja,Savannah,2009,0.49518,0.42603,0.51152
GHA,GHA11.3_2,EastGonja,Savannah,2010,0.5028,0.45161,0.5103
GHA,GHA11.3_2,EastGonja,Savannah,2011,0.50395,0.46517,0.50885
GHA,GHA11.3_2,EastGonja,Savannah,2012,0.50201,0.46439,0.50698
GHA,GHA11.3_2,EastGonja,Savannah,2013,0.49119,0.44626,0.50397
GHA,GHA11.3_2,EastGonja,Savannah,2014,0.45428,0.39754,0.48576
GHA,GHA11.3_2,EastGonja,Savannah,2015,0.34665,0.30688,0.38278
GHA,GHA11.3_2,EastGonja,Savannah,2016,0.25914,0.22623,0.28565
GHA,GHA11.3_2,EastGonja,Savannah,2017,0.22586,0.18858,0.246
GHA,GHA11.3_2,EastGonja,Savannah,2018,0.2329,0.17251,0.26807
GHA,GHA11.3_2,EastGonja,Savannah,2019,0.26385,0.16451,0.33164
GHA,GHA11.3_2,EastGonja,Savannah,2020,0.28176,0.16469,0.36098
GHA,GHA11.3_2,EastGonja,Savannah,2021,0.26591,0.15725,0.33172
GHA,GHA11.3_2,EastGonja,Savannah,2022,0.23978,0.15283,0.28602
GHA,GHA11.3_2,EastGonja,Savannah,2023,0.22123,0.15046,0.25851
GHA,GHA11.3_2,EastGonja,Savannah,2024,0.22078,0.16308,0.25116
GHA,GHA11.3_2,EastGonja,Savannah,2025,0.21186,0.16971,0.23525
GHA,GHA11.4_2,NorthEastGonja,Savannah,2000,0.52325,0.49133,0.53191
GHA,GHA11.4_2,NorthEastGonja,Savannah,2001,0.52298,0.49435,0.53054
GHA,GHA11.4_2,NorthEastGonja,Savannah,2002,0.51675,0.46774,0.52867
GHA,GHA11.4_2,NorthEastGonja,Savannah,2003,0.49094,0.39199,0.52136
GHA,GHA11.4_2,NorthEastGonja,Savannah,2004,0.45225,0.32798,0.5028
GHA,GHA11.4_2,NorthEastGonja,Savannah,2005,0.43337,0.29919,0.48814
GHA,GHA11.4_2,NorthEastGonja,Savannah,2006,0.43225,0.3036,0.48598
GHA,GHA11.4_2,NorthEastGonja,Savannah,2007,0.4387,0.32423,0.48601
GHA,GHA11.4_2,NorthEastGonja,Savannah,2008,0.44935,0.34721,0.49067
GHA,GHA11.4_2,NorthEastGonja,Savannah,2009,0.47024,0.37048,0.50358
GHA,GHA11.4_2,NorthEastGonja,Savannah,2010,0.49094,0.3937,0.51203
GHA,GHA11.4_2,NorthEastGonja,Savannah,2011,0.49783,0.3945,0.511
GHA,GHA11.4_2,NorthEastGonja,Savannah,2012,0.49653,0.37932,0.50901
GHA,GHA11.4_2,NorthEastGonja,Savannah,2013,0.48846,0.35041,0.50658
GHA,GHA11.4_2,NorthEastGonja,Savannah,2014,0.47109,0.30778,0.50497
GHA,GHA11.4_2,NorthEastGonja,Savannah,2015,0.41913,0.25243,0.5007
GHA,GHA11.4_2,NorthEastGonja,Savannah,2016,0.34558,0.2065,0.45113
GHA,GHA11.4_2,NorthEastGonja,Savannah,2017,0.29067,0.17369,0.40346
GHA,GHA11.4_2,NorthEastGonja,Savannah,2018,0.25074,0.14216,0.38361
GHA,GHA11.4_2,NorthEastGonja,Savannah,2019,0.23445,0.12981,0.385
GHA,GHA11.4_2,NorthEastGonja,Savannah,2020,0.2289,0.12983,0.38448
GHA,GHA11.4_2,NorthEastGonja,Savannah,2021,0.21318,0.13044,0.35204
GHA,GHA11.4_2,NorthEastGonja,Savannah,2022,0.20263,0.13494,0.30981
GHA,GHA11.4_2,NorthEastGonja,Savannah,2023,0.20047,0.14384,0.28541
GHA,GHA11.4_2,NorthEastGonja,Savannah,2024,0.22005,0.16503,0.2933
GHA,GHA11.4_2,NorthEastGonja,Savannah,2025,0.23103,0.16759,0.28802
GHA,GHA11.5_2,NorthGonja,Savannah,2000,0.52006,0.50194,0.53005
GHA,GHA11.5_2,NorthGonja,Savannah,2001,0.51934,0.50544,0.52715
GHA,GHA11.5_2,NorthGonja,Savannah,2002,0.51089,0.49234,0.52073
GHA,GHA11.5_2,NorthGonja,Savannah,2003,0.48448,0.44457,0.50264
GHA,GHA11.5_2,NorthGonja,Savannah,2004,0.44289,0.38615,0.4798
GHA,GHA11.5_2,NorthGonja,Savannah,2005,0.42043,0.36001,0.46552
GHA,GHA11.5_2,NorthGonja,Savannah,2006,0.41697,0.35432,0.45858
GHA,GHA11.5_2,NorthGonja,Savannah,2007,0.42988,0.37127,0.46471
GHA,GHA11.5_2,NorthGonja,Savannah,2008,0.45775,0.4021,0.48974
GHA,GHA11.5_2,NorthGonja,Savannah,2009,0.49645,0.45129,0.51347
GHA,GHA11.5_2,NorthGonja,Savannah,2010,0.51033,0.49434,0.51509
GHA,GHA11.5_2,NorthGonja,Savannah,2011,0.50998,0.49788,0.513
GHA,GHA11.5_2,NorthGonja,Savannah,2012,0.50497,0.46871,0.51101
GHA,GHA11.5_2,NorthGonja,Savannah,2013,0.47529,0.40379,0.49952
GHA,GHA11.5_2,NorthGonja,Savannah,2014,0.41057,0.33203,0.46094
GHA,GHA11.5_2,NorthGonja,Savannah,2015,0.31629,0.25191,0.37232
GHA,GHA11.5_2,NorthGonja,Savannah,2016,0.24685,0.20137,0.28208
GHA,GHA11.5_2,NorthGonja,Savannah,2017,0.21181,0.18106,0.24013
GHA,GHA11.5_2,NorthGonja,Savannah,2018,0.19945,0.16078,0.2294
GHA,GHA11.5_2,NorthGonja,Savannah,2019,0.21076,0.15678,0.25187
GHA,GHA11.5_2,NorthGonja,Savannah,2020,0.22771,0.17334,0.27966
GHA,GHA11.5_2,NorthGonja,Savannah,2021,0.23193,0.17745,0.28724
GHA,GHA11.5_2,NorthGonja,Savannah,2022,0.23517,0.18165,0.29219
GHA,GHA11.5_2,NorthGonja,Savannah,2023,0.24214,0.18646,0.2975
GHA,GHA11.5_2,NorthGonja,Savannah,2024,0.26727,0.20779,0.3171
GHA,GHA11.5_2,NorthGonja,Savannah,2025,0.27883,0.22185,0.3264
GHA,GHA11.6_2,Sawla-Tuna-Kalba,Savannah,2000,0.49783,0.47651,0.51829
GHA,GHA11.6_2,Sawla-Tuna-Kalba,Savannah,2001,0.49665,0.47339,0.51742
GHA,GHA11.6_2,Sawla-Tuna-Kalba,Savannah,2002,0.49236,0.46798,0.51389
GHA,GHA11.6_2,Sawla-Tuna-Kalba,Savannah,2003,0.48213,0.45707,0.5053
GHA,GHA11.6_2,Sawla-Tuna-Kalba,Savannah,2004,0.46358,0.43763,0.48698
GHA,GHA11.6_2,Sawla-Tuna-Kalba,Savannah,2005,0.45266,0.42346,0.47622
GHA,GHA11.6_2,Sawla-Tuna-Kalba,Savannah,2006,0.44929,0.41783,0.47089
GHA,GHA11.6_2,Sawla-Tuna-Kalba,Savannah,2007,0.4545,0.41028,0.4776
GHA,GHA11.6_2,Sawla-Tuna-Kalba,Savannah,2008,0.4787,0.43338,0.49738
GHA,GHA11.6_2,Sawla-Tuna-Kalba,Savannah,2009,0.50946,0.48688,0.51499
GHA,GHA11.6_2,Sawla-Tuna-Kalba,Savannah,2010,0.51307,0.50976,0.51422
GHA,GHA11.6_2,Sawla-Tuna-Kalba,Savannah,2011,0.51118,0.50959,0.51211
GHA,GHA11.6_2,Sawla-Tuna-Kalba,Savannah,2012,0.50938,0.50553,0.51025
GHA,GHA11.6_2,Sawla-Tuna-Kalba,Savannah,2013,0.49909,0.46145,0.50664
GHA,GHA11.6_2,Sawla-Tuna-Kalba,Savannah,2014,0.45163,0.36024,0.48853
GHA,GHA11.6_2,Sawla-Tuna-Kalba,Savannah,2015,0.39005,0.28814,0.46283
GHA,GHA11.6_2,Sawla-Tuna-Kalba,Savannah,2016,0.35316,0.25338,0.4522
GHA,GHA11.6_2,Sawla-Tuna-Kalba,Savannah,2017,0.32171,0.22592,0.43798
GHA,GHA11.6_2,Sawla-Tuna-Kalba,Savannah,2018,0.30512,0.21722,0.42329
GHA,GHA11.6_2,Sawla-Tuna-Kalba,Savannah,2019,0.31385,0.22985,0.41748
GHA,GHA11.6_2,Sawla-Tuna-Kalba,Savannah,2020,0.32555,0.24841,0.42104
GHA,GHA11.6_2,Sawla-Tuna-Kalba,Savannah,2021,0.32228,0.25433,0.40599
GHA,GHA11.6_2,Sawla-Tuna-Kalba,Savannah,2022,0.31217,0.25546,0.37869
GHA,GHA11.6_2,Sawla-Tuna-Kalba,Savannah,2023,0.30089,0.25167,0.35061
GHA,GHA11.6_2,Sawla-Tuna-Kalba,Savannah,2024,0.3079,0.26063,0.34576
GHA,GHA11.6_2,Sawla-Tuna-Kalba,Savannah,2025,0.29441,0.25281,0.32873
GHA,GHA11.7_2,WestGonja,Savannah,2000,0.51214,0.49036,0.52485
GHA,GHA11.7_2,WestGonja,Savannah,2001,0.51364,0.49208,0.52556
GHA,GHA11.7_2,WestGonja,Savannah,2002,0.50756,0.48921,0.51945
GHA,GHA11.7_2,WestGonja,Savannah,2003,0.48544,0.44209,0.50082
GHA,GHA11.7_2,WestGonja,Savannah,2004,0.4512,0.38799,0.47708
GHA,GHA11.7_2,WestGonja,Savannah,2005,0.4362,0.36912,0.46746
GHA,GHA11.7_2,WestGonja,Savannah,2006,0.44012,0.37124,0.46981
GHA,GHA11.7_2,WestGonja,Savannah,2007,0.45551,0.39695,0.48235
GHA,GHA11.7_2,WestGonja,Savannah,2008,0.48298,0.44049,0.50234
GHA,GHA11.7_2,WestGonja,Savannah,2009,0.50793,0.48478,0.51376
GHA,GHA11.7_2,WestGonja,Savannah,2010,0.51101,0.50607,0.51341
GHA,GHA11.7_2,WestGonja,Savannah,2011,0.5103,0.50763,0.5113
GHA,GHA11.7_2,WestGonja,Savannah,2012,0.50859,0.50413,0.50994
GHA,GHA11.7_2,WestGonja,Savannah,2013,0.49972,0.4783,0.50622
GHA,GHA11.7_2,WestGonja,Savannah,2014,0.45748,0.42112,0.48328
GHA,GHA11.7_2,WestGonja,Savannah,2015,0.35486,0.30172,0.41836
GHA,GHA11.7_2,WestGonja,Savannah,2016,0.26679,0.20704,0.34305
GHA,GHA11.7_2,WestGonja,Savannah,2017,0.22244,0.16304,0.29835
GHA,GHA11.7_2,WestGonja,Savannah,2018,0.20869,0.15262,0.28029
GHA,GHA11.7_2,WestGonja,Savannah,2019,0.2198,0.16435,0.29805
GHA,GHA11.7_2,WestGonja,Savannah,2020,0.23474,0.17695,0.32391
GHA,GHA11.7_2,WestGonja,Savannah,2021,0.23407,0.17175,0.3301
GHA,GHA11.7_2,WestGonja,Savannah,2022,0.23259,0.16895,0.33447
GHA,GHA11.7_2,WestGonja,Savannah,2023,0.2312,0.16779,0.32675
GHA,GHA11.7_2,WestGonja,Savannah,2024,0.2462,0.18406,0.33303
GHA,GHA11.7_2,WestGonja,Savannah,2025,0.2491,0.19693,0.31505
GHA,GHA12.10_2,KasenaNankanaEast,UpperEast,2000,0.53305,0.51853,0.53814
GHA,GHA12.10_2,KasenaNankanaEast,UpperEast,2001,0.52255,0.49837,0.53065
GHA,GHA12.10_2,KasenaNankanaEast,UpperEast,2002,0.50551,0.47115,0.52194
GHA,GHA12.10_2,KasenaNankanaEast,UpperEast,2003,0.47913,0.43,0.50234
GHA,GHA12.10_2,KasenaNankanaEast,UpperEast,2004,0.44421,0.38657,0.47156
GHA,GHA12.10_2,KasenaNankanaEast,UpperEast,2005,0.40843,0.35068,0.43933
GHA,GHA12.10_2,KasenaNankanaEast,UpperEast,2006,0.37283,0.31729,0.4033
GHA,GHA12.10_2,KasenaNankanaEast,UpperEast,2007,0.35976,0.30796,0.38936
GHA,GHA12.10_2,KasenaNankanaEast,UpperEast,2008,0.37883,0.32576,0.40578
GHA,GHA12.10_2,KasenaNankanaEast,UpperEast,2009,0.44418,0.38007,0.47331
GHA,GHA12.10_2,KasenaNankanaEast,UpperEast,2010,0.49812,0.43802,0.51701
GHA,GHA12.10_2,KasenaNankanaEast,UpperEast,2011,0.49305,0.43046,0.51543
GHA,GHA12.10_2,KasenaNankanaEast,UpperEast,2012,0.41116,0.34788,0.45041
GHA,GHA12.10_2,KasenaNankanaEast,UpperEast,2013,0.286,0.25311,0.3185
GHA,GHA12.10_2,KasenaNankanaEast,UpperEast,2014,0.22017,0.19255,0.24817
GHA,GHA12.10_2,KasenaNankanaEast,UpperEast,2015,0.20314,0.17378,0.23276
GHA,GHA12.10_2,KasenaNankanaEast,UpperEast,2016,0.21009,0.17844,0.2426
GHA,GHA12.10_2,KasenaNankanaEast,UpperEast,2017,0.2091,0.18202,0.23761
GHA,GHA12.10_2,KasenaNankanaEast,UpperEast,2018,0.21325,0.18449,0.23315
GHA,GHA12.10_2,KasenaNankanaEast,UpperEast,2019,0.23162,0.19144,0.26219
GHA,GHA12.10_2,KasenaNankanaEast,UpperEast,2020,0.24971,0.20188,0.28787
GHA,GHA12.10_2,KasenaNankanaEast,UpperEast,2021,0.24763,0.20326,0.28133
GHA,GHA12.10_2,KasenaNankanaEast,UpperEast,2022,0.24649,0.20567,0.26991
GHA,GHA12.10_2,KasenaNankanaEast,UpperEast,2023,0.25908,0.21874,0.28061
GHA,GHA12.10_2,KasenaNankanaEast,UpperEast,2024,0.29754,0.25425,0.32242
GHA,GHA12.10_2,KasenaNankanaEast,UpperEast,2025,0.31764,0.28092,0.33984
GHA,GHA12.11_2,KasenaNankanaWest,UpperEast,2000,0.53381,0.52151,0.60554
GHA,GHA12.11_2,KasenaNankanaWest,UpperEast,2001,0.52401,0.50274,0.59888
GHA,GHA12.11_2,KasenaNankanaWest,UpperEast,2002,0.50573,0.47635,0.58492
GHA,GHA12.11_2,KasenaNankanaWest,UpperEast,2003,0.47482,0.43545,0.5661
GHA,GHA12.11_2,KasenaNankanaWest,UpperEast,2004,0.43609,0.39202,0.53203
GHA,GHA12.11_2,KasenaNankanaWest,UpperEast,2005,0.40847,0.35711,0.49981
GHA,GHA12.11_2,KasenaNankanaWest,UpperEast,2006,0.38711,0.32663,0.47202
GHA,GHA12.11_2,KasenaNankanaWest,UpperEast,2007,0.3837,0.31822,0.47238
GHA,GHA12.11_2,KasenaNankanaWest,UpperEast,2008,0.40469,0.33588,0.52125
GHA,GHA12.11_2,KasenaNankanaWest,UpperEast,2009,0.46314,0.38957,0.59793
GHA,GHA12.11_2,KasenaNankanaWest,UpperEast,2010,0.50551,0.44808,0.60622
GHA,GHA12.11_2,KasenaNankanaWest,UpperEast,2011,0.50436,0.44355,0.60506
GHA,GHA12.11_2,KasenaNankanaWest,UpperEast,2012,0.46437,0.36638,0.60131
GHA,GHA12.11_2,KasenaNankanaWest,UpperEast,2013,0.37159,0.27028,0.46105
GHA,GHA12.11_2,KasenaNankanaWest,UpperEast,2014,0.30237,0.21496,0.39115
GHA,GHA12.11_2,KasenaNankanaWest,UpperEast,2015,0.27373,0.20024,0.34137
GHA,GHA12.11_2,KasenaNankanaWest,UpperEast,2016,0.26808,0.2013,0.32921
GHA,GHA12.11_2,KasenaNankanaWest,UpperEast,2017,0.25719,0.19671,0.32292
GHA,GHA12.11_2,KasenaNankanaWest,UpperEast,2018,0.22361,0.16568,0.29539
GHA,GHA12.11_2,KasenaNankanaWest,UpperEast,2019,0.20654,0.14948,0.28028
GHA,GHA12.11_2,KasenaNankanaWest,UpperEast,2020,0.22981,0.16719,0.31815
GHA,GHA12.11_2,KasenaNankanaWest,UpperEast,2021,0.23407,0.17305,0.33959
GHA,GHA12.11_2,KasenaNankanaWest,UpperEast,2022,0.25491,0.19199,0.38138
GHA,GHA12.11_2,KasenaNankanaWest,UpperEast,2023,0.29101,0.22347,0.44235
GHA,GHA12.11_2,KasenaNankanaWest,UpperEast,2024,0.32706,0.25881,0.44435
GHA,GHA12.11_2,KasenaNankanaWest,UpperEast,2025,0.33899,0.28475,0.43667
GHA,GHA12.12_2,Nabdam,UpperEast,2000,0.50232,0.48983,0.51311
GHA,GHA12.12_2,Nabdam,UpperEast,2001,0.48946,0.47603,0.49951
GHA,GHA12.12_2,Nabdam,UpperEast,2002,0.48395,0.4685,0.4966
GHA,GHA12.12_2,Nabdam,UpperEast,2003,0.48067,0.46468,0.4914
GHA,GHA12.12_2,Nabdam,UpperEast,2004,0.47154,0.45178,0.48634
GHA,GHA12.12_2,Nabdam,UpperEast,2005,0.44789,0.42439,0.46588
GHA,GHA12.12_2,Nabdam,UpperEast,2006,0.41122,0.38358,0.43078
GHA,GHA12.12_2,Nabdam,UpperEast,2007,0.38756,0.36027,0.40705
GHA,GHA12.12_2,Nabdam,UpperEast,2008,0.41761,0.39166,0.4363
GHA,GHA12.12_2,Nabdam,UpperEast,2009,0.49705,0.48271,0.50593
GHA,GHA12.12_2,Nabdam,UpperEast,2010,0.51824,0.51797,0.51865
GHA,GHA12.12_2,Nabdam,UpperEast,2011,0.51613,0.51586,0.51654
GHA,GHA12.12_2,Nabdam,UpperEast,2012,0.48843,0.46487,0.50242
GHA,GHA12.12_2,Nabdam,UpperEast,2013,0.33809,0.3135,0.35784
GHA,GHA12.12_2,Nabdam,UpperEast,2014,0.25242,0.23528,0.26851
GHA,GHA12.12_2,Nabdam,UpperEast,2015,0.21986,0.20636,0.23638
GHA,GHA12.12_2,Nabdam,UpperEast,2016,0.2185,0.20678,0.23573
GHA,GHA12.12_2,Nabdam,UpperEast,2017,0.22309,0.21168,0.24173
GHA,GHA12.12_2,Nabdam,UpperEast,2018,0.23137,0.21855,0.2481
GHA,GHA12.12_2,Nabdam,UpperEast,2019,0.25586,0.2384,0.27096
GHA,GHA12.12_2,Nabdam,UpperEast,2020,0.27884,0.25706,0.29727
GHA,GHA12.12_2,Nabdam,UpperEast,2021,0.28239,0.26161,0.30227
GHA,GHA12.12_2,Nabdam,UpperEast,2022,0.28264,0.26457,0.30313
GHA,GHA12.12_2,Nabdam,UpperEast,2023,0.29212,0.27572,0.31159
GHA,GHA12.12_2,Nabdam,UpperEast,2024,0.3188,0.30174,0.33521
GHA,GHA12.12_2,Nabdam,UpperEast,2025,0.32236,0.30636,0.33363
GHA,GHA12.13_2,Pusiga,UpperEast,2000,0.44214,0.4168,0.46358
GHA,GHA12.13_2,Pusiga,UpperEast,2001,0.425,0.39737,0.44872
GHA,GHA12.13_2,Pusiga,UpperEast,2002,0.44164,0.41677,0.45865
GHA,GHA12.13_2,Pusiga,UpperEast,2003,0.48958,0.46527,0.51307
GHA,GHA12.13_2,Pusiga,UpperEast,2004,0.51871,0.49325,0.5325
GHA,GHA12.13_2,Pusiga,UpperEast,2005,0.51851,0.49161,0.53206
GHA,GHA12.13_2,Pusiga,UpperEast,2006,0.49295,0.46255,0.52155
GHA,GHA12.13_2,Pusiga,UpperEast,2007,0.455,0.41499,0.49554
GHA,GHA12.13_2,Pusiga,UpperEast,2008,0.45195,0.40468,0.48957
GHA,GHA12.13_2,Pusiga,UpperEast,2009,0.48768,0.44113,0.51393
GHA,GHA12.13_2,Pusiga,UpperEast,2010,0.51114,0.47909,0.5194
GHA,GHA12.13_2,Pusiga,UpperEast,2011,0.50134,0.46347,0.51639
GHA,GHA12.13_2,Pusiga,UpperEast,2012,0.43958,0.38113,0.47569
GHA,GHA12.13_2,Pusiga,UpperEast,2013,0.3349,0.2867,0.36911
GHA,GHA12.13_2,Pusiga,UpperEast,2014,0.28098,0.24525,0.31474
GHA,GHA12.13_2,Pusiga,UpperEast,2015,0.26483,0.23239,0.30085
GHA,GHA12.13_2,Pusiga,UpperEast,2016,0.27026,0.23849,0.3126
GHA,GHA12.13_2,Pusiga,UpperEast,2017,0.27024,0.23675,0.31579
GHA,GHA12.13_2,Pusiga,UpperEast,2018,0.25547,0.22655,0.29236
GHA,GHA12.13_2,Pusiga,UpperEast,2019,0.25425,0.22697,0.2855
GHA,GHA12.13_2,Pusiga,UpperEast,2020,0.25453,0.23259,0.28529
GHA,GHA12.13_2,Pusiga,UpperEast,2021,0.24574,0.22381,0.27118
GHA,GHA12.13_2,Pusiga,UpperEast,2022,0.23709,0.21962,0.25928
GHA,GHA12.13_2,Pusiga,UpperEast,2023,0.23933,0.22616,0.25937
GHA,GHA12.13_2,Pusiga,UpperEast,2024,0.2618,0.24749,0.27896
GHA,GHA12.13_2,Pusiga,UpperEast,2025,0.27186,0.24047,0.29517
GHA,GHA12.14_2,Talensi,UpperEast,2000,0.51006,0.48679,0.53683
GHA,GHA12.14_2,Talensi,UpperEast,2001,0.49983,0.47226,0.52874
GHA,GHA12.14_2,Talensi,UpperEast,2002,0.49224,0.46644,0.51881
GHA,GHA12.14_2,Talensi,UpperEast,2003,0.4838,0.45897,0.50189
GHA,GHA12.14_2,Talensi,UpperEast,2004,0.46941,0.43624,0.49595
GHA,GHA12.14_2,Talensi,UpperEast,2005,0.44363,0.40273,0.47861
GHA,GHA12.14_2,Talensi,UpperEast,2006,0.40303,0.35842,0.44115
GHA,GHA12.14_2,Talensi,UpperEast,2007,0.37463,0.33262,0.41262
GHA,GHA12.14_2,Talensi,UpperEast,2008,0.39705,0.35638,0.4385
GHA,GHA12.14_2,Talensi,UpperEast,2009,0.47405,0.40357,0.50507
GHA,GHA12.14_2,Talensi,UpperEast,2010,0.51372,0.49747,0.51796
GHA,GHA12.14_2,Talensi,UpperEast,2011,0.51192,0.49003,0.51582
GHA,GHA12.14_2,Talensi,UpperEast,2012,0.45511,0.39443,0.50219
GHA,GHA12.14_2,Talensi,UpperEast,2013,0.29969,0.2543,0.34664
GHA,GHA12.14_2,Talensi,UpperEast,2014,0.21035,0.17421,0.24522
GHA,GHA12.14_2,Talensi,UpperEast,2015,0.19086,0.15799,0.22401
GHA,GHA12.14_2,Talensi,UpperEast,2016,0.20311,0.17161,0.23959
GHA,GHA12.14_2,Talensi,UpperEast,2017,0.20961,0.17787,0.24749
GHA,GHA12.14_2,Talensi,UpperEast,2018,0.22081,0.19157,0.25463
GHA,GHA12.14_2,Talensi,UpperEast,2019,0.24824,0.21612,0.28493
GHA,GHA12.14_2,Talensi,UpperEast,2020,0.27374,0.24081,0.30908
GHA,GHA12.14_2,Talensi,UpperEast,2021,0.27444,0.24002,0.311
GHA,GHA12.14_2,Talensi,UpperEast,2022,0.27339,0.2384,0.3096
GHA,GHA12.14_2,Talensi,UpperEast,2023,0.28073,0.24711,0.31477
GHA,GHA12.14_2,Talensi,UpperEast,2024,0.3063,0.27457,0.33564
GHA,GHA12.14_2,Talensi,UpperEast,2025,0.3107,0.28323,0.33132
GHA,GHA12.15_2,Tempane,UpperEast,2000,0.44038,0.40914,0.47418
GHA,GHA12.15_2,Tempane,UpperEast,2001,0.43056,0.40652,0.47091
GHA,GHA12.15_2,Tempane,UpperEast,2002,0.45646,0.43029,0.49301
GHA,GHA12.15_2,Tempane,UpperEast,2003,0.50938,0.48435,0.52953
GHA,GHA12.15_2,Tempane,UpperEast,2004,0.52964,0.51835,0.53296
GHA,GHA12.15_2,Tempane,UpperEast,2005,0.52859,0.51705,0.53214
GHA,GHA12.15_2,Tempane,UpperEast,2006,0.50752,0.47595,0.52461
GHA,GHA12.15_2,Tempane,UpperEast,2007,0.45883,0.4159,0.49274
GHA,GHA12.15_2,Tempane,UpperEast,2008,0.44265,0.40527,0.47392
GHA,GHA12.15_2,Tempane,UpperEast,2009,0.47365,0.42817,0.50128
GHA,GHA12.15_2,Tempane,UpperEast,2010,0.50299,0.45965,0.51672
GHA,GHA12.15_2,Tempane,UpperEast,2011,0.48875,0.45467,0.5096
GHA,GHA12.15_2,Tempane,UpperEast,2012,0.41663,0.38002,0.45937
GHA,GHA12.15_2,Tempane,UpperEast,2013,0.31741,0.2779,0.36262
GHA,GHA12.15_2,Tempane,UpperEast,2014,0.2643,0.22187,0.30478
GHA,GHA12.15_2,Tempane,UpperEast,2015,0.26271,0.21324,0.31
GHA,GHA12.15_2,Tempane,UpperEast,2016,0.29351,0.23316,0.35537
GHA,GHA12.15_2,Tempane,UpperEast,2017,0.29915,0.24034,0.36919
GHA,GHA12.15_2,Tempane,UpperEast,2018,0.28859,0.23855,0.35392
GHA,GHA12.15_2,Tempane,UpperEast,2019,0.29007,0.24714,0.35531
GHA,GHA12.15_2,Tempane,UpperEast,2020,0.29413,0.25181,0.35979
GHA,GHA12.15_2,Tempane,UpperEast,2021,0.28862,0.2472,0.34981
GHA,GHA12.15_2,Tempane,UpperEast,2022,0.27707,0.23124,0.33518
GHA,GHA12.15_2,Tempane,UpperEast,2023,0.2721,0.22949,0.32703
GHA,GHA12.15_2,Tempane,UpperEast,2024,0.28501,0.24727,0.33743
GHA,GHA12.15_2,Tempane,UpperEast,2025,0.28107,0.25202,0.32175
GHA,GHA12.1_2,Bawku,UpperEast,2000,0.43393,0.41505,0.46407
GHA,GHA12.1_2,Bawku,UpperEast,2001,0.41362,0.39435,0.4503
GHA,GHA12.1_2,Bawku,UpperEast,2002,0.42226,0.40606,0.46341
GHA,GHA12.1_2,Bawku,UpperEast,2003,0.45751,0.42701,0.49836
GHA,GHA12.1_2,Bawku,UpperEast,2004,0.48457,0.44374,0.51942
GHA,GHA12.1_2,Bawku,UpperEast,2005,0.47938,0.43715,0.5159
GHA,GHA12.1_2,Bawku,UpperEast,2006,0.4442,0.40624,0.48571
GHA,GHA12.1_2,Bawku,UpperEast,2007,0.4077,0.38487,0.44547
GHA,GHA12.1_2,Bawku,UpperEast,2008,0.4177,0.39705,0.45301
GHA,GHA12.1_2,Bawku,UpperEast,2009,0.47554,0.45038,0.5023
GHA,GHA12.1_2,Bawku,UpperEast,2010,0.51378,0.5005,0.51935
GHA,GHA12.1_2,Bawku,UpperEast,2011,0.507,0.48677,0.5171
GHA,GHA12.1_2,Bawku,UpperEast,2012,0.43185,0.39191,0.47678
GHA,GHA12.1_2,Bawku,UpperEast,2013,0.306,0.2744,0.35612
GHA,GHA12.1_2,Bawku,UpperEast,2014,0.22324,0.20458,0.25946
GHA,GHA12.1_2,Bawku,UpperEast,2015,0.19863,0.17268,0.22874
GHA,GHA12.1_2,Bawku,UpperEast,2016,0.21082,0.17585,0.24256
GHA,GHA12.1_2,Bawku,UpperEast,2017,0.21379,0.17393,0.2526
GHA,GHA12.1_2,Bawku,UpperEast,2018,0.21343,0.17846,0.2547
GHA,GHA12.1_2,Bawku,UpperEast,2019,0.22535,0.19561,0.27308
GHA,GHA12.1_2,Bawku,UpperEast,2020,0.23377,0.20785,0.28446
GHA,GHA12.1_2,Bawku,UpperEast,2021,0.22874,0.20434,0.2798
GHA,GHA12.1_2,Bawku,UpperEast,2022,0.2209,0.20009,0.26851
GHA,GHA12.1_2,Bawku,UpperEast,2023,0.22592,0.20701,0.27066
GHA,GHA12.1_2,Bawku,UpperEast,2024,0.2524,0.2358,0.29233
GHA,GHA12.1_2,Bawku,UpperEast,2025,0.26757,0.24612,0.29723
GHA,GHA12.2_2,BawkuWest,UpperEast,2000,0.48103,0.43742,0.5619
GHA,GHA12.2_2,BawkuWest,UpperEast,2001,0.46824,0.41667,0.55084
GHA,GHA12.2_2,BawkuWest,UpperEast,2002,0.46849,0.42047,0.54668
GHA,GHA12.2_2,BawkuWest,UpperEast,2003,0.4808,0.43712,0.55562
GHA,GHA12.2_2,BawkuWest,UpperEast,2004,0.48635,0.44626,0.56134
GHA,GHA12.2_2,BawkuWest,UpperEast,2005,0.47033,0.43103,0.54848
GHA,GHA12.2_2,BawkuWest,UpperEast,2006,0.43316,0.39377,0.52601
GHA,GHA12.2_2,BawkuWest,UpperEast,2007,0.40145,0.36987,0.5185
GHA,GHA12.2_2,BawkuWest,UpperEast,2008,0.42451,0.38479,0.55174
GHA,GHA12.2_2,BawkuWest,UpperEast,2009,0.49703,0.46142,0.60224
GHA,GHA12.2_2,BawkuWest,UpperEast,2010,0.52129,0.51344,0.6068
GHA,GHA12.2_2,BawkuWest,UpperEast,2011,0.51937,0.51279,0.60563
GHA,GHA12.2_2,BawkuWest,UpperEast,2012,0.4808,0.43527,0.60019
GHA,GHA12.2_2,BawkuWest,UpperEast,2013,0.31971,0.26669,0.45043
GHA,GHA12.2_2,BawkuWest,UpperEast,2014,0.22736,0.18232,0.32129
GHA,GHA12.2_2,BawkuWest,UpperEast,2015,0.20411,0.15818,0.27462
GHA,GHA12.2_2,BawkuWest,UpperEast,2016,0.21106,0.1614,0.26239
GHA,GHA12.2_2,BawkuWest,UpperEast,2017,0.21631,0.16731,0.26537
GHA,GHA12.2_2,BawkuWest,UpperEast,2018,0.22702,0.17958,0.27758
GHA,GHA12.2_2,BawkuWest,UpperEast,2019,0.25199,0.20357,0.32302
GHA,GHA12.2_2,BawkuWest,UpperEast,2020,0.27288,0.22173,0.35617
GHA,GHA12.2_2,BawkuWest,UpperEast,2021,0.27242,0.21941,0.36552
GHA,GHA12.2_2,BawkuWest,UpperEast,2022,0.26696,0.21607,0.35712
GHA,GHA12.2_2,BawkuWest,UpperEast,2023,0.27214,0.22266,0.37022
GHA,GHA12.2_2,BawkuWest,UpperEast,2024,0.29858,0.25155,0.37631
GHA,GHA12.2_2,BawkuWest,UpperEast,2025,0.30649,0.26915,0.38331
GHA,GHA12.3_2,Binduri,UpperEast,2000,0.45734,0.42755,0.48003
GHA,GHA12.3_2,Binduri,UpperEast,2001,0.44191,0.40396,0.47085
GHA,GHA12.3_2,Binduri,UpperEast,2002,0.44759,0.40923,0.47405
GHA,GHA12.3_2,Binduri,UpperEast,2003,0.47403,0.43263,0.49743
GHA,GHA12.3_2,Binduri,UpperEast,2004,0.49184,0.45149,0.51916
GHA,GHA12.3_2,Binduri,UpperEast,2005,0.48322,0.44151,0.51431
GHA,GHA12.3_2,Binduri,UpperEast,2006,0.4497,0.40778,0.48193
GHA,GHA12.3_2,Binduri,UpperEast,2007,0.41609,0.38412,0.43842
GHA,GHA12.3_2,Binduri,UpperEast,2008,0.43179,0.4037,0.44527
GHA,GHA12.3_2,Binduri,UpperEast,2009,0.49559,0.47513,0.50334
GHA,GHA12.3_2,Binduri,UpperEast,2010,0.51845,0.51721,0.51904
GHA,GHA12.3_2,Binduri,UpperEast,2011,0.51611,0.5137,0.51699
GHA,GHA12.3_2,Binduri,UpperEast,2012,0.46828,0.4354,0.49242
GHA,GHA12.3_2,Binduri,UpperEast,2013,0.31943,0.29102,0.34724
GHA,GHA12.3_2,Binduri,UpperEast,2014,0.23844,0.20576,0.2615
GHA,GHA12.3_2,Binduri,UpperEast,2015,0.20789,0.17783,0.22953
GHA,GHA12.3_2,Binduri,UpperEast,2016,0.20595,0.16733,0.23567
GHA,GHA12.3_2,Binduri,UpperEast,2017,0.21254,0.16945,0.24578
GHA,GHA12.3_2,Binduri,UpperEast,2018,0.22076,0.17743,0.24997
GHA,GHA12.3_2,Binduri,UpperEast,2019,0.24351,0.20001,0.26995
GHA,GHA12.3_2,Binduri,UpperEast,2020,0.26004,0.21291,0.28598
GHA,GHA12.3_2,Binduri,UpperEast,2021,0.25631,0.20928,0.28045
GHA,GHA12.3_2,Binduri,UpperEast,2022,0.24757,0.20386,0.26787
GHA,GHA12.3_2,Binduri,UpperEast,2023,0.25118,0.21224,0.2705
GHA,GHA12.3_2,Binduri,UpperEast,2024,0.27851,0.24148,0.3001
GHA,GHA12.3_2,Binduri,UpperEast,2025,0.28995,0.26127,0.30633
GHA,GHA12.4_2,BolgaEast,UpperEast,2000,0.51709,0.51231,0.52187
GHA,GHA12.4_2,BolgaEast,UpperEast,2001,0.50703,0.49997,0.51409
GHA,GHA12.4_2,BolgaEast,UpperEast,2002,0.49664,0.4895,0.50378
GHA,GHA12.4_2,BolgaEast,UpperEast,2003,0.48097,0.47446,0.48748
GHA,GHA12.4_2,BolgaEast,UpperEast,2004,0.4608,0.45472,0.46689
GHA,GHA12.4_2,BolgaEast,UpperEast,2005,0.4312,0.42391,0.4385
GHA,GHA12.4_2,BolgaEast,UpperEast,2006,0.39312,0.387,0.39924
GHA,GHA12.4_2,BolgaEast,UpperEast,2007,0.37083,0.36481,0.37684
GHA,GHA12.4_2,BolgaEast,UpperEast,2008,0.39973,0.39401,0.40545
GHA,GHA12.4_2,BolgaEast,UpperEast,2009,0.4848,0.48328,0.48631
GHA,GHA12.4_2,BolgaEast,UpperEast,2010,0.51798,0.51792,0.51804
GHA,GHA12.4_2,BolgaEast,UpperEast,2011,0.51589,0.51582,0.51597
GHA,GHA12.4_2,BolgaEast,UpperEast,2012,0.46849,0.46788,0.4691
GHA,GHA12.4_2,BolgaEast,UpperEast,2013,0.31158,0.30995,0.31321
GHA,GHA12.4_2,BolgaEast,UpperEast,2014,0.22588,0.2243,0.22746
GHA,GHA12.4_2,BolgaEast,UpperEast,2015,0.2059,0.20454,0.20726
GHA,GHA12.4_2,BolgaEast,UpperEast,2016,0.21723,0.21577,0.21869
GHA,GHA12.4_2,BolgaEast,UpperEast,2017,0.22305,0.22039,0.22572
GHA,GHA12.4_2,BolgaEast,UpperEast,2018,0.22911,0.22599,0.23223
GHA,GHA12.4_2,BolgaEast,UpperEast,2019,0.24981,0.24553,0.25409
GHA,GHA12.4_2,BolgaEast,UpperEast,2020,0.27286,0.26778,0.27794
GHA,GHA12.4_2,BolgaEast,UpperEast,2021,0.27453,0.27005,0.27902
GHA,GHA12.4_2,BolgaEast,UpperEast,2022,0.27784,0.27346,0.28222
GHA,GHA12.4_2,BolgaEast,UpperEast,2023,0.29007,0.28716,0.29298
GHA,GHA12.4_2,BolgaEast,UpperEast,2024,0.31935,0.31404,0.32466
GHA,GHA12.4_2,BolgaEast,UpperEast,2025,0.3252,0.31999,0.3304
GHA,GHA12.5_2,Bolgatanga,UpperEast,2000,0.52791,0.51634,0.53699
GHA,GHA12.5_2,Bolgatanga,UpperEast,2001,0.51827,0.50705,0.52942
GHA,GHA12.5_2,Bolgatanga,UpperEast,2002,0.50344,0.49149,0.51884
GHA,GHA12.5_2,Bolgatanga,UpperEast,2003,0.48154,0.46211,0.50177
GHA,GHA12.5_2,Bolgatanga,UpperEast,2004,0.452,0.42657,0.47743
GHA,GHA12.5_2,Bolgatanga,UpperEast,2005,0.41711,0.38819,0.44441
GHA,GHA12.5_2,Bolgatanga,UpperEast,2006,0.38022,0.35289,0.4086
GHA,GHA12.5_2,Bolgatanga,UpperEast,2007,0.36142,0.33557,0.39178
GHA,GHA12.5_2,Bolgatanga,UpperEast,2008,0.38735,0.35914,0.4134
GHA,GHA12.5_2,Bolgatanga,UpperEast,2009,0.46529,0.43538,0.49264
GHA,GHA12.5_2,Bolgatanga,UpperEast,2010,0.51355,0.49983,0.5181
GHA,GHA12.5_2,Bolgatanga,UpperEast,2011,0.51152,0.49361,0.51613
GHA,GHA12.5_2,Bolgatanga,UpperEast,2012,0.4379,0.39741,0.48128
GHA,GHA12.5_2,Bolgatanga,UpperEast,2013,0.29243,0.26512,0.32474
GHA,GHA12.5_2,Bolgatanga,UpperEast,2014,0.21521,0.19499,0.2387
GHA,GHA12.5_2,Bolgatanga,UpperEast,2015,0.1983,0.1797,0.21927
GHA,GHA12.5_2,Bolgatanga,UpperEast,2016,0.20904,0.19075,0.23155
GHA,GHA12.5_2,Bolgatanga,UpperEast,2017,0.21286,0.19344,0.23528
GHA,GHA12.5_2,Bolgatanga,UpperEast,2018,0.21869,0.19938,0.23896
GHA,GHA12.5_2,Bolgatanga,UpperEast,2019,0.23747,0.21253,0.26393
GHA,GHA12.5_2,Bolgatanga,UpperEast,2020,0.25745,0.229,0.28933
GHA,GHA12.5_2,Bolgatanga,UpperEast,2021,0.25698,0.22908,0.28362
GHA,GHA12.5_2,Bolgatanga,UpperEast,2022,0.25817,0.23192,0.28313
GHA,GHA12.5_2,Bolgatanga,UpperEast,2023,0.27122,0.24534,0.2975
GHA,GHA12.5_2,Bolgatanga,UpperEast,2024,0.308,0.2841,0.33108
GHA,GHA12.5_2,Bolgatanga,UpperEast,2025,0.32222,0.30409,0.33777
GHA,GHA12.6_2,Bongo,UpperEast,2000,0.51095,0.4887,0.53087
GHA,GHA12.6_2,Bongo,UpperEast,2001,0.49835,0.47147,0.51902
GHA,GHA12.6_2,Bongo,UpperEast,2002,0.48571,0.45062,0.50802
GHA,GHA12.6_2,Bongo,UpperEast,2003,0.47006,0.42587,0.49564
GHA,GHA12.6_2,Bongo,UpperEast,2004,0.44938,0.39582,0.47584
GHA,GHA12.6_2,Bongo,UpperEast,2005,0.42004,0.36505,0.44956
GHA,GHA12.6_2,Bongo,UpperEast,2006,0.3845,0.32328,0.41774
GHA,GHA12.6_2,Bongo,UpperEast,2007,0.36861,0.30871,0.40026
GHA,GHA12.6_2,Bongo,UpperEast,2008,0.40145,0.33841,0.43348
GHA,GHA12.6_2,Bongo,UpperEast,2009,0.48531,0.42947,0.5062
GHA,GHA12.6_2,Bongo,UpperEast,2010,0.51673,0.50214,0.51872
GHA,GHA12.6_2,Bongo,UpperEast,2011,0.51463,0.49848,0.51671
GHA,GHA12.6_2,Bongo,UpperEast,2012,0.47214,0.39275,0.50698
GHA,GHA12.6_2,Bongo,UpperEast,2013,0.31893,0.25277,0.35438
GHA,GHA12.6_2,Bongo,UpperEast,2014,0.23357,0.18242,0.2635
GHA,GHA12.6_2,Bongo,UpperEast,2015,0.21665,0.1685,0.24851
GHA,GHA12.6_2,Bongo,UpperEast,2016,0.22709,0.17746,0.26196
GHA,GHA12.6_2,Bongo,UpperEast,2017,0.22931,0.1805,0.26232
GHA,GHA12.6_2,Bongo,UpperEast,2018,0.23051,0.18416,0.26099
GHA,GHA12.6_2,Bongo,UpperEast,2019,0.2442,0.19732,0.28058
GHA,GHA12.6_2,Bongo,UpperEast,2020,0.26236,0.21287,0.30353
GHA,GHA12.6_2,Bongo,UpperEast,2021,0.26721,0.21741,0.30722
GHA,GHA12.6_2,Bongo,UpperEast,2022,0.27213,0.22192,0.3107
GHA,GHA12.6_2,Bongo,UpperEast,2023,0.28744,0.23589,0.32321
GHA,GHA12.6_2,Bongo,UpperEast,2024,0.32214,0.26743,0.35506
GHA,GHA12.6_2,Bongo,UpperEast,2025,0.33146,0.28589,0.35963
GHA,GHA12.7_2,BuilsaNorth,UpperEast,2000,0.53512,0.51826,0.53895
GHA,GHA12.7_2,BuilsaNorth,UpperEast,2001,0.52638,0.49964,0.53294
GHA,GHA12.7_2,BuilsaNorth,UpperEast,2002,0.50994,0.4728,0.52321
GHA,GHA12.7_2,BuilsaNorth,UpperEast,2003,0.48202,0.43074,0.50185
GHA,GHA12.7_2,BuilsaNorth,UpperEast,2004,0.44451,0.38631,0.47115
GHA,GHA12.7_2,BuilsaNorth,UpperEast,2005,0.41691,0.35053,0.44
GHA,GHA12.7_2,BuilsaNorth,UpperEast,2006,0.38954,0.321,0.43066
GHA,GHA12.7_2,BuilsaNorth,UpperEast,2007,0.37953,0.31138,0.42207
GHA,GHA12.7_2,BuilsaNorth,UpperEast,2008,0.39859,0.32916,0.44193
GHA,GHA12.7_2,BuilsaNorth,UpperEast,2009,0.45738,0.38444,0.48966
GHA,GHA12.7_2,BuilsaNorth,UpperEast,2010,0.50338,0.44488,0.51607
GHA,GHA12.7_2,BuilsaNorth,UpperEast,2011,0.50321,0.4377,0.51424
GHA,GHA12.7_2,BuilsaNorth,UpperEast,2012,0.45568,0.35312,0.50285
GHA,GHA12.7_2,BuilsaNorth,UpperEast,2013,0.34661,0.25248,0.43457
GHA,GHA12.7_2,BuilsaNorth,UpperEast,2014,0.27517,0.19934,0.36017
GHA,GHA12.7_2,BuilsaNorth,UpperEast,2015,0.24811,0.18888,0.31952
GHA,GHA12.7_2,BuilsaNorth,UpperEast,2016,0.24138,0.19221,0.29798
GHA,GHA12.7_2,BuilsaNorth,UpperEast,2017,0.23456,0.1872,0.28287
GHA,GHA12.7_2,BuilsaNorth,UpperEast,2018,0.21375,0.16054,0.25904
GHA,GHA12.7_2,BuilsaNorth,UpperEast,2019,0.20893,0.14584,0.25123
GHA,GHA12.7_2,BuilsaNorth,UpperEast,2020,0.25439,0.1675,0.30659
GHA,GHA12.7_2,BuilsaNorth,UpperEast,2021,0.25365,0.17202,0.30266
GHA,GHA12.7_2,BuilsaNorth,UpperEast,2022,0.24526,0.18575,0.29103
GHA,GHA12.7_2,BuilsaNorth,UpperEast,2023,0.27642,0.21955,0.32328
GHA,GHA12.7_2,BuilsaNorth,UpperEast,2024,0.30967,0.25391,0.3519
GHA,GHA12.7_2,BuilsaNorth,UpperEast,2025,0.32449,0.27978,0.3535
GHA,GHA12.8_2,BuilsaSouth,UpperEast,2000,0.53404,0.52615,0.53746
GHA,GHA12.8_2,BuilsaSouth,UpperEast,2001,0.52512,0.51659,0.53008
GHA,GHA12.8_2,BuilsaSouth,UpperEast,2002,0.51037,0.49789,0.51928
GHA,GHA12.8_2,BuilsaSouth,UpperEast,2003,0.48376,0.46569,0.49828
GHA,GHA12.8_2,BuilsaSouth,UpperEast,2004,0.44976,0.4291,0.46828
GHA,GHA12.8_2,BuilsaSouth,UpperEast,2005,0.42678,0.4061,0.44736
GHA,GHA12.8_2,BuilsaSouth,UpperEast,2006,0.40462,0.38073,0.43784
GHA,GHA12.8_2,BuilsaSouth,UpperEast,2007,0.39479,0.36927,0.43506
GHA,GHA12.8_2,BuilsaSouth,UpperEast,2008,0.41205,0.38314,0.45285
GHA,GHA12.8_2,BuilsaSouth,UpperEast,2009,0.46792,0.43904,0.49727
GHA,GHA12.8_2,BuilsaSouth,UpperEast,2010,0.50722,0.48706,0.51672
GHA,GHA12.8_2,BuilsaSouth,UpperEast,2011,0.50847,0.49148,0.51447
GHA,GHA12.8_2,BuilsaSouth,UpperEast,2012,0.47653,0.43354,0.50944
GHA,GHA12.8_2,BuilsaSouth,UpperEast,2013,0.37542,0.29564,0.45316
GHA,GHA12.8_2,BuilsaSouth,UpperEast,2014,0.29277,0.22332,0.36216
GHA,GHA12.8_2,BuilsaSouth,UpperEast,2015,0.25631,0.20692,0.3247
GHA,GHA12.8_2,BuilsaSouth,UpperEast,2016,0.24044,0.20246,0.29921
GHA,GHA12.8_2,BuilsaSouth,UpperEast,2017,0.22673,0.18503,0.28361
GHA,GHA12.8_2,BuilsaSouth,UpperEast,2018,0.2074,0.16144,0.2553
GHA,GHA12.8_2,BuilsaSouth,UpperEast,2019,0.20898,0.15642,0.25786
GHA,GHA12.8_2,BuilsaSouth,UpperEast,2020,0.23267,0.17156,0.28746
GHA,GHA12.8_2,BuilsaSouth,UpperEast,2021,0.23184,0.17018,0.28542
GHA,GHA12.8_2,BuilsaSouth,UpperEast,2022,0.24579,0.18403,0.3064
GHA,GHA12.8_2,BuilsaSouth,UpperEast,2023,0.27365,0.21257,0.33836
GHA,GHA12.8_2,BuilsaSouth,UpperEast,2024,0.30426,0.24634,0.36548
GHA,GHA12.8_2,BuilsaSouth,UpperEast,2025,0.31749,0.2764,0.36176
GHA,GHA12.9_2,Garu,UpperEast,2000,0.46708,0.43117,0.4806
GHA,GHA12.9_2,Garu,UpperEast,2001,0.45919,0.42003,0.47147
GHA,GHA12.9_2,Garu,UpperEast,2002,0.47418,0.44434,0.48658
GHA,GHA12.9_2,Garu,UpperEast,2003,0.50809,0.48956,0.52486
GHA,GHA12.9_2,Garu,UpperEast,2004,0.52123,0.50007,0.53169
GHA,GHA12.9_2,Garu,UpperEast,2005,0.51535,0.48662,0.53061
GHA,GHA12.9_2,Garu,UpperEast,2006,0.48426,0.44526,0.51383
GHA,GHA12.9_2,Garu,UpperEast,2007,0.43169,0.39472,0.46393
GHA,GHA12.9_2,Garu,UpperEast,2008,0.42935,0.37344,0.45516
GHA,GHA12.9_2,Garu,UpperEast,2009,0.48144,0.41348,0.50375
GHA,GHA12.9_2,Garu,UpperEast,2010,0.51359,0.46323,0.51838
GHA,GHA12.9_2,Garu,UpperEast,2011,0.50901,0.44859,0.51611
GHA,GHA12.9_2,Garu,UpperEast,2012,0.44601,0.3637,0.48624
GHA,GHA12.9_2,Garu,UpperEast,2013,0.32528,0.27048,0.34567
GHA,GHA12.9_2,Garu,UpperEast,2014,0.25542,0.22477,0.27486
GHA,GHA12.9_2,Garu,UpperEast,2015,0.24246,0.20931,0.27691
GHA,GHA12.9_2,Garu,UpperEast,2016,0.2636,0.22431,0.31521
GHA,GHA12.9_2,Garu,UpperEast,2017,0.27099,0.23038,0.32373
GHA,GHA12.9_2,Garu,UpperEast,2018,0.27112,0.2368,0.31359
GHA,GHA12.9_2,Garu,UpperEast,2019,0.2822,0.25121,0.31435
GHA,GHA12.9_2,Garu,UpperEast,2020,0.29349,0.26233,0.3238
GHA,GHA12.9_2,Garu,UpperEast,2021,0.28655,0.25509,0.31663
GHA,GHA12.9_2,Garu,UpperEast,2022,0.27518,0.24534,0.30228
GHA,GHA12.9_2,Garu,UpperEast,2023,0.27362,0.24165,0.29755
GHA,GHA12.9_2,Garu,UpperEast,2024,0.29255,0.25319,0.31119
GHA,GHA12.9_2,Garu,UpperEast,2025,0.29329,0.25231,0.31065
GHA,GHA13.10_2,WaEast,UpperWest,2000,0.51155,0.49227,0.5236
GHA,GHA13.10_2,WaEast,UpperWest,2001,0.50402,0.48762,0.51623
GHA,GHA13.10_2,WaEast,UpperWest,2002,0.49739,0.48176,0.50922
GHA,GHA13.10_2,WaEast,UpperWest,2003,0.48945,0.47252,0.50205
GHA,GHA13.10_2,WaEast,UpperWest,2004,0.47037,0.45156,0.48756
GHA,GHA13.10_2,WaEast,UpperWest,2005,0.4562,0.43223,0.47579
GHA,GHA13.10_2,WaEast,UpperWest,2006,0.4524,0.42463,0.4763
GHA,GHA13.10_2,WaEast,UpperWest,2007,0.45979,0.43412,0.47881
GHA,GHA13.10_2,WaEast,UpperWest,2008,0.48178,0.45901,0.49693
GHA,GHA13.10_2,WaEast,UpperWest,2009,0.51172,0.50265,0.51523
GHA,GHA13.10_2,WaEast,UpperWest,2010,0.51499,0.51397,0.51607
GHA,GHA13.10_2,WaEast,UpperWest,2011,0.51294,0.51199,0.51418
GHA,GHA13.10_2,WaEast,UpperWest,2012,0.51046,0.507,0.51212
GHA,GHA13.10_2,WaEast,UpperWest,2013,0.47354,0.4479,0.50262
GHA,GHA13.10_2,WaEast,UpperWest,2014,0.38141,0.34632,0.4448
GHA,GHA13.10_2,WaEast,UpperWest,2015,0.28282,0.24432,0.33606
GHA,GHA13.10_2,WaEast,UpperWest,2016,0.22337,0.18748,0.27759
GHA,GHA13.10_2,WaEast,UpperWest,2017,0.19685,0.16492,0.25784
GHA,GHA13.10_2,WaEast,UpperWest,2018,0.17411,0.14685,0.21946
GHA,GHA13.10_2,WaEast,UpperWest,2019,0.17118,0.1459,0.20493
GHA,GHA13.10_2,WaEast,UpperWest,2020,0.21787,0.19012,0.25149
GHA,GHA13.10_2,WaEast,UpperWest,2021,0.22958,0.20388,0.26236
GHA,GHA13.10_2,WaEast,UpperWest,2022,0.23926,0.2121,0.27062
GHA,GHA13.10_2,WaEast,UpperWest,2023,0.27771,0.24774,0.30433
GHA,GHA13.10_2,WaEast,UpperWest,2024,0.30749,0.27535,0.33233
GHA,GHA13.10_2,WaEast,UpperWest,2025,0.31551,0.28557,0.34312
GHA,GHA13.11_2,WaWest,UpperWest,2000,0.50027,0.48537,0.51633
GHA,GHA13.11_2,WaWest,UpperWest,2001,0.49757,0.48444,0.51402
GHA,GHA13.11_2,WaWest,UpperWest,2002,0.49507,0.47882,0.51341
GHA,GHA13.11_2,WaWest,UpperWest,2003,0.48703,0.46731,0.50751
GHA,GHA13.11_2,WaWest,UpperWest,2004,0.46846,0.44632,0.49166
GHA,GHA13.11_2,WaWest,UpperWest,2005,0.45536,0.43357,0.47855
GHA,GHA13.11_2,WaWest,UpperWest,2006,0.4495,0.42264,0.47625
GHA,GHA13.11_2,WaWest,UpperWest,2007,0.45402,0.4186,0.48058
GHA,GHA13.11_2,WaWest,UpperWest,2008,0.4722,0.43236,0.49309
GHA,GHA13.11_2,WaWest,UpperWest,2009,0.5045,0.47475,0.51342
GHA,GHA13.11_2,WaWest,UpperWest,2010,0.51401,0.5042,0.51559
GHA,GHA13.11_2,WaWest,UpperWest,2011,0.51225,0.50739,0.51348
GHA,GHA13.11_2,WaWest,UpperWest,2012,0.50913,0.49562,0.51161
GHA,GHA13.11_2,WaWest,UpperWest,2013,0.48036,0.43328,0.50993
GHA,GHA13.11_2,WaWest,UpperWest,2014,0.44212,0.36128,0.50925
GHA,GHA13.11_2,WaWest,UpperWest,2015,0.38467,0.29683,0.45826
GHA,GHA13.11_2,WaWest,UpperWest,2016,0.32793,0.24397,0.4193
GHA,GHA13.11_2,WaWest,UpperWest,2017,0.29938,0.2217,0.40177
GHA,GHA13.11_2,WaWest,UpperWest,2018,0.25578,0.19162,0.35784
GHA,GHA13.11_2,WaWest,UpperWest,2019,0.23368,0.18138,0.32798
GHA,GHA13.11_2,WaWest,UpperWest,2020,0.26693,0.216,0.36213
GHA,GHA13.11_2,WaWest,UpperWest,2021,0.26564,0.22292,0.35035
GHA,GHA13.11_2,WaWest,UpperWest,2022,0.2633,0.22751,0.33101
GHA,GHA13.11_2,WaWest,UpperWest,2023,0.28886,0.2571,0.34111
GHA,GHA13.11_2,WaWest,UpperWest,2024,0.30556,0.27811,0.33871
GHA,GHA13.11_2,WaWest,UpperWest,2025,0.30254,0.28215,0.32575
GHA,GHA13.1_2,Daffiama-Bussie-Issa,UpperWest,2000,0.51351,0.50265,0.52274
GHA,GHA13.1_2,Daffiama-Bussie-Issa,UpperWest,2001,0.50874,0.50021,0.51747
GHA,GHA13.1_2,Daffiama-Bussie-Issa,UpperWest,2002,0.5042,0.49383,0.51455
GHA,GHA13.1_2,Daffiama-Bussie-Issa,UpperWest,2003,0.49512,0.48367,0.50633
GHA,GHA13.1_2,Daffiama-Bussie-Issa,UpperWest,2004,0.47565,0.46212,0.48809
GHA,GHA13.1_2,Daffiama-Bussie-Issa,UpperWest,2005,0.46197,0.44428,0.47544
GHA,GHA13.1_2,Daffiama-Bussie-Issa,UpperWest,2006,0.46234,0.44518,0.47592
GHA,GHA13.1_2,Daffiama-Bussie-Issa,UpperWest,2007,0.468,0.45044,0.48145
GHA,GHA13.1_2,Daffiama-Bussie-Issa,UpperWest,2008,0.48511,0.46435,0.49916
GHA,GHA13.1_2,Daffiama-Bussie-Issa,UpperWest,2009,0.51165,0.49631,0.51658
GHA,GHA13.1_2,Daffiama-Bussie-Issa,UpperWest,2010,0.5162,0.51484,0.51694
GHA,GHA13.1_2,Daffiama-Bussie-Issa,UpperWest,2011,0.51418,0.51343,0.51483
GHA,GHA13.1_2,Daffiama-Bussie-Issa,UpperWest,2012,0.5123,0.51148,0.51295
GHA,GHA13.1_2,Daffiama-Bussie-Issa,UpperWest,2013,0.50707,0.47286,0.51111
GHA,GHA13.1_2,Daffiama-Bussie-Issa,UpperWest,2014,0.46933,0.37209,0.50931
GHA,GHA13.1_2,Daffiama-Bussie-Issa,UpperWest,2015,0.35891,0.26642,0.42552
GHA,GHA13.1_2,Daffiama-Bussie-Issa,UpperWest,2016,0.26533,0.20271,0.29848
GHA,GHA13.1_2,Daffiama-Bussie-Issa,UpperWest,2017,0.22306,0.17826,0.24597
GHA,GHA13.1_2,Daffiama-Bussie-Issa,UpperWest,2018,0.18712,0.15579,0.20743
GHA,GHA13.1_2,Daffiama-Bussie-Issa,UpperWest,2019,0.17715,0.1537,0.19964
GHA,GHA13.1_2,Daffiama-Bussie-Issa,UpperWest,2020,0.22192,0.19965,0.24723
GHA,GHA13.1_2,Daffiama-Bussie-Issa,UpperWest,2021,0.23565,0.21037,0.26239
GHA,GHA13.1_2,Daffiama-Bussie-Issa,UpperWest,2022,0.25184,0.22681,0.28147
GHA,GHA13.1_2,Daffiama-Bussie-Issa,UpperWest,2023,0.29772,0.27171,0.32502
GHA,GHA13.1_2,Daffiama-Bussie-Issa,UpperWest,2024,0.32995,0.30465,0.35361
GHA,GHA13.1_2,Daffiama-Bussie-Issa,UpperWest,2025,0.33595,0.31257,0.35502
GHA,GHA13.2_2,Jirapa,UpperWest,2000,0.51202,0.49807,0.52411
GHA,GHA13.2_2,Jirapa,UpperWest,2001,0.51187,0.50122,0.52025
GHA,GHA13.2_2,Jirapa,UpperWest,2002,0.5101,0.50192,0.51837
GHA,GHA13.2_2,Jirapa,UpperWest,2003,0.49714,0.48618,0.5064
GHA,GHA13.2_2,Jirapa,UpperWest,2004,0.47022,0.45727,0.48193
GHA,GHA13.2_2,Jirapa,UpperWest,2005,0.45429,0.43829,0.46822
GHA,GHA13.2_2,Jirapa,UpperWest,2006,0.45808,0.43795,0.47391
GHA,GHA13.2_2,Jirapa,UpperWest,2007,0.46383,0.44045,0.4824
GHA,GHA13.2_2,Jirapa,UpperWest,2008,0.47482,0.44932,0.4953
GHA,GHA13.2_2,Jirapa,UpperWest,2009,0.5015,0.47981,0.51422
GHA,GHA13.2_2,Jirapa,UpperWest,2010,0.51629,0.51164,0.51759
GHA,GHA13.2_2,Jirapa,UpperWest,2011,0.51494,0.5144,0.5155
GHA,GHA13.2_2,Jirapa,UpperWest,2012,0.51306,0.51252,0.51362
GHA,GHA13.2_2,Jirapa,UpperWest,2013,0.51129,0.51001,0.51192
GHA,GHA13.2_2,Jirapa,UpperWest,2014,0.50495,0.47748,0.51064
GHA,GHA13.2_2,Jirapa,UpperWest,2015,0.42516,0.36556,0.45344
GHA,GHA13.2_2,Jirapa,UpperWest,2016,0.29547,0.2628,0.31586
GHA,GHA13.2_2,Jirapa,UpperWest,2017,0.23596,0.21439,0.25825
GHA,GHA13.2_2,Jirapa,UpperWest,2018,0.19706,0.17461,0.22144
GHA,GHA13.2_2,Jirapa,UpperWest,2019,0.18697,0.15841,0.2143
GHA,GHA13.2_2,Jirapa,UpperWest,2020,0.22587,0.18751,0.25917
GHA,GHA13.2_2,Jirapa,UpperWest,2021,0.23705,0.19803,0.27144
GHA,GHA13.2_2,Jirapa,UpperWest,2022,0.25292,0.21357,0.2882
GHA,GHA13.2_2,Jirapa,UpperWest,2023,0.3001,0.2575,0.33245
GHA,GHA13.2_2,Jirapa,UpperWest,2024,0.32993,0.2903,0.35955
GHA,GHA13.2_2,Jirapa,UpperWest,2025,0.33131,0.29821,0.35677
GHA,GHA13.3_2,Lambussie-Karni,UpperWest,2000,0.52064,0.51354,0.52737
GHA,GHA13.3_2,Lambussie-Karni,UpperWest,2001,0.51911,0.51556,0.52302
GHA,GHA13.3_2,Lambussie-Karni,UpperWest,2002,0.51589,0.51009,0.51948
GHA,GHA13.3_2,Lambussie-Karni,UpperWest,2003,0.50157,0.49068,0.50942
GHA,GHA13.3_2,Lambussie-Karni,UpperWest,2004,0.47044,0.45155,0.48111
GHA,GHA13.3_2,Lambussie-Karni,UpperWest,2005,0.45497,0.43612,0.46855
GHA,GHA13.3_2,Lambussie-Karni,UpperWest,2006,0.46276,0.44203,0.47705
GHA,GHA13.3_2,Lambussie-Karni,UpperWest,2007,0.4725,0.45634,0.48739
GHA,GHA13.3_2,Lambussie-Karni,UpperWest,2008,0.48283,0.46848,0.49746
GHA,GHA13.3_2,Lambussie-Karni,UpperWest,2009,0.50878,0.49934,0.5161
GHA,GHA13.3_2,Lambussie-Karni,UpperWest,2010,0.51784,0.51699,0.51862
GHA,GHA13.3_2,Lambussie-Karni,UpperWest,2011,0.51594,0.51534,0.51651
GHA,GHA13.3_2,Lambussie-Karni,UpperWest,2012,0.51403,0.51346,0.51462
GHA,GHA13.3_2,Lambussie-Karni,UpperWest,2013,0.50617,0.47447,0.51184
GHA,GHA13.3_2,Lambussie-Karni,UpperWest,2014,0.48055,0.41104,0.50826
GHA,GHA13.3_2,Lambussie-Karni,UpperWest,2015,0.40037,0.33581,0.43807
GHA,GHA13.3_2,Lambussie-Karni,UpperWest,2016,0.29597,0.25828,0.32682
GHA,GHA13.3_2,Lambussie-Karni,UpperWest,2017,0.25011,0.22078,0.28582
GHA,GHA13.3_2,Lambussie-Karni,UpperWest,2018,0.21089,0.17875,0.24628
GHA,GHA13.3_2,Lambussie-Karni,UpperWest,2019,0.19847,0.16134,0.23686
GHA,GHA13.3_2,Lambussie-Karni,UpperWest,2020,0.23745,0.19231,0.28443
GHA,GHA13.3_2,Lambussie-Karni,UpperWest,2021,0.24981,0.20516,0.29425
GHA,GHA13.3_2,Lambussie-Karni,UpperWest,2022,0.26185,0.22231,0.29967
GHA,GHA13.3_2,Lambussie-Karni,UpperWest,2023,0.30421,0.26375,0.34102
GHA,GHA13.3_2,Lambussie-Karni,UpperWest,2024,0.32904,0.29052,0.35586
GHA,GHA13.3_2,Lambussie-Karni,UpperWest,2025,0.32497,0.29337,0.34455
GHA,GHA13.4_2,Lawra,UpperWest,2000,0.51403,0.49544,0.5913
GHA,GHA13.4_2,Lawra,UpperWest,2001,0.51684,0.5026,0.5967
GHA,GHA13.4_2,Lawra,UpperWest,2002,0.51658,0.50212,0.59688
GHA,GHA13.4_2,Lawra,UpperWest,2003,0.50354,0.48379,0.58461
GHA,GHA13.4_2,Lawra,UpperWest,2004,0.47251,0.45189,0.55166
GHA,GHA13.4_2,Lawra,UpperWest,2005,0.45464,0.42937,0.5277
GHA,GHA13.4_2,Lawra,UpperWest,2006,0.45884,0.42584,0.53456
GHA,GHA13.4_2,Lawra,UpperWest,2007,0.46282,0.42773,0.54149
GHA,GHA13.4_2,Lawra,UpperWest,2008,0.47097,0.43864,0.55358
GHA,GHA13.4_2,Lawra,UpperWest,2009,0.49793,0.47116,0.58572
GHA,GHA13.4_2,Lawra,UpperWest,2010,0.51904,0.50852,0.60312
GHA,GHA13.4_2,Lawra,UpperWest,2011,0.51859,0.51445,0.60272
GHA,GHA13.4_2,Lawra,UpperWest,2012,0.51665,0.5127,0.59967
GHA,GHA13.4_2,Lawra,UpperWest,2013,0.51435,0.50883,0.59773
GHA,GHA13.4_2,Lawra,UpperWest,2014,0.5045,0.48668,0.59584
GHA,GHA13.4_2,Lawra,UpperWest,2015,0.4064,0.37837,0.52771
GHA,GHA13.4_2,Lawra,UpperWest,2016,0.27826,0.25877,0.36942
GHA,GHA13.4_2,Lawra,UpperWest,2017,0.22284,0.20656,0.2897
GHA,GHA13.4_2,Lawra,UpperWest,2018,0.18182,0.16724,0.22839
GHA,GHA13.4_2,Lawra,UpperWest,2019,0.16801,0.15197,0.20387
GHA,GHA13.4_2,Lawra,UpperWest,2020,0.19877,0.17793,0.22859
GHA,GHA13.4_2,Lawra,UpperWest,2021,0.21305,0.18881,0.24078
GHA,GHA13.4_2,Lawra,UpperWest,2022,0.23286,0.20495,0.28199
GHA,GHA13.4_2,Lawra,UpperWest,2023,0.27967,0.24353,0.36399
GHA,GHA13.4_2,Lawra,UpperWest,2024,0.30978,0.27607,0.36582
GHA,GHA13.4_2,Lawra,UpperWest,2025,0.31337,0.28572,0.366
GHA,GHA13.5_2,Nadowli-Kaleo,UpperWest,2000,0.50783,0.49808,0.51497
GHA,GHA13.5_2,Nadowli-Kaleo,UpperWest,2001,0.50767,0.49942,0.51365
GHA,GHA13.5_2,Nadowli-Kaleo,UpperWest,2002,0.50737,0.498,0.51297
GHA,GHA13.5_2,Nadowli-Kaleo,UpperWest,2003,0.49815,0.48947,0.50676
GHA,GHA13.5_2,Nadowli-Kaleo,UpperWest,2004,0.47781,0.46739,0.48895
GHA,GHA13.5_2,Nadowli-Kaleo,UpperWest,2005,0.46182,0.44873,0.47582
GHA,GHA13.5_2,Nadowli-Kaleo,UpperWest,2006,0.45888,0.44575,0.47307
GHA,GHA13.5_2,Nadowli-Kaleo,UpperWest,2007,0.46296,0.4512,0.47582
GHA,GHA13.5_2,Nadowli-Kaleo,UpperWest,2008,0.47551,0.46318,0.48575
GHA,GHA13.5_2,Nadowli-Kaleo,UpperWest,2009,0.50368,0.49268,0.51011
GHA,GHA13.5_2,Nadowli-Kaleo,UpperWest,2010,0.51586,0.51525,0.51637
GHA,GHA13.5_2,Nadowli-Kaleo,UpperWest,2011,0.51381,0.51314,0.51439
GHA,GHA13.5_2,Nadowli-Kaleo,UpperWest,2012,0.51194,0.51128,0.51252
GHA,GHA13.5_2,Nadowli-Kaleo,UpperWest,2013,0.50887,0.49197,0.51083
GHA,GHA13.5_2,Nadowli-Kaleo,UpperWest,2014,0.48962,0.42847,0.51016
GHA,GHA13.5_2,Nadowli-Kaleo,UpperWest,2015,0.3952,0.3281,0.46315
GHA,GHA13.5_2,Nadowli-Kaleo,UpperWest,2016,0.2789,0.23753,0.33268
GHA,GHA13.5_2,Nadowli-Kaleo,UpperWest,2017,0.23236,0.19671,0.2776
GHA,GHA13.5_2,Nadowli-Kaleo,UpperWest,2018,0.1979,0.16981,0.2346
GHA,GHA13.5_2,Nadowli-Kaleo,UpperWest,2019,0.18649,0.16379,0.21697
GHA,GHA13.5_2,Nadowli-Kaleo,UpperWest,2020,0.22146,0.19932,0.24812
GHA,GHA13.5_2,Nadowli-Kaleo,UpperWest,2021,0.2308,0.21182,0.25339
GHA,GHA13.5_2,Nadowli-Kaleo,UpperWest,2022,0.24336,0.22815,0.26277
GHA,GHA13.5_2,Nadowli-Kaleo,UpperWest,2023,0.28366,0.26542,0.30137
GHA,GHA13.5_2,Nadowli-Kaleo,UpperWest,2024,0.31425,0.29683,0.32687
GHA,GHA13.5_2,Nadowli-Kaleo,UpperWest,2025,0.31807,0.29994,0.33002
GHA,GHA13.6_2,Nandom,UpperWest,2000,0.51996,0.51237,0.52721
GHA,GHA13.6_2,Nandom,UpperWest,2001,0.51963,0.51439,0.52689
GHA,GHA13.6_2,Nandom,UpperWest,2002,0.51718,0.51156,0.52297
GHA,GHA13.6_2,Nandom,UpperWest,2003,0.50349,0.49526,0.50932
GHA,GHA13.6_2,Nandom,UpperWest,2004,0.47317,0.45876,0.484
GHA,GHA13.6_2,Nandom,UpperWest,2005,0.45769,0.44222,0.47088
GHA,GHA13.6_2,Nandom,UpperWest,2006,0.46483,0.44967,0.47843
GHA,GHA13.6_2,Nandom,UpperWest,2007,0.47281,0.4591,0.48738
GHA,GHA13.6_2,Nandom,UpperWest,2008,0.48072,0.46776,0.49361
GHA,GHA13.6_2,Nandom,UpperWest,2009,0.50533,0.49701,0.51221
GHA,GHA13.6_2,Nandom,UpperWest,2010,0.5178,0.51679,0.51858
GHA,GHA13.6_2,Nandom,UpperWest,2011,0.51602,0.51569,0.51653
GHA,GHA13.6_2,Nandom,UpperWest,2012,0.51408,0.51373,0.51464
GHA,GHA13.6_2,Nandom,UpperWest,2013,0.51044,0.50579,0.512
GHA,GHA13.6_2,Nandom,UpperWest,2014,0.48634,0.46503,0.50343
GHA,GHA13.6_2,Nandom,UpperWest,2015,0.387,0.36428,0.40432
GHA,GHA13.6_2,Nandom,UpperWest,2016,0.29616,0.28259,0.30924
GHA,GHA13.6_2,Nandom,UpperWest,2017,0.24816,0.23668,0.26081
GHA,GHA13.6_2,Nandom,UpperWest,2018,0.19716,0.18765,0.20519
GHA,GHA13.6_2,Nandom,UpperWest,2019,0.17623,0.16631,0.19134
GHA,GHA13.6_2,Nandom,UpperWest,2020,0.20779,0.19841,0.22485
GHA,GHA13.6_2,Nandom,UpperWest,2021,0.22074,0.21024,0.23626
GHA,GHA13.6_2,Nandom,UpperWest,2022,0.2413,0.22855,0.2543
GHA,GHA13.6_2,Nandom,UpperWest,2023,0.28504,0.27186,0.29834
GHA,GHA13.6_2,Nandom,UpperWest,2024,0.31398,0.30123,0.32499
GHA,GHA13.6_2,Nandom,UpperWest,2025,0.31413,0.30246,0.32356
GHA,GHA13.7_2,SissalaEast,UpperWest,2000,0.52715,0.5032,0.61198
GHA,GHA13.7_2,SissalaEast,UpperWest,2001,0.51878,0.49623,0.60897
GHA,GHA13.7_2,SissalaEast,UpperWest,2002,0.50846,0.48933,0.59818
GHA,GHA13.7_2,SissalaEast,UpperWest,2003,0.4888,0.45788,0.57707
GHA,GHA13.7_2,SissalaEast,UpperWest,2004,0.46032,0.41791,0.5306
GHA,GHA13.7_2,SissalaEast,UpperWest,2005,0.44476,0.40062,0.5155
GHA,GHA13.7_2,SissalaEast,UpperWest,2006,0.44331,0.39082,0.52972
GHA,GHA13.7_2,SissalaEast,UpperWest,2007,0.44755,0.40164,0.54604
GHA,GHA13.7_2,SissalaEast,UpperWest,2008,0.46726,0.42332,0.5693
GHA,GHA13.7_2,SissalaEast,UpperWest,2009,0.50598,0.47153,0.60272
GHA,GHA13.7_2,SissalaEast,UpperWest,2010,0.51749,0.50229,0.60595
GHA,GHA13.7_2,SissalaEast,UpperWest,2011,0.51591,0.50331,0.60498
GHA,GHA13.7_2,SissalaEast,UpperWest,2012,0.51115,0.48434,0.60295
GHA,GHA13.7_2,SissalaEast,UpperWest,2013,0.46584,0.41272,0.59405
GHA,GHA13.7_2,SissalaEast,UpperWest,2014,0.38135,0.32619,0.56307
GHA,GHA13.7_2,SissalaEast,UpperWest,2015,0.29807,0.23669,0.52108
GHA,GHA13.7_2,SissalaEast,UpperWest,2016,0.2445,0.17883,0.4466
GHA,GHA13.7_2,SissalaEast,UpperWest,2017,0.22299,0.15569,0.4132
GHA,GHA13.7_2,SissalaEast,UpperWest,2018,0.20353,0.1413,0.4337
GHA,GHA13.7_2,SissalaEast,UpperWest,2019,0.20471,0.14807,0.46609
GHA,GHA13.7_2,SissalaEast,UpperWest,2020,0.25473,0.1976,0.49376
GHA,GHA13.7_2,SissalaEast,UpperWest,2021,0.26813,0.20695,0.51277
GHA,GHA13.7_2,SissalaEast,UpperWest,2022,0.27638,0.21049,0.51575
GHA,GHA13.7_2,SissalaEast,UpperWest,2023,0.31467,0.24713,0.5123
GHA,GHA13.7_2,SissalaEast,UpperWest,2024,0.34406,0.27953,0.48622
GHA,GHA13.7_2,SissalaEast,UpperWest,2025,0.34594,0.29723,0.45713
GHA,GHA13.8_2,SissalaWest,UpperWest,2000,0.52497,0.50997,0.6081
GHA,GHA13.8_2,SissalaWest,UpperWest,2001,0.51899,0.50569,0.60685
GHA,GHA13.8_2,SissalaWest,UpperWest,2002,0.51224,0.4998,0.60342
GHA,GHA13.8_2,SissalaWest,UpperWest,2003,0.49701,0.48193,0.59413
GHA,GHA13.8_2,SissalaWest,UpperWest,2004,0.46733,0.44405,0.57648
GHA,GHA13.8_2,SissalaWest,UpperWest,2005,0.45187,0.42496,0.56352
GHA,GHA13.8_2,SissalaWest,UpperWest,2006,0.46116,0.43377,0.5788
GHA,GHA13.8_2,SissalaWest,UpperWest,2007,0.47399,0.44679,0.59188
GHA,GHA13.8_2,SissalaWest,UpperWest,2008,0.49029,0.46903,0.59924
GHA,GHA13.8_2,SissalaWest,UpperWest,2009,0.51581,0.50669,0.60683
GHA,GHA13.8_2,SissalaWest,UpperWest,2010,0.51979,0.51628,0.60624
GHA,GHA13.8_2,SissalaWest,UpperWest,2011,0.51774,0.51465,0.60507
GHA,GHA13.8_2,SissalaWest,UpperWest,2012,0.51558,0.51008,0.60334
GHA,GHA13.8_2,SissalaWest,UpperWest,2013,0.50416,0.46191,0.59944
GHA,GHA13.8_2,SissalaWest,UpperWest,2014,0.45094,0.37683,0.59466
GHA,GHA13.8_2,SissalaWest,UpperWest,2015,0.35068,0.29417,0.55589
GHA,GHA13.8_2,SissalaWest,UpperWest,2016,0.27662,0.21994,0.46474
GHA,GHA13.8_2,SissalaWest,UpperWest,2017,0.24243,0.18669,0.41675
GHA,GHA13.8_2,SissalaWest,UpperWest,2018,0.21681,0.16679,0.4235
GHA,GHA13.8_2,SissalaWest,UpperWest,2019,0.21633,0.17298,0.46009
GHA,GHA13.8_2,SissalaWest,UpperWest,2020,0.25867,0.21936,0.4862
GHA,GHA13.8_2,SissalaWest,UpperWest,2021,0.26822,0.23557,0.50663
GHA,GHA13.8_2,SissalaWest,UpperWest,2022,0.28236,0.25832,0.51035
GHA,GHA13.8_2,SissalaWest,UpperWest,2023,0.32402,0.30294,0.50031
GHA,GHA13.8_2,SissalaWest,UpperWest,2024,0.34994,0.32564,0.47123
GHA,GHA13.8_2,SissalaWest,UpperWest,2025,0.34672,0.31972,0.43945
GHA,GHA13.9_2,WaMunicipal,UpperWest,2000,0.50444,0.48243,0.51091
GHA,GHA13.9_2,WaMunicipal,UpperWest,2001,0.49981,0.48085,0.5064
GHA,GHA13.9_2,WaMunicipal,UpperWest,2002,0.49653,0.48014,0.50377
GHA,GHA13.9_2,WaMunicipal,UpperWest,2003,0.48887,0.46461,0.49689
GHA,GHA13.9_2,WaMunicipal,UpperWest,2004,0.46982,0.4377,0.48056
GHA,GHA13.9_2,WaMunicipal,UpperWest,2005,0.45761,0.42322,0.47132
GHA,GHA13.9_2,WaMunicipal,UpperWest,2006,0.45326,0.41619,0.46529
GHA,GHA13.9_2,WaMunicipal,UpperWest,2007,0.46156,0.42372,0.47285
GHA,GHA13.9_2,WaMunicipal,UpperWest,2008,0.48123,0.44458,0.49102
GHA,GHA13.9_2,WaMunicipal,UpperWest,2009,0.50864,0.49112,0.51305
GHA,GHA13.9_2,WaMunicipal,UpperWest,2010,0.51496,0.51466,0.51539
GHA,GHA13.9_2,WaMunicipal,UpperWest,2011,0.51287,0.51255,0.51328
GHA,GHA13.9_2,WaMunicipal,UpperWest,2012,0.51078,0.50839,0.51142
GHA,GHA13.9_2,WaMunicipal,UpperWest,2013,0.4786,0.44707,0.49883
GHA,GHA13.9_2,WaMunicipal,UpperWest,2014,0.4083,0.36545,0.43981
GHA,GHA13.9_2,WaMunicipal,UpperWest,2015,0.32141,0.28635,0.35297
GHA,GHA13.9_2,WaMunicipal,UpperWest,2016,0.25333,0.22046,0.28238
GHA,GHA13.9_2,WaMunicipal,UpperWest,2017,0.22511,0.19287,0.24899
GHA,GHA13.9_2,WaMunicipal,UpperWest,2018,0.19751,0.1661,0.21654
GHA,GHA13.9_2,WaMunicipal,UpperWest,2019,0.18871,0.15656,0.20401
GHA,GHA13.9_2,WaMunicipal,UpperWest,2020,0.22458,0.18712,0.24256
GHA,GHA13.9_2,WaMunicipal,UpperWest,2021,0.23613,0.19786,0.25352
GHA,GHA13.9_2,WaMunicipal,UpperWest,2022,0.24502,0.2075,0.26039
GHA,GHA13.9_2,WaMunicipal,UpperWest,2023,0.27723,0.23643,0.2934
GHA,GHA13.9_2,WaMunicipal,UpperWest,2024,0.30764,0.26399,0.32978
GHA,GHA13.9_2,WaMunicipal,UpperWest,2025,0.31223,0.27716,0.33081
GHA,GHA14.10_2,Hohoe,Volta,2000,0.47482,0.41355,0.50175
GHA,GHA14.10_2,Hohoe,Volta,2001,0.43018,0.35642,0.46571
GHA,GHA14.10_2,Hohoe,Volta,2002,0.37197,0.28533,0.41927
GHA,GHA14.10_2,Hohoe,Volta,2003,0.28295,0.20123,0.34162
GHA,GHA14.10_2,Hohoe,Volta,2004,0.21995,0.14915,0.27973
GHA,GHA14.10_2,Hohoe,Volta,2005,0.2108,0.14005,0.27374
GHA,GHA14.10_2,Hohoe,Volta,2006,0.24955,0.17127,0.32008
GHA,GHA14.10_2,Hohoe,Volta,2007,0.30772,0.21949,0.37514
GHA,GHA14.10_2,Hohoe,Volta,2008,0.33953,0.24838,0.39405
GHA,GHA14.10_2,Hohoe,Volta,2009,0.34628,0.25292,0.39177
GHA,GHA14.10_2,Hohoe,Volta,2010,0.34545,0.2521,0.39819
GHA,GHA14.10_2,Hohoe,Volta,2011,0.3482,0.25507,0.40882
GHA,GHA14.10_2,Hohoe,Volta,2012,0.35206,0.25261,0.40818
GHA,GHA14.10_2,Hohoe,Volta,2013,0.34808,0.24844,0.39928
GHA,GHA14.10_2,Hohoe,Volta,2014,0.32666,0.23044,0.38138
GHA,GHA14.10_2,Hohoe,Volta,2015,0.2969,0.20613,0.37214
GHA,GHA14.10_2,Hohoe,Volta,2016,0.28566,0.19346,0.3814
GHA,GHA14.10_2,Hohoe,Volta,2017,0.28693,0.19487,0.39155
GHA,GHA14.10_2,Hohoe,Volta,2018,0.29046,0.20145,0.38227
GHA,GHA14.10_2,Hohoe,Volta,2019,0.2996,0.21199,0.37111
GHA,GHA14.10_2,Hohoe,Volta,2020,0.29207,0.20807,0.34369
GHA,GHA14.10_2,Hohoe,Volta,2021,0.25401,0.18043,0.28835
GHA,GHA14.10_2,Hohoe,Volta,2022,0.21782,0.15209,0.253
GHA,GHA14.10_2,Hohoe,Volta,2023,0.20334,0.14202,0.23526
GHA,GHA14.10_2,Hohoe,Volta,2024,0.2103,0.1503,0.24193
GHA,GHA14.10_2,Hohoe,Volta,2025,0.21411,0.15889,0.24494
GHA,GHA14.11_2,KetaMunicipal,Volta,2000,0.46058,0.42218,0.49149
GHA,GHA14.11_2,KetaMunicipal,Volta,2001,0.4269,0.38843,0.46575
GHA,GHA14.11_2,KetaMunicipal,Volta,2002,0.40536,0.37048,0.44444
GHA,GHA14.11_2,KetaMunicipal,Volta,2003,0.39732,0.36248,0.43422
GHA,GHA14.11_2,KetaMunicipal,Volta,2004,0.39384,0.35949,0.43091
GHA,GHA14.11_2,KetaMunicipal,Volta,2005,0.38441,0.34418,0.4242
GHA,GHA14.11_2,KetaMunicipal,Volta,2006,0.3586,0.30989,0.40265
GHA,GHA14.11_2,KetaMunicipal,Volta,2007,0.32449,0.27462,0.37203
GHA,GHA14.11_2,KetaMunicipal,Volta,2008,0.28917,0.24305,0.33902
GHA,GHA14.11_2,KetaMunicipal,Volta,2009,0.25145,0.21471,0.29873
GHA,GHA14.11_2,KetaMunicipal,Volta,2010,0.22609,0.19532,0.2676
GHA,GHA14.11_2,KetaMunicipal,Volta,2011,0.22428,0.19671,0.26329
GHA,GHA14.11_2,KetaMunicipal,Volta,2012,0.23801,0.20294,0.28401
GHA,GHA14.11_2,KetaMunicipal,Volta,2013,0.25085,0.20893,0.30606
GHA,GHA14.11_2,KetaMunicipal,Volta,2014,0.2422,0.19987,0.2977
GHA,GHA14.11_2,KetaMunicipal,Volta,2015,0.22149,0.18346,0.27403
GHA,GHA14.11_2,KetaMunicipal,Volta,2016,0.20057,0.16781,0.2471
GHA,GHA14.11_2,KetaMunicipal,Volta,2017,0.18438,0.15073,0.23217
GHA,GHA14.11_2,KetaMunicipal,Volta,2018,0.16901,0.13421,0.21721
GHA,GHA14.11_2,KetaMunicipal,Volta,2019,0.16528,0.1296,0.21366
GHA,GHA14.11_2,KetaMunicipal,Volta,2020,0.17032,0.13539,0.21637
GHA,GHA14.11_2,KetaMunicipal,Volta,2021,0.18019,0.14816,0.22153
GHA,GHA14.11_2,KetaMunicipal,Volta,2022,0.18908,0.15867,0.22416
GHA,GHA14.11_2,KetaMunicipal,Volta,2023,0.1905,0.16187,0.21965
GHA,GHA14.11_2,KetaMunicipal,Volta,2024,0.19263,0.16523,0.22269
GHA,GHA14.11_2,KetaMunicipal,Volta,2025,0.18088,0.15591,0.20702
GHA,GHA14.12_2,KetuNorth,Volta,2000,0.48188,0.45383,0.50312
GHA,GHA14.12_2,KetuNorth,Volta,2001,0.44042,0.40492,0.46442
GHA,GHA14.12_2,KetuNorth,Volta,2002,0.41232,0.37637,0.43554
GHA,GHA14.12_2,KetuNorth,Volta,2003,0.40258,0.3662,0.42844
GHA,GHA14.12_2,KetuNorth,Volta,2004,0.40475,0.36668,0.43329
GHA,GHA14.12_2,KetuNorth,Volta,2005,0.40413,0.36295,0.43928
GHA,GHA14.12_2,KetuNorth,Volta,2006,0.39679,0.35278,0.44583
GHA,GHA14.12_2,KetuNorth,Volta,2007,0.38174,0.33279,0.44306
GHA,GHA14.12_2,KetuNorth,Volta,2008,0.355,0.29992,0.42521
GHA,GHA14.12_2,KetuNorth,Volta,2009,0.31403,0.26038,0.38857
GHA,GHA14.12_2,KetuNorth,Volta,2010,0.27934,0.2287,0.35049
GHA,GHA14.12_2,KetuNorth,Volta,2011,0.26675,0.21847,0.33247
GHA,GHA14.12_2,KetuNorth,Volta,2012,0.26831,0.22378,0.33005
GHA,GHA14.12_2,KetuNorth,Volta,2013,0.27213,0.22867,0.33159
GHA,GHA14.12_2,KetuNorth,Volta,2014,0.26371,0.22082,0.32265
GHA,GHA14.12_2,KetuNorth,Volta,2015,0.25112,0.20608,0.31457
GHA,GHA14.12_2,KetuNorth,Volta,2016,0.24312,0.19274,0.31606
GHA,GHA14.12_2,KetuNorth,Volta,2017,0.2366,0.18314,0.31341
GHA,GHA14.12_2,KetuNorth,Volta,2018,0.22695,0.17515,0.29718
GHA,GHA14.12_2,KetuNorth,Volta,2019,0.22514,0.17637,0.28988
GHA,GHA14.12_2,KetuNorth,Volta,2020,0.22631,0.17998,0.2897
GHA,GHA14.12_2,KetuNorth,Volta,2021,0.22758,0.18757,0.28189
GHA,GHA14.12_2,KetuNorth,Volta,2022,0.22573,0.19175,0.27626
GHA,GHA14.12_2,KetuNorth,Volta,2023,0.21992,0.18866,0.26764
GHA,GHA14.12_2,KetuNorth,Volta,2024,0.22048,0.18901,0.26431
GHA,GHA14.12_2,KetuNorth,Volta,2025,0.20536,0.17697,0.24327
GHA,GHA14.13_2,KetuSouth,Volta,2000,0.45319,0.39462,0.48752
GHA,GHA14.13_2,KetuSouth,Volta,2001,0.40953,0.34038,0.44919
GHA,GHA14.13_2,KetuSouth,Volta,2002,0.38639,0.31878,0.4285
GHA,GHA14.13_2,KetuSouth,Volta,2003,0.3822,0.31965,0.42157
GHA,GHA14.13_2,KetuSouth,Volta,2004,0.38939,0.33294,0.42877
GHA,GHA14.13_2,KetuSouth,Volta,2005,0.38884,0.33684,0.43031
GHA,GHA14.13_2,KetuSouth,Volta,2006,0.37776,0.32863,0.42396
GHA,GHA14.13_2,KetuSouth,Volta,2007,0.35766,0.31186,0.40998
GHA,GHA14.13_2,KetuSouth,Volta,2008,0.32283,0.27877,0.37886
GHA,GHA14.13_2,KetuSouth,Volta,2009,0.27555,0.23028,0.33233
GHA,GHA14.13_2,KetuSouth,Volta,2010,0.23517,0.18859,0.28776
GHA,GHA14.13_2,KetuSouth,Volta,2011,0.21855,0.16769,0.27144
GHA,GHA14.13_2,KetuSouth,Volta,2012,0.21489,0.15884,0.26549
GHA,GHA14.13_2,KetuSouth,Volta,2013,0.21408,0.15387,0.26284
GHA,GHA14.13_2,KetuSouth,Volta,2014,0.20283,0.14378,0.2491
GHA,GHA14.13_2,KetuSouth,Volta,2015,0.18962,0.13374,0.23828
GHA,GHA14.13_2,KetuSouth,Volta,2016,0.17883,0.12675,0.22742
GHA,GHA14.13_2,KetuSouth,Volta,2017,0.17508,0.12492,0.22734
GHA,GHA14.13_2,KetuSouth,Volta,2018,0.17413,0.12701,0.22511
GHA,GHA14.13_2,KetuSouth,Volta,2019,0.18016,0.13655,0.23092
GHA,GHA14.13_2,KetuSouth,Volta,2020,0.18675,0.14585,0.23455
GHA,GHA14.13_2,KetuSouth,Volta,2021,0.19349,0.15506,0.23708
GHA,GHA14.13_2,KetuSouth,Volta,2022,0.19655,0.16036,0.23445
GHA,GHA14.13_2,KetuSouth,Volta,2023,0.19523,0.16054,0.23166
GHA,GHA14.13_2,KetuSouth,Volta,2024,0.19903,0.16593,0.23553
GHA,GHA14.13_2,KetuSouth,Volta,2025,0.18872,0.16023,0.22122
GHA,GHA14.14_2,Kpando,Volta,2000,0.45829,0.43595,0.48844
GHA,GHA14.14_2,Kpando,Volta,2001,0.41184,0.38387,0.45199
GHA,GHA14.14_2,Kpando,Volta,2002,0.35364,0.32463,0.40051
GHA,GHA14.14_2,Kpando,Volta,2003,0.27123,0.24118,0.32409
GHA,GHA14.14_2,Kpando,Volta,2004,0.21321,0.18757,0.26322
GHA,GHA14.14_2,Kpando,Volta,2005,0.20114,0.17489,0.24913
GHA,GHA14.14_2,Kpando,Volta,2006,0.23034,0.20184,0.28038
GHA,GHA14.14_2,Kpando,Volta,2007,0.28269,0.2518,0.33607
GHA,GHA14.14_2,Kpando,Volta,2008,0.32418,0.29356,0.37711
GHA,GHA14.14_2,Kpando,Volta,2009,0.35595,0.32519,0.41356
GHA,GHA14.14_2,Kpando,Volta,2010,0.38329,0.35265,0.44177
GHA,GHA14.14_2,Kpando,Volta,2011,0.40107,0.37064,0.45664
GHA,GHA14.14_2,Kpando,Volta,2012,0.4045,0.37215,0.45771
GHA,GHA14.14_2,Kpando,Volta,2013,0.38653,0.35275,0.44179
GHA,GHA14.14_2,Kpando,Volta,2014,0.33921,0.30623,0.39119
GHA,GHA14.14_2,Kpando,Volta,2015,0.2757,0.2465,0.31706
GHA,GHA14.14_2,Kpando,Volta,2016,0.23618,0.20789,0.27492
GHA,GHA14.14_2,Kpando,Volta,2017,0.22997,0.20144,0.26844
GHA,GHA14.14_2,Kpando,Volta,2018,0.24696,0.21853,0.28572
GHA,GHA14.14_2,Kpando,Volta,2019,0.28013,0.25085,0.31979
GHA,GHA14.14_2,Kpando,Volta,2020,0.29692,0.26705,0.34036
GHA,GHA14.14_2,Kpando,Volta,2021,0.27797,0.25038,0.31914
GHA,GHA14.14_2,Kpando,Volta,2022,0.24846,0.22288,0.29058
GHA,GHA14.14_2,Kpando,Volta,2023,0.23054,0.20551,0.27155
GHA,GHA14.14_2,Kpando,Volta,2024,0.22676,0.20068,0.26789
GHA,GHA14.14_2,Kpando,Volta,2025,0.21452,0.18972,0.25106
GHA,GHA14.15_2,NorthDayi,Volta,2000,0.47293,0.45329,0.49595
GHA,GHA14.15_2,NorthDayi,Volta,2001,0.43086,0.40653,0.46319
GHA,GHA14.15_2,NorthDayi,Volta,2002,0.37301,0.34967,0.41183
GHA,GHA14.15_2,NorthDayi,Volta,2003,0.29462,0.27031,0.33985
GHA,GHA14.15_2,NorthDayi,Volta,2004,0.23593,0.21674,0.27354
GHA,GHA14.15_2,NorthDayi,Volta,2005,0.22111,0.2035,0.25356
GHA,GHA14.15_2,NorthDayi,Volta,2006,0.24285,0.21831,0.27446
GHA,GHA14.15_2,NorthDayi,Volta,2007,0.28807,0.24915,0.32116
GHA,GHA14.15_2,NorthDayi,Volta,2008,0.3299,0.2841,0.36432
GHA,GHA14.15_2,NorthDayi,Volta,2009,0.3698,0.31659,0.39863
GHA,GHA14.15_2,NorthDayi,Volta,2010,0.40382,0.34691,0.43226
GHA,GHA14.15_2,NorthDayi,Volta,2011,0.42123,0.36277,0.45581
GHA,GHA14.15_2,NorthDayi,Volta,2012,0.41875,0.35751,0.46068
GHA,GHA14.15_2,NorthDayi,Volta,2013,0.39252,0.33096,0.44049
GHA,GHA14.15_2,NorthDayi,Volta,2014,0.33862,0.28475,0.38762
GHA,GHA14.15_2,NorthDayi,Volta,2015,0.27114,0.22948,0.30797
GHA,GHA14.15_2,NorthDayi,Volta,2016,0.22835,0.1955,0.25688
GHA,GHA14.15_2,NorthDayi,Volta,2017,0.22003,0.18765,0.24757
GHA,GHA14.15_2,NorthDayi,Volta,2018,0.23834,0.2014,0.27208
GHA,GHA14.15_2,NorthDayi,Volta,2019,0.27448,0.22907,0.32267
GHA,GHA14.15_2,NorthDayi,Volta,2020,0.29519,0.24538,0.34678
GHA,GHA14.15_2,NorthDayi,Volta,2021,0.28125,0.23639,0.33101
GHA,GHA14.15_2,NorthDayi,Volta,2022,0.25314,0.21641,0.29169
GHA,GHA14.15_2,NorthDayi,Volta,2023,0.2348,0.20454,0.26537
GHA,GHA14.15_2,NorthDayi,Volta,2024,0.22855,0.20109,0.2559
GHA,GHA14.15_2,NorthDayi,Volta,2025,0.21344,0.19045,0.23683
GHA,GHA14.16_2,NorthTongu,Volta,2000,0.50146,0.47554,0.51557
GHA,GHA14.16_2,NorthTongu,Volta,2001,0.47827,0.44382,0.50371
GHA,GHA14.16_2,NorthTongu,Volta,2002,0.43634,0.40293,0.46899
GHA,GHA14.16_2,NorthTongu,Volta,2003,0.37567,0.3296,0.41286
GHA,GHA14.16_2,NorthTongu,Volta,2004,0.30906,0.25059,0.36395
GHA,GHA14.16_2,NorthTongu,Volta,2005,0.26251,0.1986,0.32451
GHA,GHA14.16_2,NorthTongu,Volta,2006,0.23399,0.17047,0.30223
GHA,GHA14.16_2,NorthTongu,Volta,2007,0.21812,0.15809,0.29122
GHA,GHA14.16_2,NorthTongu,Volta,2008,0.21194,0.15556,0.28927
GHA,GHA14.16_2,NorthTongu,Volta,2009,0.21105,0.15808,0.28915
GHA,GHA14.16_2,NorthTongu,Volta,2010,0.21983,0.16411,0.29575
GHA,GHA14.16_2,NorthTongu,Volta,2011,0.23756,0.1778,0.3138
GHA,GHA14.16_2,NorthTongu,Volta,2012,0.25825,0.19987,0.33179
GHA,GHA14.16_2,NorthTongu,Volta,2013,0.27393,0.2244,0.33111
GHA,GHA14.16_2,NorthTongu,Volta,2014,0.26919,0.23129,0.31313
GHA,GHA14.16_2,NorthTongu,Volta,2015,0.25246,0.22546,0.28442
GHA,GHA14.16_2,NorthTongu,Volta,2016,0.2293,0.19939,0.2544
GHA,GHA14.16_2,NorthTongu,Volta,2017,0.20489,0.17815,0.23604
GHA,GHA14.16_2,NorthTongu,Volta,2018,0.17247,0.14174,0.21288
GHA,GHA14.16_2,NorthTongu,Volta,2019,0.15538,0.114,0.20605
GHA,GHA14.16_2,NorthTongu,Volta,2020,0.15691,0.11249,0.21109
GHA,GHA14.16_2,NorthTongu,Volta,2021,0.16613,0.12748,0.21576
GHA,GHA14.16_2,NorthTongu,Volta,2022,0.17674,0.14657,0.21842
GHA,GHA14.16_2,NorthTongu,Volta,2023,0.18199,0.15621,0.2189
GHA,GHA14.16_2,NorthTongu,Volta,2024,0.18922,0.16399,0.22281
GHA,GHA14.16_2,NorthTongu,Volta,2025,0.18532,0.1592,0.2168
GHA,GHA14.17_2,SouthDayi,Volta,2000,0.49253,0.47647,0.5082
GHA,GHA14.17_2,SouthDayi,Volta,2001,0.46091,0.43726,0.48992
GHA,GHA14.17_2,SouthDayi,Volta,2002,0.41135,0.38018,0.45207
GHA,GHA14.17_2,SouthDayi,Volta,2003,0.33994,0.30483,0.38858
GHA,GHA14.17_2,SouthDayi,Volta,2004,0.27443,0.24388,0.31902
GHA,GHA14.17_2,SouthDayi,Volta,2005,0.24551,0.21766,0.28005
GHA,GHA14.17_2,SouthDayi,Volta,2006,0.24812,0.22,0.28142
GHA,GHA14.17_2,SouthDayi,Volta,2007,0.2716,0.24035,0.30943
GHA,GHA14.17_2,SouthDayi,Volta,2008,0.30017,0.25992,0.33739
GHA,GHA14.17_2,SouthDayi,Volta,2009,0.33626,0.28846,0.37246
GHA,GHA14.17_2,SouthDayi,Volta,2010,0.37329,0.32272,0.40445
GHA,GHA14.17_2,SouthDayi,Volta,2011,0.39087,0.34292,0.42062
GHA,GHA14.17_2,SouthDayi,Volta,2012,0.38422,0.34482,0.41507
GHA,GHA14.17_2,SouthDayi,Volta,2013,0.35455,0.33127,0.38542
GHA,GHA14.17_2,SouthDayi,Volta,2014,0.30556,0.28525,0.33326
GHA,GHA14.17_2,SouthDayi,Volta,2015,0.24822,0.22542,0.27522
GHA,GHA14.17_2,SouthDayi,Volta,2016,0.21158,0.18628,0.23712
GHA,GHA14.17_2,SouthDayi,Volta,2017,0.20248,0.17885,0.23035
GHA,GHA14.17_2,SouthDayi,Volta,2018,0.21297,0.19322,0.24033
GHA,GHA14.17_2,SouthDayi,Volta,2019,0.24031,0.21034,0.26935
GHA,GHA14.17_2,SouthDayi,Volta,2020,0.25831,0.22316,0.28862
GHA,GHA14.17_2,SouthDayi,Volta,2021,0.24933,0.22203,0.27455
GHA,GHA14.17_2,SouthDayi,Volta,2022,0.23171,0.2138,0.25622
GHA,GHA14.17_2,SouthDayi,Volta,2023,0.21878,0.20262,0.24407
GHA,GHA14.17_2,SouthDayi,Volta,2024,0.21639,0.19778,0.24235
GHA,GHA14.17_2,SouthDayi,Volta,2025,0.20664,0.18686,0.23136
GHA,GHA14.18_2,SouthTongu,Volta,2000,0.47705,0.46132,0.49263
GHA,GHA14.18_2,SouthTongu,Volta,2001,0.4474,0.4312,0.4636
GHA,GHA14.18_2,SouthTongu,Volta,2002,0.41986,0.4007,0.43904
GHA,GHA14.18_2,SouthTongu,Volta,2003,0.39815,0.372,0.42511
GHA,GHA14.18_2,SouthTongu,Volta,2004,0.37488,0.34186,0.41256
GHA,GHA14.18_2,SouthTongu,Volta,2005,0.34811,0.30941,0.39348
GHA,GHA14.18_2,SouthTongu,Volta,2006,0.31354,0.27274,0.36236
GHA,GHA14.18_2,SouthTongu,Volta,2007,0.28092,0.24201,0.33516
GHA,GHA14.18_2,SouthTongu,Volta,2008,0.25035,0.21445,0.30636
GHA,GHA14.18_2,SouthTongu,Volta,2009,0.22454,0.19159,0.28093
GHA,GHA14.18_2,SouthTongu,Volta,2010,0.20967,0.17995,0.26092
GHA,GHA14.18_2,SouthTongu,Volta,2011,0.217,0.18776,0.26341
GHA,GHA14.18_2,SouthTongu,Volta,2012,0.24021,0.21109,0.28418
GHA,GHA14.18_2,SouthTongu,Volta,2013,0.26306,0.23296,0.30434
GHA,GHA14.18_2,SouthTongu,Volta,2014,0.26374,0.23745,0.30272
GHA,GHA14.18_2,SouthTongu,Volta,2015,0.25091,0.22765,0.29602
GHA,GHA14.18_2,SouthTongu,Volta,2016,0.23088,0.20338,0.2801
GHA,GHA14.18_2,SouthTongu,Volta,2017,0.20537,0.1752,0.26034
GHA,GHA14.18_2,SouthTongu,Volta,2018,0.17363,0.14529,0.22618
GHA,GHA14.18_2,SouthTongu,Volta,2019,0.15568,0.12789,0.20812
GHA,GHA14.18_2,SouthTongu,Volta,2020,0.15554,0.12714,0.20654
GHA,GHA14.18_2,SouthTongu,Volta,2021,0.16762,0.14122,0.21008
GHA,GHA14.18_2,SouthTongu,Volta,2022,0.18047,0.157,0.21279
GHA,GHA14.18_2,SouthTongu,Volta,2023,0.18543,0.16514,0.21401
GHA,GHA14.18_2,SouthTongu,Volta,2024,0.19015,0.17271,0.21523
GHA,GHA14.18_2,SouthTongu,Volta,2025,0.18053,0.16634,0.20108
GHA,GHA14.1_2,Adaklu,Volta,2000,0.50432,0.48552,0.51578
GHA,GHA14.1_2,Adaklu,Volta,2001,0.47464,0.44413,0.5005
GHA,GHA14.1_2,Adaklu,Volta,2002,0.43359,0.40595,0.46626
GHA,GHA14.1_2,Adaklu,Volta,2003,0.39635,0.36534,0.42135
GHA,GHA14.1_2,Adaklu,Volta,2004,0.36469,0.32991,0.39472
GHA,GHA14.1_2,Adaklu,Volta,2005,0.34714,0.31586,0.38145
GHA,GHA14.1_2,Adaklu,Volta,2006,0.34804,0.31483,0.38265
GHA,GHA14.1_2,Adaklu,Volta,2007,0.35508,0.30823,0.39763
GHA,GHA14.1_2,Adaklu,Volta,2008,0.358,0.29924,0.40442
GHA,GHA14.1_2,Adaklu,Volta,2009,0.35727,0.28765,0.40502
GHA,GHA14.1_2,Adaklu,Volta,2010,0.35779,0.27892,0.4153
GHA,GHA14.1_2,Adaklu,Volta,2011,0.36377,0.28274,0.42458
GHA,GHA14.1_2,Adaklu,Volta,2012,0.36824,0.29522,0.42449
GHA,GHA14.1_2,Adaklu,Volta,2013,0.36854,0.30494,0.41246
GHA,GHA14.1_2,Adaklu,Volta,2014,0.35418,0.29989,0.39645
GHA,GHA14.1_2,Adaklu,Volta,2015,0.33632,0.2909,0.37988
GHA,GHA14.1_2,Adaklu,Volta,2016,0.3232,0.27281,0.38412
GHA,GHA14.1_2,Adaklu,Volta,2017,0.31144,0.2579,0.37191
GHA,GHA14.1_2,Adaklu,Volta,2018,0.28914,0.23461,0.34638
GHA,GHA14.1_2,Adaklu,Volta,2019,0.28254,0.21946,0.33539
GHA,GHA14.1_2,Adaklu,Volta,2020,0.28229,0.21647,0.33283
GHA,GHA14.1_2,Adaklu,Volta,2021,0.27446,0.21529,0.3201
GHA,GHA14.1_2,Adaklu,Volta,2022,0.26413,0.2156,0.30061
GHA,GHA14.1_2,Adaklu,Volta,2023,0.25359,0.21201,0.28227
GHA,GHA14.1_2,Adaklu,Volta,2024,0.24742,0.21105,0.27288
GHA,GHA14.1_2,Adaklu,Volta,2025,0.22844,0.19744,0.25324
GHA,GHA14.2_2,AfadzatoSouth,Volta,2000,0.47265,0.45146,0.49309
GHA,GHA14.2_2,AfadzatoSouth,Volta,2001,0.4287,0.39925,0.4593
GHA,GHA14.2_2,AfadzatoSouth,Volta,2002,0.37348,0.34109,0.41235
GHA,GHA14.2_2,AfadzatoSouth,Volta,2003,0.29522,0.26266,0.34419
GHA,GHA14.2_2,AfadzatoSouth,Volta,2004,0.23703,0.21161,0.2801
GHA,GHA14.2_2,AfadzatoSouth,Volta,2005,0.22525,0.20084,0.26782
GHA,GHA14.2_2,AfadzatoSouth,Volta,2006,0.25387,0.22618,0.30004
GHA,GHA14.2_2,AfadzatoSouth,Volta,2007,0.30265,0.26359,0.3565
GHA,GHA14.2_2,AfadzatoSouth,Volta,2008,0.33524,0.29157,0.39247
GHA,GHA14.2_2,AfadzatoSouth,Volta,2009,0.35471,0.31711,0.41717
GHA,GHA14.2_2,AfadzatoSouth,Volta,2010,0.36951,0.32772,0.43906
GHA,GHA14.2_2,AfadzatoSouth,Volta,2011,0.37977,0.33384,0.45382
GHA,GHA14.2_2,AfadzatoSouth,Volta,2012,0.38101,0.33798,0.45637
GHA,GHA14.2_2,AfadzatoSouth,Volta,2013,0.36714,0.32681,0.44248
GHA,GHA14.2_2,AfadzatoSouth,Volta,2014,0.33038,0.28472,0.40017
GHA,GHA14.2_2,AfadzatoSouth,Volta,2015,0.28211,0.23382,0.33476
GHA,GHA14.2_2,AfadzatoSouth,Volta,2016,0.25429,0.20253,0.315
GHA,GHA14.2_2,AfadzatoSouth,Volta,2017,0.24953,0.19458,0.31559
GHA,GHA14.2_2,AfadzatoSouth,Volta,2018,0.25858,0.20746,0.30972
GHA,GHA14.2_2,AfadzatoSouth,Volta,2019,0.28007,0.232,0.32893
GHA,GHA14.2_2,AfadzatoSouth,Volta,2020,0.28999,0.24517,0.34776
GHA,GHA14.2_2,AfadzatoSouth,Volta,2021,0.26869,0.23656,0.32717
GHA,GHA14.2_2,AfadzatoSouth,Volta,2022,0.24281,0.21781,0.3009
GHA,GHA14.2_2,AfadzatoSouth,Volta,2023,0.22835,0.20511,0.28572
GHA,GHA14.2_2,AfadzatoSouth,Volta,2024,0.22776,0.20383,0.28356
GHA,GHA14.2_2,AfadzatoSouth,Volta,2025,0.21916,0.19541,0.26779
GHA,GHA14.3_2,AgotimeZiope,Volta,2000,0.49508,0.48281,0.50651
GHA,GHA14.3_2,AgotimeZiope,Volta,2001,0.45695,0.43657,0.47257
GHA,GHA14.3_2,AgotimeZiope,Volta,2002,0.41717,0.39425,0.43603
GHA,GHA14.3_2,AgotimeZiope,Volta,2003,0.39336,0.36118,0.42183
GHA,GHA14.3_2,AgotimeZiope,Volta,2004,0.37853,0.33383,0.41385
GHA,GHA14.3_2,AgotimeZiope,Volta,2005,0.37561,0.32742,0.41235
GHA,GHA14.3_2,AgotimeZiope,Volta,2006,0.3885,0.35028,0.42027
GHA,GHA14.3_2,AgotimeZiope,Volta,2007,0.39923,0.3726,0.42339
GHA,GHA14.3_2,AgotimeZiope,Volta,2008,0.40033,0.37954,0.41592
GHA,GHA14.3_2,AgotimeZiope,Volta,2009,0.38868,0.36175,0.41
GHA,GHA14.3_2,AgotimeZiope,Volta,2010,0.37382,0.3432,0.4056
GHA,GHA14.3_2,AgotimeZiope,Volta,2011,0.37282,0.33942,0.40239
GHA,GHA14.3_2,AgotimeZiope,Volta,2012,0.37925,0.34949,0.4068
GHA,GHA14.3_2,AgotimeZiope,Volta,2013,0.3881,0.36375,0.40898
GHA,GHA14.3_2,AgotimeZiope,Volta,2014,0.38792,0.36723,0.41045
GHA,GHA14.3_2,AgotimeZiope,Volta,2015,0.38717,0.36304,0.41931
GHA,GHA14.3_2,AgotimeZiope,Volta,2016,0.39162,0.35895,0.43001
GHA,GHA14.3_2,AgotimeZiope,Volta,2017,0.38496,0.35638,0.42726
GHA,GHA14.3_2,AgotimeZiope,Volta,2018,0.35289,0.32804,0.39377
GHA,GHA14.3_2,AgotimeZiope,Volta,2019,0.3314,0.30518,0.3623
GHA,GHA14.3_2,AgotimeZiope,Volta,2020,0.32138,0.29541,0.34503
GHA,GHA14.3_2,AgotimeZiope,Volta,2021,0.30603,0.28348,0.32391
GHA,GHA14.3_2,AgotimeZiope,Volta,2022,0.29119,0.27205,0.30567
GHA,GHA14.3_2,AgotimeZiope,Volta,2023,0.2744,0.25562,0.28533
GHA,GHA14.3_2,AgotimeZiope,Volta,2024,0.2629,0.244,0.27354
GHA,GHA14.3_2,AgotimeZiope,Volta,2025,0.23653,0.22009,0.24665
GHA,GHA14.4_2,AkatsiNorth,Volta,2000,0.49521,0.48363,0.50293
GHA,GHA14.4_2,AkatsiNorth,Volta,2001,0.4565,0.43529,0.46781
GHA,GHA14.4_2,AkatsiNorth,Volta,2002,0.42412,0.40065,0.43429
GHA,GHA14.4_2,AkatsiNorth,Volta,2003,0.4089,0.38555,0.41999
GHA,GHA14.4_2,AkatsiNorth,Volta,2004,0.40629,0.37922,0.41926
GHA,GHA14.4_2,AkatsiNorth,Volta,2005,0.40675,0.3819,0.42387
GHA,GHA14.4_2,AkatsiNorth,Volta,2006,0.40991,0.38508,0.43109
GHA,GHA14.4_2,AkatsiNorth,Volta,2007,0.40549,0.37324,0.42746
GHA,GHA14.4_2,AkatsiNorth,Volta,2008,0.388,0.35224,0.41083
GHA,GHA14.4_2,AkatsiNorth,Volta,2009,0.35753,0.31877,0.38833
GHA,GHA14.4_2,AkatsiNorth,Volta,2010,0.33098,0.29198,0.36643
GHA,GHA14.4_2,AkatsiNorth,Volta,2011,0.32342,0.29166,0.35852
GHA,GHA14.4_2,AkatsiNorth,Volta,2012,0.33022,0.30292,0.3613
GHA,GHA14.4_2,AkatsiNorth,Volta,2013,0.33988,0.30979,0.38825
GHA,GHA14.4_2,AkatsiNorth,Volta,2014,0.33588,0.3064,0.38969
GHA,GHA14.4_2,AkatsiNorth,Volta,2015,0.33027,0.29571,0.39677
GHA,GHA14.4_2,AkatsiNorth,Volta,2016,0.32848,0.28911,0.4045
GHA,GHA14.4_2,AkatsiNorth,Volta,2017,0.31952,0.27829,0.38521
GHA,GHA14.4_2,AkatsiNorth,Volta,2018,0.2952,0.25508,0.35484
GHA,GHA14.4_2,AkatsiNorth,Volta,2019,0.28161,0.24142,0.3314
GHA,GHA14.4_2,AkatsiNorth,Volta,2020,0.27797,0.23865,0.33698
GHA,GHA14.4_2,AkatsiNorth,Volta,2021,0.27185,0.23725,0.33917
GHA,GHA14.4_2,AkatsiNorth,Volta,2022,0.26565,0.23503,0.34135
GHA,GHA14.4_2,AkatsiNorth,Volta,2023,0.25458,0.22842,0.31732
GHA,GHA14.4_2,AkatsiNorth,Volta,2024,0.24861,0.22455,0.27919
GHA,GHA14.4_2,AkatsiNorth,Volta,2025,0.22621,0.20574,0.24306
GHA,GHA14.5_2,AkatsiSouth,Volta,2000,0.49236,0.47863,0.50078
GHA,GHA14.5_2,AkatsiSouth,Volta,2001,0.45889,0.43746,0.4697
GHA,GHA14.5_2,AkatsiSouth,Volta,2002,0.43035,0.40657,0.44564
GHA,GHA14.5_2,AkatsiSouth,Volta,2003,0.41586,0.38952,0.43409
GHA,GHA14.5_2,AkatsiSouth,Volta,2004,0.40845,0.38137,0.43008
GHA,GHA14.5_2,AkatsiSouth,Volta,2005,0.40024,0.37297,0.42189
GHA,GHA14.5_2,AkatsiSouth,Volta,2006,0.3866,0.3585,0.41877
GHA,GHA14.5_2,AkatsiSouth,Volta,2007,0.36819,0.32485,0.41713
GHA,GHA14.5_2,AkatsiSouth,Volta,2008,0.34348,0.2923,0.40365
GHA,GHA14.5_2,AkatsiSouth,Volta,2009,0.31208,0.25976,0.38158
GHA,GHA14.5_2,AkatsiSouth,Volta,2010,0.2893,0.24148,0.35774
GHA,GHA14.5_2,AkatsiSouth,Volta,2011,0.28945,0.24682,0.35375
GHA,GHA14.5_2,AkatsiSouth,Volta,2012,0.30615,0.2712,0.36494
GHA,GHA14.5_2,AkatsiSouth,Volta,2013,0.32334,0.28691,0.377
GHA,GHA14.5_2,AkatsiSouth,Volta,2014,0.31956,0.28087,0.37509
GHA,GHA14.5_2,AkatsiSouth,Volta,2015,0.30623,0.26085,0.37195
GHA,GHA14.5_2,AkatsiSouth,Volta,2016,0.29203,0.24436,0.36992
GHA,GHA14.5_2,AkatsiSouth,Volta,2017,0.27492,0.22117,0.358
GHA,GHA14.5_2,AkatsiSouth,Volta,2018,0.24914,0.19379,0.32505
GHA,GHA14.5_2,AkatsiSouth,Volta,2019,0.23583,0.1806,0.30534
GHA,GHA14.5_2,AkatsiSouth,Volta,2020,0.23321,0.18118,0.29902
GHA,GHA14.5_2,AkatsiSouth,Volta,2021,0.23393,0.18987,0.28736
GHA,GHA14.5_2,AkatsiSouth,Volta,2022,0.23387,0.19897,0.27744
GHA,GHA14.5_2,AkatsiSouth,Volta,2023,0.22812,0.20014,0.26573
GHA,GHA14.5_2,AkatsiSouth,Volta,2024,0.22545,0.20202,0.25824
GHA,GHA14.5_2,AkatsiSouth,Volta,2025,0.20727,0.18965,0.23334
GHA,GHA14.6_2,Anloga,Volta,2000,0.45672,0.4279,0.47542
GHA,GHA14.6_2,Anloga,Volta,2001,0.4298,0.39677,0.45024
GHA,GHA14.6_2,Anloga,Volta,2002,0.40964,0.37635,0.42963
GHA,GHA14.6_2,Anloga,Volta,2003,0.39897,0.36089,0.41348
GHA,GHA14.6_2,Anloga,Volta,2004,0.38633,0.34643,0.39813
GHA,GHA14.6_2,Anloga,Volta,2005,0.3691,0.32304,0.38572
GHA,GHA14.6_2,Anloga,Volta,2006,0.33083,0.28204,0.3531
GHA,GHA14.6_2,Anloga,Volta,2007,0.28951,0.24463,0.31253
GHA,GHA14.6_2,Anloga,Volta,2008,0.25351,0.21453,0.27464
GHA,GHA14.6_2,Anloga,Volta,2009,0.22297,0.19013,0.2389
GHA,GHA14.6_2,Anloga,Volta,2010,0.20599,0.1778,0.22124
GHA,GHA14.6_2,Anloga,Volta,2011,0.21245,0.18495,0.22912
GHA,GHA14.6_2,Anloga,Volta,2012,0.23583,0.20739,0.25448
GHA,GHA14.6_2,Anloga,Volta,2013,0.25791,0.22957,0.28028
GHA,GHA14.6_2,Anloga,Volta,2014,0.25239,0.22707,0.27801
GHA,GHA14.6_2,Anloga,Volta,2015,0.2286,0.20697,0.25395
GHA,GHA14.6_2,Anloga,Volta,2016,0.20073,0.18171,0.22627
GHA,GHA14.6_2,Anloga,Volta,2017,0.17637,0.15621,0.19751
GHA,GHA14.6_2,Anloga,Volta,2018,0.15223,0.12997,0.16494
GHA,GHA14.6_2,Anloga,Volta,2019,0.14236,0.11738,0.15261
GHA,GHA14.6_2,Anloga,Volta,2020,0.14754,0.12179,0.15812
GHA,GHA14.6_2,Anloga,Volta,2021,0.16288,0.1391,0.17371
GHA,GHA14.6_2,Anloga,Volta,2022,0.17767,0.1556,0.19126
GHA,GHA14.6_2,Anloga,Volta,2023,0.1831,0.16191,0.19894
GHA,GHA14.6_2,Anloga,Volta,2024,0.18652,0.16539,0.20297
GHA,GHA14.6_2,Anloga,Volta,2025,0.17527,0.15527,0.18931
GHA,GHA14.7_2,CentralTongu,Volta,2000,0.493,0.46586,0.50386
GHA,GHA14.7_2,CentralTongu,Volta,2001,0.4628,0.43185,0.4827
GHA,GHA14.7_2,CentralTongu,Volta,2002,0.42687,0.39783,0.44354
GHA,GHA14.7_2,CentralTongu,Volta,2003,0.39731,0.36098,0.42101
GHA,GHA14.7_2,CentralTongu,Volta,2004,0.36743,0.32063,0.40779
GHA,GHA14.7_2,CentralTongu,Volta,2005,0.3402,0.28028,0.39349
GHA,GHA14.7_2,CentralTongu,Volta,2006,0.31978,0.24587,0.38877
GHA,GHA14.7_2,CentralTongu,Volta,2007,0.30272,0.22019,0.3807
GHA,GHA14.7_2,CentralTongu,Volta,2008,0.28365,0.19769,0.36601
GHA,GHA14.7_2,CentralTongu,Volta,2009,0.26383,0.17832,0.34173
GHA,GHA14.7_2,CentralTongu,Volta,2010,0.25207,0.16813,0.32139
GHA,GHA14.7_2,CentralTongu,Volta,2011,0.25932,0.17672,0.32219
GHA,GHA14.7_2,CentralTongu,Volta,2012,0.27735,0.19816,0.33951
GHA,GHA14.7_2,CentralTongu,Volta,2013,0.29637,0.22206,0.35511
GHA,GHA14.7_2,CentralTongu,Volta,2014,0.29641,0.22791,0.3565
GHA,GHA14.7_2,CentralTongu,Volta,2015,0.29084,0.22508,0.35829
GHA,GHA14.7_2,CentralTongu,Volta,2016,0.27845,0.21264,0.35781
GHA,GHA14.7_2,CentralTongu,Volta,2017,0.2564,0.18705,0.33841
GHA,GHA14.7_2,CentralTongu,Volta,2018,0.22011,0.14832,0.29904
GHA,GHA14.7_2,CentralTongu,Volta,2019,0.19896,0.12377,0.27402
GHA,GHA14.7_2,CentralTongu,Volta,2020,0.19521,0.1208,0.26497
GHA,GHA14.7_2,CentralTongu,Volta,2021,0.20018,0.13202,0.26096
GHA,GHA14.7_2,CentralTongu,Volta,2022,0.20739,0.14775,0.25754
GHA,GHA14.7_2,CentralTongu,Volta,2023,0.20818,0.15706,0.24946
GHA,GHA14.7_2,CentralTongu,Volta,2024,0.21034,0.16445,0.24812
GHA,GHA14.7_2,CentralTongu,Volta,2025,0.19949,0.16144,0.22804
GHA,GHA14.8_2,HoMunicipal,Volta,2000,0.48843,0.44081,0.51426
GHA,GHA14.8_2,HoMunicipal,Volta,2001,0.44614,0.38123,0.49465
GHA,GHA14.8_2,HoMunicipal,Volta,2002,0.39567,0.32634,0.45285
GHA,GHA14.8_2,HoMunicipal,Volta,2003,0.34082,0.26811,0.39993
GHA,GHA14.8_2,HoMunicipal,Volta,2004,0.29778,0.22892,0.34465
GHA,GHA14.8_2,HoMunicipal,Volta,2005,0.28686,0.21793,0.33364
GHA,GHA14.8_2,HoMunicipal,Volta,2006,0.30733,0.22955,0.36119
GHA,GHA14.8_2,HoMunicipal,Volta,2007,0.33856,0.25161,0.39258
GHA,GHA14.8_2,HoMunicipal,Volta,2008,0.35873,0.26999,0.40703
GHA,GHA14.8_2,HoMunicipal,Volta,2009,0.36839,0.28093,0.4092
GHA,GHA14.8_2,HoMunicipal,Volta,2010,0.37482,0.29068,0.42896
GHA,GHA14.8_2,HoMunicipal,Volta,2011,0.38062,0.29621,0.44156
GHA,GHA14.8_2,HoMunicipal,Volta,2012,0.38101,0.29605,0.43774
GHA,GHA14.8_2,HoMunicipal,Volta,2013,0.37355,0.28655,0.41883
GHA,GHA14.8_2,HoMunicipal,Volta,2014,0.34942,0.26567,0.40204
GHA,GHA14.8_2,HoMunicipal,Volta,2015,0.31932,0.24118,0.38423
GHA,GHA14.8_2,HoMunicipal,Volta,2016,0.3034,0.2262,0.37916
GHA,GHA14.8_2,HoMunicipal,Volta,2017,0.29819,0.22151,0.37369
GHA,GHA14.8_2,HoMunicipal,Volta,2018,0.29436,0.22255,0.35929
GHA,GHA14.8_2,HoMunicipal,Volta,2019,0.30233,0.23136,0.3527
GHA,GHA14.8_2,HoMunicipal,Volta,2020,0.30551,0.23532,0.34745
GHA,GHA14.8_2,HoMunicipal,Volta,2021,0.28884,0.22429,0.32744
GHA,GHA14.8_2,HoMunicipal,Volta,2022,0.26729,0.20721,0.3031
GHA,GHA14.8_2,HoMunicipal,Volta,2023,0.25002,0.19329,0.28204
GHA,GHA14.8_2,HoMunicipal,Volta,2024,0.24249,0.18785,0.27119
GHA,GHA14.8_2,HoMunicipal,Volta,2025,0.2236,0.17357,0.25317
GHA,GHA14.9_2,HoWest,Volta,2000,0.49625,0.44162,0.51581
GHA,GHA14.9_2,HoWest,Volta,2001,0.46853,0.3859,0.50457
GHA,GHA14.9_2,HoWest,Volta,2002,0.42325,0.32886,0.47447
GHA,GHA14.9_2,HoWest,Volta,2003,0.36369,0.25785,0.43205
GHA,GHA14.9_2,HoWest,Volta,2004,0.30694,0.21162,0.38492
GHA,GHA14.9_2,HoWest,Volta,2005,0.28162,0.20345,0.35201
GHA,GHA14.9_2,HoWest,Volta,2006,0.2854,0.23138,0.34863
GHA,GHA14.9_2,HoWest,Volta,2007,0.30503,0.25343,0.35712
GHA,GHA14.9_2,HoWest,Volta,2008,0.32372,0.26856,0.38066
GHA,GHA14.9_2,HoWest,Volta,2009,0.3433,0.29309,0.40373
GHA,GHA14.9_2,HoWest,Volta,2010,0.3626,0.29526,0.42542
GHA,GHA14.9_2,HoWest,Volta,2011,0.37645,0.30557,0.43665
GHA,GHA14.9_2,HoWest,Volta,2012,0.37689,0.31587,0.4336
GHA,GHA14.9_2,HoWest,Volta,2013,0.36258,0.31915,0.41314
GHA,GHA14.9_2,HoWest,Volta,2014,0.32888,0.29805,0.37347
GHA,GHA14.9_2,HoWest,Volta,2015,0.28596,0.2481,0.33083
GHA,GHA14.9_2,HoWest,Volta,2016,0.25674,0.21625,0.30273
GHA,GHA14.9_2,HoWest,Volta,2017,0.24628,0.20667,0.29743
GHA,GHA14.9_2,HoWest,Volta,2018,0.24549,0.20758,0.29665
GHA,GHA14.9_2,HoWest,Volta,2019,0.2598,0.21149,0.31718
GHA,GHA14.9_2,HoWest,Volta,2020,0.27023,0.21544,0.32923
GHA,GHA14.9_2,HoWest,Volta,2021,0.26157,0.21761,0.31489
GHA,GHA14.9_2,HoWest,Volta,2022,0.24676,0.21526,0.29088
GHA,GHA14.9_2,HoWest,Volta,2023,0.23632,0.20951,0.27357
GHA,GHA14.9_2,HoWest,Volta,2024,0.23385,0.20597,0.26923
GHA,GHA14.9_2,HoWest,Volta,2025,0.22175,0.19497,0.25492
GHA,GHA15.10_2,TarkwaNsuaem,Western,2000,0.47999,0.44944,0.49723
GHA,GHA15.10_2,TarkwaNsuaem,Western,2001,0.48366,0.45357,0.5038
GHA,GHA15.10_2,TarkwaNsuaem,Western,2002,0.48865,0.46177,0.50648
GHA,GHA15.10_2,TarkwaNsuaem,Western,2003,0.49055,0.46077,0.50536
GHA,GHA15.10_2,TarkwaNsuaem,Western,2004,0.48185,0.44618,0.49986
GHA,GHA15.10_2,TarkwaNsuaem,Western,2005,0.46261,0.41491,0.48604
GHA,GHA15.10_2,TarkwaNsuaem,Western,2006,0.42331,0.36382,0.45416
GHA,GHA15.10_2,TarkwaNsuaem,Western,2007,0.37621,0.31701,0.40598
GHA,GHA15.10_2,TarkwaNsuaem,Western,2008,0.35761,0.30071,0.38829
GHA,GHA15.10_2,TarkwaNsuaem,Western,2009,0.37287,0.31592,0.41124
GHA,GHA15.10_2,TarkwaNsuaem,Western,2010,0.3979,0.34173,0.44518
GHA,GHA15.10_2,TarkwaNsuaem,Western,2011,0.4041,0.34223,0.45562
GHA,GHA15.10_2,TarkwaNsuaem,Western,2012,0.3871,0.31601,0.43663
GHA,GHA15.10_2,TarkwaNsuaem,Western,2013,0.35064,0.27458,0.39612
GHA,GHA15.10_2,TarkwaNsuaem,Western,2014,0.31596,0.24738,0.35882
GHA,GHA15.10_2,TarkwaNsuaem,Western,2015,0.30615,0.24989,0.35891
GHA,GHA15.10_2,TarkwaNsuaem,Western,2016,0.30676,0.26256,0.36825
GHA,GHA15.10_2,TarkwaNsuaem,Western,2017,0.29433,0.25659,0.35494
GHA,GHA15.10_2,TarkwaNsuaem,Western,2018,0.26843,0.23381,0.32208
GHA,GHA15.10_2,TarkwaNsuaem,Western,2019,0.25595,0.2176,0.30282
GHA,GHA15.10_2,TarkwaNsuaem,Western,2020,0.25324,0.20569,0.29376
GHA,GHA15.10_2,TarkwaNsuaem,Western,2021,0.24714,0.18791,0.27926
GHA,GHA15.10_2,TarkwaNsuaem,Western,2022,0.24225,0.19046,0.28548
GHA,GHA15.10_2,TarkwaNsuaem,Western,2023,0.23155,0.16151,0.28405
GHA,GHA15.10_2,TarkwaNsuaem,Western,2024,0.23146,0.16281,0.28099
GHA,GHA15.10_2,TarkwaNsuaem,Western,2025,0.21865,0.16085,0.25692
GHA,GHA15.11_2,WassaAmenfiCentral,Western,2000,0.49845,0.46376,0.52021
GHA,GHA15.11_2,WassaAmenfiCentral,Western,2001,0.50301,0.46725,0.52154
GHA,GHA15.11_2,WassaAmenfiCentral,Western,2002,0.50421,0.46618,0.52056
GHA,GHA15.11_2,WassaAmenfiCentral,Western,2003,0.50082,0.45703,0.51746
GHA,GHA15.11_2,WassaAmenfiCentral,Western,2004,0.49152,0.44094,0.51293
GHA,GHA15.11_2,WassaAmenfiCentral,Western,2005,0.47602,0.41243,0.50627
GHA,GHA15.11_2,WassaAmenfiCentral,Western,2006,0.43587,0.35708,0.48385
GHA,GHA15.11_2,WassaAmenfiCentral,Western,2007,0.37998,0.31651,0.43589
GHA,GHA15.11_2,WassaAmenfiCentral,Western,2008,0.37174,0.32348,0.41749
GHA,GHA15.11_2,WassaAmenfiCentral,Western,2009,0.41499,0.37523,0.45283
GHA,GHA15.11_2,WassaAmenfiCentral,Western,2010,0.46796,0.40875,0.49292
GHA,GHA15.11_2,WassaAmenfiCentral,Western,2011,0.48453,0.42417,0.50077
GHA,GHA15.11_2,WassaAmenfiCentral,Western,2012,0.48271,0.41356,0.50018
GHA,GHA15.11_2,WassaAmenfiCentral,Western,2013,0.47045,0.3918,0.4962
GHA,GHA15.11_2,WassaAmenfiCentral,Western,2014,0.45695,0.37169,0.4915
GHA,GHA15.11_2,WassaAmenfiCentral,Western,2015,0.44286,0.35525,0.48027
GHA,GHA15.11_2,WassaAmenfiCentral,Western,2016,0.43179,0.348,0.4685
GHA,GHA15.11_2,WassaAmenfiCentral,Western,2017,0.41755,0.33433,0.45688
GHA,GHA15.11_2,WassaAmenfiCentral,Western,2018,0.38735,0.30183,0.43116
GHA,GHA15.11_2,WassaAmenfiCentral,Western,2019,0.36778,0.28635,0.41667
GHA,GHA15.11_2,WassaAmenfiCentral,Western,2020,0.35368,0.27997,0.40244
GHA,GHA15.11_2,WassaAmenfiCentral,Western,2021,0.32635,0.26787,0.36616
GHA,GHA15.11_2,WassaAmenfiCentral,Western,2022,0.29328,0.25424,0.34815
GHA,GHA15.11_2,WassaAmenfiCentral,Western,2023,0.27063,0.22996,0.33034
GHA,GHA15.11_2,WassaAmenfiCentral,Western,2024,0.26109,0.22062,0.31859
GHA,GHA15.11_2,WassaAmenfiCentral,Western,2025,0.23964,0.20147,0.29026
GHA,GHA15.12_2,WassaAmenfiEast,Western,2000,0.47006,0.42269,0.5016
GHA,GHA15.12_2,WassaAmenfiEast,Western,2001,0.46851,0.41386,0.50137
GHA,GHA15.12_2,WassaAmenfiEast,Western,2002,0.4685,0.40816,0.49995
GHA,GHA15.12_2,WassaAmenfiEast,Western,2003,0.46217,0.40057,0.49802
GHA,GHA15.12_2,WassaAmenfiEast,Western,2004,0.44827,0.38252,0.48776
GHA,GHA15.12_2,WassaAmenfiEast,Western,2005,0.42637,0.35924,0.47229
GHA,GHA15.12_2,WassaAmenfiEast,Western,2006,0.38305,0.32722,0.43523
GHA,GHA15.12_2,WassaAmenfiEast,Western,2007,0.34803,0.30593,0.39183
GHA,GHA15.12_2,WassaAmenfiEast,Western,2008,0.3512,0.31291,0.38782
GHA,GHA15.12_2,WassaAmenfiEast,Western,2009,0.39497,0.34951,0.43117
GHA,GHA15.12_2,WassaAmenfiEast,Western,2010,0.44611,0.39207,0.48506
GHA,GHA15.12_2,WassaAmenfiEast,Western,2011,0.46196,0.39874,0.49927
GHA,GHA15.12_2,WassaAmenfiEast,Western,2012,0.44507,0.36639,0.4955
GHA,GHA15.12_2,WassaAmenfiEast,Western,2013,0.41375,0.32342,0.48097
GHA,GHA15.12_2,WassaAmenfiEast,Western,2014,0.39315,0.30156,0.46227
GHA,GHA15.12_2,WassaAmenfiEast,Western,2015,0.38676,0.29861,0.45223
GHA,GHA15.12_2,WassaAmenfiEast,Western,2016,0.38942,0.3098,0.44426
GHA,GHA15.12_2,WassaAmenfiEast,Western,2017,0.38638,0.31723,0.43588
GHA,GHA15.12_2,WassaAmenfiEast,Western,2018,0.36982,0.30681,0.41964
GHA,GHA15.12_2,WassaAmenfiEast,Western,2019,0.36249,0.29738,0.41719
GHA,GHA15.12_2,WassaAmenfiEast,Western,2020,0.34982,0.28552,0.40553
GHA,GHA15.12_2,WassaAmenfiEast,Western,2021,0.31404,0.25361,0.36567
GHA,GHA15.12_2,WassaAmenfiEast,Western,2022,0.27095,0.2183,0.31548
GHA,GHA15.12_2,WassaAmenfiEast,Western,2023,0.24309,0.19888,0.28455
GHA,GHA15.12_2,WassaAmenfiEast,Western,2024,0.23225,0.19253,0.26921
GHA,GHA15.12_2,WassaAmenfiEast,Western,2025,0.21178,0.18083,0.2426
GHA,GHA15.13_2,WassaAmenfiWest,Western,2000,0.51453,0.48816,0.52451
GHA,GHA15.13_2,WassaAmenfiWest,Western,2001,0.51741,0.49609,0.52354
GHA,GHA15.13_2,WassaAmenfiWest,Western,2002,0.51734,0.49842,0.5219
GHA,GHA15.13_2,WassaAmenfiWest,Western,2003,0.51422,0.49357,0.51967
GHA,GHA15.13_2,WassaAmenfiWest,Western,2004,0.50796,0.48006,0.51725
GHA,GHA15.13_2,WassaAmenfiWest,Western,2005,0.49704,0.45986,0.51222
GHA,GHA15.13_2,WassaAmenfiWest,Western,2006,0.46469,0.40239,0.49346
GHA,GHA15.13_2,WassaAmenfiWest,Western,2007,0.40473,0.34257,0.44484
GHA,GHA15.13_2,WassaAmenfiWest,Western,2008,0.3868,0.32541,0.42036
GHA,GHA15.13_2,WassaAmenfiWest,Western,2009,0.42769,0.36766,0.45905
GHA,GHA15.13_2,WassaAmenfiWest,Western,2010,0.47569,0.42993,0.49773
GHA,GHA15.13_2,WassaAmenfiWest,Western,2011,0.48893,0.45861,0.50284
GHA,GHA15.13_2,WassaAmenfiWest,Western,2012,0.4866,0.44076,0.50126
GHA,GHA15.13_2,WassaAmenfiWest,Western,2013,0.47197,0.40012,0.4986
GHA,GHA15.13_2,WassaAmenfiWest,Western,2014,0.45447,0.3577,0.49547
GHA,GHA15.13_2,WassaAmenfiWest,Western,2015,0.43681,0.31866,0.49001
GHA,GHA15.13_2,WassaAmenfiWest,Western,2016,0.42504,0.29648,0.48003
GHA,GHA15.13_2,WassaAmenfiWest,Western,2017,0.41167,0.2851,0.47263
GHA,GHA15.13_2,WassaAmenfiWest,Western,2018,0.38434,0.27251,0.45063
GHA,GHA15.13_2,WassaAmenfiWest,Western,2019,0.36813,0.27736,0.43083
GHA,GHA15.13_2,WassaAmenfiWest,Western,2020,0.35781,0.2885,0.41419
GHA,GHA15.13_2,WassaAmenfiWest,Western,2021,0.33407,0.28342,0.374
GHA,GHA15.13_2,WassaAmenfiWest,Western,2022,0.30595,0.25216,0.34412
GHA,GHA15.13_2,WassaAmenfiWest,Western,2023,0.28781,0.22991,0.33566
GHA,GHA15.13_2,WassaAmenfiWest,Western,2024,0.28176,0.22446,0.33064
GHA,GHA15.13_2,WassaAmenfiWest,Western,2025,0.26135,0.21084,0.30409
GHA,GHA15.14_2,WassaEast,Western,2000,0.46895,0.43354,0.49456
GHA,GHA15.14_2,WassaEast,Western,2001,0.47091,0.43614,0.49383
GHA,GHA15.14_2,WassaEast,Western,2002,0.47161,0.43763,0.49368
GHA,GHA15.14_2,WassaEast,Western,2003,0.46349,0.42236,0.4894
GHA,GHA15.14_2,WassaEast,Western,2004,0.4448,0.39924,0.4788
GHA,GHA15.14_2,WassaEast,Western,2005,0.42453,0.37808,0.46087
GHA,GHA15.14_2,WassaEast,Western,2006,0.39691,0.34156,0.42953
GHA,GHA15.14_2,WassaEast,Western,2007,0.37299,0.31404,0.40165
GHA,GHA15.14_2,WassaEast,Western,2008,0.37464,0.3156,0.40662
GHA,GHA15.14_2,WassaEast,Western,2009,0.40854,0.34708,0.44867
GHA,GHA15.14_2,WassaEast,Western,2010,0.44517,0.38511,0.48539
GHA,GHA15.14_2,WassaEast,Western,2011,0.45598,0.39145,0.49681
GHA,GHA15.14_2,WassaEast,Western,2012,0.44446,0.37318,0.49285
GHA,GHA15.14_2,WassaEast,Western,2013,0.42005,0.33977,0.48166
GHA,GHA15.14_2,WassaEast,Western,2014,0.39362,0.3152,0.46248
GHA,GHA15.14_2,WassaEast,Western,2015,0.36974,0.30207,0.42904
GHA,GHA15.14_2,WassaEast,Western,2016,0.35548,0.2967,0.40382
GHA,GHA15.14_2,WassaEast,Western,2017,0.34216,0.28582,0.39309
GHA,GHA15.14_2,WassaEast,Western,2018,0.32179,0.27339,0.36954
GHA,GHA15.14_2,WassaEast,Western,2019,0.31597,0.26321,0.36842
GHA,GHA15.14_2,WassaEast,Western,2020,0.31063,0.24966,0.36171
GHA,GHA15.14_2,WassaEast,Western,2021,0.28921,0.22228,0.32658
GHA,GHA15.14_2,WassaEast,Western,2022,0.25974,0.20161,0.29112
GHA,GHA15.14_2,WassaEast,Western,2023,0.23827,0.17412,0.27388
GHA,GHA15.14_2,WassaEast,Western,2024,0.23072,0.16964,0.27053
GHA,GHA15.14_2,WassaEast,Western,2025,0.21282,0.16266,0.24659
GHA,GHA15.1_2,AhantaWest,Western,2000,0.46428,0.41272,0.47888
GHA,GHA15.1_2,AhantaWest,Western,2001,0.47048,0.42073,0.48416
GHA,GHA15.1_2,AhantaWest,Western,2002,0.47616,0.42809,0.49076
GHA,GHA15.1_2,AhantaWest,Western,2003,0.47663,0.426,0.49343
GHA,GHA15.1_2,AhantaWest,Western,2004,0.46823,0.41269,0.4887
GHA,GHA15.1_2,AhantaWest,Western,2005,0.45267,0.3869,0.47507
GHA,GHA15.1_2,AhantaWest,Western,2006,0.42046,0.34651,0.44901
GHA,GHA15.1_2,AhantaWest,Western,2007,0.37791,0.30055,0.40978
GHA,GHA15.1_2,AhantaWest,Western,2008,0.35724,0.27862,0.39021
GHA,GHA15.1_2,AhantaWest,Western,2009,0.36676,0.27691,0.40765
GHA,GHA15.1_2,AhantaWest,Western,2010,0.38442,0.28191,0.43533
GHA,GHA15.1_2,AhantaWest,Western,2011,0.39271,0.28919,0.44424
GHA,GHA15.1_2,AhantaWest,Western,2012,0.38419,0.28808,0.43271
GHA,GHA15.1_2,AhantaWest,Western,2013,0.35419,0.27204,0.39512
GHA,GHA15.1_2,AhantaWest,Western,2014,0.3129,0.24591,0.3452
GHA,GHA15.1_2,AhantaWest,Western,2015,0.28402,0.22375,0.31207
GHA,GHA15.1_2,AhantaWest,Western,2016,0.26614,0.21145,0.29502
GHA,GHA15.1_2,AhantaWest,Western,2017,0.24865,0.20044,0.27918
GHA,GHA15.1_2,AhantaWest,Western,2018,0.22998,0.19001,0.26548
GHA,GHA15.1_2,AhantaWest,Western,2019,0.2289,0.19303,0.26613
GHA,GHA15.1_2,AhantaWest,Western,2020,0.24254,0.20914,0.28052
GHA,GHA15.1_2,AhantaWest,Western,2021,0.2594,0.22425,0.29522
GHA,GHA15.1_2,AhantaWest,Western,2022,0.27311,0.24395,0.30634
GHA,GHA15.1_2,AhantaWest,Western,2023,0.26972,0.22715,0.29517
GHA,GHA15.1_2,AhantaWest,Western,2024,0.26433,0.21825,0.28593
GHA,GHA15.1_2,AhantaWest,Western,2025,0.23957,0.19441,0.25798
GHA,GHA15.2_2,EffiaKwesimintsim,Western,2000,0.42211,0.38216,0.47272
GHA,GHA15.2_2,EffiaKwesimintsim,Western,2001,0.42762,0.38896,0.47384
GHA,GHA15.2_2,EffiaKwesimintsim,Western,2002,0.43381,0.39572,0.47629
GHA,GHA15.2_2,EffiaKwesimintsim,Western,2003,0.43182,0.39227,0.47404
GHA,GHA15.2_2,EffiaKwesimintsim,Western,2004,0.41687,0.37513,0.46072
GHA,GHA15.2_2,EffiaKwesimintsim,Western,2005,0.39347,0.34806,0.444
GHA,GHA15.2_2,EffiaKwesimintsim,Western,2006,0.35412,0.30591,0.41111
GHA,GHA15.2_2,EffiaKwesimintsim,Western,2007,0.31195,0.26303,0.37277
GHA,GHA15.2_2,EffiaKwesimintsim,Western,2008,0.29068,0.24126,0.35616
GHA,GHA15.2_2,EffiaKwesimintsim,Western,2009,0.29011,0.23497,0.36589
GHA,GHA15.2_2,EffiaKwesimintsim,Western,2010,0.29775,0.23918,0.38126
GHA,GHA15.2_2,EffiaKwesimintsim,Western,2011,0.30521,0.24492,0.39123
GHA,GHA15.2_2,EffiaKwesimintsim,Western,2012,0.30253,0.24706,0.38436
GHA,GHA15.2_2,EffiaKwesimintsim,Western,2013,0.29424,0.24166,0.37125
GHA,GHA15.2_2,EffiaKwesimintsim,Western,2014,0.27491,0.22593,0.34774
GHA,GHA15.2_2,EffiaKwesimintsim,Western,2015,0.25063,0.20388,0.32089
GHA,GHA15.2_2,EffiaKwesimintsim,Western,2016,0.23445,0.18909,0.30291
GHA,GHA15.2_2,EffiaKwesimintsim,Western,2017,0.2228,0.18005,0.28964
GHA,GHA15.2_2,EffiaKwesimintsim,Western,2018,0.21207,0.17172,0.27759
GHA,GHA15.2_2,EffiaKwesimintsim,Western,2019,0.21576,0.17633,0.28228
GHA,GHA15.2_2,EffiaKwesimintsim,Western,2020,0.22909,0.19113,0.29574
GHA,GHA15.2_2,EffiaKwesimintsim,Western,2021,0.24129,0.20578,0.30319
GHA,GHA15.2_2,EffiaKwesimintsim,Western,2022,0.26064,0.23934,0.30361
GHA,GHA15.2_2,EffiaKwesimintsim,Western,2023,0.23899,0.20854,0.29034
GHA,GHA15.2_2,EffiaKwesimintsim,Western,2024,0.23044,0.19994,0.27941
GHA,GHA15.2_2,EffiaKwesimintsim,Western,2025,0.20575,0.17832,0.24869
GHA,GHA15.3_2,Ellembelle,Western,2000,0.50436,0.48271,0.52234
GHA,GHA15.3_2,Ellembelle,Western,2001,0.51133,0.49057,0.52306
GHA,GHA15.3_2,Ellembelle,Western,2002,0.5133,0.49771,0.52157
GHA,GHA15.3_2,Ellembelle,Western,2003,0.51254,0.50091,0.51915
GHA,GHA15.3_2,Ellembelle,Western,2004,0.50942,0.49604,0.51631
GHA,GHA15.3_2,Ellembelle,Western,2005,0.49795,0.48019,0.51213
GHA,GHA15.3_2,Ellembelle,Western,2006,0.46362,0.4387,0.48415
GHA,GHA15.3_2,Ellembelle,Western,2007,0.40764,0.36576,0.43701
GHA,GHA15.3_2,Ellembelle,Western,2008,0.3762,0.32592,0.41009
GHA,GHA15.3_2,Ellembelle,Western,2009,0.3882,0.32391,0.43449
GHA,GHA15.3_2,Ellembelle,Western,2010,0.41338,0.33818,0.47106
GHA,GHA15.3_2,Ellembelle,Western,2011,0.42141,0.34031,0.4821
GHA,GHA15.3_2,Ellembelle,Western,2012,0.40809,0.32217,0.47455
GHA,GHA15.3_2,Ellembelle,Western,2013,0.37959,0.29309,0.44454
GHA,GHA15.3_2,Ellembelle,Western,2014,0.34539,0.25941,0.4116
GHA,GHA15.3_2,Ellembelle,Western,2015,0.31206,0.22672,0.38333
GHA,GHA15.3_2,Ellembelle,Western,2016,0.29209,0.20621,0.37144
GHA,GHA15.3_2,Ellembelle,Western,2017,0.27466,0.18922,0.35894
GHA,GHA15.3_2,Ellembelle,Western,2018,0.24985,0.17202,0.33091
GHA,GHA15.3_2,Ellembelle,Western,2019,0.24296,0.16896,0.32896
GHA,GHA15.3_2,Ellembelle,Western,2020,0.24925,0.17849,0.3325
GHA,GHA15.3_2,Ellembelle,Western,2021,0.25582,0.19034,0.32739
GHA,GHA15.3_2,Ellembelle,Western,2022,0.26245,0.20988,0.31741
GHA,GHA15.3_2,Ellembelle,Western,2023,0.26429,0.2128,0.31133
GHA,GHA15.3_2,Ellembelle,Western,2024,0.26849,0.22254,0.30586
GHA,GHA15.3_2,Ellembelle,Western,2025,0.25527,0.2175,0.28781
GHA,GHA15.4_2,Jomoro,Western,2000,0.5185,0.50457,0.52821
GHA,GHA15.4_2,Jomoro,Western,2001,0.52153,0.51324,0.53626
GHA,GHA15.4_2,Jomoro,Western,2002,0.51994,0.51402,0.5365
GHA,GHA15.4_2,Jomoro,Western,2003,0.51769,0.51329,0.53614
GHA,GHA15.4_2,Jomoro,Western,2004,0.51579,0.51125,0.53513
GHA,GHA15.4_2,Jomoro,Western,2005,0.51115,0.49815,0.5336
GHA,GHA15.4_2,Jomoro,Western,2006,0.48313,0.452,0.52237
GHA,GHA15.4_2,Jomoro,Western,2007,0.42024,0.3677,0.48306
GHA,GHA15.4_2,Jomoro,Western,2008,0.3773,0.30985,0.43647
GHA,GHA15.4_2,Jomoro,Western,2009,0.38556,0.30436,0.45041
GHA,GHA15.4_2,Jomoro,Western,2010,0.40873,0.31285,0.48139
GHA,GHA15.4_2,Jomoro,Western,2011,0.41036,0.30777,0.48448
GHA,GHA15.4_2,Jomoro,Western,2012,0.38594,0.28258,0.47513
GHA,GHA15.4_2,Jomoro,Western,2013,0.3462,0.22453,0.44719
GHA,GHA15.4_2,Jomoro,Western,2014,0.30274,0.18188,0.4096
GHA,GHA15.4_2,Jomoro,Western,2015,0.26392,0.1599,0.37503
GHA,GHA15.4_2,Jomoro,Western,2016,0.24205,0.14471,0.36059
GHA,GHA15.4_2,Jomoro,Western,2017,0.22793,0.13031,0.34542
GHA,GHA15.4_2,Jomoro,Western,2018,0.21346,0.11649,0.32499
GHA,GHA15.4_2,Jomoro,Western,2019,0.21738,0.11504,0.32765
GHA,GHA15.4_2,Jomoro,Western,2020,0.23244,0.12215,0.33451
GHA,GHA15.4_2,Jomoro,Western,2021,0.24689,0.13648,0.33864
GHA,GHA15.4_2,Jomoro,Western,2022,0.2615,0.16153,0.33809
GHA,GHA15.4_2,Jomoro,Western,2023,0.27294,0.18906,0.33858
GHA,GHA15.4_2,Jomoro,Western,2024,0.28454,0.21705,0.34008
GHA,GHA15.4_2,Jomoro,Western,2025,0.27598,0.23356,0.31899
GHA,GHA15.5_2,Mpohor,Western,2000,0.47512,0.45595,0.48771
GHA,GHA15.5_2,Mpohor,Western,2001,0.47756,0.46045,0.49099
GHA,GHA15.5_2,Mpohor,Western,2002,0.48074,0.46484,0.49315
GHA,GHA15.5_2,Mpohor,Western,2003,0.48006,0.46396,0.49385
GHA,GHA15.5_2,Mpohor,Western,2004,0.46743,0.44517,0.48562
GHA,GHA15.5_2,Mpohor,Western,2005,0.44838,0.42442,0.46874
GHA,GHA15.5_2,Mpohor,Western,2006,0.41231,0.38881,0.43703
GHA,GHA15.5_2,Mpohor,Western,2007,0.3698,0.35054,0.39255
GHA,GHA15.5_2,Mpohor,Western,2008,0.35173,0.32955,0.37128
GHA,GHA15.5_2,Mpohor,Western,2009,0.36156,0.33335,0.38335
GHA,GHA15.5_2,Mpohor,Western,2010,0.37973,0.34503,0.40647
GHA,GHA15.5_2,Mpohor,Western,2011,0.38792,0.35385,0.4173
GHA,GHA15.5_2,Mpohor,Western,2012,0.37981,0.34925,0.41262
GHA,GHA15.5_2,Mpohor,Western,2013,0.36136,0.32851,0.39402
GHA,GHA15.5_2,Mpohor,Western,2014,0.33705,0.30697,0.37072
GHA,GHA15.5_2,Mpohor,Western,2015,0.3128,0.28453,0.33878
GHA,GHA15.5_2,Mpohor,Western,2016,0.29879,0.26696,0.32283
GHA,GHA15.5_2,Mpohor,Western,2017,0.2882,0.2548,0.31132
GHA,GHA15.5_2,Mpohor,Western,2018,0.27166,0.23742,0.29509
GHA,GHA15.5_2,Mpohor,Western,2019,0.27055,0.23664,0.29724
GHA,GHA15.5_2,Mpohor,Western,2020,0.27811,0.24644,0.30548
GHA,GHA15.5_2,Mpohor,Western,2021,0.28233,0.25398,0.30805
GHA,GHA15.5_2,Mpohor,Western,2022,0.27803,0.24106,0.3039
GHA,GHA15.5_2,Mpohor,Western,2023,0.26839,0.23027,0.2916
GHA,GHA15.5_2,Mpohor,Western,2024,0.26178,0.22636,0.28327
GHA,GHA15.5_2,Mpohor,Western,2025,0.23718,0.20996,0.25477
GHA,GHA15.6_2,NzemaEast,Western,2000,0.4918,0.4662,0.5132
GHA,GHA15.6_2,NzemaEast,Western,2001,0.49883,0.47531,0.5193
GHA,GHA15.6_2,NzemaEast,Western,2002,0.50352,0.48453,0.5175
GHA,GHA15.6_2,NzemaEast,Western,2003,0.50426,0.48809,0.51561
GHA,GHA15.6_2,NzemaEast,Western,2004,0.49974,0.47986,0.51383
GHA,GHA15.6_2,NzemaEast,Western,2005,0.48526,0.46072,0.50667
GHA,GHA15.6_2,NzemaEast,Western,2006,0.45264,0.42205,0.47933
GHA,GHA15.6_2,NzemaEast,Western,2007,0.40513,0.37338,0.43396
GHA,GHA15.6_2,NzemaEast,Western,2008,0.38171,0.35086,0.41303
GHA,GHA15.6_2,NzemaEast,Western,2009,0.39809,0.36117,0.43189
GHA,GHA15.6_2,NzemaEast,Western,2010,0.42694,0.38142,0.45811
GHA,GHA15.6_2,NzemaEast,Western,2011,0.43773,0.38867,0.46835
GHA,GHA15.6_2,NzemaEast,Western,2012,0.42783,0.37734,0.46208
GHA,GHA15.6_2,NzemaEast,Western,2013,0.38318,0.33048,0.42021
GHA,GHA15.6_2,NzemaEast,Western,2014,0.33131,0.27614,0.37117
GHA,GHA15.6_2,NzemaEast,Western,2015,0.3236,0.25839,0.36698
GHA,GHA15.6_2,NzemaEast,Western,2016,0.3284,0.25273,0.38144
GHA,GHA15.6_2,NzemaEast,Western,2017,0.30904,0.23053,0.36835
GHA,GHA15.6_2,NzemaEast,Western,2018,0.27809,0.20387,0.33383
GHA,GHA15.6_2,NzemaEast,Western,2019,0.26498,0.19473,0.31818
GHA,GHA15.6_2,NzemaEast,Western,2020,0.26619,0.20173,0.31025
GHA,GHA15.6_2,NzemaEast,Western,2021,0.26772,0.21439,0.30803
GHA,GHA15.6_2,NzemaEast,Western,2022,0.26742,0.22569,0.30448
GHA,GHA15.6_2,NzemaEast,Western,2023,0.26424,0.22422,0.30213
GHA,GHA15.6_2,NzemaEast,Western,2024,0.26443,0.22541,0.30378
GHA,GHA15.6_2,NzemaEast,Western,2025,0.24855,0.21501,0.28346
GHA,GHA15.7_2,Prestea-HuniValley,Western,2000,0.48576,0.43801,0.51239
GHA,GHA15.7_2,Prestea-HuniValley,Western,2001,0.48636,0.43876,0.5162
GHA,GHA15.7_2,Prestea-HuniValley,Western,2002,0.48799,0.44039,0.51479
GHA,GHA15.7_2,Prestea-HuniValley,Western,2003,0.48523,0.43458,0.51194
GHA,GHA15.7_2,Prestea-HuniValley,Western,2004,0.4737,0.41343,0.50764
GHA,GHA15.7_2,Prestea-HuniValley,Western,2005,0.45391,0.38317,0.49604
GHA,GHA15.7_2,Prestea-HuniValley,Western,2006,0.41612,0.34032,0.47079
GHA,GHA15.7_2,Prestea-HuniValley,Western,2007,0.37409,0.30529,0.42369
GHA,GHA15.7_2,Prestea-HuniValley,Western,2008,0.36471,0.29961,0.41093
GHA,GHA15.7_2,Prestea-HuniValley,Western,2009,0.39287,0.32788,0.44165
GHA,GHA15.7_2,Prestea-HuniValley,Western,2010,0.42891,0.36205,0.48247
GHA,GHA15.7_2,Prestea-HuniValley,Western,2011,0.43496,0.36466,0.49002
GHA,GHA15.7_2,Prestea-HuniValley,Western,2012,0.41289,0.33319,0.48768
GHA,GHA15.7_2,Prestea-HuniValley,Western,2013,0.37184,0.28639,0.46716
GHA,GHA15.7_2,Prestea-HuniValley,Western,2014,0.34256,0.25783,0.44932
GHA,GHA15.7_2,Prestea-HuniValley,Western,2015,0.34713,0.26334,0.44426
GHA,GHA15.7_2,Prestea-HuniValley,Western,2016,0.36168,0.2805,0.44507
GHA,GHA15.7_2,Prestea-HuniValley,Western,2017,0.35527,0.27854,0.4359
GHA,GHA15.7_2,Prestea-HuniValley,Western,2018,0.32727,0.25801,0.40399
GHA,GHA15.7_2,Prestea-HuniValley,Western,2019,0.30861,0.24412,0.37928
GHA,GHA15.7_2,Prestea-HuniValley,Western,2020,0.2938,0.22958,0.36566
GHA,GHA15.7_2,Prestea-HuniValley,Western,2021,0.26699,0.2005,0.34182
GHA,GHA15.7_2,Prestea-HuniValley,Western,2022,0.24006,0.18718,0.31435
GHA,GHA15.7_2,Prestea-HuniValley,Western,2023,0.22266,0.15739,0.29457
GHA,GHA15.7_2,Prestea-HuniValley,Western,2024,0.22084,0.15569,0.28708
GHA,GHA15.7_2,Prestea-HuniValley,Western,2025,0.21098,0.15324,0.26607
GHA,GHA15.8_2,SekondiTakoradi,Western,2000,0.40019,0.36732,0.44726
GHA,GHA15.8_2,SekondiTakoradi,Western,2001,0.40627,0.3745,0.45216
GHA,GHA15.8_2,SekondiTakoradi,Western,2002,0.41107,0.38127,0.45441
GHA,GHA15.8_2,SekondiTakoradi,Western,2003,0.4078,0.37754,0.45209
GHA,GHA15.8_2,SekondiTakoradi,Western,2004,0.39003,0.35984,0.43516
GHA,GHA15.8_2,SekondiTakoradi,Western,2005,0.36486,0.33245,0.41346
GHA,GHA15.8_2,SekondiTakoradi,Western,2006,0.32602,0.29035,0.37872
GHA,GHA15.8_2,SekondiTakoradi,Western,2007,0.28633,0.24892,0.34085
GHA,GHA15.8_2,SekondiTakoradi,Western,2008,0.26792,0.22787,0.32645
GHA,GHA15.8_2,SekondiTakoradi,Western,2009,0.26625,0.22148,0.33227
GHA,GHA15.8_2,SekondiTakoradi,Western,2010,0.27502,0.22505,0.3502
GHA,GHA15.8_2,SekondiTakoradi,Western,2011,0.28291,0.23104,0.3605
GHA,GHA15.8_2,SekondiTakoradi,Western,2012,0.28235,0.23187,0.35651
GHA,GHA15.8_2,SekondiTakoradi,Western,2013,0.27632,0.22608,0.34595
GHA,GHA15.8_2,SekondiTakoradi,Western,2014,0.25755,0.21078,0.32253
GHA,GHA15.8_2,SekondiTakoradi,Western,2015,0.23184,0.18821,0.29182
GHA,GHA15.8_2,SekondiTakoradi,Western,2016,0.2144,0.17165,0.27389
GHA,GHA15.8_2,SekondiTakoradi,Western,2017,0.20399,0.1625,0.26198
GHA,GHA15.8_2,SekondiTakoradi,Western,2018,0.19507,0.15589,0.24961
GHA,GHA15.8_2,SekondiTakoradi,Western,2019,0.19996,0.16103,0.2538
GHA,GHA15.8_2,SekondiTakoradi,Western,2020,0.21392,0.17577,0.26632
GHA,GHA15.8_2,SekondiTakoradi,Western,2021,0.22719,0.19284,0.27538
GHA,GHA15.8_2,SekondiTakoradi,Western,2022,0.24951,0.22455,0.27935
GHA,GHA15.8_2,SekondiTakoradi,Western,2023,0.22453,0.19859,0.26292
GHA,GHA15.8_2,SekondiTakoradi,Western,2024,0.21503,0.1899,0.25205
GHA,GHA15.8_2,SekondiTakoradi,Western,2025,0.19129,0.16876,0.22423
GHA,GHA15.9_2,Shama,Western,2000,0.42363,0.40199,0.46103
GHA,GHA15.9_2,Shama,Western,2001,0.42964,0.40722,0.46693
GHA,GHA15.9_2,Shama,Western,2002,0.43295,0.41109,0.47015
GHA,GHA15.9_2,Shama,Western,2003,0.42591,0.40347,0.46115
GHA,GHA15.9_2,Shama,Western,2004,0.40509,0.3827,0.4388
GHA,GHA15.9_2,Shama,Western,2005,0.3836,0.35864,0.42058
GHA,GHA15.9_2,Shama,Western,2006,0.35009,0.31969,0.39567
GHA,GHA15.9_2,Shama,Western,2007,0.31845,0.28508,0.37263
GHA,GHA15.9_2,Shama,Western,2008,0.30669,0.26984,0.36804
GHA,GHA15.9_2,Shama,Western,2009,0.31512,0.26938,0.39219
GHA,GHA15.9_2,Shama,Western,2010,0.33339,0.27883,0.42614
GHA,GHA15.9_2,Shama,Western,2011,0.34586,0.2884,0.44091
GHA,GHA15.9_2,Shama,Western,2012,0.34446,0.28984,0.43939
GHA,GHA15.9_2,Shama,Western,2013,0.33433,0.2833,0.42437
GHA,GHA15.9_2,Shama,Western,2014,0.31156,0.26592,0.39683
GHA,GHA15.9_2,Shama,Western,2015,0.28057,0.24012,0.36001
GHA,GHA15.9_2,Shama,Western,2016,0.25894,0.22087,0.33353
GHA,GHA15.9_2,Shama,Western,2017,0.2463,0.20901,0.31576
GHA,GHA15.9_2,Shama,Western,2018,0.23549,0.20089,0.30085
GHA,GHA15.9_2,Shama,Western,2019,0.23898,0.20593,0.30314
GHA,GHA15.9_2,Shama,Western,2020,0.24833,0.2172,0.30826
GHA,GHA15.9_2,Shama,Western,2021,0.25195,0.22467,0.30269
GHA,GHA15.9_2,Shama,Western,2022,0.25703,0.23442,0.2944
GHA,GHA15.9_2,Shama,Western,2023,0.23429,0.21528,0.2666
GHA,GHA15.9_2,Shama,Western,2024,0.22434,0.20759,0.25322
GHA,GHA15.9_2,Shama,Western,2025,0.20023,0.18606,0.22515
GHA,GHA16.1_2,Aowin,WesternNorth,2000,0.52387,0.50938,0.52621
GHA,GHA16.1_2,Aowin,WesternNorth,2001,0.52316,0.51628,0.52402
GHA,GHA16.1_2,Aowin,WesternNorth,2002,0.52164,0.51599,0.52218
GHA,GHA16.1_2,Aowin,WesternNorth,2003,0.51977,0.51244,0.52037
GHA,GHA16.1_2,Aowin,WesternNorth,2004,0.51777,0.50569,0.51932
GHA,GHA16.1_2,Aowin,WesternNorth,2005,0.51204,0.48876,0.51787
GHA,GHA16.1_2,Aowin,WesternNorth,2006,0.4853,0.4422,0.50993
GHA,GHA16.1_2,Aowin,WesternNorth,2007,0.41932,0.36241,0.46065
GHA,GHA16.1_2,Aowin,WesternNorth,2008,0.38489,0.33144,0.43835
GHA,GHA16.1_2,Aowin,WesternNorth,2009,0.41241,0.36118,0.46822
GHA,GHA16.1_2,Aowin,WesternNorth,2010,0.4529,0.40866,0.49468
GHA,GHA16.1_2,Aowin,WesternNorth,2011,0.46398,0.41909,0.50027
GHA,GHA16.1_2,Aowin,WesternNorth,2012,0.44797,0.39355,0.49806
GHA,GHA16.1_2,Aowin,WesternNorth,2013,0.41593,0.35181,0.49088
GHA,GHA16.1_2,Aowin,WesternNorth,2014,0.39312,0.32716,0.48669
GHA,GHA16.1_2,Aowin,WesternNorth,2015,0.38868,0.30105,0.48643
GHA,GHA16.1_2,Aowin,WesternNorth,2016,0.39642,0.27613,0.48625
GHA,GHA16.1_2,Aowin,WesternNorth,2017,0.39534,0.26578,0.48332
GHA,GHA16.1_2,Aowin,WesternNorth,2018,0.37563,0.25761,0.46909
GHA,GHA16.1_2,Aowin,WesternNorth,2019,0.36152,0.26958,0.44804
GHA,GHA16.1_2,Aowin,WesternNorth,2020,0.34593,0.28323,0.42833
GHA,GHA16.1_2,Aowin,WesternNorth,2021,0.30971,0.23893,0.38392
GHA,GHA16.1_2,Aowin,WesternNorth,2022,0.27733,0.19852,0.35439
GHA,GHA16.1_2,Aowin,WesternNorth,2023,0.26444,0.19124,0.3419
GHA,GHA16.1_2,Aowin,WesternNorth,2024,0.27173,0.2104,0.34109
GHA,GHA16.1_2,Aowin,WesternNorth,2025,0.26869,0.21155,0.32804
GHA,GHA16.2_2,BiaEast,WesternNorth,2000,0.52412,0.51885,0.5274
GHA,GHA16.2_2,BiaEast,WesternNorth,2001,0.52365,0.51873,0.52561
GHA,GHA16.2_2,BiaEast,WesternNorth,2002,0.52254,0.51876,0.52392
GHA,GHA16.2_2,BiaEast,WesternNorth,2003,0.52081,0.5176,0.52205
GHA,GHA16.2_2,BiaEast,WesternNorth,2004,0.51876,0.51493,0.52099
GHA,GHA16.2_2,BiaEast,WesternNorth,2005,0.51515,0.50775,0.5191
GHA,GHA16.2_2,BiaEast,WesternNorth,2006,0.50349,0.48048,0.51458
GHA,GHA16.2_2,BiaEast,WesternNorth,2007,0.47563,0.43596,0.49903
GHA,GHA16.2_2,BiaEast,WesternNorth,2008,0.47668,0.43509,0.49641
GHA,GHA16.2_2,BiaEast,WesternNorth,2009,0.50376,0.488,0.50945
GHA,GHA16.2_2,BiaEast,WesternNorth,2010,0.5066,0.50562,0.50693
GHA,GHA16.2_2,BiaEast,WesternNorth,2011,0.5044,0.50393,0.50479
GHA,GHA16.2_2,BiaEast,WesternNorth,2012,0.50207,0.49847,0.50289
GHA,GHA16.2_2,BiaEast,WesternNorth,2013,0.48674,0.45162,0.50045
GHA,GHA16.2_2,BiaEast,WesternNorth,2014,0.44711,0.38675,0.4902
GHA,GHA16.2_2,BiaEast,WesternNorth,2015,0.41442,0.34529,0.47156
GHA,GHA16.2_2,BiaEast,WesternNorth,2016,0.40164,0.3332,0.45987
GHA,GHA16.2_2,BiaEast,WesternNorth,2017,0.40077,0.3362,0.45592
GHA,GHA16.2_2,BiaEast,WesternNorth,2018,0.40354,0.34599,0.45148
GHA,GHA16.2_2,BiaEast,WesternNorth,2019,0.40703,0.35857,0.45187
GHA,GHA16.2_2,BiaEast,WesternNorth,2020,0.39077,0.34269,0.4349
GHA,GHA16.2_2,BiaEast,WesternNorth,2021,0.32877,0.2728,0.37649
GHA,GHA16.2_2,BiaEast,WesternNorth,2022,0.2614,0.21377,0.29902
GHA,GHA16.2_2,BiaEast,WesternNorth,2023,0.23189,0.18834,0.26291
GHA,GHA16.2_2,BiaEast,WesternNorth,2024,0.2322,0.19073,0.26451
GHA,GHA16.2_2,BiaEast,WesternNorth,2025,0.22956,0.19408,0.26011
GHA,GHA16.3_2,BiaWest,WesternNorth,2000,0.52513,0.51845,0.54386
GHA,GHA16.3_2,BiaWest,WesternNorth,2001,0.5251,0.52116,0.54175
GHA,GHA16.3_2,BiaWest,WesternNorth,2002,0.52392,0.52262,0.54014
GHA,GHA16.3_2,BiaWest,WesternNorth,2003,0.52208,0.5205,0.53991
GHA,GHA16.3_2,BiaWest,WesternNorth,2004,0.51965,0.51616,0.53978
GHA,GHA16.3_2,BiaWest,WesternNorth,2005,0.51522,0.50713,0.54006
GHA,GHA16.3_2,BiaWest,WesternNorth,2006,0.49983,0.48001,0.53937
GHA,GHA16.3_2,BiaWest,WesternNorth,2007,0.46521,0.42926,0.53999
GHA,GHA16.3_2,BiaWest,WesternNorth,2008,0.463,0.42248,0.5405
GHA,GHA16.3_2,BiaWest,WesternNorth,2009,0.49918,0.47514,0.53925
GHA,GHA16.3_2,BiaWest,WesternNorth,2010,0.5073,0.50117,0.53934
GHA,GHA16.3_2,BiaWest,WesternNorth,2011,0.50576,0.50233,0.53992
GHA,GHA16.3_2,BiaWest,WesternNorth,2012,0.50299,0.49431,0.5411
GHA,GHA16.3_2,BiaWest,WesternNorth,2013,0.47772,0.43788,0.53879
GHA,GHA16.3_2,BiaWest,WesternNorth,2014,0.4361,0.38075,0.50478
GHA,GHA16.3_2,BiaWest,WesternNorth,2015,0.41929,0.36348,0.50655
GHA,GHA16.3_2,BiaWest,WesternNorth,2016,0.42177,0.36813,0.51559
GHA,GHA16.3_2,BiaWest,WesternNorth,2017,0.42344,0.37048,0.52095
GHA,GHA16.3_2,BiaWest,WesternNorth,2018,0.419,0.36457,0.51342
GHA,GHA16.3_2,BiaWest,WesternNorth,2019,0.41205,0.36081,0.49043
GHA,GHA16.3_2,BiaWest,WesternNorth,2020,0.38556,0.33166,0.4642
GHA,GHA16.3_2,BiaWest,WesternNorth,2021,0.31429,0.2658,0.38499
GHA,GHA16.3_2,BiaWest,WesternNorth,2022,0.2489,0.20971,0.31574
GHA,GHA16.3_2,BiaWest,WesternNorth,2023,0.2221,0.18373,0.28582
GHA,GHA16.3_2,BiaWest,WesternNorth,2024,0.22596,0.186,0.28063
GHA,GHA16.3_2,BiaWest,WesternNorth,2025,0.22929,0.19008,0.28281
GHA,GHA16.4_2,Bibiani-Anhwiaso-Bekwai-,WesternNorth,2000,0.45639,0.41308,0.48704
GHA,GHA16.4_2,Bibiani-Anhwiaso-Bekwai-,WesternNorth,2001,0.45675,0.40795,0.49477
GHA,GHA16.4_2,Bibiani-Anhwiaso-Bekwai-,WesternNorth,2002,0.45551,0.40422,0.49747
GHA,GHA16.4_2,Bibiani-Anhwiaso-Bekwai-,WesternNorth,2003,0.44239,0.38655,0.48991
GHA,GHA16.4_2,Bibiani-Anhwiaso-Bekwai-,WesternNorth,2004,0.42327,0.36441,0.47664
GHA,GHA16.4_2,Bibiani-Anhwiaso-Bekwai-,WesternNorth,2005,0.39821,0.33495,0.45905
GHA,GHA16.4_2,Bibiani-Anhwiaso-Bekwai-,WesternNorth,2006,0.35226,0.293,0.41276
GHA,GHA16.4_2,Bibiani-Anhwiaso-Bekwai-,WesternNorth,2007,0.31961,0.26592,0.3695
GHA,GHA16.4_2,Bibiani-Anhwiaso-Bekwai-,WesternNorth,2008,0.33226,0.27792,0.37981
GHA,GHA16.4_2,Bibiani-Anhwiaso-Bekwai-,WesternNorth,2009,0.39854,0.33889,0.43892
GHA,GHA16.4_2,Bibiani-Anhwiaso-Bekwai-,WesternNorth,2010,0.46915,0.41657,0.49583
GHA,GHA16.4_2,Bibiani-Anhwiaso-Bekwai-,WesternNorth,2011,0.49096,0.4498,0.50287
GHA,GHA16.4_2,Bibiani-Anhwiaso-Bekwai-,WesternNorth,2012,0.48659,0.44119,0.50088
GHA,GHA16.4_2,Bibiani-Anhwiaso-Bekwai-,WesternNorth,2013,0.46439,0.40269,0.49591
GHA,GHA16.4_2,Bibiani-Anhwiaso-Bekwai-,WesternNorth,2014,0.43572,0.36429,0.48909
GHA,GHA16.4_2,Bibiani-Anhwiaso-Bekwai-,WesternNorth,2015,0.4089,0.33285,0.47326
GHA,GHA16.4_2,Bibiani-Anhwiaso-Bekwai-,WesternNorth,2016,0.39173,0.31464,0.45964
GHA,GHA16.4_2,Bibiani-Anhwiaso-Bekwai-,WesternNorth,2017,0.37615,0.2995,0.44485
GHA,GHA16.4_2,Bibiani-Anhwiaso-Bekwai-,WesternNorth,2018,0.35617,0.28451,0.42239
GHA,GHA16.4_2,Bibiani-Anhwiaso-Bekwai-,WesternNorth,2019,0.34777,0.27847,0.40577
GHA,GHA16.4_2,Bibiani-Anhwiaso-Bekwai-,WesternNorth,2020,0.33191,0.26341,0.38745
GHA,GHA16.4_2,Bibiani-Anhwiaso-Bekwai-,WesternNorth,2021,0.29229,0.22883,0.34969
GHA,GHA16.4_2,Bibiani-Anhwiaso-Bekwai-,WesternNorth,2022,0.25128,0.21058,0.30047
GHA,GHA16.4_2,Bibiani-Anhwiaso-Bekwai-,WesternNorth,2023,0.22297,0.1722,0.26924
GHA,GHA16.4_2,Bibiani-Anhwiaso-Bekwai-,WesternNorth,2024,0.21301,0.1634,0.26187
GHA,GHA16.4_2,Bibiani-Anhwiaso-Bekwai-,WesternNorth,2025,0.1944,0.14968,0.23868
GHA,GHA16.5_2,Bodi,WesternNorth,2000,0.51848,0.4996,0.52594
GHA,GHA16.5_2,Bodi,WesternNorth,2001,0.5202,0.509,0.52421
GHA,GHA16.5_2,Bodi,WesternNorth,2002,0.52043,0.51073,0.52256
GHA,GHA16.5_2,Bodi,WesternNorth,2003,0.51894,0.50876,0.52076
GHA,GHA16.5_2,Bodi,WesternNorth,2004,0.51266,0.49216,0.5188
GHA,GHA16.5_2,Bodi,WesternNorth,2005,0.49943,0.46876,0.51354
GHA,GHA16.5_2,Bodi,WesternNorth,2006,0.46673,0.42009,0.48988
GHA,GHA16.5_2,Bodi,WesternNorth,2007,0.41701,0.35878,0.44969
GHA,GHA16.5_2,Bodi,WesternNorth,2008,0.40413,0.35458,0.43755
GHA,GHA16.5_2,Bodi,WesternNorth,2009,0.45002,0.3884,0.47639
GHA,GHA16.5_2,Bodi,WesternNorth,2010,0.48871,0.43811,0.50139
GHA,GHA16.5_2,Bodi,WesternNorth,2011,0.4969,0.45266,0.50367
GHA,GHA16.5_2,Bodi,WesternNorth,2012,0.48962,0.43566,0.50152
GHA,GHA16.5_2,Bodi,WesternNorth,2013,0.46408,0.40213,0.4903
GHA,GHA16.5_2,Bodi,WesternNorth,2014,0.44519,0.38702,0.47635
GHA,GHA16.5_2,Bodi,WesternNorth,2015,0.44421,0.40173,0.46792
GHA,GHA16.5_2,Bodi,WesternNorth,2016,0.45171,0.42168,0.4737
GHA,GHA16.5_2,Bodi,WesternNorth,2017,0.44905,0.41371,0.47345
GHA,GHA16.5_2,Bodi,WesternNorth,2018,0.42978,0.3849,0.45881
GHA,GHA16.5_2,Bodi,WesternNorth,2019,0.40578,0.35848,0.43763
GHA,GHA16.5_2,Bodi,WesternNorth,2020,0.36775,0.32519,0.40497
GHA,GHA16.5_2,Bodi,WesternNorth,2021,0.29601,0.26579,0.3325
GHA,GHA16.5_2,Bodi,WesternNorth,2022,0.23732,0.215,0.26707
GHA,GHA16.5_2,Bodi,WesternNorth,2023,0.21456,0.19256,0.24337
GHA,GHA16.5_2,Bodi,WesternNorth,2024,0.21911,0.19192,0.24884
GHA,GHA16.5_2,Bodi,WesternNorth,2025,0.22441,0.18901,0.25297
GHA,GHA16.6_2,Juaboso,WesternNorth,2000,0.51903,0.49278,0.5268
GHA,GHA16.6_2,Juaboso,WesternNorth,2001,0.5208,0.50395,0.52466
GHA,GHA16.6_2,Juaboso,WesternNorth,2002,0.52062,0.50976,0.52299
GHA,GHA16.6_2,Juaboso,WesternNorth,2003,0.51879,0.5076,0.52114
GHA,GHA16.6_2,Juaboso,WesternNorth,2004,0.51248,0.48854,0.51984
GHA,GHA16.6_2,Juaboso,WesternNorth,2005,0.5,0.4624,0.51669
GHA,GHA16.6_2,Juaboso,WesternNorth,2006,0.4703,0.41472,0.50783
GHA,GHA16.6_2,Juaboso,WesternNorth,2007,0.42421,0.35646,0.48795
GHA,GHA16.6_2,Juaboso,WesternNorth,2008,0.4184,0.35154,0.48491
GHA,GHA16.6_2,Juaboso,WesternNorth,2009,0.46675,0.4109,0.50657
GHA,GHA16.6_2,Juaboso,WesternNorth,2010,0.49755,0.47139,0.50604
GHA,GHA16.6_2,Juaboso,WesternNorth,2011,0.5013,0.48916,0.50409
GHA,GHA16.6_2,Juaboso,WesternNorth,2012,0.49535,0.4745,0.50223
GHA,GHA16.6_2,Juaboso,WesternNorth,2013,0.46855,0.43582,0.4982
GHA,GHA16.6_2,Juaboso,WesternNorth,2014,0.44032,0.39491,0.48497
GHA,GHA16.6_2,Juaboso,WesternNorth,2015,0.43238,0.38235,0.47371
GHA,GHA16.6_2,Juaboso,WesternNorth,2016,0.43769,0.38752,0.47346
GHA,GHA16.6_2,Juaboso,WesternNorth,2017,0.43511,0.38246,0.47389
GHA,GHA16.6_2,Juaboso,WesternNorth,2018,0.41991,0.36499,0.47065
GHA,GHA16.6_2,Juaboso,WesternNorth,2019,0.3994,0.34335,0.46253
GHA,GHA16.6_2,Juaboso,WesternNorth,2020,0.36375,0.30682,0.44299
GHA,GHA16.6_2,Juaboso,WesternNorth,2021,0.29151,0.24111,0.37437
GHA,GHA16.6_2,Juaboso,WesternNorth,2022,0.23168,0.18766,0.29681
GHA,GHA16.6_2,Juaboso,WesternNorth,2023,0.208,0.16594,0.2643
GHA,GHA16.6_2,Juaboso,WesternNorth,2024,0.21275,0.16895,0.27255
GHA,GHA16.6_2,Juaboso,WesternNorth,2025,0.21776,0.17414,0.27497
GHA,GHA16.7_2,Sefwi-Wiawso,WesternNorth,2000,0.4933,0.4598,0.517
GHA,GHA16.7_2,Sefwi-Wiawso,WesternNorth,2001,0.49959,0.46427,0.51814
GHA,GHA16.7_2,Sefwi-Wiawso,WesternNorth,2002,0.5027,0.46817,0.51885
GHA,GHA16.7_2,Sefwi-Wiawso,WesternNorth,2003,0.49757,0.45893,0.5177
GHA,GHA16.7_2,Sefwi-Wiawso,WesternNorth,2004,0.48063,0.43837,0.50886
GHA,GHA16.7_2,Sefwi-Wiawso,WesternNorth,2005,0.45903,0.41005,0.49652
GHA,GHA16.7_2,Sefwi-Wiawso,WesternNorth,2006,0.41235,0.35036,0.46633
GHA,GHA16.7_2,Sefwi-Wiawso,WesternNorth,2007,0.36042,0.30354,0.41852
GHA,GHA16.7_2,Sefwi-Wiawso,WesternNorth,2008,0.36269,0.30998,0.41795
GHA,GHA16.7_2,Sefwi-Wiawso,WesternNorth,2009,0.42455,0.37483,0.47222
GHA,GHA16.7_2,Sefwi-Wiawso,WesternNorth,2010,0.48271,0.45137,0.50354
GHA,GHA16.7_2,Sefwi-Wiawso,WesternNorth,2011,0.4971,0.48125,0.50377
GHA,GHA16.7_2,Sefwi-Wiawso,WesternNorth,2012,0.49387,0.47059,0.50186
GHA,GHA16.7_2,Sefwi-Wiawso,WesternNorth,2013,0.47794,0.43269,0.49852
GHA,GHA16.7_2,Sefwi-Wiawso,WesternNorth,2014,0.45817,0.39972,0.49321
GHA,GHA16.7_2,Sefwi-Wiawso,WesternNorth,2015,0.44216,0.38966,0.48679
GHA,GHA16.7_2,Sefwi-Wiawso,WesternNorth,2016,0.43319,0.39162,0.48031
GHA,GHA16.7_2,Sefwi-Wiawso,WesternNorth,2017,0.42086,0.37648,0.47252
GHA,GHA16.7_2,Sefwi-Wiawso,WesternNorth,2018,0.39678,0.35075,0.45532
GHA,GHA16.7_2,Sefwi-Wiawso,WesternNorth,2019,0.37786,0.3321,0.43652
GHA,GHA16.7_2,Sefwi-Wiawso,WesternNorth,2020,0.35243,0.30743,0.41171
GHA,GHA16.7_2,Sefwi-Wiawso,WesternNorth,2021,0.30123,0.25161,0.3582
GHA,GHA16.7_2,Sefwi-Wiawso,WesternNorth,2022,0.25257,0.20531,0.29767
GHA,GHA16.7_2,Sefwi-Wiawso,WesternNorth,2023,0.22573,0.17979,0.27005
GHA,GHA16.7_2,Sefwi-Wiawso,WesternNorth,2024,0.21889,0.17822,0.26188
GHA,GHA16.7_2,Sefwi-Wiawso,WesternNorth,2025,0.20623,0.17474,0.24723
GHA,GHA16.8_2,Sefwi-Akontombra,WesternNorth,2000,0.51624,0.48441,0.52636
GHA,GHA16.8_2,Sefwi-Akontombra,WesternNorth,2001,0.51853,0.4951,0.52427
GHA,GHA16.8_2,Sefwi-Akontombra,WesternNorth,2002,0.51918,0.49907,0.52248
GHA,GHA16.8_2,Sefwi-Akontombra,WesternNorth,2003,0.51758,0.49371,0.52063
GHA,GHA16.8_2,Sefwi-Akontombra,WesternNorth,2004,0.5106,0.47772,0.51911
GHA,GHA16.8_2,Sefwi-Akontombra,WesternNorth,2005,0.49609,0.45509,0.51444
GHA,GHA16.8_2,Sefwi-Akontombra,WesternNorth,2006,0.45545,0.39672,0.48963
GHA,GHA16.8_2,Sefwi-Akontombra,WesternNorth,2007,0.39092,0.33671,0.44308
GHA,GHA16.8_2,Sefwi-Akontombra,WesternNorth,2008,0.37071,0.32737,0.4201
GHA,GHA16.8_2,Sefwi-Akontombra,WesternNorth,2009,0.41353,0.36084,0.46116
GHA,GHA16.8_2,Sefwi-Akontombra,WesternNorth,2010,0.46359,0.40599,0.4992
GHA,GHA16.8_2,Sefwi-Akontombra,WesternNorth,2011,0.47776,0.41686,0.50304
GHA,GHA16.8_2,Sefwi-Akontombra,WesternNorth,2012,0.46876,0.39599,0.50128
GHA,GHA16.8_2,Sefwi-Akontombra,WesternNorth,2013,0.4475,0.36625,0.49551
GHA,GHA16.8_2,Sefwi-Akontombra,WesternNorth,2014,0.43449,0.35731,0.49097
GHA,GHA16.8_2,Sefwi-Akontombra,WesternNorth,2015,0.43745,0.37939,0.48134
GHA,GHA16.8_2,Sefwi-Akontombra,WesternNorth,2016,0.44617,0.41104,0.47393
GHA,GHA16.8_2,Sefwi-Akontombra,WesternNorth,2017,0.4437,0.40852,0.47215
GHA,GHA16.8_2,Sefwi-Akontombra,WesternNorth,2018,0.42034,0.38025,0.45755
GHA,GHA16.8_2,Sefwi-Akontombra,WesternNorth,2019,0.39536,0.35128,0.43543
GHA,GHA16.8_2,Sefwi-Akontombra,WesternNorth,2020,0.36259,0.31258,0.40486
GHA,GHA16.8_2,Sefwi-Akontombra,WesternNorth,2021,0.30027,0.2527,0.35615
GHA,GHA16.8_2,Sefwi-Akontombra,WesternNorth,2022,0.24772,0.20647,0.30449
GHA,GHA16.8_2,Sefwi-Akontombra,WesternNorth,2023,0.22553,0.18499,0.27271
GHA,GHA16.8_2,Sefwi-Akontombra,WesternNorth,2024,0.22774,0.18568,0.2653
GHA,GHA16.8_2,Sefwi-Akontombra,WesternNorth,2025,0.22715,0.18651,0.25823
GHA,GHA16.9_2,Suaman,WesternNorth,2000,0.52578,0.52419,0.52632
GHA,GHA16.9_2,Suaman,WesternNorth,2001,0.52389,0.52337,0.52419
GHA,GHA16.9_2,Suaman,WesternNorth,2002,0.52219,0.52165,0.52246
GHA,GHA16.9_2,Suaman,WesternNorth,2003,0.52048,0.52032,0.52062
GHA,GHA16.9_2,Suaman,WesternNorth,2004,0.51891,0.51839,0.5193
GHA,GHA16.9_2,Suaman,WesternNorth,2005,0.51409,0.50941,0.51769
GHA,GHA16.9_2,Suaman,WesternNorth,2006,0.4862,0.46968,0.50143
GHA,GHA16.9_2,Suaman,WesternNorth,2007,0.42857,0.3937,0.44865
GHA,GHA16.9_2,Suaman,WesternNorth,2008,0.40065,0.35652,0.42688
GHA,GHA16.9_2,Suaman,WesternNorth,2009,0.43687,0.39125,0.46857
GHA,GHA16.9_2,Suaman,WesternNorth,2010,0.47692,0.44107,0.49746
GHA,GHA16.9_2,Suaman,WesternNorth,2011,0.48503,0.45102,0.50171
GHA,GHA16.9_2,Suaman,WesternNorth,2012,0.46686,0.42402,0.49281
GHA,GHA16.9_2,Suaman,WesternNorth,2013,0.42645,0.37819,0.45658
GHA,GHA16.9_2,Suaman,WesternNorth,2014,0.4044,0.35507,0.43577
GHA,GHA16.9_2,Suaman,WesternNorth,2015,0.41337,0.36795,0.44474
GHA,GHA16.9_2,Suaman,WesternNorth,2016,0.43268,0.39354,0.46082
GHA,GHA16.9_2,Suaman,WesternNorth,2017,0.434,0.3947,0.46224
GHA,GHA16.9_2,Suaman,WesternNorth,2018,0.41322,0.36749,0.4473
GHA,GHA16.9_2,Suaman,WesternNorth,2019,0.38509,0.33521,0.42315
GHA,GHA16.9_2,Suaman,WesternNorth,2020,0.34538,0.29666,0.38701
GHA,GHA16.9_2,Suaman,WesternNorth,2021,0.27698,0.23605,0.31948
GHA,GHA16.9_2,Suaman,WesternNorth,2022,0.22623,0.19535,0.26741
GHA,GHA16.9_2,Suaman,WesternNorth,2023,0.21147,0.17851,0.25396
GHA,GHA16.9_2,Suaman,WesternNorth,2024,0.22819,0.19355,0.2732
GHA,GHA16.9_2,Suaman,WesternNorth,2025,0.24605,0.21222,0.28928
GHA,GHA2.10_2,AmansieCentral,Ashanti,2000,0.40817,0.32784,0.45785
GHA,GHA2.10_2,AmansieCentral,Ashanti,2001,0.38815,0.30001,0.44613
GHA,GHA2.10_2,AmansieCentral,Ashanti,2002,0.37878,0.29387,0.43453
GHA,GHA2.10_2,AmansieCentral,Ashanti,2003,0.36842,0.2979,0.41826
GHA,GHA2.10_2,AmansieCentral,Ashanti,2004,0.35997,0.30513,0.40321
GHA,GHA2.10_2,AmansieCentral,Ashanti,2005,0.34908,0.30633,0.38631
GHA,GHA2.10_2,AmansieCentral,Ashanti,2006,0.33209,0.2944,0.36941
GHA,GHA2.10_2,AmansieCentral,Ashanti,2007,0.32849,0.28613,0.37082
GHA,GHA2.10_2,AmansieCentral,Ashanti,2008,0.35227,0.30769,0.39884
GHA,GHA2.10_2,AmansieCentral,Ashanti,2009,0.40943,0.36557,0.45141
GHA,GHA2.10_2,AmansieCentral,Ashanti,2010,0.46412,0.428,0.49437
GHA,GHA2.10_2,AmansieCentral,Ashanti,2011,0.47773,0.44419,0.50022
GHA,GHA2.10_2,AmansieCentral,Ashanti,2012,0.44995,0.40904,0.48478
GHA,GHA2.10_2,AmansieCentral,Ashanti,2013,0.38546,0.34344,0.4287
GHA,GHA2.10_2,AmansieCentral,Ashanti,2014,0.34318,0.29738,0.39012
GHA,GHA2.10_2,AmansieCentral,Ashanti,2015,0.33109,0.27528,0.38994
GHA,GHA2.10_2,AmansieCentral,Ashanti,2016,0.32643,0.2619,0.39379
GHA,GHA2.10_2,AmansieCentral,Ashanti,2017,0.32191,0.25415,0.39185
GHA,GHA2.10_2,AmansieCentral,Ashanti,2018,0.31853,0.25338,0.38761
GHA,GHA2.10_2,AmansieCentral,Ashanti,2019,0.3284,0.26623,0.39747
GHA,GHA2.10_2,AmansieCentral,Ashanti,2020,0.32628,0.26679,0.38907
GHA,GHA2.10_2,AmansieCentral,Ashanti,2021,0.29871,0.24816,0.35565
GHA,GHA2.10_2,AmansieCentral,Ashanti,2022,0.25921,0.22551,0.30292
GHA,GHA2.10_2,AmansieCentral,Ashanti,2023,0.23029,0.19496,0.2675
GHA,GHA2.10_2,AmansieCentral,Ashanti,2024,0.21728,0.18411,0.25
GHA,GHA2.10_2,AmansieCentral,Ashanti,2025,0.19328,0.1623,0.22251
GHA,GHA2.11_2,AmansieSouth,Ashanti,2000,0.41828,0.38833,0.45684
GHA,GHA2.11_2,AmansieSouth,Ashanti,2001,0.40287,0.36478,0.4488
GHA,GHA2.11_2,AmansieSouth,Ashanti,2002,0.39184,0.35799,0.43495
GHA,GHA2.11_2,AmansieSouth,Ashanti,2003,0.37358,0.34361,0.41662
GHA,GHA2.11_2,AmansieSouth,Ashanti,2004,0.35494,0.32782,0.39599
GHA,GHA2.11_2,AmansieSouth,Ashanti,2005,0.33678,0.31069,0.37886
GHA,GHA2.11_2,AmansieSouth,Ashanti,2006,0.31176,0.28723,0.35284
GHA,GHA2.11_2,AmansieSouth,Ashanti,2007,0.30268,0.28002,0.34436
GHA,GHA2.11_2,AmansieSouth,Ashanti,2008,0.32552,0.30441,0.36565
GHA,GHA2.11_2,AmansieSouth,Ashanti,2009,0.38895,0.36489,0.43374
GHA,GHA2.11_2,AmansieSouth,Ashanti,2010,0.45611,0.42994,0.49361
GHA,GHA2.11_2,AmansieSouth,Ashanti,2011,0.47825,0.45538,0.50088
GHA,GHA2.11_2,AmansieSouth,Ashanti,2012,0.46743,0.43815,0.49842
GHA,GHA2.11_2,AmansieSouth,Ashanti,2013,0.43305,0.39557,0.48149
GHA,GHA2.11_2,AmansieSouth,Ashanti,2014,0.39433,0.35835,0.44889
GHA,GHA2.11_2,AmansieSouth,Ashanti,2015,0.35866,0.324,0.41237
GHA,GHA2.11_2,AmansieSouth,Ashanti,2016,0.33737,0.29506,0.38676
GHA,GHA2.11_2,AmansieSouth,Ashanti,2017,0.32548,0.28102,0.36844
GHA,GHA2.11_2,AmansieSouth,Ashanti,2018,0.31555,0.27265,0.35399
GHA,GHA2.11_2,AmansieSouth,Ashanti,2019,0.31924,0.28108,0.35491
GHA,GHA2.11_2,AmansieSouth,Ashanti,2020,0.31196,0.27903,0.34519
GHA,GHA2.11_2,AmansieSouth,Ashanti,2021,0.28075,0.25575,0.30875
GHA,GHA2.11_2,AmansieSouth,Ashanti,2022,0.24305,0.22465,0.26631
GHA,GHA2.11_2,AmansieSouth,Ashanti,2023,0.2165,0.20017,0.23926
GHA,GHA2.11_2,AmansieSouth,Ashanti,2024,0.20653,0.19151,0.22782
GHA,GHA2.11_2,AmansieSouth,Ashanti,2025,0.18719,0.1737,0.207
GHA,GHA2.12_2,AmansieWest,Ashanti,2000,0.35975,0.311,0.41412
GHA,GHA2.12_2,AmansieWest,Ashanti,2001,0.3311,0.28181,0.39497
GHA,GHA2.12_2,AmansieWest,Ashanti,2002,0.32594,0.27867,0.38104
GHA,GHA2.12_2,AmansieWest,Ashanti,2003,0.32269,0.27615,0.36453
GHA,GHA2.12_2,AmansieWest,Ashanti,2004,0.32557,0.28021,0.36422
GHA,GHA2.12_2,AmansieWest,Ashanti,2005,0.32349,0.27724,0.36945
GHA,GHA2.12_2,AmansieWest,Ashanti,2006,0.31062,0.26234,0.36919
GHA,GHA2.12_2,AmansieWest,Ashanti,2007,0.3071,0.25754,0.36793
GHA,GHA2.12_2,AmansieWest,Ashanti,2008,0.32687,0.27499,0.38553
GHA,GHA2.12_2,AmansieWest,Ashanti,2009,0.37487,0.31807,0.42889
GHA,GHA2.12_2,AmansieWest,Ashanti,2010,0.42454,0.36653,0.47705
GHA,GHA2.12_2,AmansieWest,Ashanti,2011,0.44012,0.38505,0.48604
GHA,GHA2.12_2,AmansieWest,Ashanti,2012,0.41943,0.3665,0.46384
GHA,GHA2.12_2,AmansieWest,Ashanti,2013,0.37676,0.32655,0.42617
GHA,GHA2.12_2,AmansieWest,Ashanti,2014,0.33086,0.2855,0.38205
GHA,GHA2.12_2,AmansieWest,Ashanti,2015,0.28751,0.24573,0.3419
GHA,GHA2.12_2,AmansieWest,Ashanti,2016,0.26131,0.22,0.31843
GHA,GHA2.12_2,AmansieWest,Ashanti,2017,0.25074,0.2097,0.30686
GHA,GHA2.12_2,AmansieWest,Ashanti,2018,0.24854,0.20961,0.30068
GHA,GHA2.12_2,AmansieWest,Ashanti,2019,0.26094,0.21897,0.30903
GHA,GHA2.12_2,AmansieWest,Ashanti,2020,0.26367,0.22103,0.30489
GHA,GHA2.12_2,AmansieWest,Ashanti,2021,0.24707,0.20795,0.28282
GHA,GHA2.12_2,AmansieWest,Ashanti,2022,0.22211,0.18861,0.25221
GHA,GHA2.12_2,AmansieWest,Ashanti,2023,0.20142,0.16988,0.22942
GHA,GHA2.12_2,AmansieWest,Ashanti,2024,0.19383,0.1648,0.21858
GHA,GHA2.12_2,AmansieWest,Ashanti,2025,0.17497,0.14927,0.1958
GHA,GHA2.13_2,Asante-AkimCentral,Ashanti,2000,0.41106,0.337,0.47368
GHA,GHA2.13_2,Asante-AkimCentral,Ashanti,2001,0.38809,0.30866,0.45944
GHA,GHA2.13_2,Asante-AkimCentral,Ashanti,2002,0.37802,0.29751,0.44856
GHA,GHA2.13_2,Asante-AkimCentral,Ashanti,2003,0.36667,0.28684,0.43327
GHA,GHA2.13_2,Asante-AkimCentral,Ashanti,2004,0.36746,0.28893,0.42298
GHA,GHA2.13_2,Asante-AkimCentral,Ashanti,2005,0.37489,0.29596,0.42896
GHA,GHA2.13_2,Asante-AkimCentral,Ashanti,2006,0.38644,0.30384,0.44041
GHA,GHA2.13_2,Asante-AkimCentral,Ashanti,2007,0.40484,0.3211,0.46326
GHA,GHA2.13_2,Asante-AkimCentral,Ashanti,2008,0.43205,0.35151,0.48115
GHA,GHA2.13_2,Asante-AkimCentral,Ashanti,2009,0.46743,0.39581,0.50155
GHA,GHA2.13_2,Asante-AkimCentral,Ashanti,2010,0.48592,0.42952,0.50617
GHA,GHA2.13_2,Asante-AkimCentral,Ashanti,2011,0.48709,0.43348,0.50455
GHA,GHA2.13_2,Asante-AkimCentral,Ashanti,2012,0.47289,0.40425,0.50046
GHA,GHA2.13_2,Asante-AkimCentral,Ashanti,2013,0.43338,0.35215,0.4817
GHA,GHA2.13_2,Asante-AkimCentral,Ashanti,2014,0.36913,0.29067,0.42888
GHA,GHA2.13_2,Asante-AkimCentral,Ashanti,2015,0.2992,0.23162,0.35927
GHA,GHA2.13_2,Asante-AkimCentral,Ashanti,2016,0.25417,0.19323,0.31244
GHA,GHA2.13_2,Asante-AkimCentral,Ashanti,2017,0.23959,0.18081,0.2983
GHA,GHA2.13_2,Asante-AkimCentral,Ashanti,2018,0.24593,0.1879,0.30244
GHA,GHA2.13_2,Asante-AkimCentral,Ashanti,2019,0.27167,0.20891,0.32592
GHA,GHA2.13_2,Asante-AkimCentral,Ashanti,2020,0.2835,0.21857,0.33593
GHA,GHA2.13_2,Asante-AkimCentral,Ashanti,2021,0.2674,0.20657,0.31626
GHA,GHA2.13_2,Asante-AkimCentral,Ashanti,2022,0.2396,0.19333,0.283
GHA,GHA2.13_2,Asante-AkimCentral,Ashanti,2023,0.2153,0.16532,0.25571
GHA,GHA2.13_2,Asante-AkimCentral,Ashanti,2024,0.20575,0.15946,0.24164
GHA,GHA2.13_2,Asante-AkimCentral,Ashanti,2025,0.18439,0.14269,0.21435
GHA,GHA2.14_2,Asante-AkimNorth,Ashanti,2000,0.46146,0.40754,0.50266
GHA,GHA2.14_2,Asante-AkimNorth,Ashanti,2001,0.44403,0.38395,0.48645
GHA,GHA2.14_2,Asante-AkimNorth,Ashanti,2002,0.422,0.36498,0.4648
GHA,GHA2.14_2,Asante-AkimNorth,Ashanti,2003,0.38544,0.33476,0.43059
GHA,GHA2.14_2,Asante-AkimNorth,Ashanti,2004,0.35817,0.30874,0.41378
GHA,GHA2.14_2,Asante-AkimNorth,Ashanti,2005,0.35574,0.29943,0.41864
GHA,GHA2.14_2,Asante-AkimNorth,Ashanti,2006,0.37177,0.32047,0.43165
GHA,GHA2.14_2,Asante-AkimNorth,Ashanti,2007,0.39808,0.34963,0.44911
GHA,GHA2.14_2,Asante-AkimNorth,Ashanti,2008,0.42997,0.3829,0.46819
GHA,GHA2.14_2,Asante-AkimNorth,Ashanti,2009,0.46396,0.42437,0.49304
GHA,GHA2.14_2,Asante-AkimNorth,Ashanti,2010,0.48539,0.45457,0.50395
GHA,GHA2.14_2,Asante-AkimNorth,Ashanti,2011,0.49071,0.4613,0.50446
GHA,GHA2.14_2,Asante-AkimNorth,Ashanti,2012,0.48646,0.44833,0.50343
GHA,GHA2.14_2,Asante-AkimNorth,Ashanti,2013,0.46243,0.40325,0.49777
GHA,GHA2.14_2,Asante-AkimNorth,Ashanti,2014,0.40295,0.33207,0.47007
GHA,GHA2.14_2,Asante-AkimNorth,Ashanti,2015,0.30397,0.24826,0.37212
GHA,GHA2.14_2,Asante-AkimNorth,Ashanti,2016,0.23488,0.19066,0.28181
GHA,GHA2.14_2,Asante-AkimNorth,Ashanti,2017,0.21273,0.17269,0.25173
GHA,GHA2.14_2,Asante-AkimNorth,Ashanti,2018,0.22358,0.18356,0.26492
GHA,GHA2.14_2,Asante-AkimNorth,Ashanti,2019,0.25517,0.21296,0.30189
GHA,GHA2.14_2,Asante-AkimNorth,Ashanti,2020,0.26854,0.22515,0.31649
GHA,GHA2.14_2,Asante-AkimNorth,Ashanti,2021,0.24717,0.20852,0.28956
GHA,GHA2.14_2,Asante-AkimNorth,Ashanti,2022,0.22005,0.18235,0.25305
GHA,GHA2.14_2,Asante-AkimNorth,Ashanti,2023,0.19481,0.16266,0.23146
GHA,GHA2.14_2,Asante-AkimNorth,Ashanti,2024,0.18954,0.15846,0.22441
GHA,GHA2.14_2,Asante-AkimNorth,Ashanti,2025,0.17686,0.14837,0.20527
GHA,GHA2.15_2,Asante-AkimSouth,Ashanti,2000,0.43741,0.38726,0.48694
GHA,GHA2.15_2,Asante-AkimSouth,Ashanti,2001,0.41686,0.36122,0.4759
GHA,GHA2.15_2,Asante-AkimSouth,Ashanti,2002,0.40323,0.35139,0.4591
GHA,GHA2.15_2,Asante-AkimSouth,Ashanti,2003,0.3846,0.33953,0.4312
GHA,GHA2.15_2,Asante-AkimSouth,Ashanti,2004,0.3752,0.33522,0.41301
GHA,GHA2.15_2,Asante-AkimSouth,Ashanti,2005,0.37583,0.33541,0.41852
GHA,GHA2.15_2,Asante-AkimSouth,Ashanti,2006,0.38313,0.34375,0.42553
GHA,GHA2.15_2,Asante-AkimSouth,Ashanti,2007,0.39855,0.35088,0.4424
GHA,GHA2.15_2,Asante-AkimSouth,Ashanti,2008,0.42209,0.36973,0.46764
GHA,GHA2.15_2,Asante-AkimSouth,Ashanti,2009,0.45494,0.40287,0.49229
GHA,GHA2.15_2,Asante-AkimSouth,Ashanti,2010,0.47735,0.42974,0.50242
GHA,GHA2.15_2,Asante-AkimSouth,Ashanti,2011,0.48279,0.43232,0.50267
GHA,GHA2.15_2,Asante-AkimSouth,Ashanti,2012,0.47361,0.41183,0.50198
GHA,GHA2.15_2,Asante-AkimSouth,Ashanti,2013,0.442,0.37334,0.48993
GHA,GHA2.15_2,Asante-AkimSouth,Ashanti,2014,0.38667,0.32764,0.44467
GHA,GHA2.15_2,Asante-AkimSouth,Ashanti,2015,0.31957,0.27827,0.35593
GHA,GHA2.15_2,Asante-AkimSouth,Ashanti,2016,0.27502,0.23473,0.31975
GHA,GHA2.15_2,Asante-AkimSouth,Ashanti,2017,0.25997,0.21966,0.3087
GHA,GHA2.15_2,Asante-AkimSouth,Ashanti,2018,0.26355,0.22495,0.30876
GHA,GHA2.15_2,Asante-AkimSouth,Ashanti,2019,0.28631,0.24602,0.33148
GHA,GHA2.15_2,Asante-AkimSouth,Ashanti,2020,0.29272,0.25038,0.33844
GHA,GHA2.15_2,Asante-AkimSouth,Ashanti,2021,0.26816,0.22967,0.31863
GHA,GHA2.15_2,Asante-AkimSouth,Ashanti,2022,0.23466,0.20119,0.2796
GHA,GHA2.15_2,Asante-AkimSouth,Ashanti,2023,0.2118,0.18078,0.25184
GHA,GHA2.15_2,Asante-AkimSouth,Ashanti,2024,0.20479,0.17553,0.24128
GHA,GHA2.15_2,Asante-AkimSouth,Ashanti,2025,0.18893,0.16242,0.21679
GHA,GHA2.16_2,Asokore-Mampong,Ashanti,2000,,,
GHA,GHA2.16_2,Asokore-Mampong,Ashanti,2001,,,
GHA,GHA2.16_2,Asokore-Mampong,Ashanti,2002,,,
GHA,GHA2.16_2,Asokore-Mampong,Ashanti,2003,,,
GHA,GHA2.16_2,Asokore-Mampong,Ashanti,2004,,,
GHA,GHA2.16_2,Asokore-Mampong,Ashanti,2005,,,
GHA,GHA2.16_2,Asokore-Mampong,Ashanti,2006,,,
GHA,GHA2.16_2,Asokore-Mampong,Ashanti,2007,,,
GHA,GHA2.16_2,Asokore-Mampong,Ashanti,2008,,,
GHA,GHA2.16_2,Asokore-Mampong,Ashanti,2009,,,
GHA,GHA2.16_2,Asokore-Mampong,Ashanti,2010,,,
GHA,GHA2.16_2,Asokore-Mampong,Ashanti,2011,,,
GHA,GHA2.16_2,Asokore-Mampong,Ashanti,2012,,,
GHA,GHA2.16_2,Asokore-Mampong,Ashanti,2013,,,
GHA,GHA2.16_2,Asokore-Mampong,Ashanti,2014,,,
GHA,GHA2.16_2,Asokore-Mampong,Ashanti,2015,,,
GHA,GHA2.16_2,Asokore-Mampong,Ashanti,2016,,,
GHA,GHA2.16_2,Asokore-Mampong,Ashanti,2017,,,
GHA,GHA2.16_2,Asokore-Mampong,Ashanti,2018,,,
GHA,GHA2.16_2,Asokore-Mampong,Ashanti,2019,,,
GHA,GHA2.16_2,Asokore-Mampong,Ashanti,2020,,,
GHA,GHA2.16_2,Asokore-Mampong,Ashanti,2021,,,
GHA,GHA2.16_2,Asokore-Mampong,Ashanti,2022,,,
GHA,GHA2.16_2,Asokore-Mampong,Ashanti,2023,,,
GHA,GHA2.16_2,Asokore-Mampong,Ashanti,2024,,,
GHA,GHA2.16_2,Asokore-Mampong,Ashanti,2025,,,
GHA,GHA2.17_2,Asokwa,Ashanti,2000,0.19748,0.18196,0.21299
GHA,GHA2.17_2,Asokwa,Ashanti,2001,0.16866,0.15382,0.18349
GHA,GHA2.17_2,Asokwa,Ashanti,2002,0.16573,0.15136,0.1801
GHA,GHA2.17_2,Asokwa,Ashanti,2003,0.17921,0.1645,0.19393
GHA,GHA2.17_2,Asokwa,Ashanti,2004,0.20262,0.18775,0.21748
GHA,GHA2.17_2,Asokwa,Ashanti,2005,0.21637,0.2018,0.23093
GHA,GHA2.17_2,Asokwa,Ashanti,2006,0.22017,0.20483,0.23551
GHA,GHA2.17_2,Asokwa,Ashanti,2007,0.22415,0.20838,0.23991
GHA,GHA2.17_2,Asokwa,Ashanti,2008,0.23675,0.22016,0.25334
GHA,GHA2.17_2,Asokwa,Ashanti,2009,0.2557,0.2383,0.27311
GHA,GHA2.17_2,Asokwa,Ashanti,2010,0.27169,0.25405,0.28933
GHA,GHA2.17_2,Asokwa,Ashanti,2011,0.2667,0.24921,0.28419
GHA,GHA2.17_2,Asokwa,Ashanti,2012,0.24339,0.22796,0.25882
GHA,GHA2.17_2,Asokwa,Ashanti,2013,0.21124,0.19821,0.22428
GHA,GHA2.17_2,Asokwa,Ashanti,2014,0.1785,0.16682,0.19019
GHA,GHA2.17_2,Asokwa,Ashanti,2015,0.14431,0.13408,0.15453
GHA,GHA2.17_2,Asokwa,Ashanti,2016,0.12108,0.11127,0.13089
GHA,GHA2.17_2,Asokwa,Ashanti,2017,0.11357,0.10453,0.12262
GHA,GHA2.17_2,Asokwa,Ashanti,2018,0.12085,0.1117,0.13001
GHA,GHA2.17_2,Asokwa,Ashanti,2019,0.13788,0.12801,0.14775
GHA,GHA2.17_2,Asokwa,Ashanti,2020,0.14883,0.13856,0.15909
GHA,GHA2.17_2,Asokwa,Ashanti,2021,0.14762,0.13814,0.1571
GHA,GHA2.17_2,Asokwa,Ashanti,2022,0.16227,0.1526,0.17194
GHA,GHA2.17_2,Asokwa,Ashanti,2023,0.12588,0.11816,0.1336
GHA,GHA2.17_2,Asokwa,Ashanti,2024,0.12236,0.11563,0.1291
GHA,GHA2.17_2,Asokwa,Ashanti,2025,0.11033,0.105,0.11565
GHA,GHA2.18_2,Atwima-Kwanwoma,Ashanti,2000,0.28661,0.22173,0.3562
GHA,GHA2.18_2,Atwima-Kwanwoma,Ashanti,2001,0.25197,0.1904,0.31774
GHA,GHA2.18_2,Atwima-Kwanwoma,Ashanti,2002,0.24864,0.18867,0.31561
GHA,GHA2.18_2,Atwima-Kwanwoma,Ashanti,2003,0.26226,0.20506,0.32445
GHA,GHA2.18_2,Atwima-Kwanwoma,Ashanti,2004,0.28753,0.23317,0.35046
GHA,GHA2.18_2,Atwima-Kwanwoma,Ashanti,2005,0.30288,0.25055,0.36767
GHA,GHA2.18_2,Atwima-Kwanwoma,Ashanti,2006,0.30319,0.25224,0.36843
GHA,GHA2.18_2,Atwima-Kwanwoma,Ashanti,2007,0.30276,0.25176,0.36762
GHA,GHA2.18_2,Atwima-Kwanwoma,Ashanti,2008,0.31746,0.26461,0.38314
GHA,GHA2.18_2,Atwima-Kwanwoma,Ashanti,2009,0.34379,0.27803,0.41293
GHA,GHA2.18_2,Atwima-Kwanwoma,Ashanti,2010,0.3684,0.29066,0.44516
GHA,GHA2.18_2,Atwima-Kwanwoma,Ashanti,2011,0.36781,0.28719,0.44687
GHA,GHA2.18_2,Atwima-Kwanwoma,Ashanti,2012,0.33978,0.2625,0.41981
GHA,GHA2.18_2,Atwima-Kwanwoma,Ashanti,2013,0.29917,0.23046,0.37457
GHA,GHA2.18_2,Atwima-Kwanwoma,Ashanti,2014,0.25683,0.19624,0.32256
GHA,GHA2.18_2,Atwima-Kwanwoma,Ashanti,2015,0.21536,0.15913,0.27706
GHA,GHA2.18_2,Atwima-Kwanwoma,Ashanti,2016,0.18978,0.13553,0.24698
GHA,GHA2.18_2,Atwima-Kwanwoma,Ashanti,2017,0.18201,0.12734,0.23803
GHA,GHA2.18_2,Atwima-Kwanwoma,Ashanti,2018,0.18538,0.13286,0.24028
GHA,GHA2.18_2,Atwima-Kwanwoma,Ashanti,2019,0.20297,0.15005,0.26213
GHA,GHA2.18_2,Atwima-Kwanwoma,Ashanti,2020,0.21262,0.16179,0.26899
GHA,GHA2.18_2,Atwima-Kwanwoma,Ashanti,2021,0.20728,0.1613,0.26118
GHA,GHA2.18_2,Atwima-Kwanwoma,Ashanti,2022,0.20577,0.17295,0.24044
GHA,GHA2.18_2,Atwima-Kwanwoma,Ashanti,2023,0.17729,0.1406,0.22211
GHA,GHA2.18_2,Atwima-Kwanwoma,Ashanti,2024,0.17154,0.13808,0.21247
GHA,GHA2.18_2,Atwima-Kwanwoma,Ashanti,2025,0.15453,0.12567,0.19132
GHA,GHA2.19_2,Atwima-Mponua,Ashanti,2000,0.42394,0.30505,0.48957
GHA,GHA2.19_2,Atwima-Mponua,Ashanti,2001,0.40767,0.27018,0.49333
GHA,GHA2.19_2,Atwima-Mponua,Ashanti,2002,0.39778,0.26559,0.49406
GHA,GHA2.19_2,Atwima-Mponua,Ashanti,2003,0.38615,0.2718,0.48431
GHA,GHA2.19_2,Atwima-Mponua,Ashanti,2004,0.37443,0.28918,0.46219
GHA,GHA2.19_2,Atwima-Mponua,Ashanti,2005,0.36133,0.28621,0.43907
GHA,GHA2.19_2,Atwima-Mponua,Ashanti,2006,0.33804,0.2694,0.4074
GHA,GHA2.19_2,Atwima-Mponua,Ashanti,2007,0.32533,0.26276,0.38378
GHA,GHA2.19_2,Atwima-Mponua,Ashanti,2008,0.34552,0.28359,0.40112
GHA,GHA2.19_2,Atwima-Mponua,Ashanti,2009,0.40784,0.33685,0.46415
GHA,GHA2.19_2,Atwima-Mponua,Ashanti,2010,0.4673,0.37305,0.50303
GHA,GHA2.19_2,Atwima-Mponua,Ashanti,2011,0.48409,0.38743,0.50382
GHA,GHA2.19_2,Atwima-Mponua,Ashanti,2012,0.47767,0.36715,0.50134
GHA,GHA2.19_2,Atwima-Mponua,Ashanti,2013,0.45152,0.32988,0.49565
GHA,GHA2.19_2,Atwima-Mponua,Ashanti,2014,0.41336,0.28716,0.47748
GHA,GHA2.19_2,Atwima-Mponua,Ashanti,2015,0.36947,0.23799,0.44257
GHA,GHA2.19_2,Atwima-Mponua,Ashanti,2016,0.33842,0.20732,0.42162
GHA,GHA2.19_2,Atwima-Mponua,Ashanti,2017,0.31949,0.1948,0.40992
GHA,GHA2.19_2,Atwima-Mponua,Ashanti,2018,0.30656,0.19357,0.38912
GHA,GHA2.19_2,Atwima-Mponua,Ashanti,2019,0.30846,0.20739,0.37833
GHA,GHA2.19_2,Atwima-Mponua,Ashanti,2020,0.30066,0.2123,0.36938
GHA,GHA2.19_2,Atwima-Mponua,Ashanti,2021,0.26871,0.204,0.32267
GHA,GHA2.19_2,Atwima-Mponua,Ashanti,2022,0.23375,0.19305,0.27248
GHA,GHA2.19_2,Atwima-Mponua,Ashanti,2023,0.21139,0.1732,0.24653
GHA,GHA2.19_2,Atwima-Mponua,Ashanti,2024,0.20356,0.16799,0.23873
GHA,GHA2.19_2,Atwima-Mponua,Ashanti,2025,0.18681,0.15263,0.22083
GHA,GHA2.1_2,AdansiAkrofuom,Ashanti,2000,0.41173,0.36008,0.45368
GHA,GHA2.1_2,AdansiAkrofuom,Ashanti,2001,0.39499,0.34644,0.4418
GHA,GHA2.1_2,AdansiAkrofuom,Ashanti,2002,0.38707,0.34137,0.43172
GHA,GHA2.1_2,AdansiAkrofuom,Ashanti,2003,0.37752,0.3314,0.42031
GHA,GHA2.1_2,AdansiAkrofuom,Ashanti,2004,0.36996,0.31933,0.40858
GHA,GHA2.1_2,AdansiAkrofuom,Ashanti,2005,0.35969,0.30255,0.40122
GHA,GHA2.1_2,AdansiAkrofuom,Ashanti,2006,0.34203,0.2782,0.38426
GHA,GHA2.1_2,AdansiAkrofuom,Ashanti,2007,0.33674,0.26683,0.38232
GHA,GHA2.1_2,AdansiAkrofuom,Ashanti,2008,0.35461,0.27768,0.40267
GHA,GHA2.1_2,AdansiAkrofuom,Ashanti,2009,0.39953,0.31516,0.44961
GHA,GHA2.1_2,AdansiAkrofuom,Ashanti,2010,0.44522,0.35355,0.48912
GHA,GHA2.1_2,AdansiAkrofuom,Ashanti,2011,0.45435,0.35871,0.4996
GHA,GHA2.1_2,AdansiAkrofuom,Ashanti,2012,0.42081,0.32116,0.48597
GHA,GHA2.1_2,AdansiAkrofuom,Ashanti,2013,0.36318,0.27272,0.44067
GHA,GHA2.1_2,AdansiAkrofuom,Ashanti,2014,0.32614,0.2495,0.40096
GHA,GHA2.1_2,AdansiAkrofuom,Ashanti,2015,0.3167,0.25256,0.38411
GHA,GHA2.1_2,AdansiAkrofuom,Ashanti,2016,0.31929,0.26669,0.37669
GHA,GHA2.1_2,AdansiAkrofuom,Ashanti,2017,0.32255,0.27593,0.37354
GHA,GHA2.1_2,AdansiAkrofuom,Ashanti,2018,0.32669,0.28225,0.37801
GHA,GHA2.1_2,AdansiAkrofuom,Ashanti,2019,0.34315,0.29432,0.40178
GHA,GHA2.1_2,AdansiAkrofuom,Ashanti,2020,0.3447,0.29085,0.40487
GHA,GHA2.1_2,AdansiAkrofuom,Ashanti,2021,0.31692,0.26118,0.37515
GHA,GHA2.1_2,AdansiAkrofuom,Ashanti,2022,0.27321,0.23306,0.32372
GHA,GHA2.1_2,AdansiAkrofuom,Ashanti,2023,0.24149,0.19496,0.28463
GHA,GHA2.1_2,AdansiAkrofuom,Ashanti,2024,0.22496,0.18177,0.26497
GHA,GHA2.1_2,AdansiAkrofuom,Ashanti,2025,0.19755,0.16114,0.2306
GHA,GHA2.20_2,Atwima-NwabiagyaNorth,Ashanti,2000,0.35593,0.23895,0.44807
GHA,GHA2.20_2,Atwima-NwabiagyaNorth,Ashanti,2001,0.32502,0.2058,0.42628
GHA,GHA2.20_2,Atwima-NwabiagyaNorth,Ashanti,2002,0.32025,0.20317,0.41066
GHA,GHA2.20_2,Atwima-NwabiagyaNorth,Ashanti,2003,0.32297,0.21737,0.40182
GHA,GHA2.20_2,Atwima-NwabiagyaNorth,Ashanti,2004,0.33866,0.24162,0.40076
GHA,GHA2.20_2,Atwima-NwabiagyaNorth,Ashanti,2005,0.34808,0.25792,0.40232
GHA,GHA2.20_2,Atwima-NwabiagyaNorth,Ashanti,2006,0.35013,0.26016,0.40367
GHA,GHA2.20_2,Atwima-NwabiagyaNorth,Ashanti,2007,0.3528,0.2622,0.40692
GHA,GHA2.20_2,Atwima-NwabiagyaNorth,Ashanti,2008,0.36404,0.26926,0.42479
GHA,GHA2.20_2,Atwima-NwabiagyaNorth,Ashanti,2009,0.38701,0.28134,0.45576
GHA,GHA2.20_2,Atwima-NwabiagyaNorth,Ashanti,2010,0.40945,0.29334,0.48446
GHA,GHA2.20_2,Atwima-NwabiagyaNorth,Ashanti,2011,0.41254,0.28936,0.49052
GHA,GHA2.20_2,Atwima-NwabiagyaNorth,Ashanti,2012,0.39496,0.2701,0.48052
GHA,GHA2.20_2,Atwima-NwabiagyaNorth,Ashanti,2013,0.35935,0.24034,0.44701
GHA,GHA2.20_2,Atwima-NwabiagyaNorth,Ashanti,2014,0.305,0.20334,0.38834
GHA,GHA2.20_2,Atwima-NwabiagyaNorth,Ashanti,2015,0.24203,0.16107,0.30637
GHA,GHA2.20_2,Atwima-NwabiagyaNorth,Ashanti,2016,0.20088,0.1316,0.25302
GHA,GHA2.20_2,Atwima-NwabiagyaNorth,Ashanti,2017,0.18829,0.12307,0.23798
GHA,GHA2.20_2,Atwima-NwabiagyaNorth,Ashanti,2018,0.19592,0.13078,0.24746
GHA,GHA2.20_2,Atwima-NwabiagyaNorth,Ashanti,2019,0.22116,0.15063,0.27649
GHA,GHA2.20_2,Atwima-NwabiagyaNorth,Ashanti,2020,0.23368,0.16306,0.29058
GHA,GHA2.20_2,Atwima-NwabiagyaNorth,Ashanti,2021,0.22457,0.1616,0.27134
GHA,GHA2.20_2,Atwima-NwabiagyaNorth,Ashanti,2022,0.21147,0.17381,0.24366
GHA,GHA2.20_2,Atwima-NwabiagyaNorth,Ashanti,2023,0.19032,0.14009,0.22531
GHA,GHA2.20_2,Atwima-NwabiagyaNorth,Ashanti,2024,0.18433,0.13683,0.2164
GHA,GHA2.20_2,Atwima-NwabiagyaNorth,Ashanti,2025,0.16804,0.12478,0.19855
GHA,GHA2.21_2,Atwima-NwabiagyaSouth,Ashanti,2000,0.29574,0.21118,0.37344
GHA,GHA2.21_2,Atwima-NwabiagyaSouth,Ashanti,2001,0.26082,0.17921,0.33897
GHA,GHA2.21_2,Atwima-NwabiagyaSouth,Ashanti,2002,0.25769,0.17698,0.33428
GHA,GHA2.21_2,Atwima-NwabiagyaSouth,Ashanti,2003,0.2683,0.19251,0.34114
GHA,GHA2.21_2,Atwima-NwabiagyaSouth,Ashanti,2004,0.29085,0.21851,0.35724
GHA,GHA2.21_2,Atwima-NwabiagyaSouth,Ashanti,2005,0.30314,0.23307,0.36659
GHA,GHA2.21_2,Atwima-NwabiagyaSouth,Ashanti,2006,0.30123,0.23345,0.36119
GHA,GHA2.21_2,Atwima-NwabiagyaSouth,Ashanti,2007,0.29933,0.23289,0.35716
GHA,GHA2.21_2,Atwima-NwabiagyaSouth,Ashanti,2008,0.3105,0.24114,0.37704
GHA,GHA2.21_2,Atwima-NwabiagyaSouth,Ashanti,2009,0.33489,0.25628,0.41099
GHA,GHA2.21_2,Atwima-NwabiagyaSouth,Ashanti,2010,0.35935,0.2717,0.44389
GHA,GHA2.21_2,Atwima-NwabiagyaSouth,Ashanti,2011,0.36209,0.2699,0.45004
GHA,GHA2.21_2,Atwima-NwabiagyaSouth,Ashanti,2012,0.33997,0.25166,0.4283
GHA,GHA2.21_2,Atwima-NwabiagyaSouth,Ashanti,2013,0.30361,0.22349,0.38903
GHA,GHA2.21_2,Atwima-NwabiagyaSouth,Ashanti,2014,0.25995,0.19025,0.33678
GHA,GHA2.21_2,Atwima-NwabiagyaSouth,Ashanti,2015,0.21296,0.15341,0.27767
GHA,GHA2.21_2,Atwima-NwabiagyaSouth,Ashanti,2016,0.18313,0.12669,0.2432
GHA,GHA2.21_2,Atwima-NwabiagyaSouth,Ashanti,2017,0.17281,0.11788,0.22656
GHA,GHA2.21_2,Atwima-NwabiagyaSouth,Ashanti,2018,0.17651,0.12437,0.22777
GHA,GHA2.21_2,Atwima-NwabiagyaSouth,Ashanti,2019,0.19498,0.14205,0.24725
GHA,GHA2.21_2,Atwima-NwabiagyaSouth,Ashanti,2020,0.20488,0.15327,0.25361
GHA,GHA2.21_2,Atwima-NwabiagyaSouth,Ashanti,2021,0.19935,0.15278,0.24228
GHA,GHA2.21_2,Atwima-NwabiagyaSouth,Ashanti,2022,0.19548,0.16218,0.22609
GHA,GHA2.21_2,Atwima-NwabiagyaSouth,Ashanti,2023,0.17257,0.13407,0.20793
GHA,GHA2.21_2,Atwima-NwabiagyaSouth,Ashanti,2024,0.1687,0.13185,0.20416
GHA,GHA2.21_2,Atwima-NwabiagyaSouth,Ashanti,2025,0.15428,0.12111,0.18727
GHA,GHA2.22_2,Bekwai,Ashanti,2000,0.33418,0.2673,0.39308
GHA,GHA2.22_2,Bekwai,Ashanti,2001,0.30243,0.23695,0.36572
GHA,GHA2.22_2,Bekwai,Ashanti,2002,0.30169,0.23601,0.37195
GHA,GHA2.22_2,Bekwai,Ashanti,2003,0.31126,0.25067,0.36944
GHA,GHA2.22_2,Bekwai,Ashanti,2004,0.33135,0.27305,0.37663
GHA,GHA2.22_2,Bekwai,Ashanti,2005,0.34364,0.28474,0.39216
GHA,GHA2.22_2,Bekwai,Ashanti,2006,0.34441,0.28692,0.40002
GHA,GHA2.22_2,Bekwai,Ashanti,2007,0.34989,0.29152,0.4096
GHA,GHA2.22_2,Bekwai,Ashanti,2008,0.37297,0.30984,0.43375
GHA,GHA2.22_2,Bekwai,Ashanti,2009,0.41582,0.34503,0.47054
GHA,GHA2.22_2,Bekwai,Ashanti,2010,0.45029,0.3771,0.49425
GHA,GHA2.22_2,Bekwai,Ashanti,2011,0.4529,0.37591,0.49904
GHA,GHA2.22_2,Bekwai,Ashanti,2012,0.42287,0.34316,0.47853
GHA,GHA2.22_2,Bekwai,Ashanti,2013,0.37041,0.29992,0.4307
GHA,GHA2.22_2,Bekwai,Ashanti,2014,0.32013,0.25759,0.37892
GHA,GHA2.22_2,Bekwai,Ashanti,2015,0.27778,0.21768,0.33368
GHA,GHA2.22_2,Bekwai,Ashanti,2016,0.25369,0.19463,0.30638
GHA,GHA2.22_2,Bekwai,Ashanti,2017,0.24544,0.18726,0.29749
GHA,GHA2.22_2,Bekwai,Ashanti,2018,0.24652,0.19013,0.29595
GHA,GHA2.22_2,Bekwai,Ashanti,2019,0.2638,0.20671,0.31387
GHA,GHA2.22_2,Bekwai,Ashanti,2020,0.27056,0.21379,0.31673
GHA,GHA2.22_2,Bekwai,Ashanti,2021,0.2589,0.20698,0.29992
GHA,GHA2.22_2,Bekwai,Ashanti,2022,0.23813,0.20007,0.26978
GHA,GHA2.22_2,Bekwai,Ashanti,2023,0.21243,0.17325,0.24539
GHA,GHA2.22_2,Bekwai,Ashanti,2024,0.20188,0.16544,0.23262
GHA,GHA2.22_2,Bekwai,Ashanti,2025,0.17824,0.1457,0.20427
GHA,GHA2.23_2,BosomeFreho,Ashanti,2000,0.37064,0.31663,0.44141
GHA,GHA2.23_2,BosomeFreho,Ashanti,2001,0.34318,0.28482,0.42128
GHA,GHA2.23_2,BosomeFreho,Ashanti,2002,0.33724,0.28152,0.41144
GHA,GHA2.23_2,BosomeFreho,Ashanti,2003,0.3394,0.2904,0.39938
GHA,GHA2.23_2,BosomeFreho,Ashanti,2004,0.35475,0.31409,0.40282
GHA,GHA2.23_2,BosomeFreho,Ashanti,2005,0.36696,0.32919,0.41609
GHA,GHA2.23_2,BosomeFreho,Ashanti,2006,0.37146,0.33467,0.42348
GHA,GHA2.23_2,BosomeFreho,Ashanti,2007,0.38381,0.34735,0.43489
GHA,GHA2.23_2,BosomeFreho,Ashanti,2008,0.41126,0.37581,0.45671
GHA,GHA2.23_2,BosomeFreho,Ashanti,2009,0.45462,0.42559,0.48793
GHA,GHA2.23_2,BosomeFreho,Ashanti,2010,0.48143,0.45788,0.4995
GHA,GHA2.23_2,BosomeFreho,Ashanti,2011,0.48318,0.45783,0.50205
GHA,GHA2.23_2,BosomeFreho,Ashanti,2012,0.46252,0.42085,0.49855
GHA,GHA2.23_2,BosomeFreho,Ashanti,2013,0.41372,0.36243,0.4781
GHA,GHA2.23_2,BosomeFreho,Ashanti,2014,0.35897,0.31041,0.43026
GHA,GHA2.23_2,BosomeFreho,Ashanti,2015,0.31053,0.26742,0.37116
GHA,GHA2.23_2,BosomeFreho,Ashanti,2016,0.28259,0.24555,0.33354
GHA,GHA2.23_2,BosomeFreho,Ashanti,2017,0.27321,0.23869,0.32314
GHA,GHA2.23_2,BosomeFreho,Ashanti,2018,0.27633,0.2416,0.32731
GHA,GHA2.23_2,BosomeFreho,Ashanti,2019,0.29578,0.26014,0.34982
GHA,GHA2.23_2,BosomeFreho,Ashanti,2020,0.30293,0.26735,0.35696
GHA,GHA2.23_2,BosomeFreho,Ashanti,2021,0.28533,0.25768,0.3268
GHA,GHA2.23_2,BosomeFreho,Ashanti,2022,0.25357,0.23198,0.2894
GHA,GHA2.23_2,BosomeFreho,Ashanti,2023,0.22748,0.20872,0.25993
GHA,GHA2.23_2,BosomeFreho,Ashanti,2024,0.21387,0.19657,0.24315
GHA,GHA2.23_2,BosomeFreho,Ashanti,2025,0.18806,0.1718,0.21392
GHA,GHA2.24_2,Bosomtwe,Ashanti,2000,0.33657,0.24627,0.41704
GHA,GHA2.24_2,Bosomtwe,Ashanti,2001,0.30511,0.21432,0.39333
GHA,GHA2.24_2,Bosomtwe,Ashanti,2002,0.30064,0.21099,0.38604
GHA,GHA2.24_2,Bosomtwe,Ashanti,2003,0.30887,0.22511,0.38187
GHA,GHA2.24_2,Bosomtwe,Ashanti,2004,0.32948,0.24963,0.39358
GHA,GHA2.24_2,Bosomtwe,Ashanti,2005,0.34527,0.26502,0.40745
GHA,GHA2.24_2,Bosomtwe,Ashanti,2006,0.35326,0.26858,0.41931
GHA,GHA2.24_2,Bosomtwe,Ashanti,2007,0.36348,0.27364,0.43245
GHA,GHA2.24_2,Bosomtwe,Ashanti,2008,0.3849,0.28843,0.45626
GHA,GHA2.24_2,Bosomtwe,Ashanti,2009,0.41911,0.3114,0.48978
GHA,GHA2.24_2,Bosomtwe,Ashanti,2010,0.44249,0.33084,0.50027
GHA,GHA2.24_2,Bosomtwe,Ashanti,2011,0.43898,0.32501,0.49885
GHA,GHA2.24_2,Bosomtwe,Ashanti,2012,0.40312,0.29203,0.48233
GHA,GHA2.24_2,Bosomtwe,Ashanti,2013,0.34946,0.25281,0.43043
GHA,GHA2.24_2,Bosomtwe,Ashanti,2014,0.29592,0.21472,0.36466
GHA,GHA2.24_2,Bosomtwe,Ashanti,2015,0.24775,0.17685,0.30245
GHA,GHA2.24_2,Bosomtwe,Ashanti,2016,0.22027,0.15438,0.26663
GHA,GHA2.24_2,Bosomtwe,Ashanti,2017,0.21312,0.14752,0.26011
GHA,GHA2.24_2,Bosomtwe,Ashanti,2018,0.21892,0.15457,0.26556
GHA,GHA2.24_2,Bosomtwe,Ashanti,2019,0.24068,0.17228,0.29299
GHA,GHA2.24_2,Bosomtwe,Ashanti,2020,0.25256,0.18468,0.30929
GHA,GHA2.24_2,Bosomtwe,Ashanti,2021,0.24471,0.18165,0.29803
GHA,GHA2.24_2,Bosomtwe,Ashanti,2022,0.22901,0.19271,0.26718
GHA,GHA2.24_2,Bosomtwe,Ashanti,2023,0.20408,0.15424,0.24334
GHA,GHA2.24_2,Bosomtwe,Ashanti,2024,0.19358,0.14785,0.23109
GHA,GHA2.24_2,Bosomtwe,Ashanti,2025,0.1705,0.13149,0.20362
GHA,GHA2.25_2,Ejisu,Ashanti,2000,0.34606,0.25942,0.40375
GHA,GHA2.25_2,Ejisu,Ashanti,2001,0.31718,0.22883,0.37874
GHA,GHA2.25_2,Ejisu,Ashanti,2002,0.31056,0.22383,0.37233
GHA,GHA2.25_2,Ejisu,Ashanti,2003,0.31233,0.23257,0.36881
GHA,GHA2.25_2,Ejisu,Ashanti,2004,0.32542,0.24744,0.37811
GHA,GHA2.25_2,Ejisu,Ashanti,2005,0.33733,0.25898,0.39158
GHA,GHA2.25_2,Ejisu,Ashanti,2006,0.34542,0.2636,0.40127
GHA,GHA2.25_2,Ejisu,Ashanti,2007,0.35627,0.26943,0.41829
GHA,GHA2.25_2,Ejisu,Ashanti,2008,0.3776,0.28326,0.44462
GHA,GHA2.25_2,Ejisu,Ashanti,2009,0.40891,0.30403,0.48192
GHA,GHA2.25_2,Ejisu,Ashanti,2010,0.42976,0.31895,0.49772
GHA,GHA2.25_2,Ejisu,Ashanti,2011,0.42605,0.31195,0.49731
GHA,GHA2.25_2,Ejisu,Ashanti,2012,0.3939,0.28264,0.48284
GHA,GHA2.25_2,Ejisu,Ashanti,2013,0.34281,0.24468,0.43284
GHA,GHA2.25_2,Ejisu,Ashanti,2014,0.28754,0.20334,0.36794
GHA,GHA2.25_2,Ejisu,Ashanti,2015,0.23504,0.16196,0.30542
GHA,GHA2.25_2,Ejisu,Ashanti,2016,0.20351,0.13523,0.26664
GHA,GHA2.25_2,Ejisu,Ashanti,2017,0.19515,0.12813,0.25494
GHA,GHA2.25_2,Ejisu,Ashanti,2018,0.20287,0.13755,0.2603
GHA,GHA2.25_2,Ejisu,Ashanti,2019,0.22723,0.16007,0.28449
GHA,GHA2.25_2,Ejisu,Ashanti,2020,0.24025,0.17273,0.29632
GHA,GHA2.25_2,Ejisu,Ashanti,2021,0.23272,0.17163,0.28229
GHA,GHA2.25_2,Ejisu,Ashanti,2022,0.21966,0.1823,0.25635
GHA,GHA2.25_2,Ejisu,Ashanti,2023,0.19376,0.14496,0.23067
GHA,GHA2.25_2,Ejisu,Ashanti,2024,0.18478,0.13928,0.21832
GHA,GHA2.25_2,Ejisu,Ashanti,2025,0.16356,0.12412,0.19306
GHA,GHA2.26_2,Ejura-Sekyedumase,Ashanti,2000,0.47105,0.40897,0.51684
GHA,GHA2.26_2,Ejura-Sekyedumase,Ashanti,2001,0.45843,0.39128,0.51084
GHA,GHA2.26_2,Ejura-Sekyedumase,Ashanti,2002,0.44513,0.37561,0.50402
GHA,GHA2.26_2,Ejura-Sekyedumase,Ashanti,2003,0.42183,0.35371,0.4843
GHA,GHA2.26_2,Ejura-Sekyedumase,Ashanti,2004,0.3976,0.33806,0.45767
GHA,GHA2.26_2,Ejura-Sekyedumase,Ashanti,2005,0.3924,0.33513,0.45193
GHA,GHA2.26_2,Ejura-Sekyedumase,Ashanti,2006,0.40374,0.3445,0.46445
GHA,GHA2.26_2,Ejura-Sekyedumase,Ashanti,2007,0.41691,0.35887,0.47276
GHA,GHA2.26_2,Ejura-Sekyedumase,Ashanti,2008,0.43146,0.37667,0.4813
GHA,GHA2.26_2,Ejura-Sekyedumase,Ashanti,2009,0.44923,0.39817,0.4887
GHA,GHA2.26_2,Ejura-Sekyedumase,Ashanti,2010,0.46827,0.42352,0.49735
GHA,GHA2.26_2,Ejura-Sekyedumase,Ashanti,2011,0.48183,0.43627,0.50292
GHA,GHA2.26_2,Ejura-Sekyedumase,Ashanti,2012,0.48675,0.43709,0.50452
GHA,GHA2.26_2,Ejura-Sekyedumase,Ashanti,2013,0.47435,0.41334,0.49959
GHA,GHA2.26_2,Ejura-Sekyedumase,Ashanti,2014,0.42326,0.34611,0.47967
GHA,GHA2.26_2,Ejura-Sekyedumase,Ashanti,2015,0.31081,0.24998,0.37387
GHA,GHA2.26_2,Ejura-Sekyedumase,Ashanti,2016,0.22995,0.18906,0.27528
GHA,GHA2.26_2,Ejura-Sekyedumase,Ashanti,2017,0.20837,0.1705,0.25123
GHA,GHA2.26_2,Ejura-Sekyedumase,Ashanti,2018,0.23297,0.18834,0.28479
GHA,GHA2.26_2,Ejura-Sekyedumase,Ashanti,2019,0.28186,0.22208,0.35113
GHA,GHA2.26_2,Ejura-Sekyedumase,Ashanti,2020,0.30155,0.23622,0.37806
GHA,GHA2.26_2,Ejura-Sekyedumase,Ashanti,2021,0.27242,0.21452,0.34058
GHA,GHA2.26_2,Ejura-Sekyedumase,Ashanti,2022,0.23353,0.19216,0.28475
GHA,GHA2.26_2,Ejura-Sekyedumase,Ashanti,2023,0.20141,0.16412,0.24534
GHA,GHA2.26_2,Ejura-Sekyedumase,Ashanti,2024,0.188,0.15317,0.22835
GHA,GHA2.26_2,Ejura-Sekyedumase,Ashanti,2025,0.16775,0.13799,0.20335
GHA,GHA2.27_2,Juaben,Ashanti,2000,0.38956,0.33365,0.44922
GHA,GHA2.27_2,Juaben,Ashanti,2001,0.36525,0.30559,0.43192
GHA,GHA2.27_2,Juaben,Ashanti,2002,0.35809,0.29984,0.42523
GHA,GHA2.27_2,Juaben,Ashanti,2003,0.35435,0.30276,0.41627
GHA,GHA2.27_2,Juaben,Ashanti,2004,0.36064,0.3123,0.42128
GHA,GHA2.27_2,Juaben,Ashanti,2005,0.37049,0.32294,0.43013
GHA,GHA2.27_2,Juaben,Ashanti,2006,0.37776,0.32792,0.43611
GHA,GHA2.27_2,Juaben,Ashanti,2007,0.38831,0.33627,0.44504
GHA,GHA2.27_2,Juaben,Ashanti,2008,0.40636,0.35023,0.46159
GHA,GHA2.27_2,Juaben,Ashanti,2009,0.43314,0.37191,0.48447
GHA,GHA2.27_2,Juaben,Ashanti,2010,0.44831,0.38789,0.49282
GHA,GHA2.27_2,Juaben,Ashanti,2011,0.44289,0.37827,0.49085
GHA,GHA2.27_2,Juaben,Ashanti,2012,0.4118,0.34218,0.47136
GHA,GHA2.27_2,Juaben,Ashanti,2013,0.35823,0.29632,0.41501
GHA,GHA2.27_2,Juaben,Ashanti,2014,0.298,0.24382,0.34775
GHA,GHA2.27_2,Juaben,Ashanti,2015,0.23904,0.19223,0.2797
GHA,GHA2.27_2,Juaben,Ashanti,2016,0.20393,0.16024,0.24017
GHA,GHA2.27_2,Juaben,Ashanti,2017,0.1961,0.15239,0.23342
GHA,GHA2.27_2,Juaben,Ashanti,2018,0.20676,0.16441,0.24295
GHA,GHA2.27_2,Juaben,Ashanti,2019,0.23537,0.1907,0.27437
GHA,GHA2.27_2,Juaben,Ashanti,2020,0.25266,0.20822,0.29518
GHA,GHA2.27_2,Juaben,Ashanti,2021,0.24665,0.2051,0.28887
GHA,GHA2.27_2,Juaben,Ashanti,2022,0.22717,0.19654,0.26449
GHA,GHA2.27_2,Juaben,Ashanti,2023,0.20777,0.17514,0.24591
GHA,GHA2.27_2,Juaben,Ashanti,2024,0.19838,0.16803,0.23395
GHA,GHA2.27_2,Juaben,Ashanti,2025,0.17614,0.15038,0.2078
GHA,GHA2.28_2,Kumasi,Ashanti,2000,0.17271,0.17081,0.17461
GHA,GHA2.28_2,Kumasi,Ashanti,2001,0.14525,0.14287,0.14763
GHA,GHA2.28_2,Kumasi,Ashanti,2002,0.14279,0.14042,0.14516
GHA,GHA2.28_2,Kumasi,Ashanti,2003,0.15574,0.15444,0.15703
GHA,GHA2.28_2,Kumasi,Ashanti,2004,0.17853,0.17841,0.17865
GHA,GHA2.28_2,Kumasi,Ashanti,2005,0.19229,0.1915,0.19308
GHA,GHA2.28_2,Kumasi,Ashanti,2006,0.19528,0.19469,0.19588
GHA,GHA2.28_2,Kumasi,Ashanti,2007,0.19884,0.19864,0.19903
GHA,GHA2.28_2,Kumasi,Ashanti,2008,0.20972,0.20896,0.21047
GHA,GHA2.28_2,Kumasi,Ashanti,2009,0.22478,0.22304,0.22652
GHA,GHA2.28_2,Kumasi,Ashanti,2010,0.23599,0.23395,0.23803
GHA,GHA2.28_2,Kumasi,Ashanti,2011,0.2332,0.23121,0.23519
GHA,GHA2.28_2,Kumasi,Ashanti,2012,0.21509,0.21335,0.21683
GHA,GHA2.28_2,Kumasi,Ashanti,2013,0.18859,0.18795,0.18924
GHA,GHA2.28_2,Kumasi,Ashanti,2014,0.15798,0.15774,0.15822
GHA,GHA2.28_2,Kumasi,Ashanti,2015,0.12521,0.12482,0.12559
GHA,GHA2.28_2,Kumasi,Ashanti,2016,0.10198,0.10175,0.10222
GHA,GHA2.28_2,Kumasi,Ashanti,2017,0.09529,0.09495,0.09562
GHA,GHA2.28_2,Kumasi,Ashanti,2018,0.10268,0.10214,0.10321
GHA,GHA2.28_2,Kumasi,Ashanti,2019,0.11905,0.11831,0.11979
GHA,GHA2.28_2,Kumasi,Ashanti,2020,0.13033,0.12962,0.13105
GHA,GHA2.28_2,Kumasi,Ashanti,2021,0.1308,0.13014,0.13146
GHA,GHA2.28_2,Kumasi,Ashanti,2022,0.1488,0.14815,0.14945
GHA,GHA2.28_2,Kumasi,Ashanti,2023,0.11309,0.11266,0.11352
GHA,GHA2.28_2,Kumasi,Ashanti,2024,0.11222,0.11166,0.11278
GHA,GHA2.28_2,Kumasi,Ashanti,2025,0.10305,0.10214,0.10397
GHA,GHA2.29_2,KwabreEast,Ashanti,2000,0.26854,0.2065,0.34079
GHA,GHA2.29_2,KwabreEast,Ashanti,2001,0.23796,0.17746,0.30929
GHA,GHA2.29_2,KwabreEast,Ashanti,2002,0.23365,0.17454,0.3065
GHA,GHA2.29_2,KwabreEast,Ashanti,2003,0.24116,0.18505,0.31042
GHA,GHA2.29_2,KwabreEast,Ashanti,2004,0.25965,0.2062,0.32454
GHA,GHA2.29_2,KwabreEast,Ashanti,2005,0.27252,0.22023,0.33516
GHA,GHA2.29_2,KwabreEast,Ashanti,2006,0.27699,0.22418,0.34192
GHA,GHA2.29_2,KwabreEast,Ashanti,2007,0.28083,0.22667,0.34724
GHA,GHA2.29_2,KwabreEast,Ashanti,2008,0.2911,0.23618,0.3576
GHA,GHA2.29_2,KwabreEast,Ashanti,2009,0.30668,0.24889,0.37914
GHA,GHA2.29_2,KwabreEast,Ashanti,2010,0.31881,0.25891,0.39331
GHA,GHA2.29_2,KwabreEast,Ashanti,2011,0.31116,0.2533,0.38335
GHA,GHA2.29_2,KwabreEast,Ashanti,2012,0.28436,0.23427,0.34959
GHA,GHA2.29_2,KwabreEast,Ashanti,2013,0.24814,0.20503,0.30258
GHA,GHA2.29_2,KwabreEast,Ashanti,2014,0.20668,0.17118,0.25026
GHA,GHA2.29_2,KwabreEast,Ashanti,2015,0.1628,0.1339,0.19776
GHA,GHA2.29_2,KwabreEast,Ashanti,2016,0.13528,0.10872,0.16644
GHA,GHA2.29_2,KwabreEast,Ashanti,2017,0.12789,0.10168,0.1585
GHA,GHA2.29_2,KwabreEast,Ashanti,2018,0.1377,0.11045,0.16973
GHA,GHA2.29_2,KwabreEast,Ashanti,2019,0.16091,0.12952,0.19812
GHA,GHA2.29_2,KwabreEast,Ashanti,2020,0.17582,0.14346,0.21426
GHA,GHA2.29_2,KwabreEast,Ashanti,2021,0.17488,0.14401,0.21125
GHA,GHA2.29_2,KwabreEast,Ashanti,2022,0.18206,0.16129,0.20428
GHA,GHA2.29_2,KwabreEast,Ashanti,2023,0.15115,0.12494,0.18185
GHA,GHA2.29_2,KwabreEast,Ashanti,2024,0.14618,0.1218,0.17506
GHA,GHA2.29_2,KwabreEast,Ashanti,2025,0.13209,0.11154,0.15718
GHA,GHA2.2_2,AdansiAsokwa,Ashanti,2000,0.37753,0.33297,0.42237
GHA,GHA2.2_2,AdansiAsokwa,Ashanti,2001,0.35471,0.30713,0.40232
GHA,GHA2.2_2,AdansiAsokwa,Ashanti,2002,0.34875,0.30626,0.39854
GHA,GHA2.2_2,AdansiAsokwa,Ashanti,2003,0.34777,0.3081,0.39283
GHA,GHA2.2_2,AdansiAsokwa,Ashanti,2004,0.35705,0.31821,0.39617
GHA,GHA2.2_2,AdansiAsokwa,Ashanti,2005,0.36194,0.32045,0.40036
GHA,GHA2.2_2,AdansiAsokwa,Ashanti,2006,0.35977,0.31326,0.40418
GHA,GHA2.2_2,AdansiAsokwa,Ashanti,2007,0.36662,0.31592,0.41503
GHA,GHA2.2_2,AdansiAsokwa,Ashanti,2008,0.39326,0.34009,0.4414
GHA,GHA2.2_2,AdansiAsokwa,Ashanti,2009,0.44012,0.3857,0.47898
GHA,GHA2.2_2,AdansiAsokwa,Ashanti,2010,0.47656,0.42755,0.4982
GHA,GHA2.2_2,AdansiAsokwa,Ashanti,2011,0.48132,0.42992,0.5005
GHA,GHA2.2_2,AdansiAsokwa,Ashanti,2012,0.45364,0.38377,0.49242
GHA,GHA2.2_2,AdansiAsokwa,Ashanti,2013,0.38869,0.31694,0.44511
GHA,GHA2.2_2,AdansiAsokwa,Ashanti,2014,0.33985,0.27824,0.39103
GHA,GHA2.2_2,AdansiAsokwa,Ashanti,2015,0.3151,0.26503,0.3545
GHA,GHA2.2_2,AdansiAsokwa,Ashanti,2016,0.30138,0.262,0.34313
GHA,GHA2.2_2,AdansiAsokwa,Ashanti,2017,0.29565,0.26165,0.34042
GHA,GHA2.2_2,AdansiAsokwa,Ashanti,2018,0.29862,0.26473,0.34103
GHA,GHA2.2_2,AdansiAsokwa,Ashanti,2019,0.3172,0.2778,0.36197
GHA,GHA2.2_2,AdansiAsokwa,Ashanti,2020,0.3229,0.28018,0.37098
GHA,GHA2.2_2,AdansiAsokwa,Ashanti,2021,0.30283,0.26089,0.34404
GHA,GHA2.2_2,AdansiAsokwa,Ashanti,2022,0.2669,0.22895,0.30279
GHA,GHA2.2_2,AdansiAsokwa,Ashanti,2023,0.23762,0.20382,0.26764
GHA,GHA2.2_2,AdansiAsokwa,Ashanti,2024,0.22105,0.19029,0.24749
GHA,GHA2.2_2,AdansiAsokwa,Ashanti,2025,0.19292,0.16649,0.21521
GHA,GHA2.30_2,Kwadaso,Ashanti,2000,0.18877,0.18667,0.19087
GHA,GHA2.30_2,Kwadaso,Ashanti,2001,0.15842,0.15683,0.16001
GHA,GHA2.30_2,Kwadaso,Ashanti,2002,0.15697,0.15516,0.15878
GHA,GHA2.30_2,Kwadaso,Ashanti,2003,0.17407,0.17165,0.17648
GHA,GHA2.30_2,Kwadaso,Ashanti,2004,0.20111,0.19856,0.20367
GHA,GHA2.30_2,Kwadaso,Ashanti,2005,0.21786,0.2149,0.22082
GHA,GHA2.30_2,Kwadaso,Ashanti,2006,0.22008,0.21756,0.22259
GHA,GHA2.30_2,Kwadaso,Ashanti,2007,0.22148,0.2193,0.22367
GHA,GHA2.30_2,Kwadaso,Ashanti,2008,0.23076,0.23028,0.23124
GHA,GHA2.30_2,Kwadaso,Ashanti,2009,0.24525,0.24385,0.24665
GHA,GHA2.30_2,Kwadaso,Ashanti,2010,0.25762,0.2551,0.26014
GHA,GHA2.30_2,Kwadaso,Ashanti,2011,0.25327,0.25066,0.25588
GHA,GHA2.30_2,Kwadaso,Ashanti,2012,0.23368,0.23213,0.23523
GHA,GHA2.30_2,Kwadaso,Ashanti,2013,0.20528,0.20476,0.20579
GHA,GHA2.30_2,Kwadaso,Ashanti,2014,0.17369,0.17315,0.17423
GHA,GHA2.30_2,Kwadaso,Ashanti,2015,0.1397,0.1385,0.1409
GHA,GHA2.30_2,Kwadaso,Ashanti,2016,0.11622,0.1146,0.11784
GHA,GHA2.30_2,Kwadaso,Ashanti,2017,0.10943,0.10773,0.11114
GHA,GHA2.30_2,Kwadaso,Ashanti,2018,0.11606,0.1144,0.11771
GHA,GHA2.30_2,Kwadaso,Ashanti,2019,0.13298,0.13174,0.13421
GHA,GHA2.30_2,Kwadaso,Ashanti,2020,0.14437,0.14339,0.14534
GHA,GHA2.30_2,Kwadaso,Ashanti,2021,0.14438,0.14424,0.14452
GHA,GHA2.30_2,Kwadaso,Ashanti,2022,0.16331,0.16233,0.1643
GHA,GHA2.30_2,Kwadaso,Ashanti,2023,0.1262,0.12524,0.12716
GHA,GHA2.30_2,Kwadaso,Ashanti,2024,0.12423,0.12278,0.12567
GHA,GHA2.30_2,Kwadaso,Ashanti,2025,0.11387,0.11193,0.11581
GHA,GHA2.31_2,Mampong,Ashanti,2000,0.43567,0.34781,0.47698
GHA,GHA2.31_2,Mampong,Ashanti,2001,0.41864,0.32647,0.46585
GHA,GHA2.31_2,Mampong,Ashanti,2002,0.40435,0.31072,0.45264
GHA,GHA2.31_2,Mampong,Ashanti,2003,0.38352,0.29242,0.43152
GHA,GHA2.31_2,Mampong,Ashanti,2004,0.36708,0.28299,0.41677
GHA,GHA2.31_2,Mampong,Ashanti,2005,0.36512,0.28455,0.41231
GHA,GHA2.31_2,Mampong,Ashanti,2006,0.37485,0.29055,0.42527
GHA,GHA2.31_2,Mampong,Ashanti,2007,0.38876,0.30229,0.4357
GHA,GHA2.31_2,Mampong,Ashanti,2008,0.40515,0.31805,0.45105
GHA,GHA2.31_2,Mampong,Ashanti,2009,0.42621,0.33654,0.47142
GHA,GHA2.31_2,Mampong,Ashanti,2010,0.44371,0.35159,0.48381
GHA,GHA2.31_2,Mampong,Ashanti,2011,0.44837,0.34971,0.48783
GHA,GHA2.31_2,Mampong,Ashanti,2012,0.43838,0.32938,0.48576
GHA,GHA2.31_2,Mampong,Ashanti,2013,0.4061,0.29419,0.46789
GHA,GHA2.31_2,Mampong,Ashanti,2014,0.33828,0.2391,0.40443
GHA,GHA2.31_2,Mampong,Ashanti,2015,0.24895,0.17582,0.29633
GHA,GHA2.31_2,Mampong,Ashanti,2016,0.19154,0.13468,0.22551
GHA,GHA2.31_2,Mampong,Ashanti,2017,0.1772,0.1248,0.20829
GHA,GHA2.31_2,Mampong,Ashanti,2018,0.19526,0.13981,0.22906
GHA,GHA2.31_2,Mampong,Ashanti,2019,0.23292,0.17132,0.27133
GHA,GHA2.31_2,Mampong,Ashanti,2020,0.25122,0.18859,0.29394
GHA,GHA2.31_2,Mampong,Ashanti,2021,0.23598,0.18292,0.27687
GHA,GHA2.31_2,Mampong,Ashanti,2022,0.21316,0.18013,0.24928
GHA,GHA2.31_2,Mampong,Ashanti,2023,0.18748,0.14796,0.22156
GHA,GHA2.31_2,Mampong,Ashanti,2024,0.17758,0.14092,0.21094
GHA,GHA2.31_2,Mampong,Ashanti,2025,0.15928,0.1264,0.18947
GHA,GHA2.32_2,Obuasi,Ashanti,2000,0.33933,0.27761,0.40766
GHA,GHA2.32_2,Obuasi,Ashanti,2001,0.31685,0.25512,0.38591
GHA,GHA2.32_2,Obuasi,Ashanti,2002,0.3132,0.24654,0.38311
GHA,GHA2.32_2,Obuasi,Ashanti,2003,0.30868,0.24134,0.37567
GHA,GHA2.32_2,Obuasi,Ashanti,2004,0.30764,0.24105,0.3709
GHA,GHA2.32_2,Obuasi,Ashanti,2005,0.30227,0.23606,0.36234
GHA,GHA2.32_2,Obuasi,Ashanti,2006,0.29049,0.22485,0.34868
GHA,GHA2.32_2,Obuasi,Ashanti,2007,0.25706,0.19496,0.31381
GHA,GHA2.32_2,Obuasi,Ashanti,2008,0.27053,0.20724,0.3297
GHA,GHA2.32_2,Obuasi,Ashanti,2009,0.33916,0.26653,0.41047
GHA,GHA2.32_2,Obuasi,Ashanti,2010,0.37336,0.29612,0.45237
GHA,GHA2.32_2,Obuasi,Ashanti,2011,0.37314,0.29544,0.45668
GHA,GHA2.32_2,Obuasi,Ashanti,2012,0.35396,0.27892,0.4421
GHA,GHA2.32_2,Obuasi,Ashanti,2013,0.30773,0.24049,0.39026
GHA,GHA2.32_2,Obuasi,Ashanti,2014,0.26901,0.20961,0.34255
GHA,GHA2.32_2,Obuasi,Ashanti,2015,0.25114,0.19606,0.31564
GHA,GHA2.32_2,Obuasi,Ashanti,2016,0.24189,0.18881,0.30047
GHA,GHA2.32_2,Obuasi,Ashanti,2017,0.24065,0.18772,0.29652
GHA,GHA2.32_2,Obuasi,Ashanti,2018,0.24627,0.19394,0.29965
GHA,GHA2.32_2,Obuasi,Ashanti,2019,0.24368,0.19116,0.29564
GHA,GHA2.32_2,Obuasi,Ashanti,2020,0.2458,0.192,0.29735
GHA,GHA2.32_2,Obuasi,Ashanti,2021,0.22525,0.17467,0.27555
GHA,GHA2.32_2,Obuasi,Ashanti,2022,0.2071,0.1724,0.24105
GHA,GHA2.32_2,Obuasi,Ashanti,2023,0.1956,0.15138,0.2376
GHA,GHA2.32_2,Obuasi,Ashanti,2024,0.18322,0.14162,0.22474
GHA,GHA2.32_2,Obuasi,Ashanti,2025,0.16106,0.12419,0.19832
GHA,GHA2.33_2,ObuasiEast,Ashanti,2000,0.34437,0.32355,0.37694
GHA,GHA2.33_2,ObuasiEast,Ashanti,2001,0.32075,0.29987,0.35481
GHA,GHA2.33_2,ObuasiEast,Ashanti,2002,0.31782,0.29718,0.35082
GHA,GHA2.33_2,ObuasiEast,Ashanti,2003,0.31833,0.29891,0.34726
GHA,GHA2.33_2,ObuasiEast,Ashanti,2004,0.32418,0.30501,0.35063
GHA,GHA2.33_2,ObuasiEast,Ashanti,2005,0.32341,0.30495,0.35001
GHA,GHA2.33_2,ObuasiEast,Ashanti,2006,0.31506,0.29583,0.3396
GHA,GHA2.33_2,ObuasiEast,Ashanti,2007,0.28182,0.26191,0.304
GHA,GHA2.33_2,ObuasiEast,Ashanti,2008,0.29478,0.27436,0.31545
GHA,GHA2.33_2,ObuasiEast,Ashanti,2009,0.36261,0.3401,0.38053
GHA,GHA2.33_2,ObuasiEast,Ashanti,2010,0.39195,0.36775,0.40764
GHA,GHA2.33_2,ObuasiEast,Ashanti,2011,0.38598,0.3612,0.40084
GHA,GHA2.33_2,ObuasiEast,Ashanti,2012,0.36136,0.33562,0.37626
GHA,GHA2.33_2,ObuasiEast,Ashanti,2013,0.31141,0.28928,0.32562
GHA,GHA2.33_2,ObuasiEast,Ashanti,2014,0.27193,0.25233,0.28633
GHA,GHA2.33_2,ObuasiEast,Ashanti,2015,0.25342,0.23497,0.27126
GHA,GHA2.33_2,ObuasiEast,Ashanti,2016,0.24386,0.22557,0.26444
GHA,GHA2.33_2,ObuasiEast,Ashanti,2017,0.24364,0.22467,0.26596
GHA,GHA2.33_2,ObuasiEast,Ashanti,2018,0.22829,0.2107,0.24943
GHA,GHA2.33_2,ObuasiEast,Ashanti,2019,0.2265,0.20831,0.2484
GHA,GHA2.33_2,ObuasiEast,Ashanti,2020,0.2403,0.22117,0.26475
GHA,GHA2.33_2,ObuasiEast,Ashanti,2021,0.22184,0.20388,0.24452
GHA,GHA2.33_2,ObuasiEast,Ashanti,2022,0.20977,0.19707,0.2281
GHA,GHA2.33_2,ObuasiEast,Ashanti,2023,0.20566,0.18955,0.22592
GHA,GHA2.33_2,ObuasiEast,Ashanti,2024,0.19201,0.17793,0.21028
GHA,GHA2.33_2,ObuasiEast,Ashanti,2025,0.16832,0.15581,0.18446
GHA,GHA2.34_2,Offinso,Ashanti,2000,0.40988,0.26264,0.46561
GHA,GHA2.34_2,Offinso,Ashanti,2001,0.3869,0.23348,0.44659
GHA,GHA2.34_2,Offinso,Ashanti,2002,0.37647,0.22574,0.43726
GHA,GHA2.34_2,Offinso,Ashanti,2003,0.36424,0.22776,0.4269
GHA,GHA2.34_2,Offinso,Ashanti,2004,0.36061,0.23992,0.41876
GHA,GHA2.34_2,Offinso,Ashanti,2005,0.36206,0.24936,0.41996
GHA,GHA2.34_2,Offinso,Ashanti,2006,0.36579,0.25449,0.42177
GHA,GHA2.34_2,Offinso,Ashanti,2007,0.37413,0.25984,0.42559
GHA,GHA2.34_2,Offinso,Ashanti,2008,0.38963,0.27115,0.44048
GHA,GHA2.34_2,Offinso,Ashanti,2009,0.41628,0.28813,0.4718
GHA,GHA2.34_2,Offinso,Ashanti,2010,0.44152,0.30376,0.49378
GHA,GHA2.34_2,Offinso,Ashanti,2011,0.45156,0.30725,0.49934
GHA,GHA2.34_2,Offinso,Ashanti,2012,0.44649,0.29837,0.49721
GHA,GHA2.34_2,Offinso,Ashanti,2013,0.41835,0.27135,0.47372
GHA,GHA2.34_2,Offinso,Ashanti,2014,0.35688,0.22754,0.41202
GHA,GHA2.34_2,Offinso,Ashanti,2015,0.2722,0.17345,0.31867
GHA,GHA2.34_2,Offinso,Ashanti,2016,0.21669,0.13527,0.25973
GHA,GHA2.34_2,Offinso,Ashanti,2017,0.20028,0.12405,0.24515
GHA,GHA2.34_2,Offinso,Ashanti,2018,0.21189,0.13391,0.25407
GHA,GHA2.34_2,Offinso,Ashanti,2019,0.24217,0.15579,0.2862
GHA,GHA2.34_2,Offinso,Ashanti,2020,0.25478,0.167,0.30366
GHA,GHA2.34_2,Offinso,Ashanti,2021,0.23618,0.1614,0.28286
GHA,GHA2.34_2,Offinso,Ashanti,2022,0.21015,0.16547,0.25
GHA,GHA2.34_2,Offinso,Ashanti,2023,0.18882,0.13126,0.22958
GHA,GHA2.34_2,Offinso,Ashanti,2024,0.18145,0.1266,0.22245
GHA,GHA2.34_2,Offinso,Ashanti,2025,0.16479,0.11486,0.20298
GHA,GHA2.35_2,OffinsoNorth,Ashanti,2000,0.46373,0.38901,0.50328
GHA,GHA2.35_2,OffinsoNorth,Ashanti,2001,0.45133,0.37164,0.49654
GHA,GHA2.35_2,OffinsoNorth,Ashanti,2002,0.43853,0.35579,0.4894
GHA,GHA2.35_2,OffinsoNorth,Ashanti,2003,0.41847,0.33076,0.48038
GHA,GHA2.35_2,OffinsoNorth,Ashanti,2004,0.39001,0.31328,0.46307
GHA,GHA2.35_2,OffinsoNorth,Ashanti,2005,0.37524,0.30479,0.44557
GHA,GHA2.35_2,OffinsoNorth,Ashanti,2006,0.37188,0.30179,0.43661
GHA,GHA2.35_2,OffinsoNorth,Ashanti,2007,0.37917,0.308,0.43085
GHA,GHA2.35_2,OffinsoNorth,Ashanti,2008,0.39732,0.32841,0.43982
GHA,GHA2.35_2,OffinsoNorth,Ashanti,2009,0.43138,0.36678,0.46431
GHA,GHA2.35_2,OffinsoNorth,Ashanti,2010,0.46621,0.41009,0.49386
GHA,GHA2.35_2,OffinsoNorth,Ashanti,2011,0.48004,0.43023,0.49924
GHA,GHA2.35_2,OffinsoNorth,Ashanti,2012,0.47962,0.42455,0.49903
GHA,GHA2.35_2,OffinsoNorth,Ashanti,2013,0.45466,0.39137,0.48313
GHA,GHA2.35_2,OffinsoNorth,Ashanti,2014,0.39149,0.3295,0.43142
GHA,GHA2.35_2,OffinsoNorth,Ashanti,2015,0.29355,0.25257,0.33017
GHA,GHA2.35_2,OffinsoNorth,Ashanti,2016,0.23164,0.20223,0.26239
GHA,GHA2.35_2,OffinsoNorth,Ashanti,2017,0.21566,0.18655,0.24522
GHA,GHA2.35_2,OffinsoNorth,Ashanti,2018,0.23259,0.19734,0.26573
GHA,GHA2.35_2,OffinsoNorth,Ashanti,2019,0.26983,0.22124,0.31132
GHA,GHA2.35_2,OffinsoNorth,Ashanti,2020,0.27782,0.23,0.32239
GHA,GHA2.35_2,OffinsoNorth,Ashanti,2021,0.24418,0.20926,0.27823
GHA,GHA2.35_2,OffinsoNorth,Ashanti,2022,0.21034,0.17985,0.23125
GHA,GHA2.35_2,OffinsoNorth,Ashanti,2023,0.18383,0.16186,0.20689
GHA,GHA2.35_2,OffinsoNorth,Ashanti,2024,0.17965,0.15766,0.21228
GHA,GHA2.35_2,OffinsoNorth,Ashanti,2025,0.17027,0.14636,0.2119
GHA,GHA2.36_2,Oforikrom,Ashanti,2000,0.23141,0.20938,0.25517
GHA,GHA2.36_2,Oforikrom,Ashanti,2001,0.20143,0.18033,0.2234
GHA,GHA2.36_2,Oforikrom,Ashanti,2002,0.19692,0.17679,0.21806
GHA,GHA2.36_2,Oforikrom,Ashanti,2003,0.20702,0.18738,0.22857
GHA,GHA2.36_2,Oforikrom,Ashanti,2004,0.22726,0.20795,0.2496
GHA,GHA2.36_2,Oforikrom,Ashanti,2005,0.24067,0.22092,0.26407
GHA,GHA2.36_2,Oforikrom,Ashanti,2006,0.24482,0.22391,0.26869
GHA,GHA2.36_2,Oforikrom,Ashanti,2007,0.2497,0.22775,0.27437
GHA,GHA2.36_2,Oforikrom,Ashanti,2008,0.26325,0.24002,0.28947
GHA,GHA2.36_2,Oforikrom,Ashanti,2009,0.28372,0.25831,0.31266
GHA,GHA2.36_2,Oforikrom,Ashanti,2010,0.30044,0.27255,0.33148
GHA,GHA2.36_2,Oforikrom,Ashanti,2011,0.29531,0.26816,0.32585
GHA,GHA2.36_2,Oforikrom,Ashanti,2012,0.26834,0.24486,0.29487
GHA,GHA2.36_2,Oforikrom,Ashanti,2013,0.23201,0.21244,0.25451
GHA,GHA2.36_2,Oforikrom,Ashanti,2014,0.19442,0.17744,0.2139
GHA,GHA2.36_2,Oforikrom,Ashanti,2015,0.15633,0.14165,0.17422
GHA,GHA2.36_2,Oforikrom,Ashanti,2016,0.13149,0.11768,0.14896
GHA,GHA2.36_2,Oforikrom,Ashanti,2017,0.12473,0.11094,0.14208
GHA,GHA2.36_2,Oforikrom,Ashanti,2018,0.13259,0.11929,0.14903
GHA,GHA2.36_2,Oforikrom,Ashanti,2019,0.15174,0.13754,0.16845
GHA,GHA2.36_2,Oforikrom,Ashanti,2020,0.16346,0.14931,0.17969
GHA,GHA2.36_2,Oforikrom,Ashanti,2021,0.16187,0.14859,0.17745
GHA,GHA2.36_2,Oforikrom,Ashanti,2022,0.17202,0.16208,0.18302
GHA,GHA2.36_2,Oforikrom,Ashanti,2023,0.13662,0.12626,0.14902
GHA,GHA2.36_2,Oforikrom,Ashanti,2024,0.13171,0.12226,0.14306
GHA,GHA2.36_2,Oforikrom,Ashanti,2025,0.11778,0.11027,0.12707
GHA,GHA2.37_2,OldTafo,Ashanti,2000,0.18236,0.18236,0.18236
GHA,GHA2.37_2,OldTafo,Ashanti,2001,0.1547,0.1547,0.1547
GHA,GHA2.37_2,OldTafo,Ashanti,2002,0.15186,0.15186,0.15186
GHA,GHA2.37_2,OldTafo,Ashanti,2003,0.16286,0.16286,0.16286
GHA,GHA2.37_2,OldTafo,Ashanti,2004,0.18367,0.18367,0.18367
GHA,GHA2.37_2,OldTafo,Ashanti,2005,0.1967,0.1967,0.1967
GHA,GHA2.37_2,OldTafo,Ashanti,2006,0.19977,0.19977,0.19977
GHA,GHA2.37_2,OldTafo,Ashanti,2007,0.20341,0.20341,0.20341
GHA,GHA2.37_2,OldTafo,Ashanti,2008,0.21367,0.21367,0.21367
GHA,GHA2.37_2,OldTafo,Ashanti,2009,0.22757,0.22757,0.22757
GHA,GHA2.37_2,OldTafo,Ashanti,2010,0.23861,0.23861,0.23861
GHA,GHA2.37_2,OldTafo,Ashanti,2011,0.23551,0.23551,0.23551
GHA,GHA2.37_2,OldTafo,Ashanti,2012,0.21635,0.21635,0.21635
GHA,GHA2.37_2,OldTafo,Ashanti,2013,0.18954,0.18954,0.18954
GHA,GHA2.37_2,OldTafo,Ashanti,2014,0.15814,0.15814,0.15814
GHA,GHA2.37_2,OldTafo,Ashanti,2015,0.12367,0.12367,0.12367
GHA,GHA2.37_2,OldTafo,Ashanti,2016,0.09949,0.09949,0.09949
GHA,GHA2.37_2,OldTafo,Ashanti,2017,0.09291,0.09291,0.09291
GHA,GHA2.37_2,OldTafo,Ashanti,2018,0.10117,0.10117,0.10117
GHA,GHA2.37_2,OldTafo,Ashanti,2019,0.11795,0.11795,0.11795
GHA,GHA2.37_2,OldTafo,Ashanti,2020,0.12937,0.12937,0.12937
GHA,GHA2.37_2,OldTafo,Ashanti,2021,0.13062,0.13062,0.13062
GHA,GHA2.37_2,OldTafo,Ashanti,2022,0.14384,0.14384,0.14384
GHA,GHA2.37_2,OldTafo,Ashanti,2023,0.11253,0.11253,0.11253
GHA,GHA2.37_2,OldTafo,Ashanti,2024,0.11142,0.11142,0.11142
GHA,GHA2.37_2,OldTafo,Ashanti,2025,0.10245,0.10245,0.10245
GHA,GHA2.38_2,SekyereAframPlainsNorth,Ashanti,2000,0.50167,0.42774,0.52028
GHA,GHA2.38_2,SekyereAframPlainsNorth,Ashanti,2001,0.48638,0.40651,0.51282
GHA,GHA2.38_2,SekyereAframPlainsNorth,Ashanti,2002,0.46567,0.38248,0.50211
GHA,GHA2.38_2,SekyereAframPlainsNorth,Ashanti,2003,0.43215,0.3527,0.48607
GHA,GHA2.38_2,SekyereAframPlainsNorth,Ashanti,2004,0.39308,0.30762,0.45945
GHA,GHA2.38_2,SekyereAframPlainsNorth,Ashanti,2005,0.38838,0.30113,0.45585
GHA,GHA2.38_2,SekyereAframPlainsNorth,Ashanti,2006,0.41153,0.33216,0.47241
GHA,GHA2.38_2,SekyereAframPlainsNorth,Ashanti,2007,0.44186,0.36672,0.48163
GHA,GHA2.38_2,SekyereAframPlainsNorth,Ashanti,2008,0.46829,0.39718,0.49522
GHA,GHA2.38_2,SekyereAframPlainsNorth,Ashanti,2009,0.49306,0.42331,0.50827
GHA,GHA2.38_2,SekyereAframPlainsNorth,Ashanti,2010,0.50299,0.45088,0.50891
GHA,GHA2.38_2,SekyereAframPlainsNorth,Ashanti,2011,0.50354,0.45527,0.5069
GHA,GHA2.38_2,SekyereAframPlainsNorth,Ashanti,2012,0.50196,0.44258,0.50513
GHA,GHA2.38_2,SekyereAframPlainsNorth,Ashanti,2013,0.49736,0.40218,0.50349
GHA,GHA2.38_2,SekyereAframPlainsNorth,Ashanti,2014,0.48236,0.33221,0.50198
GHA,GHA2.38_2,SekyereAframPlainsNorth,Ashanti,2015,0.40969,0.24602,0.46977
GHA,GHA2.38_2,SekyereAframPlainsNorth,Ashanti,2016,0.31009,0.19109,0.37291
GHA,GHA2.38_2,SekyereAframPlainsNorth,Ashanti,2017,0.27784,0.17361,0.3373
GHA,GHA2.38_2,SekyereAframPlainsNorth,Ashanti,2018,0.29928,0.18845,0.36192
GHA,GHA2.38_2,SekyereAframPlainsNorth,Ashanti,2019,0.34957,0.22206,0.41268
GHA,GHA2.38_2,SekyereAframPlainsNorth,Ashanti,2020,0.3697,0.2391,0.43086
GHA,GHA2.38_2,SekyereAframPlainsNorth,Ashanti,2021,0.34231,0.22607,0.4041
GHA,GHA2.38_2,SekyereAframPlainsNorth,Ashanti,2022,0.29643,0.19909,0.35244
GHA,GHA2.38_2,SekyereAframPlainsNorth,Ashanti,2023,0.26445,0.18046,0.31394
GHA,GHA2.38_2,SekyereAframPlainsNorth,Ashanti,2024,0.25436,0.17426,0.29869
GHA,GHA2.38_2,SekyereAframPlainsNorth,Ashanti,2025,0.23178,0.15891,0.2697
GHA,GHA2.39_2,SekyereCentral,Ashanti,2000,0.478,0.38269,0.52145
GHA,GHA2.39_2,SekyereCentral,Ashanti,2001,0.4646,0.36272,0.51456
GHA,GHA2.39_2,SekyereCentral,Ashanti,2002,0.44936,0.35173,0.50298
GHA,GHA2.39_2,SekyereCentral,Ashanti,2003,0.42589,0.33561,0.48601
GHA,GHA2.39_2,SekyereCentral,Ashanti,2004,0.40162,0.32648,0.46034
GHA,GHA2.39_2,SekyereCentral,Ashanti,2005,0.39897,0.32815,0.45653
GHA,GHA2.39_2,SekyereCentral,Ashanti,2006,0.41315,0.33539,0.47261
GHA,GHA2.39_2,SekyereCentral,Ashanti,2007,0.42823,0.34694,0.48039
GHA,GHA2.39_2,SekyereCentral,Ashanti,2008,0.44564,0.36083,0.49132
GHA,GHA2.39_2,SekyereCentral,Ashanti,2009,0.46709,0.38035,0.50385
GHA,GHA2.39_2,SekyereCentral,Ashanti,2010,0.48146,0.39354,0.50774
GHA,GHA2.39_2,SekyereCentral,Ashanti,2011,0.4847,0.38957,0.50657
GHA,GHA2.39_2,SekyereCentral,Ashanti,2012,0.48069,0.36298,0.50472
GHA,GHA2.39_2,SekyereCentral,Ashanti,2013,0.46453,0.32168,0.50297
GHA,GHA2.39_2,SekyereCentral,Ashanti,2014,0.42122,0.26306,0.49733
GHA,GHA2.39_2,SekyereCentral,Ashanti,2015,0.32418,0.19724,0.42732
GHA,GHA2.39_2,SekyereCentral,Ashanti,2016,0.24495,0.15515,0.3301
GHA,GHA2.39_2,SekyereCentral,Ashanti,2017,0.22333,0.14557,0.30347
GHA,GHA2.39_2,SekyereCentral,Ashanti,2018,0.24474,0.16148,0.33267
GHA,GHA2.39_2,SekyereCentral,Ashanti,2019,0.29143,0.19404,0.39326
GHA,GHA2.39_2,SekyereCentral,Ashanti,2020,0.31388,0.21341,0.41623
GHA,GHA2.39_2,SekyereCentral,Ashanti,2021,0.29271,0.20748,0.388
GHA,GHA2.39_2,SekyereCentral,Ashanti,2022,0.25697,0.19398,0.33397
GHA,GHA2.39_2,SekyereCentral,Ashanti,2023,0.22833,0.17212,0.29371
GHA,GHA2.39_2,SekyereCentral,Ashanti,2024,0.21752,0.1648,0.27708
GHA,GHA2.39_2,SekyereCentral,Ashanti,2025,0.19615,0.1482,0.2485
GHA,GHA2.3_2,AdansiNorth,Ashanti,2000,0.33531,0.31819,0.35845
GHA,GHA2.3_2,AdansiNorth,Ashanti,2001,0.30792,0.29103,0.33016
GHA,GHA2.3_2,AdansiNorth,Ashanti,2002,0.30655,0.2895,0.33333
GHA,GHA2.3_2,AdansiNorth,Ashanti,2003,0.31081,0.29582,0.33922
GHA,GHA2.3_2,AdansiNorth,Ashanti,2004,0.3238,0.3068,0.35257
GHA,GHA2.3_2,AdansiNorth,Ashanti,2005,0.33021,0.3129,0.35846
GHA,GHA2.3_2,AdansiNorth,Ashanti,2006,0.32757,0.30862,0.35515
GHA,GHA2.3_2,AdansiNorth,Ashanti,2007,0.33396,0.3139,0.36422
GHA,GHA2.3_2,AdansiNorth,Ashanti,2008,0.36215,0.34276,0.39439
GHA,GHA2.3_2,AdansiNorth,Ashanti,2009,0.41597,0.40022,0.45004
GHA,GHA2.3_2,AdansiNorth,Ashanti,2010,0.45917,0.44224,0.48733
GHA,GHA2.3_2,AdansiNorth,Ashanti,2011,0.4648,0.44632,0.49146
GHA,GHA2.3_2,AdansiNorth,Ashanti,2012,0.42532,0.40146,0.46551
GHA,GHA2.3_2,AdansiNorth,Ashanti,2013,0.3549,0.33183,0.39738
GHA,GHA2.3_2,AdansiNorth,Ashanti,2014,0.30777,0.2867,0.34628
GHA,GHA2.3_2,AdansiNorth,Ashanti,2015,0.28477,0.26607,0.31799
GHA,GHA2.3_2,AdansiNorth,Ashanti,2016,0.2724,0.25627,0.30057
GHA,GHA2.3_2,AdansiNorth,Ashanti,2017,0.26687,0.25105,0.29323
GHA,GHA2.3_2,AdansiNorth,Ashanti,2018,0.26723,0.25196,0.29053
GHA,GHA2.3_2,AdansiNorth,Ashanti,2019,0.28185,0.26676,0.30697
GHA,GHA2.3_2,AdansiNorth,Ashanti,2020,0.28397,0.26879,0.30927
GHA,GHA2.3_2,AdansiNorth,Ashanti,2021,0.26683,0.25242,0.29117
GHA,GHA2.3_2,AdansiNorth,Ashanti,2022,0.23882,0.2266,0.26231
GHA,GHA2.3_2,AdansiNorth,Ashanti,2023,0.21139,0.19738,0.23196
GHA,GHA2.3_2,AdansiNorth,Ashanti,2024,0.19866,0.18769,0.21641
GHA,GHA2.3_2,AdansiNorth,Ashanti,2025,0.17421,0.16513,0.18993
GHA,GHA2.40_2,SekyereEast,Ashanti,2000,0.41227,0.31316,0.46467
GHA,GHA2.40_2,SekyereEast,Ashanti,2001,0.39066,0.28623,0.44925
GHA,GHA2.40_2,SekyereEast,Ashanti,2002,0.37987,0.27968,0.43502
GHA,GHA2.40_2,SekyereEast,Ashanti,2003,0.3684,0.27685,0.41587
GHA,GHA2.40_2,SekyereEast,Ashanti,2004,0.36789,0.28264,0.40939
GHA,GHA2.40_2,SekyereEast,Ashanti,2005,0.3744,0.28855,0.41747
GHA,GHA2.40_2,SekyereEast,Ashanti,2006,0.38315,0.29392,0.42652
GHA,GHA2.40_2,SekyereEast,Ashanti,2007,0.39551,0.30292,0.43985
GHA,GHA2.40_2,SekyereEast,Ashanti,2008,0.41478,0.31728,0.46168
GHA,GHA2.40_2,SekyereEast,Ashanti,2009,0.44157,0.33813,0.48864
GHA,GHA2.40_2,SekyereEast,Ashanti,2010,0.45654,0.35187,0.49732
GHA,GHA2.40_2,SekyereEast,Ashanti,2011,0.45252,0.34109,0.49622
GHA,GHA2.40_2,SekyereEast,Ashanti,2012,0.42598,0.30818,0.4786
GHA,GHA2.40_2,SekyereEast,Ashanti,2013,0.37442,0.26671,0.42936
GHA,GHA2.40_2,SekyereEast,Ashanti,2014,0.31007,0.21766,0.35804
GHA,GHA2.40_2,SekyereEast,Ashanti,2015,0.24497,0.16962,0.28577
GHA,GHA2.40_2,SekyereEast,Ashanti,2016,0.20461,0.13869,0.24285
GHA,GHA2.40_2,SekyereEast,Ashanti,2017,0.19533,0.13143,0.23318
GHA,GHA2.40_2,SekyereEast,Ashanti,2018,0.20715,0.1435,0.24342
GHA,GHA2.40_2,SekyereEast,Ashanti,2019,0.23679,0.16994,0.27294
GHA,GHA2.40_2,SekyereEast,Ashanti,2020,0.25415,0.18562,0.29278
GHA,GHA2.40_2,SekyereEast,Ashanti,2021,0.24697,0.18333,0.28254
GHA,GHA2.40_2,SekyereEast,Ashanti,2022,0.22545,0.18232,0.25546
GHA,GHA2.40_2,SekyereEast,Ashanti,2023,0.20677,0.15609,0.23521
GHA,GHA2.40_2,SekyereEast,Ashanti,2024,0.19842,0.14992,0.22498
GHA,GHA2.40_2,SekyereEast,Ashanti,2025,0.17776,0.1345,0.20038
GHA,GHA2.41_2,SekyereKumawu,Ashanti,2000,0.42669,0.37493,0.46136
GHA,GHA2.41_2,SekyereKumawu,Ashanti,2001,0.4083,0.35171,0.44658
GHA,GHA2.41_2,SekyereKumawu,Ashanti,2002,0.39036,0.33617,0.42617
GHA,GHA2.41_2,SekyereKumawu,Ashanti,2003,0.36617,0.31639,0.40199
GHA,GHA2.41_2,SekyereKumawu,Ashanti,2004,0.35334,0.30137,0.39117
GHA,GHA2.41_2,SekyereKumawu,Ashanti,2005,0.3557,0.30042,0.39759
GHA,GHA2.41_2,SekyereKumawu,Ashanti,2006,0.36574,0.3108,0.40776
GHA,GHA2.41_2,SekyereKumawu,Ashanti,2007,0.38368,0.33264,0.42012
GHA,GHA2.41_2,SekyereKumawu,Ashanti,2008,0.40614,0.3528,0.44189
GHA,GHA2.41_2,SekyereKumawu,Ashanti,2009,0.43424,0.3768,0.46601
GHA,GHA2.41_2,SekyereKumawu,Ashanti,2010,0.45264,0.39554,0.48511
GHA,GHA2.41_2,SekyereKumawu,Ashanti,2011,0.45149,0.38989,0.48949
GHA,GHA2.41_2,SekyereKumawu,Ashanti,2012,0.43088,0.36005,0.48506
GHA,GHA2.41_2,SekyereKumawu,Ashanti,2013,0.38621,0.31433,0.45824
GHA,GHA2.41_2,SekyereKumawu,Ashanti,2014,0.31756,0.25679,0.38698
GHA,GHA2.41_2,SekyereKumawu,Ashanti,2015,0.23904,0.19355,0.28419
GHA,GHA2.41_2,SekyereKumawu,Ashanti,2016,0.18938,0.15397,0.21676
GHA,GHA2.41_2,SekyereKumawu,Ashanti,2017,0.17654,0.14364,0.19618
GHA,GHA2.41_2,SekyereKumawu,Ashanti,2018,0.19041,0.15663,0.2112
GHA,GHA2.41_2,SekyereKumawu,Ashanti,2019,0.22253,0.18571,0.24439
GHA,GHA2.41_2,SekyereKumawu,Ashanti,2020,0.24027,0.20241,0.26295
GHA,GHA2.41_2,SekyereKumawu,Ashanti,2021,0.23097,0.19641,0.25165
GHA,GHA2.41_2,SekyereKumawu,Ashanti,2022,0.21503,0.18653,0.23368
GHA,GHA2.41_2,SekyereKumawu,Ashanti,2023,0.19034,0.15411,0.21535
GHA,GHA2.41_2,SekyereKumawu,Ashanti,2024,0.1839,0.1502,0.20868
GHA,GHA2.41_2,SekyereKumawu,Ashanti,2025,0.16764,0.14003,0.18872
GHA,GHA2.42_2,SekyereSouth,Ashanti,2000,0.39709,0.33477,0.46842
GHA,GHA2.42_2,SekyereSouth,Ashanti,2001,0.37335,0.30239,0.45491
GHA,GHA2.42_2,SekyereSouth,Ashanti,2002,0.36449,0.29698,0.44571
GHA,GHA2.42_2,SekyereSouth,Ashanti,2003,0.35503,0.30125,0.43218
GHA,GHA2.42_2,SekyereSouth,Ashanti,2004,0.35614,0.30471,0.42079
GHA,GHA2.42_2,SekyereSouth,Ashanti,2005,0.36209,0.30957,0.41977
GHA,GHA2.42_2,SekyereSouth,Ashanti,2006,0.36887,0.31527,0.42905
GHA,GHA2.42_2,SekyereSouth,Ashanti,2007,0.37765,0.32325,0.43689
GHA,GHA2.42_2,SekyereSouth,Ashanti,2008,0.39173,0.33776,0.453
GHA,GHA2.42_2,SekyereSouth,Ashanti,2009,0.41198,0.35759,0.47318
GHA,GHA2.42_2,SekyereSouth,Ashanti,2010,0.42649,0.37143,0.48334
GHA,GHA2.42_2,SekyereSouth,Ashanti,2011,0.4237,0.36856,0.48609
GHA,GHA2.42_2,SekyereSouth,Ashanti,2012,0.4029,0.33502,0.48042
GHA,GHA2.42_2,SekyereSouth,Ashanti,2013,0.36368,0.29131,0.44971
GHA,GHA2.42_2,SekyereSouth,Ashanti,2014,0.30247,0.24017,0.38197
GHA,GHA2.42_2,SekyereSouth,Ashanti,2015,0.23147,0.18715,0.28627
GHA,GHA2.42_2,SekyereSouth,Ashanti,2016,0.18664,0.15169,0.22903
GHA,GHA2.42_2,SekyereSouth,Ashanti,2017,0.17514,0.1413,0.21437
GHA,GHA2.42_2,SekyereSouth,Ashanti,2018,0.18853,0.15458,0.22895
GHA,GHA2.42_2,SekyereSouth,Ashanti,2019,0.22068,0.18331,0.26795
GHA,GHA2.42_2,SekyereSouth,Ashanti,2020,0.23855,0.20034,0.28822
GHA,GHA2.42_2,SekyereSouth,Ashanti,2021,0.23008,0.19609,0.26991
GHA,GHA2.42_2,SekyereSouth,Ashanti,2022,0.21044,0.18236,0.24016
GHA,GHA2.42_2,SekyereSouth,Ashanti,2023,0.19138,0.16294,0.22208
GHA,GHA2.42_2,SekyereSouth,Ashanti,2024,0.18334,0.15507,0.21022
GHA,GHA2.42_2,SekyereSouth,Ashanti,2025,0.16496,0.13916,0.18887
GHA,GHA2.43_2,Suame,Ashanti,2000,0.18047,0.18047,0.18047
GHA,GHA2.43_2,Suame,Ashanti,2001,0.15189,0.15189,0.15189
GHA,GHA2.43_2,Suame,Ashanti,2002,0.14923,0.14923,0.14923
GHA,GHA2.43_2,Suame,Ashanti,2003,0.16219,0.16219,0.16219
GHA,GHA2.43_2,Suame,Ashanti,2004,0.1854,0.1854,0.1854
GHA,GHA2.43_2,Suame,Ashanti,2005,0.19963,0.19963,0.19963
GHA,GHA2.43_2,Suame,Ashanti,2006,0.20255,0.20255,0.20255
GHA,GHA2.43_2,Suame,Ashanti,2007,0.20411,0.20411,0.20411
GHA,GHA2.43_2,Suame,Ashanti,2008,0.21254,0.21254,0.21254
GHA,GHA2.43_2,Suame,Ashanti,2009,0.22496,0.22496,0.22496
GHA,GHA2.43_2,Suame,Ashanti,2010,0.23457,0.23457,0.23457
GHA,GHA2.43_2,Suame,Ashanti,2011,0.23079,0.23079,0.23079
GHA,GHA2.43_2,Suame,Ashanti,2012,0.21234,0.21234,0.21234
GHA,GHA2.43_2,Suame,Ashanti,2013,0.18637,0.18637,0.18637
GHA,GHA2.43_2,Suame,Ashanti,2014,0.15561,0.15561,0.15561
GHA,GHA2.43_2,Suame,Ashanti,2015,0.12148,0.12148,0.12148
GHA,GHA2.43_2,Suame,Ashanti,2016,0.09767,0.09767,0.09767
GHA,GHA2.43_2,Suame,Ashanti,2017,0.09119,0.09119,0.09119
GHA,GHA2.43_2,Suame,Ashanti,2018,0.09875,0.09875,0.09875
GHA,GHA2.43_2,Suame,Ashanti,2019,0.11594,0.11594,0.11594
GHA,GHA2.43_2,Suame,Ashanti,2020,0.12776,0.12776,0.12776
GHA,GHA2.43_2,Suame,Ashanti,2021,0.12916,0.12916,0.12916
GHA,GHA2.43_2,Suame,Ashanti,2022,0.14476,0.14476,0.14476
GHA,GHA2.43_2,Suame,Ashanti,2023,0.11238,0.11238,0.11238
GHA,GHA2.43_2,Suame,Ashanti,2024,0.11141,0.11141,0.11141
GHA,GHA2.43_2,Suame,Ashanti,2025,0.1032,0.1032,0.1032
GHA,GHA2.4_2,AdansiSouth,Ashanti,2000,0.41724,0.35561,0.45968
GHA,GHA2.4_2,AdansiSouth,Ashanti,2001,0.40118,0.33625,0.44838
GHA,GHA2.4_2,AdansiSouth,Ashanti,2002,0.3933,0.32851,0.43641
GHA,GHA2.4_2,AdansiSouth,Ashanti,2003,0.38211,0.3209,0.42092
GHA,GHA2.4_2,AdansiSouth,Ashanti,2004,0.37538,0.32108,0.4101
GHA,GHA2.4_2,AdansiSouth,Ashanti,2005,0.37059,0.31947,0.41297
GHA,GHA2.4_2,AdansiSouth,Ashanti,2006,0.36517,0.31637,0.41133
GHA,GHA2.4_2,AdansiSouth,Ashanti,2007,0.37153,0.323,0.41948
GHA,GHA2.4_2,AdansiSouth,Ashanti,2008,0.39731,0.35018,0.44618
GHA,GHA2.4_2,AdansiSouth,Ashanti,2009,0.44732,0.40138,0.48877
GHA,GHA2.4_2,AdansiSouth,Ashanti,2010,0.48766,0.45184,0.50442
GHA,GHA2.4_2,AdansiSouth,Ashanti,2011,0.49537,0.46588,0.50407
GHA,GHA2.4_2,AdansiSouth,Ashanti,2012,0.4852,0.44013,0.50202
GHA,GHA2.4_2,AdansiSouth,Ashanti,2013,0.44633,0.38316,0.4936
GHA,GHA2.4_2,AdansiSouth,Ashanti,2014,0.3995,0.33484,0.46193
GHA,GHA2.4_2,AdansiSouth,Ashanti,2015,0.36265,0.30422,0.4135
GHA,GHA2.4_2,AdansiSouth,Ashanti,2016,0.33958,0.28548,0.38513
GHA,GHA2.4_2,AdansiSouth,Ashanti,2017,0.33053,0.27854,0.376
GHA,GHA2.4_2,AdansiSouth,Ashanti,2018,0.33631,0.28374,0.38269
GHA,GHA2.4_2,AdansiSouth,Ashanti,2019,0.35931,0.30206,0.40716
GHA,GHA2.4_2,AdansiSouth,Ashanti,2020,0.36503,0.30781,0.4149
GHA,GHA2.4_2,AdansiSouth,Ashanti,2021,0.33786,0.28504,0.3888
GHA,GHA2.4_2,AdansiSouth,Ashanti,2022,0.29123,0.24488,0.33523
GHA,GHA2.4_2,AdansiSouth,Ashanti,2023,0.25658,0.21504,0.29445
GHA,GHA2.4_2,AdansiSouth,Ashanti,2024,0.23807,0.20088,0.27186
GHA,GHA2.4_2,AdansiSouth,Ashanti,2025,0.20787,0.17691,0.23454
GHA,GHA2.5_2,Afigya-KwabreNorth,Ashanti,2000,0.41347,0.34761,0.44932
GHA,GHA2.5_2,Afigya-KwabreNorth,Ashanti,2001,0.38989,0.31764,0.42965
GHA,GHA2.5_2,Afigya-KwabreNorth,Ashanti,2002,0.38063,0.3162,0.41953
GHA,GHA2.5_2,Afigya-KwabreNorth,Ashanti,2003,0.37152,0.31481,0.41291
GHA,GHA2.5_2,Afigya-KwabreNorth,Ashanti,2004,0.37394,0.32577,0.41651
GHA,GHA2.5_2,Afigya-KwabreNorth,Ashanti,2005,0.38028,0.33513,0.42417
GHA,GHA2.5_2,Afigya-KwabreNorth,Ashanti,2006,0.3883,0.3433,0.43297
GHA,GHA2.5_2,Afigya-KwabreNorth,Ashanti,2007,0.398,0.35106,0.43935
GHA,GHA2.5_2,Afigya-KwabreNorth,Ashanti,2008,0.41291,0.3661,0.45207
GHA,GHA2.5_2,Afigya-KwabreNorth,Ashanti,2009,0.43367,0.38532,0.47217
GHA,GHA2.5_2,Afigya-KwabreNorth,Ashanti,2010,0.45165,0.40163,0.48452
GHA,GHA2.5_2,Afigya-KwabreNorth,Ashanti,2011,0.45554,0.40183,0.4862
GHA,GHA2.5_2,Afigya-KwabreNorth,Ashanti,2012,0.44423,0.37863,0.48369
GHA,GHA2.5_2,Afigya-KwabreNorth,Ashanti,2013,0.41189,0.34158,0.45807
GHA,GHA2.5_2,Afigya-KwabreNorth,Ashanti,2014,0.34599,0.2857,0.39173
GHA,GHA2.5_2,Afigya-KwabreNorth,Ashanti,2015,0.26484,0.2213,0.29872
GHA,GHA2.5_2,Afigya-KwabreNorth,Ashanti,2016,0.21201,0.17954,0.23783
GHA,GHA2.5_2,Afigya-KwabreNorth,Ashanti,2017,0.19735,0.1684,0.22077
GHA,GHA2.5_2,Afigya-KwabreNorth,Ashanti,2018,0.2099,0.18044,0.23557
GHA,GHA2.5_2,Afigya-KwabreNorth,Ashanti,2019,0.24327,0.20624,0.2733
GHA,GHA2.5_2,Afigya-KwabreNorth,Ashanti,2020,0.25818,0.21964,0.28975
GHA,GHA2.5_2,Afigya-KwabreNorth,Ashanti,2021,0.24406,0.21126,0.27162
GHA,GHA2.5_2,Afigya-KwabreNorth,Ashanti,2022,0.21928,0.19921,0.24735
GHA,GHA2.5_2,Afigya-KwabreNorth,Ashanti,2023,0.19934,0.1777,0.22973
GHA,GHA2.5_2,Afigya-KwabreNorth,Ashanti,2024,0.19045,0.17016,0.21996
GHA,GHA2.5_2,Afigya-KwabreNorth,Ashanti,2025,0.17116,0.15281,0.19776
GHA,GHA2.6_2,Afigya-KwabreSouth,Ashanti,2000,0.31828,0.21514,0.40684
GHA,GHA2.6_2,Afigya-KwabreSouth,Ashanti,2001,0.28486,0.18449,0.37956
GHA,GHA2.6_2,Afigya-KwabreSouth,Ashanti,2002,0.27888,0.18091,0.37591
GHA,GHA2.6_2,Afigya-KwabreSouth,Ashanti,2003,0.28507,0.19487,0.38066
GHA,GHA2.6_2,Afigya-KwabreSouth,Ashanti,2004,0.30452,0.21677,0.39534
GHA,GHA2.6_2,Afigya-KwabreSouth,Ashanti,2005,0.31889,0.2308,0.4071
GHA,GHA2.6_2,Afigya-KwabreSouth,Ashanti,2006,0.32401,0.23523,0.41339
GHA,GHA2.6_2,Afigya-KwabreSouth,Ashanti,2007,0.32798,0.23762,0.41745
GHA,GHA2.6_2,Afigya-KwabreSouth,Ashanti,2008,0.3387,0.24592,0.43379
GHA,GHA2.6_2,Afigya-KwabreSouth,Ashanti,2009,0.35414,0.25883,0.45055
GHA,GHA2.6_2,Afigya-KwabreSouth,Ashanti,2010,0.36847,0.27133,0.46295
GHA,GHA2.6_2,Afigya-KwabreSouth,Ashanti,2011,0.36462,0.26684,0.45773
GHA,GHA2.6_2,Afigya-KwabreSouth,Ashanti,2012,0.34141,0.24789,0.43253
GHA,GHA2.6_2,Afigya-KwabreSouth,Ashanti,2013,0.30449,0.21945,0.39123
GHA,GHA2.6_2,Afigya-KwabreSouth,Ashanti,2014,0.2554,0.18438,0.32821
GHA,GHA2.6_2,Afigya-KwabreSouth,Ashanti,2015,0.20112,0.14539,0.25662
GHA,GHA2.6_2,Afigya-KwabreSouth,Ashanti,2016,0.16643,0.11789,0.21402
GHA,GHA2.6_2,Afigya-KwabreSouth,Ashanti,2017,0.15678,0.11072,0.2037
GHA,GHA2.6_2,Afigya-KwabreSouth,Ashanti,2018,0.16577,0.11874,0.21486
GHA,GHA2.6_2,Afigya-KwabreSouth,Ashanti,2019,0.19112,0.13834,0.24877
GHA,GHA2.6_2,Afigya-KwabreSouth,Ashanti,2020,0.20512,0.15097,0.26333
GHA,GHA2.6_2,Afigya-KwabreSouth,Ashanti,2021,0.20105,0.15058,0.25553
GHA,GHA2.6_2,Afigya-KwabreSouth,Ashanti,2022,0.19852,0.1684,0.23877
GHA,GHA2.6_2,Afigya-KwabreSouth,Ashanti,2023,0.17227,0.13036,0.2184
GHA,GHA2.6_2,Afigya-KwabreSouth,Ashanti,2024,0.1667,0.12818,0.21234
GHA,GHA2.6_2,Afigya-KwabreSouth,Ashanti,2025,0.15047,0.11715,0.19113
GHA,GHA2.7_2,Ahafo-AnoNorth,Ashanti,2000,0.46257,0.40386,0.49546
GHA,GHA2.7_2,Ahafo-AnoNorth,Ashanti,2001,0.45284,0.39096,0.49016
GHA,GHA2.7_2,Ahafo-AnoNorth,Ashanti,2002,0.44039,0.38111,0.48049
GHA,GHA2.7_2,Ahafo-AnoNorth,Ashanti,2003,0.42056,0.35014,0.46608
GHA,GHA2.7_2,Ahafo-AnoNorth,Ashanti,2004,0.39668,0.32284,0.44569
GHA,GHA2.7_2,Ahafo-AnoNorth,Ashanti,2005,0.37859,0.30533,0.42505
GHA,GHA2.7_2,Ahafo-AnoNorth,Ashanti,2006,0.35709,0.28765,0.40119
GHA,GHA2.7_2,Ahafo-AnoNorth,Ashanti,2007,0.34831,0.28764,0.387
GHA,GHA2.7_2,Ahafo-AnoNorth,Ashanti,2008,0.37098,0.31131,0.40842
GHA,GHA2.7_2,Ahafo-AnoNorth,Ashanti,2009,0.43453,0.36834,0.47152
GHA,GHA2.7_2,Ahafo-AnoNorth,Ashanti,2010,0.48605,0.43501,0.50251
GHA,GHA2.7_2,Ahafo-AnoNorth,Ashanti,2011,0.49522,0.4595,0.50337
GHA,GHA2.7_2,Ahafo-AnoNorth,Ashanti,2012,0.4913,0.44754,0.50178
GHA,GHA2.7_2,Ahafo-AnoNorth,Ashanti,2013,0.47119,0.40947,0.49551
GHA,GHA2.7_2,Ahafo-AnoNorth,Ashanti,2014,0.42986,0.34918,0.4695
GHA,GHA2.7_2,Ahafo-AnoNorth,Ashanti,2015,0.36963,0.2795,0.42347
GHA,GHA2.7_2,Ahafo-AnoNorth,Ashanti,2016,0.32615,0.23541,0.3889
GHA,GHA2.7_2,Ahafo-AnoNorth,Ashanti,2017,0.3076,0.21994,0.37149
GHA,GHA2.7_2,Ahafo-AnoNorth,Ashanti,2018,0.30457,0.22437,0.36182
GHA,GHA2.7_2,Ahafo-AnoNorth,Ashanti,2019,0.3189,0.24402,0.36883
GHA,GHA2.7_2,Ahafo-AnoNorth,Ashanti,2020,0.31539,0.24615,0.36296
GHA,GHA2.7_2,Ahafo-AnoNorth,Ashanti,2021,0.27805,0.21807,0.3179
GHA,GHA2.7_2,Ahafo-AnoNorth,Ashanti,2022,0.23815,0.19187,0.26956
GHA,GHA2.7_2,Ahafo-AnoNorth,Ashanti,2023,0.21413,0.16754,0.24193
GHA,GHA2.7_2,Ahafo-AnoNorth,Ashanti,2024,0.21038,0.165,0.23592
GHA,GHA2.7_2,Ahafo-AnoNorth,Ashanti,2025,0.19888,0.15874,0.22234
GHA,GHA2.8_2,Ahafo-AnoSouthEast,Ashanti,2000,0.399,0.31763,0.4617
GHA,GHA2.8_2,Ahafo-AnoSouthEast,Ashanti,2001,0.3744,0.28559,0.44082
GHA,GHA2.8_2,Ahafo-AnoSouthEast,Ashanti,2002,0.36421,0.28207,0.42947
GHA,GHA2.8_2,Ahafo-AnoSouthEast,Ashanti,2003,0.35628,0.28481,0.41426
GHA,GHA2.8_2,Ahafo-AnoSouthEast,Ashanti,2004,0.35602,0.29842,0.40331
GHA,GHA2.8_2,Ahafo-AnoSouthEast,Ashanti,2005,0.35665,0.30493,0.40117
GHA,GHA2.8_2,Ahafo-AnoSouthEast,Ashanti,2006,0.35112,0.30174,0.39796
GHA,GHA2.8_2,Ahafo-AnoSouthEast,Ashanti,2007,0.35203,0.30045,0.40579
GHA,GHA2.8_2,Ahafo-AnoSouthEast,Ashanti,2008,0.36883,0.31355,0.42149
GHA,GHA2.8_2,Ahafo-AnoSouthEast,Ashanti,2009,0.40684,0.34158,0.45764
GHA,GHA2.8_2,Ahafo-AnoSouthEast,Ashanti,2010,0.4442,0.37075,0.48957
GHA,GHA2.8_2,Ahafo-AnoSouthEast,Ashanti,2011,0.45511,0.37729,0.49616
GHA,GHA2.8_2,Ahafo-AnoSouthEast,Ashanti,2012,0.44036,0.35619,0.49333
GHA,GHA2.8_2,Ahafo-AnoSouthEast,Ashanti,2013,0.4027,0.31678,0.46674
GHA,GHA2.8_2,Ahafo-AnoSouthEast,Ashanti,2014,0.34545,0.27045,0.40385
GHA,GHA2.8_2,Ahafo-AnoSouthEast,Ashanti,2015,0.27612,0.21637,0.32029
GHA,GHA2.8_2,Ahafo-AnoSouthEast,Ashanti,2016,0.23224,0.18332,0.27533
GHA,GHA2.8_2,Ahafo-AnoSouthEast,Ashanti,2017,0.2184,0.17351,0.25933
GHA,GHA2.8_2,Ahafo-AnoSouthEast,Ashanti,2018,0.22493,0.17892,0.26181
GHA,GHA2.8_2,Ahafo-AnoSouthEast,Ashanti,2019,0.24857,0.19739,0.28523
GHA,GHA2.8_2,Ahafo-AnoSouthEast,Ashanti,2020,0.25778,0.2063,0.29788
GHA,GHA2.8_2,Ahafo-AnoSouthEast,Ashanti,2021,0.24114,0.19863,0.27361
GHA,GHA2.8_2,Ahafo-AnoSouthEast,Ashanti,2022,0.21669,0.18764,0.24144
GHA,GHA2.8_2,Ahafo-AnoSouthEast,Ashanti,2023,0.19937,0.16987,0.22161
GHA,GHA2.8_2,Ahafo-AnoSouthEast,Ashanti,2024,0.19542,0.16659,0.21712
GHA,GHA2.8_2,Ahafo-AnoSouthEast,Ashanti,2025,0.18113,0.15373,0.2017
GHA,GHA2.9_2,Ahafo-AnoSouthWest,Ashanti,2000,0.42564,0.3703,0.46835
GHA,GHA2.9_2,Ahafo-AnoSouthWest,Ashanti,2001,0.4088,0.34941,0.45789
GHA,GHA2.9_2,Ahafo-AnoSouthWest,Ashanti,2002,0.39499,0.33394,0.44376
GHA,GHA2.9_2,Ahafo-AnoSouthWest,Ashanti,2003,0.37747,0.31875,0.4258
GHA,GHA2.9_2,Ahafo-AnoSouthWest,Ashanti,2004,0.36223,0.30925,0.40698
GHA,GHA2.9_2,Ahafo-AnoSouthWest,Ashanti,2005,0.35127,0.29879,0.39207
GHA,GHA2.9_2,Ahafo-AnoSouthWest,Ashanti,2006,0.33689,0.28391,0.3745
GHA,GHA2.9_2,Ahafo-AnoSouthWest,Ashanti,2007,0.33408,0.28141,0.37122
GHA,GHA2.9_2,Ahafo-AnoSouthWest,Ashanti,2008,0.35602,0.30255,0.39707
GHA,GHA2.9_2,Ahafo-AnoSouthWest,Ashanti,2009,0.41284,0.35718,0.45747
GHA,GHA2.9_2,Ahafo-AnoSouthWest,Ashanti,2010,0.46527,0.41744,0.49729
GHA,GHA2.9_2,Ahafo-AnoSouthWest,Ashanti,2011,0.48018,0.4403,0.50129
GHA,GHA2.9_2,Ahafo-AnoSouthWest,Ashanti,2012,0.47098,0.42389,0.49892
GHA,GHA2.9_2,Ahafo-AnoSouthWest,Ashanti,2013,0.44004,0.38317,0.48806
GHA,GHA2.9_2,Ahafo-AnoSouthWest,Ashanti,2014,0.38902,0.32647,0.45718
GHA,GHA2.9_2,Ahafo-AnoSouthWest,Ashanti,2015,0.32441,0.26489,0.41206
GHA,GHA2.9_2,Ahafo-AnoSouthWest,Ashanti,2016,0.28164,0.2248,0.37721
GHA,GHA2.9_2,Ahafo-AnoSouthWest,Ashanti,2017,0.26414,0.21041,0.35687
GHA,GHA2.9_2,Ahafo-AnoSouthWest,Ashanti,2018,0.26401,0.21549,0.34175
GHA,GHA2.9_2,Ahafo-AnoSouthWest,Ashanti,2019,0.28007,0.23283,0.34692
GHA,GHA2.9_2,Ahafo-AnoSouthWest,Ashanti,2020,0.28154,0.23672,0.34013
GHA,GHA2.9_2,Ahafo-AnoSouthWest,Ashanti,2021,0.25395,0.21483,0.30147
GHA,GHA2.9_2,Ahafo-AnoSouthWest,Ashanti,2022,0.22087,0.18888,0.25629
GHA,GHA2.9_2,Ahafo-AnoSouthWest,Ashanti,2023,0.20241,0.17254,0.23322
GHA,GHA2.9_2,Ahafo-AnoSouthWest,Ashanti,2024,0.1985,0.16903,0.22593
GHA,GHA2.9_2,Ahafo-AnoSouthWest,Ashanti,2025,0.18618,0.15823,0.21008
GHA,GHA3.10_2,SunyaniWest,Bono,2000,0.50092,0.44163,0.51557
GHA,GHA3.10_2,SunyaniWest,Bono,2001,0.49392,0.43377,0.51104
GHA,GHA3.10_2,SunyaniWest,Bono,2002,0.48845,0.42477,0.50724
GHA,GHA3.10_2,SunyaniWest,Bono,2003,0.48592,0.40507,0.50998
GHA,GHA3.10_2,SunyaniWest,Bono,2004,0.47234,0.3729,0.50542
GHA,GHA3.10_2,SunyaniWest,Bono,2005,0.45223,0.34134,0.4918
GHA,GHA3.10_2,SunyaniWest,Bono,2006,0.42435,0.31037,0.46516
GHA,GHA3.10_2,SunyaniWest,Bono,2007,0.39699,0.29231,0.43925
GHA,GHA3.10_2,SunyaniWest,Bono,2008,0.38949,0.28894,0.42835
GHA,GHA3.10_2,SunyaniWest,Bono,2009,0.40473,0.30486,0.44651
GHA,GHA3.10_2,SunyaniWest,Bono,2010,0.43133,0.33513,0.47792
GHA,GHA3.10_2,SunyaniWest,Bono,2011,0.44941,0.36098,0.49318
GHA,GHA3.10_2,SunyaniWest,Bono,2012,0.45468,0.367,0.49469
GHA,GHA3.10_2,SunyaniWest,Bono,2013,0.43877,0.34704,0.4851
GHA,GHA3.10_2,SunyaniWest,Bono,2014,0.38439,0.29384,0.44362
GHA,GHA3.10_2,SunyaniWest,Bono,2015,0.29726,0.22444,0.3685
GHA,GHA3.10_2,SunyaniWest,Bono,2016,0.24163,0.18079,0.31397
GHA,GHA3.10_2,SunyaniWest,Bono,2017,0.23225,0.17206,0.30046
GHA,GHA3.10_2,SunyaniWest,Bono,2018,0.25608,0.19087,0.32082
GHA,GHA3.10_2,SunyaniWest,Bono,2019,0.30252,0.22281,0.36345
GHA,GHA3.10_2,SunyaniWest,Bono,2020,0.31384,0.22951,0.37101
GHA,GHA3.10_2,SunyaniWest,Bono,2021,0.27356,0.20014,0.32575
GHA,GHA3.10_2,SunyaniWest,Bono,2022,0.23457,0.18616,0.26949
GHA,GHA3.10_2,SunyaniWest,Bono,2023,0.20526,0.14637,0.24327
GHA,GHA3.10_2,SunyaniWest,Bono,2024,0.20934,0.14862,0.24435
GHA,GHA3.10_2,SunyaniWest,Bono,2025,0.2107,0.14988,0.24043
GHA,GHA3.11_2,Tain,Bono,2000,0.51631,0.49689,0.52416
GHA,GHA3.11_2,Tain,Bono,2001,0.51361,0.48835,0.52229
GHA,GHA3.11_2,Tain,Bono,2002,0.51219,0.48364,0.52034
GHA,GHA3.11_2,Tain,Bono,2003,0.51107,0.47604,0.51864
GHA,GHA3.11_2,Tain,Bono,2004,0.50089,0.45222,0.51361
GHA,GHA3.11_2,Tain,Bono,2005,0.48945,0.42896,0.50572
GHA,GHA3.11_2,Tain,Bono,2006,0.47353,0.41051,0.4926
GHA,GHA3.11_2,Tain,Bono,2007,0.45328,0.38813,0.48242
GHA,GHA3.11_2,Tain,Bono,2008,0.45277,0.37803,0.49057
GHA,GHA3.11_2,Tain,Bono,2009,0.47195,0.38857,0.50285
GHA,GHA3.11_2,Tain,Bono,2010,0.49027,0.41374,0.5084
GHA,GHA3.11_2,Tain,Bono,2011,0.49666,0.43361,0.50694
GHA,GHA3.11_2,Tain,Bono,2012,0.49563,0.43684,0.50467
GHA,GHA3.11_2,Tain,Bono,2013,0.48268,0.42154,0.49764
GHA,GHA3.11_2,Tain,Bono,2014,0.43972,0.35549,0.47602
GHA,GHA3.11_2,Tain,Bono,2015,0.3544,0.26424,0.41566
GHA,GHA3.11_2,Tain,Bono,2016,0.29039,0.2085,0.36486
GHA,GHA3.11_2,Tain,Bono,2017,0.27759,0.19914,0.35405
GHA,GHA3.11_2,Tain,Bono,2018,0.30541,0.22416,0.37956
GHA,GHA3.11_2,Tain,Bono,2019,0.35367,0.26679,0.42429
GHA,GHA3.11_2,Tain,Bono,2020,0.36101,0.27633,0.42615
GHA,GHA3.11_2,Tain,Bono,2021,0.30721,0.23368,0.36722
GHA,GHA3.11_2,Tain,Bono,2022,0.24798,0.19958,0.28764
GHA,GHA3.11_2,Tain,Bono,2023,0.22118,0.16909,0.25572
GHA,GHA3.11_2,Tain,Bono,2024,0.2242,0.17128,0.26155
GHA,GHA3.11_2,Tain,Bono,2025,0.22759,0.17531,0.26262
GHA,GHA3.12_2,Wenchi,Bono,2000,0.51534,0.46983,0.52662
GHA,GHA3.12_2,Wenchi,Bono,2001,0.50855,0.46103,0.52392
GHA,GHA3.12_2,Wenchi,Bono,2002,0.50486,0.45584,0.52075
GHA,GHA3.12_2,Wenchi,Bono,2003,0.50072,0.43468,0.51794
GHA,GHA3.12_2,Wenchi,Bono,2004,0.48219,0.403,0.50648
GHA,GHA3.12_2,Wenchi,Bono,2005,0.46851,0.3819,0.49628
GHA,GHA3.12_2,Wenchi,Bono,2006,0.46168,0.36573,0.49468
GHA,GHA3.12_2,Wenchi,Bono,2007,0.45315,0.36359,0.48844
GHA,GHA3.12_2,Wenchi,Bono,2008,0.45753,0.37042,0.49508
GHA,GHA3.12_2,Wenchi,Bono,2009,0.4735,0.38815,0.50612
GHA,GHA3.12_2,Wenchi,Bono,2010,0.48527,0.40837,0.50824
GHA,GHA3.12_2,Wenchi,Bono,2011,0.48904,0.41978,0.50661
GHA,GHA3.12_2,Wenchi,Bono,2012,0.48602,0.42401,0.50432
GHA,GHA3.12_2,Wenchi,Bono,2013,0.46251,0.39084,0.49236
GHA,GHA3.12_2,Wenchi,Bono,2014,0.39601,0.32009,0.44263
GHA,GHA3.12_2,Wenchi,Bono,2015,0.29904,0.23494,0.34286
GHA,GHA3.12_2,Wenchi,Bono,2016,0.23966,0.18266,0.27589
GHA,GHA3.12_2,Wenchi,Bono,2017,0.23119,0.17315,0.26663
GHA,GHA3.12_2,Wenchi,Bono,2018,0.2622,0.19762,0.30011
GHA,GHA3.12_2,Wenchi,Bono,2019,0.31243,0.23617,0.35447
GHA,GHA3.12_2,Wenchi,Bono,2020,0.32704,0.2436,0.36986
GHA,GHA3.12_2,Wenchi,Bono,2021,0.28476,0.20447,0.33313
GHA,GHA3.12_2,Wenchi,Bono,2022,0.23534,0.1716,0.27749
GHA,GHA3.12_2,Wenchi,Bono,2023,0.20895,0.14266,0.2452
GHA,GHA3.12_2,Wenchi,Bono,2024,0.20943,0.14505,0.2374
GHA,GHA3.12_2,Wenchi,Bono,2025,0.20772,0.14955,0.23144
GHA,GHA3.1_2,Banda,Bono,2000,0.5061,0.48619,0.52789
GHA,GHA3.1_2,Banda,Bono,2001,0.50476,0.48398,0.52516
GHA,GHA3.1_2,Banda,Bono,2002,0.50284,0.48018,0.52237
GHA,GHA3.1_2,Banda,Bono,2003,0.5016,0.4828,0.52633
GHA,GHA3.1_2,Banda,Bono,2004,0.49209,0.47519,0.52656
GHA,GHA3.1_2,Banda,Bono,2005,0.48139,0.46001,0.52774
GHA,GHA3.1_2,Banda,Bono,2006,0.47063,0.44233,0.53643
GHA,GHA3.1_2,Banda,Bono,2007,0.4615,0.43298,0.53648
GHA,GHA3.1_2,Banda,Bono,2008,0.47314,0.43822,0.54085
GHA,GHA3.1_2,Banda,Bono,2009,0.49799,0.46829,0.54249
GHA,GHA3.1_2,Banda,Bono,2010,0.5079,0.49321,0.54311
GHA,GHA3.1_2,Banda,Bono,2011,0.50751,0.4994,0.5437
GHA,GHA3.1_2,Banda,Bono,2012,0.50486,0.49584,0.54473
GHA,GHA3.1_2,Banda,Bono,2013,0.49433,0.46724,0.54633
GHA,GHA3.1_2,Banda,Bono,2014,0.45878,0.38823,0.53801
GHA,GHA3.1_2,Banda,Bono,2015,0.37901,0.29646,0.49842
GHA,GHA3.1_2,Banda,Bono,2016,0.31238,0.23529,0.43979
GHA,GHA3.1_2,Banda,Bono,2017,0.29793,0.2236,0.43367
GHA,GHA3.1_2,Banda,Bono,2018,0.32806,0.25568,0.45478
GHA,GHA3.1_2,Banda,Bono,2019,0.37795,0.3066,0.47276
GHA,GHA3.1_2,Banda,Bono,2020,0.39187,0.32407,0.46741
GHA,GHA3.1_2,Banda,Bono,2021,0.35654,0.28776,0.46203
GHA,GHA3.1_2,Banda,Bono,2022,0.29878,0.22594,0.42006
GHA,GHA3.1_2,Banda,Bono,2023,0.2617,0.19968,0.3645
GHA,GHA3.1_2,Banda,Bono,2024,0.25016,0.20264,0.33256
GHA,GHA3.1_2,Banda,Bono,2025,0.2329,0.19686,0.2811
GHA,GHA3.2_2,BerekumEast,Bono,2000,0.50172,0.45032,0.51534
GHA,GHA3.2_2,BerekumEast,Bono,2001,0.49579,0.43883,0.5124
GHA,GHA3.2_2,BerekumEast,Bono,2002,0.49452,0.4389,0.51115
GHA,GHA3.2_2,BerekumEast,Bono,2003,0.49705,0.43826,0.51208
GHA,GHA3.2_2,BerekumEast,Bono,2004,0.49009,0.42404,0.50795
GHA,GHA3.2_2,BerekumEast,Bono,2005,0.47478,0.39375,0.49952
GHA,GHA3.2_2,BerekumEast,Bono,2006,0.44146,0.34551,0.47206
GHA,GHA3.2_2,BerekumEast,Bono,2007,0.40177,0.30369,0.43595
GHA,GHA3.2_2,BerekumEast,Bono,2008,0.38329,0.28523,0.42086
GHA,GHA3.2_2,BerekumEast,Bono,2009,0.3884,0.28219,0.43694
GHA,GHA3.2_2,BerekumEast,Bono,2010,0.40854,0.29573,0.4657
GHA,GHA3.2_2,BerekumEast,Bono,2011,0.42712,0.31481,0.48063
GHA,GHA3.2_2,BerekumEast,Bono,2012,0.43787,0.33021,0.48858
GHA,GHA3.2_2,BerekumEast,Bono,2013,0.43126,0.32918,0.47848
GHA,GHA3.2_2,BerekumEast,Bono,2014,0.38688,0.28558,0.44432
GHA,GHA3.2_2,BerekumEast,Bono,2015,0.30888,0.21956,0.36911
GHA,GHA3.2_2,BerekumEast,Bono,2016,0.25434,0.17661,0.31196
GHA,GHA3.2_2,BerekumEast,Bono,2017,0.24565,0.16952,0.30196
GHA,GHA3.2_2,BerekumEast,Bono,2018,0.27383,0.19113,0.32585
GHA,GHA3.2_2,BerekumEast,Bono,2019,0.32372,0.22972,0.37662
GHA,GHA3.2_2,BerekumEast,Bono,2020,0.33676,0.2412,0.38952
GHA,GHA3.2_2,BerekumEast,Bono,2021,0.2937,0.20696,0.34386
GHA,GHA3.2_2,BerekumEast,Bono,2022,0.24106,0.18122,0.28339
GHA,GHA3.2_2,BerekumEast,Bono,2023,0.21554,0.14945,0.25756
GHA,GHA3.2_2,BerekumEast,Bono,2024,0.22031,0.15395,0.26107
GHA,GHA3.2_2,BerekumEast,Bono,2025,0.22396,0.15971,0.25811
GHA,GHA3.3_2,BerekumWest,Bono,2000,0.50626,0.45638,0.51732
GHA,GHA3.3_2,BerekumWest,Bono,2001,0.50207,0.44682,0.5145
GHA,GHA3.3_2,BerekumWest,Bono,2002,0.50247,0.44928,0.51547
GHA,GHA3.3_2,BerekumWest,Bono,2003,0.50524,0.44994,0.51657
GHA,GHA3.3_2,BerekumWest,Bono,2004,0.50071,0.43912,0.51342
GHA,GHA3.3_2,BerekumWest,Bono,2005,0.48862,0.40926,0.50601
GHA,GHA3.3_2,BerekumWest,Bono,2006,0.45497,0.35938,0.48022
GHA,GHA3.3_2,BerekumWest,Bono,2007,0.41016,0.31334,0.44135
GHA,GHA3.3_2,BerekumWest,Bono,2008,0.38822,0.29066,0.4266
GHA,GHA3.3_2,BerekumWest,Bono,2009,0.39185,0.28622,0.44285
GHA,GHA3.3_2,BerekumWest,Bono,2010,0.40874,0.29889,0.46632
GHA,GHA3.3_2,BerekumWest,Bono,2011,0.42484,0.31905,0.48199
GHA,GHA3.3_2,BerekumWest,Bono,2012,0.43094,0.33421,0.48965
GHA,GHA3.3_2,BerekumWest,Bono,2013,0.42115,0.33143,0.48036
GHA,GHA3.3_2,BerekumWest,Bono,2014,0.37674,0.29022,0.44447
GHA,GHA3.3_2,BerekumWest,Bono,2015,0.30285,0.22611,0.37437
GHA,GHA3.3_2,BerekumWest,Bono,2016,0.25399,0.18484,0.31506
GHA,GHA3.3_2,BerekumWest,Bono,2017,0.24845,0.17764,0.3054
GHA,GHA3.3_2,BerekumWest,Bono,2018,0.27634,0.20095,0.33156
GHA,GHA3.3_2,BerekumWest,Bono,2019,0.32596,0.23975,0.38029
GHA,GHA3.3_2,BerekumWest,Bono,2020,0.33984,0.25072,0.39405
GHA,GHA3.3_2,BerekumWest,Bono,2021,0.29593,0.21617,0.34727
GHA,GHA3.3_2,BerekumWest,Bono,2022,0.24326,0.18451,0.28483
GHA,GHA3.3_2,BerekumWest,Bono,2023,0.21948,0.15627,0.2603
GHA,GHA3.3_2,BerekumWest,Bono,2024,0.22332,0.16126,0.26436
GHA,GHA3.3_2,BerekumWest,Bono,2025,0.22664,0.16744,0.26165
GHA,GHA3.4_2,Dormaa,Bono,2000,0.52049,0.49407,0.54448
GHA,GHA3.4_2,Dormaa,Bono,2001,0.51971,0.4937,0.5422
GHA,GHA3.4_2,Dormaa,Bono,2002,0.51966,0.49819,0.54091
GHA,GHA3.4_2,Dormaa,Bono,2003,0.51956,0.50425,0.54075
GHA,GHA3.4_2,Dormaa,Bono,2004,0.51695,0.50073,0.54062
GHA,GHA3.4_2,Dormaa,Bono,2005,0.51153,0.48407,0.54024
GHA,GHA3.4_2,Dormaa,Bono,2006,0.48785,0.43442,0.54019
GHA,GHA3.4_2,Dormaa,Bono,2007,0.44263,0.37694,0.53673
GHA,GHA3.4_2,Dormaa,Bono,2008,0.42615,0.34799,0.5372
GHA,GHA3.4_2,Dormaa,Bono,2009,0.446,0.35502,0.53916
GHA,GHA3.4_2,Dormaa,Bono,2010,0.46915,0.37629,0.54018
GHA,GHA3.4_2,Dormaa,Bono,2011,0.47435,0.38435,0.54075
GHA,GHA3.4_2,Dormaa,Bono,2012,0.46144,0.36196,0.53623
GHA,GHA3.4_2,Dormaa,Bono,2013,0.42864,0.32144,0.49429
GHA,GHA3.4_2,Dormaa,Bono,2014,0.37591,0.27131,0.46709
GHA,GHA3.4_2,Dormaa,Bono,2015,0.31987,0.22533,0.41897
GHA,GHA3.4_2,Dormaa,Bono,2016,0.289,0.20001,0.38973
GHA,GHA3.4_2,Dormaa,Bono,2017,0.28551,0.19713,0.38453
GHA,GHA3.4_2,Dormaa,Bono,2018,0.30019,0.21132,0.39285
GHA,GHA3.4_2,Dormaa,Bono,2019,0.32841,0.23545,0.40678
GHA,GHA3.4_2,Dormaa,Bono,2020,0.32884,0.23579,0.40257
GHA,GHA3.4_2,Dormaa,Bono,2021,0.28026,0.20105,0.34647
GHA,GHA3.4_2,Dormaa,Bono,2022,0.23055,0.17229,0.27989
GHA,GHA3.4_2,Dormaa,Bono,2023,0.20945,0.15043,0.25308
GHA,GHA3.4_2,Dormaa,Bono,2024,0.21386,0.15747,0.25441
GHA,GHA3.4_2,Dormaa,Bono,2025,0.21743,0.16615,0.25324
GHA,GHA3.5_2,DormaaEast,Bono,2000,0.51275,0.49148,0.52367
GHA,GHA3.5_2,DormaaEast,Bono,2001,0.51063,0.48897,0.52341
GHA,GHA3.5_2,DormaaEast,Bono,2002,0.51086,0.48708,0.52242
GHA,GHA3.5_2,DormaaEast,Bono,2003,0.51176,0.48768,0.52061
GHA,GHA3.5_2,DormaaEast,Bono,2004,0.50683,0.47567,0.51769
GHA,GHA3.5_2,DormaaEast,Bono,2005,0.49595,0.44649,0.51375
GHA,GHA3.5_2,DormaaEast,Bono,2006,0.46212,0.40067,0.49498
GHA,GHA3.5_2,DormaaEast,Bono,2007,0.41822,0.35876,0.45691
GHA,GHA3.5_2,DormaaEast,Bono,2008,0.40193,0.33699,0.44545
GHA,GHA3.5_2,DormaaEast,Bono,2009,0.41924,0.34387,0.47018
GHA,GHA3.5_2,DormaaEast,Bono,2010,0.44738,0.36599,0.4951
GHA,GHA3.5_2,DormaaEast,Bono,2011,0.46206,0.38338,0.50112
GHA,GHA3.5_2,DormaaEast,Bono,2012,0.46219,0.38435,0.49664
GHA,GHA3.5_2,DormaaEast,Bono,2013,0.44522,0.36524,0.48427
GHA,GHA3.5_2,DormaaEast,Bono,2014,0.40224,0.31876,0.44551
GHA,GHA3.5_2,DormaaEast,Bono,2015,0.33753,0.25823,0.3864
GHA,GHA3.5_2,DormaaEast,Bono,2016,0.29234,0.22135,0.34678
GHA,GHA3.5_2,DormaaEast,Bono,2017,0.28371,0.2144,0.33674
GHA,GHA3.5_2,DormaaEast,Bono,2018,0.30136,0.2312,0.35005
GHA,GHA3.5_2,DormaaEast,Bono,2019,0.33708,0.26251,0.38181
GHA,GHA3.5_2,DormaaEast,Bono,2020,0.34237,0.26871,0.38593
GHA,GHA3.5_2,DormaaEast,Bono,2021,0.29659,0.23166,0.33911
GHA,GHA3.5_2,DormaaEast,Bono,2022,0.24501,0.19233,0.27957
GHA,GHA3.5_2,DormaaEast,Bono,2023,0.22197,0.17257,0.25312
GHA,GHA3.5_2,DormaaEast,Bono,2024,0.2259,0.17658,0.25794
GHA,GHA3.5_2,DormaaEast,Bono,2025,0.22633,0.18108,0.25406
GHA,GHA3.6_2,DormaaWest,Bono,2000,0.52441,0.51853,0.52755
GHA,GHA3.6_2,DormaaWest,Bono,2001,0.52351,0.51766,0.52571
GHA,GHA3.6_2,DormaaWest,Bono,2002,0.52223,0.51564,0.52412
GHA,GHA3.6_2,DormaaWest,Bono,2003,0.52069,0.5166,0.52224
GHA,GHA3.6_2,DormaaWest,Bono,2004,0.51922,0.51493,0.52117
GHA,GHA3.6_2,DormaaWest,Bono,2005,0.51598,0.50993,0.51926
GHA,GHA3.6_2,DormaaWest,Bono,2006,0.50444,0.48636,0.51476
GHA,GHA3.6_2,DormaaWest,Bono,2007,0.47282,0.44656,0.49824
GHA,GHA3.6_2,DormaaWest,Bono,2008,0.46982,0.43879,0.49438
GHA,GHA3.6_2,DormaaWest,Bono,2009,0.49854,0.47517,0.50785
GHA,GHA3.6_2,DormaaWest,Bono,2010,0.50643,0.50187,0.50703
GHA,GHA3.6_2,DormaaWest,Bono,2011,0.5045,0.50155,0.50497
GHA,GHA3.6_2,DormaaWest,Bono,2012,0.4997,0.48444,0.5029
GHA,GHA3.6_2,DormaaWest,Bono,2013,0.47297,0.41488,0.49706
GHA,GHA3.6_2,DormaaWest,Bono,2014,0.42491,0.34598,0.47074
GHA,GHA3.6_2,DormaaWest,Bono,2015,0.38197,0.30637,0.43525
GHA,GHA3.6_2,DormaaWest,Bono,2016,0.36231,0.29078,0.41207
GHA,GHA3.6_2,DormaaWest,Bono,2017,0.36117,0.28999,0.40632
GHA,GHA3.6_2,DormaaWest,Bono,2018,0.36997,0.30148,0.4078
GHA,GHA3.6_2,DormaaWest,Bono,2019,0.3838,0.32185,0.41753
GHA,GHA3.6_2,DormaaWest,Bono,2020,0.37401,0.31293,0.40692
GHA,GHA3.6_2,DormaaWest,Bono,2021,0.31587,0.26052,0.35082
GHA,GHA3.6_2,DormaaWest,Bono,2022,0.25424,0.21274,0.28626
GHA,GHA3.6_2,DormaaWest,Bono,2023,0.22692,0.19019,0.25355
GHA,GHA3.6_2,DormaaWest,Bono,2024,0.22699,0.19188,0.25161
GHA,GHA3.6_2,DormaaWest,Bono,2025,0.22487,0.19166,0.24707
GHA,GHA3.7_2,JamanNorth,Bono,2000,0.50808,0.48081,0.51915
GHA,GHA3.7_2,JamanNorth,Bono,2001,0.50418,0.47586,0.51574
GHA,GHA3.7_2,JamanNorth,Bono,2002,0.50194,0.46826,0.51377
GHA,GHA3.7_2,JamanNorth,Bono,2003,0.50133,0.47589,0.51294
GHA,GHA3.7_2,JamanNorth,Bono,2004,0.49507,0.46606,0.50997
GHA,GHA3.7_2,JamanNorth,Bono,2005,0.48677,0.44281,0.50449
GHA,GHA3.7_2,JamanNorth,Bono,2006,0.47213,0.41486,0.51452
GHA,GHA3.7_2,JamanNorth,Bono,2007,0.44852,0.38901,0.51489
GHA,GHA3.7_2,JamanNorth,Bono,2008,0.44304,0.37932,0.52226
GHA,GHA3.7_2,JamanNorth,Bono,2009,0.45851,0.3924,0.53657
GHA,GHA3.7_2,JamanNorth,Bono,2010,0.47902,0.41493,0.54239
GHA,GHA3.7_2,JamanNorth,Bono,2011,0.48804,0.42746,0.54316
GHA,GHA3.7_2,JamanNorth,Bono,2012,0.47825,0.39778,0.53742
GHA,GHA3.7_2,JamanNorth,Bono,2013,0.45978,0.37877,0.51773
GHA,GHA3.7_2,JamanNorth,Bono,2014,0.41516,0.33805,0.47214
GHA,GHA3.7_2,JamanNorth,Bono,2015,0.35066,0.28533,0.40192
GHA,GHA3.7_2,JamanNorth,Bono,2016,0.30474,0.2496,0.34899
GHA,GHA3.7_2,JamanNorth,Bono,2017,0.2986,0.24694,0.3412
GHA,GHA3.7_2,JamanNorth,Bono,2018,0.32804,0.27432,0.37115
GHA,GHA3.7_2,JamanNorth,Bono,2019,0.37422,0.31522,0.41527
GHA,GHA3.7_2,JamanNorth,Bono,2020,0.37599,0.31704,0.41996
GHA,GHA3.7_2,JamanNorth,Bono,2021,0.31718,0.25952,0.36239
GHA,GHA3.7_2,JamanNorth,Bono,2022,0.25299,0.20852,0.29079
GHA,GHA3.7_2,JamanNorth,Bono,2023,0.22395,0.17964,0.25955
GHA,GHA3.7_2,JamanNorth,Bono,2024,0.22405,0.17934,0.26355
GHA,GHA3.7_2,JamanNorth,Bono,2025,0.22687,0.18222,0.26269
GHA,GHA3.8_2,JamanSouth,Bono,2000,0.51006,0.48796,0.52325
GHA,GHA3.8_2,JamanSouth,Bono,2001,0.50664,0.4841,0.52249
GHA,GHA3.8_2,JamanSouth,Bono,2002,0.50648,0.48174,0.52194
GHA,GHA3.8_2,JamanSouth,Bono,2003,0.50698,0.48086,0.5209
GHA,GHA3.8_2,JamanSouth,Bono,2004,0.50259,0.47133,0.51872
GHA,GHA3.8_2,JamanSouth,Bono,2005,0.49412,0.44894,0.51516
GHA,GHA3.8_2,JamanSouth,Bono,2006,0.46589,0.40666,0.49808
GHA,GHA3.8_2,JamanSouth,Bono,2007,0.42144,0.36215,0.45815
GHA,GHA3.8_2,JamanSouth,Bono,2008,0.40015,0.34037,0.43743
GHA,GHA3.8_2,JamanSouth,Bono,2009,0.40712,0.34009,0.45029
GHA,GHA3.8_2,JamanSouth,Bono,2010,0.42479,0.35418,0.47181
GHA,GHA3.8_2,JamanSouth,Bono,2011,0.43645,0.36282,0.48168
GHA,GHA3.8_2,JamanSouth,Bono,2012,0.43158,0.36181,0.48611
GHA,GHA3.8_2,JamanSouth,Bono,2013,0.41231,0.34791,0.4729
GHA,GHA3.8_2,JamanSouth,Bono,2014,0.3667,0.30844,0.42764
GHA,GHA3.8_2,JamanSouth,Bono,2015,0.30432,0.2574,0.35834
GHA,GHA3.8_2,JamanSouth,Bono,2016,0.26658,0.22062,0.31074
GHA,GHA3.8_2,JamanSouth,Bono,2017,0.26667,0.21964,0.30887
GHA,GHA3.8_2,JamanSouth,Bono,2018,0.29898,0.24779,0.34416
GHA,GHA3.8_2,JamanSouth,Bono,2019,0.35011,0.2924,0.39998
GHA,GHA3.8_2,JamanSouth,Bono,2020,0.36296,0.30528,0.41165
GHA,GHA3.8_2,JamanSouth,Bono,2021,0.314,0.26379,0.35565
GHA,GHA3.8_2,JamanSouth,Bono,2022,0.25429,0.21542,0.28633
GHA,GHA3.8_2,JamanSouth,Bono,2023,0.22804,0.19186,0.25762
GHA,GHA3.8_2,JamanSouth,Bono,2024,0.22969,0.19255,0.26238
GHA,GHA3.8_2,JamanSouth,Bono,2025,0.22932,0.19346,0.26151
GHA,GHA3.9_2,Sunyani,Bono,2000,0.48352,0.40494,0.51678
GHA,GHA3.9_2,Sunyani,Bono,2001,0.47729,0.39573,0.51486
GHA,GHA3.9_2,Sunyani,Bono,2002,0.47056,0.38357,0.5113
GHA,GHA3.9_2,Sunyani,Bono,2003,0.4613,0.35755,0.50849
GHA,GHA3.9_2,Sunyani,Bono,2004,0.43919,0.32541,0.50195
GHA,GHA3.9_2,Sunyani,Bono,2005,0.41211,0.29727,0.48897
GHA,GHA3.9_2,Sunyani,Bono,2006,0.37978,0.26793,0.46209
GHA,GHA3.9_2,Sunyani,Bono,2007,0.35891,0.25381,0.4339
GHA,GHA3.9_2,Sunyani,Bono,2008,0.36426,0.25336,0.43829
GHA,GHA3.9_2,Sunyani,Bono,2009,0.4006,0.27051,0.47207
GHA,GHA3.9_2,Sunyani,Bono,2010,0.44296,0.2983,0.49952
GHA,GHA3.9_2,Sunyani,Bono,2011,0.46201,0.31871,0.50305
GHA,GHA3.9_2,Sunyani,Bono,2012,0.46204,0.32555,0.50332
GHA,GHA3.9_2,Sunyani,Bono,2013,0.4403,0.30789,0.49807
GHA,GHA3.9_2,Sunyani,Bono,2014,0.38965,0.26185,0.47737
GHA,GHA3.9_2,Sunyani,Bono,2015,0.31485,0.19884,0.42196
GHA,GHA3.9_2,Sunyani,Bono,2016,0.2663,0.15786,0.37324
GHA,GHA3.9_2,Sunyani,Bono,2017,0.25389,0.14938,0.35523
GHA,GHA3.9_2,Sunyani,Bono,2018,0.26863,0.16754,0.36252
GHA,GHA3.9_2,Sunyani,Bono,2019,0.3012,0.19691,0.39392
GHA,GHA3.9_2,Sunyani,Bono,2020,0.30675,0.20407,0.40257
GHA,GHA3.9_2,Sunyani,Bono,2021,0.2673,0.17652,0.35382
GHA,GHA3.9_2,Sunyani,Bono,2022,0.2261,0.16803,0.28996
GHA,GHA3.9_2,Sunyani,Bono,2023,0.20087,0.12608,0.26524
GHA,GHA3.9_2,Sunyani,Bono,2024,0.20161,0.1281,0.26566
GHA,GHA3.9_2,Sunyani,Bono,2025,0.19818,0.12988,0.25526
GHA,GHA4.10_2,Techiman,BonoEast,2000,0.49027,0.40636,0.51163
GHA,GHA4.10_2,Techiman,BonoEast,2001,0.47963,0.39821,0.50382
GHA,GHA4.10_2,Techiman,BonoEast,2002,0.47244,0.38885,0.50005
GHA,GHA4.10_2,Techiman,BonoEast,2003,0.46055,0.35973,0.49333
GHA,GHA4.10_2,Techiman,BonoEast,2004,0.43624,0.32735,0.47908
GHA,GHA4.10_2,Techiman,BonoEast,2005,0.41984,0.30986,0.46776
GHA,GHA4.10_2,Techiman,BonoEast,2006,0.41342,0.29897,0.45776
GHA,GHA4.10_2,Techiman,BonoEast,2007,0.41249,0.29917,0.45161
GHA,GHA4.10_2,Techiman,BonoEast,2008,0.42104,0.30601,0.45674
GHA,GHA4.10_2,Techiman,BonoEast,2009,0.44065,0.32255,0.47857
GHA,GHA4.10_2,Techiman,BonoEast,2010,0.46165,0.34207,0.49595
GHA,GHA4.10_2,Techiman,BonoEast,2011,0.47031,0.35399,0.49923
GHA,GHA4.10_2,Techiman,BonoEast,2012,0.46916,0.35106,0.50014
GHA,GHA4.10_2,Techiman,BonoEast,2013,0.44512,0.32262,0.48591
GHA,GHA4.10_2,Techiman,BonoEast,2014,0.37773,0.26061,0.43291
GHA,GHA4.10_2,Techiman,BonoEast,2015,0.27807,0.18726,0.32774
GHA,GHA4.10_2,Techiman,BonoEast,2016,0.21857,0.13934,0.26457
GHA,GHA4.10_2,Techiman,BonoEast,2017,0.20786,0.13083,0.25228
GHA,GHA4.10_2,Techiman,BonoEast,2018,0.23348,0.15238,0.28013
GHA,GHA4.10_2,Techiman,BonoEast,2019,0.27799,0.18752,0.32593
GHA,GHA4.10_2,Techiman,BonoEast,2020,0.28912,0.19621,0.34007
GHA,GHA4.10_2,Techiman,BonoEast,2021,0.24877,0.16656,0.29428
GHA,GHA4.10_2,Techiman,BonoEast,2022,0.20504,0.14801,0.24399
GHA,GHA4.10_2,Techiman,BonoEast,2023,0.18304,0.11472,0.22135
GHA,GHA4.10_2,Techiman,BonoEast,2024,0.18474,0.11822,0.22655
GHA,GHA4.10_2,Techiman,BonoEast,2025,0.18596,0.12529,0.22643
GHA,GHA4.11_2,TechimanNorth,BonoEast,2000,0.50797,0.47477,0.51926
GHA,GHA4.11_2,TechimanNorth,BonoEast,2001,0.4982,0.464,0.51203
GHA,GHA4.11_2,TechimanNorth,BonoEast,2002,0.49298,0.45757,0.50905
GHA,GHA4.11_2,TechimanNorth,BonoEast,2003,0.4857,0.43577,0.50438
GHA,GHA4.11_2,TechimanNorth,BonoEast,2004,0.46146,0.40023,0.48345
GHA,GHA4.11_2,TechimanNorth,BonoEast,2005,0.4476,0.38347,0.47112
GHA,GHA4.11_2,TechimanNorth,BonoEast,2006,0.44714,0.37791,0.47352
GHA,GHA4.11_2,TechimanNorth,BonoEast,2007,0.44632,0.38225,0.47315
GHA,GHA4.11_2,TechimanNorth,BonoEast,2008,0.45372,0.39342,0.48263
GHA,GHA4.11_2,TechimanNorth,BonoEast,2009,0.47289,0.40872,0.49906
GHA,GHA4.11_2,TechimanNorth,BonoEast,2010,0.48579,0.42615,0.50375
GHA,GHA4.11_2,TechimanNorth,BonoEast,2011,0.48889,0.43156,0.50318
GHA,GHA4.11_2,TechimanNorth,BonoEast,2012,0.48438,0.42319,0.49907
GHA,GHA4.11_2,TechimanNorth,BonoEast,2013,0.45829,0.38819,0.48484
GHA,GHA4.11_2,TechimanNorth,BonoEast,2014,0.38752,0.31339,0.42504
GHA,GHA4.11_2,TechimanNorth,BonoEast,2015,0.28643,0.22619,0.32154
GHA,GHA4.11_2,TechimanNorth,BonoEast,2016,0.2261,0.17362,0.25285
GHA,GHA4.11_2,TechimanNorth,BonoEast,2017,0.21695,0.16521,0.24307
GHA,GHA4.11_2,TechimanNorth,BonoEast,2018,0.24688,0.19132,0.27182
GHA,GHA4.11_2,TechimanNorth,BonoEast,2019,0.29574,0.23333,0.32227
GHA,GHA4.11_2,TechimanNorth,BonoEast,2020,0.3081,0.24489,0.33993
GHA,GHA4.11_2,TechimanNorth,BonoEast,2021,0.26612,0.21065,0.29683
GHA,GHA4.11_2,TechimanNorth,BonoEast,2022,0.21747,0.1735,0.2461
GHA,GHA4.11_2,TechimanNorth,BonoEast,2023,0.19487,0.15021,0.22217
GHA,GHA4.11_2,TechimanNorth,BonoEast,2024,0.19614,0.15147,0.21871
GHA,GHA4.11_2,TechimanNorth,BonoEast,2025,0.19671,0.1539,0.21508
GHA,GHA4.1_2,Atebubu-Amantin,BonoEast,2000,0.51334,0.4803,0.52257
GHA,GHA4.1_2,Atebubu-Amantin,BonoEast,2001,0.50533,0.46911,0.51821
GHA,GHA4.1_2,Atebubu-Amantin,BonoEast,2002,0.49671,0.45617,0.51244
GHA,GHA4.1_2,Atebubu-Amantin,BonoEast,2003,0.47923,0.42992,0.50039
GHA,GHA4.1_2,Atebubu-Amantin,BonoEast,2004,0.45243,0.40472,0.47336
GHA,GHA4.1_2,Atebubu-Amantin,BonoEast,2005,0.44652,0.39878,0.46902
GHA,GHA4.1_2,Atebubu-Amantin,BonoEast,2006,0.46134,0.4158,0.48386
GHA,GHA4.1_2,Atebubu-Amantin,BonoEast,2007,0.47277,0.42547,0.49455
GHA,GHA4.1_2,Atebubu-Amantin,BonoEast,2008,0.48172,0.43352,0.50269
GHA,GHA4.1_2,Atebubu-Amantin,BonoEast,2009,0.48959,0.44627,0.50871
GHA,GHA4.1_2,Atebubu-Amantin,BonoEast,2010,0.49565,0.46519,0.50912
GHA,GHA4.1_2,Atebubu-Amantin,BonoEast,2011,0.50053,0.4812,0.50751
GHA,GHA4.1_2,Atebubu-Amantin,BonoEast,2012,0.50234,0.48595,0.50595
GHA,GHA4.1_2,Atebubu-Amantin,BonoEast,2013,0.49856,0.4743,0.50402
GHA,GHA4.1_2,Atebubu-Amantin,BonoEast,2014,0.47878,0.41332,0.5018
GHA,GHA4.1_2,Atebubu-Amantin,BonoEast,2015,0.38197,0.30014,0.45411
GHA,GHA4.1_2,Atebubu-Amantin,BonoEast,2016,0.28019,0.22366,0.3482
GHA,GHA4.1_2,Atebubu-Amantin,BonoEast,2017,0.25589,0.20906,0.3171
GHA,GHA4.1_2,Atebubu-Amantin,BonoEast,2018,0.29567,0.24688,0.35102
GHA,GHA4.1_2,Atebubu-Amantin,BonoEast,2019,0.36635,0.3137,0.42186
GHA,GHA4.1_2,Atebubu-Amantin,BonoEast,2020,0.39311,0.33857,0.44129
GHA,GHA4.1_2,Atebubu-Amantin,BonoEast,2021,0.36018,0.30267,0.41349
GHA,GHA4.1_2,Atebubu-Amantin,BonoEast,2022,0.29972,0.24881,0.35211
GHA,GHA4.1_2,Atebubu-Amantin,BonoEast,2023,0.25829,0.21269,0.30833
GHA,GHA4.1_2,Atebubu-Amantin,BonoEast,2024,0.24308,0.20091,0.29416
GHA,GHA4.1_2,Atebubu-Amantin,BonoEast,2025,0.2199,0.18193,0.26877
GHA,GHA4.2_2,KintampoNorth,BonoEast,2000,0.51906,0.48987,0.53104
GHA,GHA4.2_2,KintampoNorth,BonoEast,2001,0.51718,0.48816,0.52807
GHA,GHA4.2_2,KintampoNorth,BonoEast,2002,0.51231,0.47527,0.5261
GHA,GHA4.2_2,KintampoNorth,BonoEast,2003,0.49962,0.43034,0.52448
GHA,GHA4.2_2,KintampoNorth,BonoEast,2004,0.47149,0.37971,0.51319
GHA,GHA4.2_2,KintampoNorth,BonoEast,2005,0.46398,0.36512,0.50931
GHA,GHA4.2_2,KintampoNorth,BonoEast,2006,0.4781,0.37779,0.51691
GHA,GHA4.2_2,KintampoNorth,BonoEast,2007,0.49141,0.40606,0.51722
GHA,GHA4.2_2,KintampoNorth,BonoEast,2008,0.50202,0.43254,0.51663
GHA,GHA4.2_2,KintampoNorth,BonoEast,2009,0.50977,0.45714,0.51402
GHA,GHA4.2_2,KintampoNorth,BonoEast,2010,0.50986,0.48033,0.51154
GHA,GHA4.2_2,KintampoNorth,BonoEast,2011,0.50783,0.48665,0.50936
GHA,GHA4.2_2,KintampoNorth,BonoEast,2012,0.50234,0.46389,0.50653
GHA,GHA4.2_2,KintampoNorth,BonoEast,2013,0.4688,0.38465,0.49383
GHA,GHA4.2_2,KintampoNorth,BonoEast,2014,0.39172,0.2911,0.4458
GHA,GHA4.2_2,KintampoNorth,BonoEast,2015,0.28436,0.20625,0.34678
GHA,GHA4.2_2,KintampoNorth,BonoEast,2016,0.2156,0.15985,0.26726
GHA,GHA4.2_2,KintampoNorth,BonoEast,2017,0.19602,0.1499,0.24388
GHA,GHA4.2_2,KintampoNorth,BonoEast,2018,0.2161,0.14139,0.28929
GHA,GHA4.2_2,KintampoNorth,BonoEast,2019,0.25899,0.14995,0.36691
GHA,GHA4.2_2,KintampoNorth,BonoEast,2020,0.2842,0.16096,0.39832
GHA,GHA4.2_2,KintampoNorth,BonoEast,2021,0.26745,0.15816,0.36951
GHA,GHA4.2_2,KintampoNorth,BonoEast,2022,0.24069,0.15637,0.31237
GHA,GHA4.2_2,KintampoNorth,BonoEast,2023,0.22202,0.15538,0.27482
GHA,GHA4.2_2,KintampoNorth,BonoEast,2024,0.22058,0.16524,0.26642
GHA,GHA4.2_2,KintampoNorth,BonoEast,2025,0.21135,0.16714,0.24891
GHA,GHA4.3_2,KintampoSouth,BonoEast,2000,0.52447,0.51214,0.52945
GHA,GHA4.3_2,KintampoSouth,BonoEast,2001,0.52133,0.50609,0.52683
GHA,GHA4.3_2,KintampoSouth,BonoEast,2002,0.51864,0.49851,0.52517
GHA,GHA4.3_2,KintampoSouth,BonoEast,2003,0.51265,0.48704,0.52409
GHA,GHA4.3_2,KintampoSouth,BonoEast,2004,0.48662,0.45038,0.50964
GHA,GHA4.3_2,KintampoSouth,BonoEast,2005,0.47681,0.43637,0.50363
GHA,GHA4.3_2,KintampoSouth,BonoEast,2006,0.48762,0.44302,0.51024
GHA,GHA4.3_2,KintampoSouth,BonoEast,2007,0.49365,0.45096,0.51338
GHA,GHA4.3_2,KintampoSouth,BonoEast,2008,0.49922,0.46049,0.51555
GHA,GHA4.3_2,KintampoSouth,BonoEast,2009,0.50557,0.47474,0.51273
GHA,GHA4.3_2,KintampoSouth,BonoEast,2010,0.50505,0.48527,0.50982
GHA,GHA4.3_2,KintampoSouth,BonoEast,2011,0.50189,0.48419,0.50766
GHA,GHA4.3_2,KintampoSouth,BonoEast,2012,0.49417,0.47148,0.50443
GHA,GHA4.3_2,KintampoSouth,BonoEast,2013,0.46082,0.42953,0.47915
GHA,GHA4.3_2,KintampoSouth,BonoEast,2014,0.38309,0.33852,0.41312
GHA,GHA4.3_2,KintampoSouth,BonoEast,2015,0.28273,0.24292,0.32094
GHA,GHA4.3_2,KintampoSouth,BonoEast,2016,0.2246,0.19079,0.26089
GHA,GHA4.3_2,KintampoSouth,BonoEast,2017,0.21966,0.18777,0.25475
GHA,GHA4.3_2,KintampoSouth,BonoEast,2018,0.25891,0.22469,0.2896
GHA,GHA4.3_2,KintampoSouth,BonoEast,2019,0.32128,0.28004,0.34879
GHA,GHA4.3_2,KintampoSouth,BonoEast,2020,0.3469,0.29641,0.37739
GHA,GHA4.3_2,KintampoSouth,BonoEast,2021,0.31122,0.25931,0.34235
GHA,GHA4.3_2,KintampoSouth,BonoEast,2022,0.25836,0.21249,0.29162
GHA,GHA4.3_2,KintampoSouth,BonoEast,2023,0.22779,0.18758,0.25602
GHA,GHA4.3_2,KintampoSouth,BonoEast,2024,0.22045,0.18379,0.24801
GHA,GHA4.3_2,KintampoSouth,BonoEast,2025,0.20809,0.17883,0.23326
GHA,GHA4.4_2,NkoranzaNorth,BonoEast,2000,0.51345,0.49206,0.52513
GHA,GHA4.4_2,NkoranzaNorth,BonoEast,2001,0.50805,0.48276,0.52267
GHA,GHA4.4_2,NkoranzaNorth,BonoEast,2002,0.50084,0.47371,0.51815
GHA,GHA4.4_2,NkoranzaNorth,BonoEast,2003,0.48373,0.44658,0.5103
GHA,GHA4.4_2,NkoranzaNorth,BonoEast,2004,0.44976,0.4151,0.48394
GHA,GHA4.4_2,NkoranzaNorth,BonoEast,2005,0.44025,0.40771,0.47588
GHA,GHA4.4_2,NkoranzaNorth,BonoEast,2006,0.45429,0.4184,0.49137
GHA,GHA4.4_2,NkoranzaNorth,BonoEast,2007,0.46526,0.42604,0.50042
GHA,GHA4.4_2,NkoranzaNorth,BonoEast,2008,0.47176,0.43676,0.50339
GHA,GHA4.4_2,NkoranzaNorth,BonoEast,2009,0.48004,0.45103,0.50766
GHA,GHA4.4_2,NkoranzaNorth,BonoEast,2010,0.48417,0.46446,0.50535
GHA,GHA4.4_2,NkoranzaNorth,BonoEast,2011,0.4863,0.4676,0.50351
GHA,GHA4.4_2,NkoranzaNorth,BonoEast,2012,0.4839,0.45569,0.50278
GHA,GHA4.4_2,NkoranzaNorth,BonoEast,2013,0.4623,0.4189,0.4961
GHA,GHA4.4_2,NkoranzaNorth,BonoEast,2014,0.39616,0.34092,0.45667
GHA,GHA4.4_2,NkoranzaNorth,BonoEast,2015,0.28925,0.24801,0.34399
GHA,GHA4.4_2,NkoranzaNorth,BonoEast,2016,0.22211,0.19473,0.26075
GHA,GHA4.4_2,NkoranzaNorth,BonoEast,2017,0.21139,0.1853,0.24436
GHA,GHA4.4_2,NkoranzaNorth,BonoEast,2018,0.24721,0.21519,0.27977
GHA,GHA4.4_2,NkoranzaNorth,BonoEast,2019,0.30711,0.26618,0.34525
GHA,GHA4.4_2,NkoranzaNorth,BonoEast,2020,0.32917,0.28177,0.37208
GHA,GHA4.4_2,NkoranzaNorth,BonoEast,2021,0.2914,0.24609,0.33317
GHA,GHA4.4_2,NkoranzaNorth,BonoEast,2022,0.23819,0.19984,0.27241
GHA,GHA4.4_2,NkoranzaNorth,BonoEast,2023,0.20786,0.17589,0.23755
GHA,GHA4.4_2,NkoranzaNorth,BonoEast,2024,0.19999,0.17059,0.22753
GHA,GHA4.4_2,NkoranzaNorth,BonoEast,2025,0.18734,0.15728,0.21377
GHA,GHA4.5_2,NkoranzaSouth,BonoEast,2000,0.47748,0.43769,0.50919
GHA,GHA4.5_2,NkoranzaSouth,BonoEast,2001,0.46603,0.42165,0.50135
GHA,GHA4.5_2,NkoranzaSouth,BonoEast,2002,0.45514,0.41026,0.49198
GHA,GHA4.5_2,NkoranzaSouth,BonoEast,2003,0.43236,0.38226,0.47028
GHA,GHA4.5_2,NkoranzaSouth,BonoEast,2004,0.40489,0.35839,0.44375
GHA,GHA4.5_2,NkoranzaSouth,BonoEast,2005,0.39589,0.35414,0.43612
GHA,GHA4.5_2,NkoranzaSouth,BonoEast,2006,0.40234,0.36208,0.44825
GHA,GHA4.5_2,NkoranzaSouth,BonoEast,2007,0.41478,0.37113,0.46051
GHA,GHA4.5_2,NkoranzaSouth,BonoEast,2008,0.4289,0.38988,0.47084
GHA,GHA4.5_2,NkoranzaSouth,BonoEast,2009,0.44991,0.41047,0.48526
GHA,GHA4.5_2,NkoranzaSouth,BonoEast,2010,0.46861,0.42501,0.49675
GHA,GHA4.5_2,NkoranzaSouth,BonoEast,2011,0.48017,0.43431,0.50293
GHA,GHA4.5_2,NkoranzaSouth,BonoEast,2012,0.48317,0.4347,0.50265
GHA,GHA4.5_2,NkoranzaSouth,BonoEast,2013,0.46441,0.4078,0.49321
GHA,GHA4.5_2,NkoranzaSouth,BonoEast,2014,0.40118,0.33316,0.44851
GHA,GHA4.5_2,NkoranzaSouth,BonoEast,2015,0.28945,0.23572,0.3336
GHA,GHA4.5_2,NkoranzaSouth,BonoEast,2016,0.21808,0.17686,0.25115
GHA,GHA4.5_2,NkoranzaSouth,BonoEast,2017,0.20076,0.16411,0.22922
GHA,GHA4.5_2,NkoranzaSouth,BonoEast,2018,0.22431,0.18872,0.25927
GHA,GHA4.5_2,NkoranzaSouth,BonoEast,2019,0.26995,0.23174,0.31223
GHA,GHA4.5_2,NkoranzaSouth,BonoEast,2020,0.28414,0.24592,0.3363
GHA,GHA4.5_2,NkoranzaSouth,BonoEast,2021,0.2505,0.21597,0.29836
GHA,GHA4.5_2,NkoranzaSouth,BonoEast,2022,0.21292,0.18106,0.25232
GHA,GHA4.5_2,NkoranzaSouth,BonoEast,2023,0.18243,0.15309,0.21592
GHA,GHA4.5_2,NkoranzaSouth,BonoEast,2024,0.17293,0.14542,0.20235
GHA,GHA4.5_2,NkoranzaSouth,BonoEast,2025,0.15994,0.13719,0.18235
GHA,GHA4.6_2,PruEast,BonoEast,2000,0.5125,0.49029,0.52105
GHA,GHA4.6_2,PruEast,BonoEast,2001,0.50644,0.47928,0.51663
GHA,GHA4.6_2,PruEast,BonoEast,2002,0.49619,0.46859,0.50921
GHA,GHA4.6_2,PruEast,BonoEast,2003,0.47329,0.43574,0.49395
GHA,GHA4.6_2,PruEast,BonoEast,2004,0.441,0.39294,0.46649
GHA,GHA4.6_2,PruEast,BonoEast,2005,0.43125,0.37955,0.46033
GHA,GHA4.6_2,PruEast,BonoEast,2006,0.44194,0.38857,0.47202
GHA,GHA4.6_2,PruEast,BonoEast,2007,0.45802,0.40602,0.4856
GHA,GHA4.6_2,PruEast,BonoEast,2008,0.47215,0.42253,0.49878
GHA,GHA4.6_2,PruEast,BonoEast,2009,0.48921,0.44243,0.51032
GHA,GHA4.6_2,PruEast,BonoEast,2010,0.50027,0.46668,0.51027
GHA,GHA4.6_2,PruEast,BonoEast,2011,0.50373,0.48679,0.50866
GHA,GHA4.6_2,PruEast,BonoEast,2012,0.50474,0.49452,0.50678
GHA,GHA4.6_2,PruEast,BonoEast,2013,0.49901,0.47996,0.5045
GHA,GHA4.6_2,PruEast,BonoEast,2014,0.47197,0.42775,0.49222
GHA,GHA4.6_2,PruEast,BonoEast,2015,0.35883,0.31116,0.39706
GHA,GHA4.6_2,PruEast,BonoEast,2016,0.25707,0.22148,0.28638
GHA,GHA4.6_2,PruEast,BonoEast,2017,0.22674,0.18545,0.25383
GHA,GHA4.6_2,PruEast,BonoEast,2018,0.25095,0.1906,0.29386
GHA,GHA4.6_2,PruEast,BonoEast,2019,0.30239,0.21706,0.36754
GHA,GHA4.6_2,PruEast,BonoEast,2020,0.32967,0.23267,0.39729
GHA,GHA4.6_2,PruEast,BonoEast,2021,0.30755,0.21838,0.36713
GHA,GHA4.6_2,PruEast,BonoEast,2022,0.26894,0.19582,0.31291
GHA,GHA4.6_2,PruEast,BonoEast,2023,0.23998,0.18037,0.2809
GHA,GHA4.6_2,PruEast,BonoEast,2024,0.23084,0.18037,0.26949
GHA,GHA4.6_2,PruEast,BonoEast,2025,0.21354,0.17264,0.24634
GHA,GHA4.7_2,PruWest,BonoEast,2000,0.51866,0.50851,0.52986
GHA,GHA4.7_2,PruWest,BonoEast,2001,0.51347,0.5003,0.52642
GHA,GHA4.7_2,PruWest,BonoEast,2002,0.50721,0.4928,0.523
GHA,GHA4.7_2,PruWest,BonoEast,2003,0.49333,0.47159,0.51723
GHA,GHA4.7_2,PruWest,BonoEast,2004,0.46572,0.4321,0.4992
GHA,GHA4.7_2,PruWest,BonoEast,2005,0.4585,0.42278,0.49762
GHA,GHA4.7_2,PruWest,BonoEast,2006,0.47407,0.43982,0.5095
GHA,GHA4.7_2,PruWest,BonoEast,2007,0.48548,0.45477,0.51385
GHA,GHA4.7_2,PruWest,BonoEast,2008,0.49146,0.46219,0.51398
GHA,GHA4.7_2,PruWest,BonoEast,2009,0.49532,0.4672,0.5117
GHA,GHA4.7_2,PruWest,BonoEast,2010,0.49672,0.46991,0.51019
GHA,GHA4.7_2,PruWest,BonoEast,2011,0.49709,0.47135,0.50804
GHA,GHA4.7_2,PruWest,BonoEast,2012,0.49454,0.46997,0.50576
GHA,GHA4.7_2,PruWest,BonoEast,2013,0.4776,0.4474,0.49428
GHA,GHA4.7_2,PruWest,BonoEast,2014,0.41916,0.3691,0.45277
GHA,GHA4.7_2,PruWest,BonoEast,2015,0.30721,0.26371,0.34025
GHA,GHA4.7_2,PruWest,BonoEast,2016,0.2315,0.20102,0.25867
GHA,GHA4.7_2,PruWest,BonoEast,2017,0.21877,0.19456,0.24758
GHA,GHA4.7_2,PruWest,BonoEast,2018,0.25849,0.22553,0.29153
GHA,GHA4.7_2,PruWest,BonoEast,2019,0.32616,0.27135,0.36827
GHA,GHA4.7_2,PruWest,BonoEast,2020,0.35297,0.293,0.39967
GHA,GHA4.7_2,PruWest,BonoEast,2021,0.31974,0.27095,0.36685
GHA,GHA4.7_2,PruWest,BonoEast,2022,0.2655,0.22962,0.30341
GHA,GHA4.7_2,PruWest,BonoEast,2023,0.23071,0.19762,0.26476
GHA,GHA4.7_2,PruWest,BonoEast,2024,0.21945,0.18662,0.25752
GHA,GHA4.7_2,PruWest,BonoEast,2025,0.20204,0.17254,0.23866
GHA,GHA4.8_2,SeneEast,BonoEast,2000,0.4923,0.43525,0.5246
GHA,GHA4.8_2,SeneEast,BonoEast,2001,0.4728,0.38888,0.52243
GHA,GHA4.8_2,SeneEast,BonoEast,2002,0.44473,0.32578,0.51692
GHA,GHA4.8_2,SeneEast,BonoEast,2003,0.39045,0.23488,0.49813
GHA,GHA4.8_2,SeneEast,BonoEast,2004,0.33483,0.1729,0.46169
GHA,GHA4.8_2,SeneEast,BonoEast,2005,0.32077,0.15952,0.44201
GHA,GHA4.8_2,SeneEast,BonoEast,2006,0.34346,0.1879,0.44555
GHA,GHA4.8_2,SeneEast,BonoEast,2007,0.38266,0.24292,0.45779
GHA,GHA4.8_2,SeneEast,BonoEast,2008,0.41436,0.28907,0.4813
GHA,GHA4.8_2,SeneEast,BonoEast,2009,0.44501,0.32341,0.50426
GHA,GHA4.8_2,SeneEast,BonoEast,2010,0.469,0.35512,0.50786
GHA,GHA4.8_2,SeneEast,BonoEast,2011,0.48438,0.38213,0.50804
GHA,GHA4.8_2,SeneEast,BonoEast,2012,0.49282,0.39605,0.50645
GHA,GHA4.8_2,SeneEast,BonoEast,2013,0.4907,0.38516,0.50481
GHA,GHA4.8_2,SeneEast,BonoEast,2014,0.4729,0.34039,0.50305
GHA,GHA4.8_2,SeneEast,BonoEast,2015,0.40954,0.27377,0.47612
GHA,GHA4.8_2,SeneEast,BonoEast,2016,0.32842,0.22726,0.39213
GHA,GHA4.8_2,SeneEast,BonoEast,2017,0.30367,0.22132,0.36014
GHA,GHA4.8_2,SeneEast,BonoEast,2018,0.32645,0.24472,0.38173
GHA,GHA4.8_2,SeneEast,BonoEast,2019,0.37015,0.28237,0.42569
GHA,GHA4.8_2,SeneEast,BonoEast,2020,0.38427,0.29685,0.43988
GHA,GHA4.8_2,SeneEast,BonoEast,2021,0.34886,0.26938,0.41785
GHA,GHA4.8_2,SeneEast,BonoEast,2022,0.29508,0.22864,0.36293
GHA,GHA4.8_2,SeneEast,BonoEast,2023,0.263,0.20076,0.32371
GHA,GHA4.8_2,SeneEast,BonoEast,2024,0.25663,0.19954,0.31172
GHA,GHA4.8_2,SeneEast,BonoEast,2025,0.24094,0.19518,0.28699
GHA,GHA4.9_2,SeneWest,BonoEast,2000,0.5061,0.46715,0.52306
GHA,GHA4.9_2,SeneWest,BonoEast,2001,0.49808,0.44567,0.52007
GHA,GHA4.9_2,SeneWest,BonoEast,2002,0.48696,0.4158,0.5147
GHA,GHA4.9_2,SeneWest,BonoEast,2003,0.45968,0.36333,0.49504
GHA,GHA4.9_2,SeneWest,BonoEast,2004,0.42159,0.31631,0.46354
GHA,GHA4.9_2,SeneWest,BonoEast,2005,0.41315,0.30529,0.4576
GHA,GHA4.9_2,SeneWest,BonoEast,2006,0.43144,0.32908,0.47394
GHA,GHA4.9_2,SeneWest,BonoEast,2007,0.45626,0.36596,0.49064
GHA,GHA4.9_2,SeneWest,BonoEast,2008,0.47561,0.39708,0.50138
GHA,GHA4.9_2,SeneWest,BonoEast,2009,0.49417,0.42686,0.50857
GHA,GHA4.9_2,SeneWest,BonoEast,2010,0.50282,0.45603,0.50969
GHA,GHA4.9_2,SeneWest,BonoEast,2011,0.5053,0.47881,0.50821
GHA,GHA4.9_2,SeneWest,BonoEast,2012,0.50534,0.49372,0.50643
GHA,GHA4.9_2,SeneWest,BonoEast,2013,0.50366,0.49215,0.50478
GHA,GHA4.9_2,SeneWest,BonoEast,2014,0.4974,0.45998,0.50322
GHA,GHA4.9_2,SeneWest,BonoEast,2015,0.43165,0.35424,0.4789
GHA,GHA4.9_2,SeneWest,BonoEast,2016,0.32213,0.25236,0.39224
GHA,GHA4.9_2,SeneWest,BonoEast,2017,0.28849,0.22083,0.36471
GHA,GHA4.9_2,SeneWest,BonoEast,2018,0.32036,0.24121,0.38893
GHA,GHA4.9_2,SeneWest,BonoEast,2019,0.38129,0.28776,0.4331
GHA,GHA4.9_2,SeneWest,BonoEast,2020,0.40341,0.3097,0.44511
GHA,GHA4.9_2,SeneWest,BonoEast,2021,0.37095,0.28426,0.42439
GHA,GHA4.9_2,SeneWest,BonoEast,2022,0.31298,0.2441,0.3696
GHA,GHA4.9_2,SeneWest,BonoEast,2023,0.27576,0.21697,0.3291
GHA,GHA4.9_2,SeneWest,BonoEast,2024,0.26657,0.20896,0.31774
GHA,GHA4.9_2,SeneWest,BonoEast,2025,0.24691,0.19464,0.2896
GHA,GHA5.10_2,AwutuSenyaEast,Central,2000,0.40648,0.37733,0.41758
GHA,GHA5.10_2,AwutuSenyaEast,Central,2001,0.38002,0.34685,0.39471
GHA,GHA5.10_2,AwutuSenyaEast,Central,2002,0.33297,0.2969,0.35795
GHA,GHA5.10_2,AwutuSenyaEast,Central,2003,0.26288,0.22648,0.29222
GHA,GHA5.10_2,AwutuSenyaEast,Central,2004,0.20796,0.17351,0.24128
GHA,GHA5.10_2,AwutuSenyaEast,Central,2005,0.17925,0.14757,0.21259
GHA,GHA5.10_2,AwutuSenyaEast,Central,2006,0.16809,0.139,0.1987
GHA,GHA5.10_2,AwutuSenyaEast,Central,2007,0.17681,0.14693,0.20762
GHA,GHA5.10_2,AwutuSenyaEast,Central,2008,0.20013,0.16961,0.23333
GHA,GHA5.10_2,AwutuSenyaEast,Central,2009,0.24243,0.20975,0.28121
GHA,GHA5.10_2,AwutuSenyaEast,Central,2010,0.28901,0.25362,0.33855
GHA,GHA5.10_2,AwutuSenyaEast,Central,2011,0.32092,0.28088,0.37827
GHA,GHA5.10_2,AwutuSenyaEast,Central,2012,0.3301,0.28795,0.38536
GHA,GHA5.10_2,AwutuSenyaEast,Central,2013,0.32505,0.28001,0.37849
GHA,GHA5.10_2,AwutuSenyaEast,Central,2014,0.30742,0.2649,0.35775
GHA,GHA5.10_2,AwutuSenyaEast,Central,2015,0.28087,0.24365,0.32615
GHA,GHA5.10_2,AwutuSenyaEast,Central,2016,0.25349,0.21778,0.29658
GHA,GHA5.10_2,AwutuSenyaEast,Central,2017,0.22226,0.18703,0.2606
GHA,GHA5.10_2,AwutuSenyaEast,Central,2018,0.18641,0.15209,0.21917
GHA,GHA5.10_2,AwutuSenyaEast,Central,2019,0.16644,0.13115,0.19526
GHA,GHA5.10_2,AwutuSenyaEast,Central,2020,0.16535,0.13164,0.18845
GHA,GHA5.10_2,AwutuSenyaEast,Central,2021,0.17494,0.14656,0.18902
GHA,GHA5.10_2,AwutuSenyaEast,Central,2022,0.19714,0.18864,0.2009
GHA,GHA5.10_2,AwutuSenyaEast,Central,2023,0.1769,0.15737,0.1867
GHA,GHA5.10_2,AwutuSenyaEast,Central,2024,0.17072,0.15357,0.1793
GHA,GHA5.10_2,AwutuSenyaEast,Central,2025,0.14974,0.13405,0.15596
GHA,GHA5.11_2,CapeCoast,Central,2000,0.39003,0.34736,0.43473
GHA,GHA5.11_2,CapeCoast,Central,2001,0.38965,0.34303,0.43798
GHA,GHA5.11_2,CapeCoast,Central,2002,0.38259,0.33465,0.43284
GHA,GHA5.11_2,CapeCoast,Central,2003,0.35877,0.30947,0.40968
GHA,GHA5.11_2,CapeCoast,Central,2004,0.33216,0.2849,0.38299
GHA,GHA5.11_2,CapeCoast,Central,2005,0.31183,0.26496,0.36255
GHA,GHA5.11_2,CapeCoast,Central,2006,0.2921,0.24222,0.3475
GHA,GHA5.11_2,CapeCoast,Central,2007,0.28083,0.23085,0.33787
GHA,GHA5.11_2,CapeCoast,Central,2008,0.2874,0.2356,0.34702
GHA,GHA5.11_2,CapeCoast,Central,2009,0.31292,0.25181,0.3852
GHA,GHA5.11_2,CapeCoast,Central,2010,0.34337,0.27413,0.42628
GHA,GHA5.11_2,CapeCoast,Central,2011,0.36165,0.29082,0.44449
GHA,GHA5.11_2,CapeCoast,Central,2012,0.36486,0.29683,0.44491
GHA,GHA5.11_2,CapeCoast,Central,2013,0.35554,0.29353,0.42807
GHA,GHA5.11_2,CapeCoast,Central,2014,0.33164,0.27579,0.39939
GHA,GHA5.11_2,CapeCoast,Central,2015,0.2965,0.24775,0.35672
GHA,GHA5.11_2,CapeCoast,Central,2016,0.26961,0.22388,0.32638
GHA,GHA5.11_2,CapeCoast,Central,2017,0.25185,0.20741,0.30715
GHA,GHA5.11_2,CapeCoast,Central,2018,0.23889,0.19641,0.29457
GHA,GHA5.11_2,CapeCoast,Central,2019,0.23567,0.19306,0.29084
GHA,GHA5.11_2,CapeCoast,Central,2020,0.22964,0.18906,0.28212
GHA,GHA5.11_2,CapeCoast,Central,2021,0.21241,0.17573,0.2579
GHA,GHA5.11_2,CapeCoast,Central,2022,0.203,0.1753,0.23724
GHA,GHA5.11_2,CapeCoast,Central,2023,0.17451,0.14432,0.20809
GHA,GHA5.11_2,CapeCoast,Central,2024,0.17232,0.14288,0.20412
GHA,GHA5.11_2,CapeCoast,Central,2025,0.16243,0.13587,0.19047
GHA,GHA5.12_2,Effutu,Central,2000,0.39318,0.3644,0.42555
GHA,GHA5.12_2,Effutu,Central,2001,0.37442,0.34647,0.40487
GHA,GHA5.12_2,Effutu,Central,2002,0.33791,0.31197,0.37023
GHA,GHA5.12_2,Effutu,Central,2003,0.27604,0.25342,0.30691
GHA,GHA5.12_2,Effutu,Central,2004,0.22568,0.20519,0.25226
GHA,GHA5.12_2,Effutu,Central,2005,0.19757,0.17987,0.22161
GHA,GHA5.12_2,Effutu,Central,2006,0.18301,0.16575,0.2046
GHA,GHA5.12_2,Effutu,Central,2007,0.18986,0.1709,0.21308
GHA,GHA5.12_2,Effutu,Central,2008,0.21399,0.19221,0.23779
GHA,GHA5.12_2,Effutu,Central,2009,0.25991,0.23218,0.28997
GHA,GHA5.12_2,Effutu,Central,2010,0.31145,0.27784,0.3492
GHA,GHA5.12_2,Effutu,Central,2011,0.34862,0.30977,0.3922
GHA,GHA5.12_2,Effutu,Central,2012,0.35838,0.32316,0.39667
GHA,GHA5.12_2,Effutu,Central,2013,0.35346,0.32208,0.3865
GHA,GHA5.12_2,Effutu,Central,2014,0.33355,0.30527,0.36607
GHA,GHA5.12_2,Effutu,Central,2015,0.30538,0.27958,0.33537
GHA,GHA5.12_2,Effutu,Central,2016,0.27679,0.252,0.30517
GHA,GHA5.12_2,Effutu,Central,2017,0.24412,0.22227,0.26904
GHA,GHA5.12_2,Effutu,Central,2018,0.21106,0.19189,0.23107
GHA,GHA5.12_2,Effutu,Central,2019,0.19182,0.176,0.20878
GHA,GHA5.12_2,Effutu,Central,2020,0.18647,0.16968,0.20345
GHA,GHA5.12_2,Effutu,Central,2021,0.1851,0.16868,0.20261
GHA,GHA5.12_2,Effutu,Central,2022,0.18866,0.17218,0.20464
GHA,GHA5.12_2,Effutu,Central,2023,0.16973,0.15037,0.18731
GHA,GHA5.12_2,Effutu,Central,2024,0.16346,0.14654,0.1807
GHA,GHA5.12_2,Effutu,Central,2025,0.14638,0.1319,0.1618
GHA,GHA5.13_2,Ekumfi,Central,2000,0.43804,0.42543,0.46253
GHA,GHA5.13_2,Ekumfi,Central,2001,0.43321,0.41687,0.45965
GHA,GHA5.13_2,Ekumfi,Central,2002,0.41401,0.39544,0.44252
GHA,GHA5.13_2,Ekumfi,Central,2003,0.36967,0.34497,0.39879
GHA,GHA5.13_2,Ekumfi,Central,2004,0.32571,0.29902,0.35252
GHA,GHA5.13_2,Ekumfi,Central,2005,0.30197,0.27225,0.32751
GHA,GHA5.13_2,Ekumfi,Central,2006,0.28509,0.25496,0.3137
GHA,GHA5.13_2,Ekumfi,Central,2007,0.28373,0.25047,0.31766
GHA,GHA5.13_2,Ekumfi,Central,2008,0.30534,0.2664,0.34883
GHA,GHA5.13_2,Ekumfi,Central,2009,0.35148,0.30451,0.40887
GHA,GHA5.13_2,Ekumfi,Central,2010,0.40422,0.34914,0.47038
GHA,GHA5.13_2,Ekumfi,Central,2011,0.43768,0.385,0.49645
GHA,GHA5.13_2,Ekumfi,Central,2012,0.4469,0.39999,0.49568
GHA,GHA5.13_2,Ekumfi,Central,2013,0.43967,0.40172,0.48197
GHA,GHA5.13_2,Ekumfi,Central,2014,0.41341,0.38279,0.45541
GHA,GHA5.13_2,Ekumfi,Central,2015,0.37394,0.34964,0.40884
GHA,GHA5.13_2,Ekumfi,Central,2016,0.33941,0.31838,0.36921
GHA,GHA5.13_2,Ekumfi,Central,2017,0.31041,0.28999,0.33847
GHA,GHA5.13_2,Ekumfi,Central,2018,0.28616,0.26098,0.31532
GHA,GHA5.13_2,Ekumfi,Central,2019,0.27386,0.24608,0.30569
GHA,GHA5.13_2,Ekumfi,Central,2020,0.26095,0.2337,0.29249
GHA,GHA5.13_2,Ekumfi,Central,2021,0.23783,0.21997,0.26599
GHA,GHA5.13_2,Ekumfi,Central,2022,0.22101,0.20654,0.24604
GHA,GHA5.13_2,Ekumfi,Central,2023,0.19147,0.18129,0.21176
GHA,GHA5.13_2,Ekumfi,Central,2024,0.18664,0.17694,0.20669
GHA,GHA5.13_2,Ekumfi,Central,2025,0.1734,0.16602,0.19008
GHA,GHA5.14_2,GomoaCentral,Central,2000,0.42115,0.38119,0.45134
GHA,GHA5.14_2,GomoaCentral,Central,2001,0.40782,0.36642,0.43955
GHA,GHA5.14_2,GomoaCentral,Central,2002,0.37814,0.33304,0.41596
GHA,GHA5.14_2,GomoaCentral,Central,2003,0.32023,0.27854,0.35924
GHA,GHA5.14_2,GomoaCentral,Central,2004,0.27187,0.23326,0.30919
GHA,GHA5.14_2,GomoaCentral,Central,2005,0.24454,0.20793,0.2803
GHA,GHA5.14_2,GomoaCentral,Central,2006,0.22824,0.19289,0.2652
GHA,GHA5.14_2,GomoaCentral,Central,2007,0.23222,0.19576,0.2714
GHA,GHA5.14_2,GomoaCentral,Central,2008,0.2593,0.21658,0.30502
GHA,GHA5.14_2,GomoaCentral,Central,2009,0.30867,0.25691,0.36656
GHA,GHA5.14_2,GomoaCentral,Central,2010,0.36443,0.30082,0.43413
GHA,GHA5.14_2,GomoaCentral,Central,2011,0.40031,0.33524,0.46844
GHA,GHA5.14_2,GomoaCentral,Central,2012,0.40803,0.34638,0.47152
GHA,GHA5.14_2,GomoaCentral,Central,2013,0.39784,0.34536,0.45333
GHA,GHA5.14_2,GomoaCentral,Central,2014,0.3727,0.32697,0.42318
GHA,GHA5.14_2,GomoaCentral,Central,2015,0.33617,0.29588,0.38017
GHA,GHA5.14_2,GomoaCentral,Central,2016,0.30384,0.26805,0.34268
GHA,GHA5.14_2,GomoaCentral,Central,2017,0.27365,0.23836,0.3112
GHA,GHA5.14_2,GomoaCentral,Central,2018,0.24547,0.21141,0.28119
GHA,GHA5.14_2,GomoaCentral,Central,2019,0.2305,0.19654,0.2683
GHA,GHA5.14_2,GomoaCentral,Central,2020,0.22209,0.18969,0.25881
GHA,GHA5.14_2,GomoaCentral,Central,2021,0.21225,0.18265,0.24311
GHA,GHA5.14_2,GomoaCentral,Central,2022,0.20808,0.1827,0.23511
GHA,GHA5.14_2,GomoaCentral,Central,2023,0.1815,0.15727,0.20377
GHA,GHA5.14_2,GomoaCentral,Central,2024,0.17573,0.15252,0.19523
GHA,GHA5.14_2,GomoaCentral,Central,2025,0.15949,0.13889,0.17703
GHA,GHA5.15_2,GomoaEast,Central,2000,0.4183,0.36326,0.45731
GHA,GHA5.15_2,GomoaEast,Central,2001,0.39996,0.33262,0.4434
GHA,GHA5.15_2,GomoaEast,Central,2002,0.36402,0.2844,0.41738
GHA,GHA5.15_2,GomoaEast,Central,2003,0.30008,0.21767,0.358
GHA,GHA5.15_2,GomoaEast,Central,2004,0.24745,0.16665,0.30606
GHA,GHA5.15_2,GomoaEast,Central,2005,0.21868,0.14199,0.27489
GHA,GHA5.15_2,GomoaEast,Central,2006,0.20537,0.1328,0.26257
GHA,GHA5.15_2,GomoaEast,Central,2007,0.21465,0.14091,0.27155
GHA,GHA5.15_2,GomoaEast,Central,2008,0.24468,0.16477,0.30738
GHA,GHA5.15_2,GomoaEast,Central,2009,0.30039,0.20355,0.37443
GHA,GHA5.15_2,GomoaEast,Central,2010,0.36208,0.24544,0.44523
GHA,GHA5.15_2,GomoaEast,Central,2011,0.40005,0.27484,0.47872
GHA,GHA5.15_2,GomoaEast,Central,2012,0.40413,0.28025,0.48027
GHA,GHA5.15_2,GomoaEast,Central,2013,0.3899,0.2734,0.46231
GHA,GHA5.15_2,GomoaEast,Central,2014,0.36292,0.25846,0.43204
GHA,GHA5.15_2,GomoaEast,Central,2015,0.32783,0.23928,0.38629
GHA,GHA5.15_2,GomoaEast,Central,2016,0.29456,0.21451,0.34676
GHA,GHA5.15_2,GomoaEast,Central,2017,0.26213,0.18285,0.31489
GHA,GHA5.15_2,GomoaEast,Central,2018,0.23036,0.14629,0.2871
GHA,GHA5.15_2,GomoaEast,Central,2019,0.21322,0.12468,0.27397
GHA,GHA5.15_2,GomoaEast,Central,2020,0.20808,0.12396,0.26553
GHA,GHA5.15_2,GomoaEast,Central,2021,0.20423,0.13764,0.25012
GHA,GHA5.15_2,GomoaEast,Central,2022,0.20744,0.17739,0.23956
GHA,GHA5.15_2,GomoaEast,Central,2023,0.18401,0.14889,0.20973
GHA,GHA5.15_2,GomoaEast,Central,2024,0.17634,0.14573,0.19879
GHA,GHA5.15_2,GomoaEast,Central,2025,0.15724,0.12779,0.17877
GHA,GHA5.16_2,GomoaWest,Central,2000,0.44503,0.40703,0.46572
GHA,GHA5.16_2,GomoaWest,Central,2001,0.43534,0.39649,0.45885
GHA,GHA5.16_2,GomoaWest,Central,2002,0.41242,0.36775,0.44079
GHA,GHA5.16_2,GomoaWest,Central,2003,0.36075,0.31362,0.39799
GHA,GHA5.16_2,GomoaWest,Central,2004,0.31287,0.26985,0.35056
GHA,GHA5.16_2,GomoaWest,Central,2005,0.28641,0.24255,0.32586
GHA,GHA5.16_2,GomoaWest,Central,2006,0.27175,0.22585,0.31077
GHA,GHA5.16_2,GomoaWest,Central,2007,0.27675,0.22521,0.31677
GHA,GHA5.16_2,GomoaWest,Central,2008,0.30763,0.24533,0.35119
GHA,GHA5.16_2,GomoaWest,Central,2009,0.36794,0.28531,0.41458
GHA,GHA5.16_2,GomoaWest,Central,2010,0.43105,0.33125,0.47418
GHA,GHA5.16_2,GomoaWest,Central,2011,0.4631,0.36527,0.49903
GHA,GHA5.16_2,GomoaWest,Central,2012,0.46586,0.37886,0.49775
GHA,GHA5.16_2,GomoaWest,Central,2013,0.45051,0.37668,0.48364
GHA,GHA5.16_2,GomoaWest,Central,2014,0.41903,0.35666,0.45575
GHA,GHA5.16_2,GomoaWest,Central,2015,0.37318,0.32309,0.40672
GHA,GHA5.16_2,GomoaWest,Central,2016,0.33455,0.29342,0.36871
GHA,GHA5.16_2,GomoaWest,Central,2017,0.30535,0.26408,0.33791
GHA,GHA5.16_2,GomoaWest,Central,2018,0.28159,0.2358,0.31684
GHA,GHA5.16_2,GomoaWest,Central,2019,0.27259,0.22052,0.30976
GHA,GHA5.16_2,GomoaWest,Central,2020,0.26278,0.21214,0.29656
GHA,GHA5.16_2,GomoaWest,Central,2021,0.24293,0.20114,0.26837
GHA,GHA5.16_2,GomoaWest,Central,2022,0.2293,0.1944,0.24806
GHA,GHA5.16_2,GomoaWest,Central,2023,0.1972,0.17067,0.21355
GHA,GHA5.16_2,GomoaWest,Central,2024,0.19008,0.16528,0.20787
GHA,GHA5.16_2,GomoaWest,Central,2025,0.17339,0.15185,0.19092
GHA,GHA5.17_2,Komenda-Edina-Eguafo-Abirem-,Central,2000,0.42448,0.37925,0.4545
GHA,GHA5.17_2,Komenda-Edina-Eguafo-Abirem-,Central,2001,0.42799,0.37918,0.46063
GHA,GHA5.17_2,Komenda-Edina-Eguafo-Abirem-,Central,2002,0.42667,0.37187,0.46384
GHA,GHA5.17_2,Komenda-Edina-Eguafo-Abirem-,Central,2003,0.41033,0.35233,0.4522
GHA,GHA5.17_2,Komenda-Edina-Eguafo-Abirem-,Central,2004,0.38599,0.32762,0.42956
GHA,GHA5.17_2,Komenda-Edina-Eguafo-Abirem-,Central,2005,0.36616,0.30584,0.41047
GHA,GHA5.17_2,Komenda-Edina-Eguafo-Abirem-,Central,2006,0.3416,0.28211,0.38713
GHA,GHA5.17_2,Komenda-Edina-Eguafo-Abirem-,Central,2007,0.3214,0.26562,0.37012
GHA,GHA5.17_2,Komenda-Edina-Eguafo-Abirem-,Central,2008,0.32106,0.26634,0.37093
GHA,GHA5.17_2,Komenda-Edina-Eguafo-Abirem-,Central,2009,0.34058,0.2796,0.40172
GHA,GHA5.17_2,Komenda-Edina-Eguafo-Abirem-,Central,2010,0.36663,0.29912,0.43643
GHA,GHA5.17_2,Komenda-Edina-Eguafo-Abirem-,Central,2011,0.38303,0.31218,0.45405
GHA,GHA5.17_2,Komenda-Edina-Eguafo-Abirem-,Central,2012,0.38359,0.31446,0.45236
GHA,GHA5.17_2,Komenda-Edina-Eguafo-Abirem-,Central,2013,0.37278,0.30857,0.43791
GHA,GHA5.17_2,Komenda-Edina-Eguafo-Abirem-,Central,2014,0.34809,0.28973,0.41079
GHA,GHA5.17_2,Komenda-Edina-Eguafo-Abirem-,Central,2015,0.31369,0.26113,0.37421
GHA,GHA5.17_2,Komenda-Edina-Eguafo-Abirem-,Central,2016,0.28815,0.23893,0.34447
GHA,GHA5.17_2,Komenda-Edina-Eguafo-Abirem-,Central,2017,0.27233,0.22511,0.3262
GHA,GHA5.17_2,Komenda-Edina-Eguafo-Abirem-,Central,2018,0.25848,0.21162,0.30927
GHA,GHA5.17_2,Komenda-Edina-Eguafo-Abirem-,Central,2019,0.25714,0.20832,0.30814
GHA,GHA5.17_2,Komenda-Edina-Eguafo-Abirem-,Central,2020,0.2579,0.20543,0.31292
GHA,GHA5.17_2,Komenda-Edina-Eguafo-Abirem-,Central,2021,0.24753,0.19363,0.29827
GHA,GHA5.17_2,Komenda-Edina-Eguafo-Abirem-,Central,2022,0.242,0.19902,0.28495
GHA,GHA5.17_2,Komenda-Edina-Eguafo-Abirem-,Central,2023,0.21456,0.16641,0.25636
GHA,GHA5.17_2,Komenda-Edina-Eguafo-Abirem-,Central,2024,0.20911,0.16519,0.24428
GHA,GHA5.17_2,Komenda-Edina-Eguafo-Abirem-,Central,2025,0.19253,0.15705,0.22057
GHA,GHA5.18_2,Mfantseman,Central,2000,0.41558,0.36637,0.44453
GHA,GHA5.18_2,Mfantseman,Central,2001,0.41558,0.35992,0.44667
GHA,GHA5.18_2,Mfantseman,Central,2002,0.40292,0.33908,0.43649
GHA,GHA5.18_2,Mfantseman,Central,2003,0.36956,0.30396,0.40222
GHA,GHA5.18_2,Mfantseman,Central,2004,0.3366,0.27154,0.36705
GHA,GHA5.18_2,Mfantseman,Central,2005,0.31623,0.25066,0.34678
GHA,GHA5.18_2,Mfantseman,Central,2006,0.30098,0.23327,0.33483
GHA,GHA5.18_2,Mfantseman,Central,2007,0.29765,0.23148,0.3369
GHA,GHA5.18_2,Mfantseman,Central,2008,0.31763,0.25165,0.36218
GHA,GHA5.18_2,Mfantseman,Central,2009,0.36243,0.28577,0.42035
GHA,GHA5.18_2,Mfantseman,Central,2010,0.41068,0.31823,0.46961
GHA,GHA5.18_2,Mfantseman,Central,2011,0.43785,0.34031,0.49222
GHA,GHA5.18_2,Mfantseman,Central,2012,0.44083,0.34464,0.49172
GHA,GHA5.18_2,Mfantseman,Central,2013,0.4274,0.33757,0.47915
GHA,GHA5.18_2,Mfantseman,Central,2014,0.39563,0.31265,0.44899
GHA,GHA5.18_2,Mfantseman,Central,2015,0.35007,0.27544,0.3996
GHA,GHA5.18_2,Mfantseman,Central,2016,0.31378,0.24899,0.35839
GHA,GHA5.18_2,Mfantseman,Central,2017,0.2916,0.2287,0.33387
GHA,GHA5.18_2,Mfantseman,Central,2018,0.279,0.21689,0.32293
GHA,GHA5.18_2,Mfantseman,Central,2019,0.27683,0.21327,0.32377
GHA,GHA5.18_2,Mfantseman,Central,2020,0.26515,0.20677,0.30847
GHA,GHA5.18_2,Mfantseman,Central,2021,0.23312,0.18705,0.26852
GHA,GHA5.18_2,Mfantseman,Central,2022,0.20996,0.17679,0.23474
GHA,GHA5.18_2,Mfantseman,Central,2023,0.17641,0.13872,0.19908
GHA,GHA5.18_2,Mfantseman,Central,2024,0.17245,0.13591,0.19373
GHA,GHA5.18_2,Mfantseman,Central,2025,0.16327,0.12884,0.18332
GHA,GHA5.19_2,Twifo-Atti-Morkwa,Central,2000,0.45061,0.40727,0.48817
GHA,GHA5.19_2,Twifo-Atti-Morkwa,Central,2001,0.44588,0.40298,0.48248
GHA,GHA5.19_2,Twifo-Atti-Morkwa,Central,2002,0.44288,0.40013,0.48079
GHA,GHA5.19_2,Twifo-Atti-Morkwa,Central,2003,0.43096,0.38541,0.47244
GHA,GHA5.19_2,Twifo-Atti-Morkwa,Central,2004,0.41243,0.36351,0.46177
GHA,GHA5.19_2,Twifo-Atti-Morkwa,Central,2005,0.39365,0.34037,0.44052
GHA,GHA5.19_2,Twifo-Atti-Morkwa,Central,2006,0.36937,0.31449,0.40899
GHA,GHA5.19_2,Twifo-Atti-Morkwa,Central,2007,0.35614,0.30328,0.39075
GHA,GHA5.19_2,Twifo-Atti-Morkwa,Central,2008,0.36822,0.31431,0.4019
GHA,GHA5.19_2,Twifo-Atti-Morkwa,Central,2009,0.41208,0.35564,0.4485
GHA,GHA5.19_2,Twifo-Atti-Morkwa,Central,2010,0.45915,0.40483,0.49273
GHA,GHA5.19_2,Twifo-Atti-Morkwa,Central,2011,0.47226,0.42046,0.50093
GHA,GHA5.19_2,Twifo-Atti-Morkwa,Central,2012,0.45694,0.40205,0.4974
GHA,GHA5.19_2,Twifo-Atti-Morkwa,Central,2013,0.4257,0.36147,0.48459
GHA,GHA5.19_2,Twifo-Atti-Morkwa,Central,2014,0.39422,0.33693,0.45815
GHA,GHA5.19_2,Twifo-Atti-Morkwa,Central,2015,0.36763,0.31073,0.421
GHA,GHA5.19_2,Twifo-Atti-Morkwa,Central,2016,0.35409,0.29563,0.39493
GHA,GHA5.19_2,Twifo-Atti-Morkwa,Central,2017,0.34631,0.28497,0.3842
GHA,GHA5.19_2,Twifo-Atti-Morkwa,Central,2018,0.33772,0.27396,0.37602
GHA,GHA5.19_2,Twifo-Atti-Morkwa,Central,2019,0.34311,0.27626,0.39243
GHA,GHA5.19_2,Twifo-Atti-Morkwa,Central,2020,0.33828,0.26936,0.39402
GHA,GHA5.19_2,Twifo-Atti-Morkwa,Central,2021,0.30667,0.24311,0.36351
GHA,GHA5.19_2,Twifo-Atti-Morkwa,Central,2022,0.26706,0.22486,0.31217
GHA,GHA5.19_2,Twifo-Atti-Morkwa,Central,2023,0.23634,0.18617,0.27617
GHA,GHA5.19_2,Twifo-Atti-Morkwa,Central,2024,0.22444,0.17637,0.25584
GHA,GHA5.19_2,Twifo-Atti-Morkwa,Central,2025,0.20295,0.16059,0.22564
GHA,GHA5.1_2,Abura-Asebu-Kwamankese,Central,2000,0.41958,0.37908,0.44367
GHA,GHA5.1_2,Abura-Asebu-Kwamankese,Central,2001,0.42097,0.37663,0.44694
GHA,GHA5.1_2,Abura-Asebu-Kwamankese,Central,2002,0.41207,0.36683,0.4395
GHA,GHA5.1_2,Abura-Asebu-Kwamankese,Central,2003,0.3818,0.33808,0.4105
GHA,GHA5.1_2,Abura-Asebu-Kwamankese,Central,2004,0.3507,0.31138,0.37762
GHA,GHA5.1_2,Abura-Asebu-Kwamankese,Central,2005,0.33031,0.29121,0.35715
GHA,GHA5.1_2,Abura-Asebu-Kwamankese,Central,2006,0.31524,0.27046,0.34684
GHA,GHA5.1_2,Abura-Asebu-Kwamankese,Central,2007,0.31122,0.25795,0.34756
GHA,GHA5.1_2,Abura-Asebu-Kwamankese,Central,2008,0.32916,0.26649,0.3688
GHA,GHA5.1_2,Abura-Asebu-Kwamankese,Central,2009,0.37451,0.29061,0.42266
GHA,GHA5.1_2,Abura-Asebu-Kwamankese,Central,2010,0.42125,0.32082,0.47295
GHA,GHA5.1_2,Abura-Asebu-Kwamankese,Central,2011,0.4453,0.34106,0.49309
GHA,GHA5.1_2,Abura-Asebu-Kwamankese,Central,2012,0.44694,0.34545,0.49034
GHA,GHA5.1_2,Abura-Asebu-Kwamankese,Central,2013,0.43266,0.33806,0.4776
GHA,GHA5.1_2,Abura-Asebu-Kwamankese,Central,2014,0.40114,0.31476,0.44923
GHA,GHA5.1_2,Abura-Asebu-Kwamankese,Central,2015,0.35529,0.27785,0.40204
GHA,GHA5.1_2,Abura-Asebu-Kwamankese,Central,2016,0.32,0.25054,0.3623
GHA,GHA5.1_2,Abura-Asebu-Kwamankese,Central,2017,0.2983,0.23237,0.33873
GHA,GHA5.1_2,Abura-Asebu-Kwamankese,Central,2018,0.28524,0.2201,0.32623
GHA,GHA5.1_2,Abura-Asebu-Kwamankese,Central,2019,0.28334,0.21613,0.32343
GHA,GHA5.1_2,Abura-Asebu-Kwamankese,Central,2020,0.2722,0.20972,0.30924
GHA,GHA5.1_2,Abura-Asebu-Kwamankese,Central,2021,0.24237,0.19273,0.2746
GHA,GHA5.1_2,Abura-Asebu-Kwamankese,Central,2022,0.22018,0.18904,0.24425
GHA,GHA5.1_2,Abura-Asebu-Kwamankese,Central,2023,0.18679,0.15581,0.20912
GHA,GHA5.1_2,Abura-Asebu-Kwamankese,Central,2024,0.18275,0.15363,0.20336
GHA,GHA5.1_2,Abura-Asebu-Kwamankese,Central,2025,0.17154,0.1461,0.18875
GHA,GHA5.20_2,Twifo-Hemang-LowerDenkyira,Central,2000,0.44635,0.4172,0.48014
GHA,GHA5.20_2,Twifo-Hemang-LowerDenkyira,Central,2001,0.44874,0.41927,0.47996
GHA,GHA5.20_2,Twifo-Hemang-LowerDenkyira,Central,2002,0.44554,0.41405,0.47429
GHA,GHA5.20_2,Twifo-Hemang-LowerDenkyira,Central,2003,0.42833,0.39235,0.46684
GHA,GHA5.20_2,Twifo-Hemang-LowerDenkyira,Central,2004,0.40529,0.36463,0.44786
GHA,GHA5.20_2,Twifo-Hemang-LowerDenkyira,Central,2005,0.38762,0.34486,0.42911
GHA,GHA5.20_2,Twifo-Hemang-LowerDenkyira,Central,2006,0.37414,0.32844,0.40648
GHA,GHA5.20_2,Twifo-Hemang-LowerDenkyira,Central,2007,0.36701,0.32029,0.40254
GHA,GHA5.20_2,Twifo-Hemang-LowerDenkyira,Central,2008,0.38158,0.33378,0.42398
GHA,GHA5.20_2,Twifo-Hemang-LowerDenkyira,Central,2009,0.42677,0.37195,0.46632
GHA,GHA5.20_2,Twifo-Hemang-LowerDenkyira,Central,2010,0.47023,0.4146,0.49956
GHA,GHA5.20_2,Twifo-Hemang-LowerDenkyira,Central,2011,0.48483,0.43506,0.5032
GHA,GHA5.20_2,Twifo-Hemang-LowerDenkyira,Central,2012,0.48107,0.43628,0.50152
GHA,GHA5.20_2,Twifo-Hemang-LowerDenkyira,Central,2013,0.46521,0.41948,0.49715
GHA,GHA5.20_2,Twifo-Hemang-LowerDenkyira,Central,2014,0.43971,0.38808,0.48728
GHA,GHA5.20_2,Twifo-Hemang-LowerDenkyira,Central,2015,0.40336,0.34541,0.45771
GHA,GHA5.20_2,Twifo-Hemang-LowerDenkyira,Central,2016,0.37354,0.31597,0.428
GHA,GHA5.20_2,Twifo-Hemang-LowerDenkyira,Central,2017,0.35281,0.29551,0.40398
GHA,GHA5.20_2,Twifo-Hemang-LowerDenkyira,Central,2018,0.33412,0.27951,0.38396
GHA,GHA5.20_2,Twifo-Hemang-LowerDenkyira,Central,2019,0.33079,0.27694,0.37964
GHA,GHA5.20_2,Twifo-Hemang-LowerDenkyira,Central,2020,0.32298,0.2693,0.37278
GHA,GHA5.20_2,Twifo-Hemang-LowerDenkyira,Central,2021,0.29439,0.24509,0.34158
GHA,GHA5.20_2,Twifo-Hemang-LowerDenkyira,Central,2022,0.2618,0.22907,0.2959
GHA,GHA5.20_2,Twifo-Hemang-LowerDenkyira,Central,2023,0.2317,0.1959,0.26491
GHA,GHA5.20_2,Twifo-Hemang-LowerDenkyira,Central,2024,0.22276,0.1902,0.25765
GHA,GHA5.20_2,Twifo-Hemang-LowerDenkyira,Central,2025,0.20395,0.17669,0.23464
GHA,GHA5.21_2,UpperDenkyiraEast,Central,2000,0.44664,0.38343,0.48192
GHA,GHA5.21_2,UpperDenkyiraEast,Central,2001,0.43692,0.36934,0.47545
GHA,GHA5.21_2,UpperDenkyiraEast,Central,2002,0.43097,0.3612,0.47368
GHA,GHA5.21_2,UpperDenkyiraEast,Central,2003,0.41999,0.34792,0.46544
GHA,GHA5.21_2,UpperDenkyiraEast,Central,2004,0.40482,0.33216,0.45246
GHA,GHA5.21_2,UpperDenkyiraEast,Central,2005,0.38633,0.31384,0.43124
GHA,GHA5.21_2,UpperDenkyiraEast,Central,2006,0.35981,0.28779,0.40209
GHA,GHA5.21_2,UpperDenkyiraEast,Central,2007,0.34518,0.27635,0.37979
GHA,GHA5.21_2,UpperDenkyiraEast,Central,2008,0.3549,0.28785,0.38988
GHA,GHA5.21_2,UpperDenkyiraEast,Central,2009,0.39615,0.32636,0.43684
GHA,GHA5.21_2,UpperDenkyiraEast,Central,2010,0.44069,0.36693,0.48199
GHA,GHA5.21_2,UpperDenkyiraEast,Central,2011,0.45094,0.37518,0.49532
GHA,GHA5.21_2,UpperDenkyiraEast,Central,2012,0.42373,0.34183,0.48426
GHA,GHA5.21_2,UpperDenkyiraEast,Central,2013,0.37328,0.29579,0.44305
GHA,GHA5.21_2,UpperDenkyiraEast,Central,2014,0.34005,0.26928,0.40334
GHA,GHA5.21_2,UpperDenkyiraEast,Central,2015,0.33854,0.27078,0.38878
GHA,GHA5.21_2,UpperDenkyiraEast,Central,2016,0.35008,0.28519,0.38885
GHA,GHA5.21_2,UpperDenkyiraEast,Central,2017,0.35503,0.29566,0.38921
GHA,GHA5.21_2,UpperDenkyiraEast,Central,2018,0.35445,0.30083,0.39387
GHA,GHA5.21_2,UpperDenkyiraEast,Central,2019,0.36441,0.31262,0.41207
GHA,GHA5.21_2,UpperDenkyiraEast,Central,2020,0.36159,0.30316,0.41716
GHA,GHA5.21_2,UpperDenkyiraEast,Central,2021,0.32752,0.27176,0.38878
GHA,GHA5.21_2,UpperDenkyiraEast,Central,2022,0.27971,0.23295,0.32971
GHA,GHA5.21_2,UpperDenkyiraEast,Central,2023,0.24831,0.20725,0.28967
GHA,GHA5.21_2,UpperDenkyiraEast,Central,2024,0.23452,0.19297,0.27171
GHA,GHA5.21_2,UpperDenkyiraEast,Central,2025,0.20991,0.17109,0.23711
GHA,GHA5.22_2,UpperDenkyiraWest,Central,2000,0.44162,0.3972,0.46742
GHA,GHA5.22_2,UpperDenkyiraWest,Central,2001,0.43503,0.38397,0.46318
GHA,GHA5.22_2,UpperDenkyiraWest,Central,2002,0.43276,0.37958,0.46328
GHA,GHA5.22_2,UpperDenkyiraWest,Central,2003,0.42002,0.36847,0.45383
GHA,GHA5.22_2,UpperDenkyiraWest,Central,2004,0.4024,0.35494,0.4387
GHA,GHA5.22_2,UpperDenkyiraWest,Central,2005,0.37984,0.33656,0.41475
GHA,GHA5.22_2,UpperDenkyiraWest,Central,2006,0.34357,0.30941,0.3695
GHA,GHA5.22_2,UpperDenkyiraWest,Central,2007,0.32204,0.29293,0.34777
GHA,GHA5.22_2,UpperDenkyiraWest,Central,2008,0.33731,0.30445,0.35981
GHA,GHA5.22_2,UpperDenkyiraWest,Central,2009,0.39514,0.34933,0.41657
GHA,GHA5.22_2,UpperDenkyiraWest,Central,2010,0.45691,0.39288,0.48277
GHA,GHA5.22_2,UpperDenkyiraWest,Central,2011,0.47576,0.40235,0.49773
GHA,GHA5.22_2,UpperDenkyiraWest,Central,2012,0.46001,0.36532,0.49244
GHA,GHA5.22_2,UpperDenkyiraWest,Central,2013,0.41853,0.31282,0.467
GHA,GHA5.22_2,UpperDenkyiraWest,Central,2014,0.38261,0.28454,0.43194
GHA,GHA5.22_2,UpperDenkyiraWest,Central,2015,0.37349,0.28557,0.41194
GHA,GHA5.22_2,UpperDenkyiraWest,Central,2016,0.37506,0.30129,0.40951
GHA,GHA5.22_2,UpperDenkyiraWest,Central,2017,0.37021,0.31183,0.40428
GHA,GHA5.22_2,UpperDenkyiraWest,Central,2018,0.35894,0.31454,0.39861
GHA,GHA5.22_2,UpperDenkyiraWest,Central,2019,0.36038,0.32614,0.4019
GHA,GHA5.22_2,UpperDenkyiraWest,Central,2020,0.34993,0.32085,0.39349
GHA,GHA5.22_2,UpperDenkyiraWest,Central,2021,0.31224,0.28664,0.35187
GHA,GHA5.22_2,UpperDenkyiraWest,Central,2022,0.26805,0.24815,0.29687
GHA,GHA5.22_2,UpperDenkyiraWest,Central,2023,0.23638,0.21375,0.26232
GHA,GHA5.22_2,UpperDenkyiraWest,Central,2024,0.22413,0.19969,0.25174
GHA,GHA5.22_2,UpperDenkyiraWest,Central,2025,0.20214,0.17738,0.22597
GHA,GHA5.2_2,AgonaEast,Central,2000,0.46159,0.39734,0.49432
GHA,GHA5.2_2,AgonaEast,Central,2001,0.44762,0.37896,0.48327
GHA,GHA5.2_2,AgonaEast,Central,2002,0.41794,0.34385,0.45884
GHA,GHA5.2_2,AgonaEast,Central,2003,0.35786,0.28315,0.40468
GHA,GHA5.2_2,AgonaEast,Central,2004,0.30057,0.23455,0.34404
GHA,GHA5.2_2,AgonaEast,Central,2005,0.26892,0.20832,0.31184
GHA,GHA5.2_2,AgonaEast,Central,2006,0.25429,0.19603,0.29905
GHA,GHA5.2_2,AgonaEast,Central,2007,0.2635,0.20444,0.31253
GHA,GHA5.2_2,AgonaEast,Central,2008,0.29369,0.23163,0.34565
GHA,GHA5.2_2,AgonaEast,Central,2009,0.35136,0.27896,0.40799
GHA,GHA5.2_2,AgonaEast,Central,2010,0.41541,0.33507,0.47002
GHA,GHA5.2_2,AgonaEast,Central,2011,0.45135,0.37439,0.49752
GHA,GHA5.2_2,AgonaEast,Central,2012,0.45968,0.38951,0.49915
GHA,GHA5.2_2,AgonaEast,Central,2013,0.45056,0.3811,0.49204
GHA,GHA5.2_2,AgonaEast,Central,2014,0.42493,0.34837,0.4722
GHA,GHA5.2_2,AgonaEast,Central,2015,0.38244,0.30473,0.43007
GHA,GHA5.2_2,AgonaEast,Central,2016,0.34295,0.27143,0.38896
GHA,GHA5.2_2,AgonaEast,Central,2017,0.31524,0.24413,0.36264
GHA,GHA5.2_2,AgonaEast,Central,2018,0.29332,0.22311,0.34216
GHA,GHA5.2_2,AgonaEast,Central,2019,0.28969,0.21484,0.34569
GHA,GHA5.2_2,AgonaEast,Central,2020,0.28574,0.20956,0.34537
GHA,GHA5.2_2,AgonaEast,Central,2021,0.27078,0.19873,0.32022
GHA,GHA5.2_2,AgonaEast,Central,2022,0.25927,0.20161,0.3048
GHA,GHA5.2_2,AgonaEast,Central,2023,0.22438,0.16487,0.26411
GHA,GHA5.2_2,AgonaEast,Central,2024,0.21176,0.1566,0.24601
GHA,GHA5.2_2,AgonaEast,Central,2025,0.18689,0.13941,0.21608
GHA,GHA5.3_2,AgonaWest,Central,2000,0.46037,0.37405,0.48657
GHA,GHA5.3_2,AgonaWest,Central,2001,0.44772,0.35535,0.47731
GHA,GHA5.3_2,AgonaWest,Central,2002,0.42489,0.31735,0.45897
GHA,GHA5.3_2,AgonaWest,Central,2003,0.37766,0.25873,0.42214
GHA,GHA5.3_2,AgonaWest,Central,2004,0.32913,0.21349,0.3824
GHA,GHA5.3_2,AgonaWest,Central,2005,0.30183,0.18779,0.35881
GHA,GHA5.3_2,AgonaWest,Central,2006,0.28945,0.17592,0.34982
GHA,GHA5.3_2,AgonaWest,Central,2007,0.30038,0.1838,0.36116
GHA,GHA5.3_2,AgonaWest,Central,2008,0.33509,0.21331,0.39359
GHA,GHA5.3_2,AgonaWest,Central,2009,0.40167,0.26687,0.4605
GHA,GHA5.3_2,AgonaWest,Central,2010,0.46416,0.3282,0.50302
GHA,GHA5.3_2,AgonaWest,Central,2011,0.48544,0.36639,0.50399
GHA,GHA5.3_2,AgonaWest,Central,2012,0.48601,0.37104,0.50226
GHA,GHA5.3_2,AgonaWest,Central,2013,0.47568,0.35509,0.50039
GHA,GHA5.3_2,AgonaWest,Central,2014,0.44973,0.32472,0.49294
GHA,GHA5.3_2,AgonaWest,Central,2015,0.39833,0.28814,0.44893
GHA,GHA5.3_2,AgonaWest,Central,2016,0.352,0.2554,0.39627
GHA,GHA5.3_2,AgonaWest,Central,2017,0.32551,0.22936,0.37197
GHA,GHA5.3_2,AgonaWest,Central,2018,0.31099,0.20721,0.36918
GHA,GHA5.3_2,AgonaWest,Central,2019,0.31481,0.19763,0.38587
GHA,GHA5.3_2,AgonaWest,Central,2020,0.30693,0.19234,0.37866
GHA,GHA5.3_2,AgonaWest,Central,2021,0.2801,0.18434,0.33856
GHA,GHA5.3_2,AgonaWest,Central,2022,0.2558,0.19363,0.28712
GHA,GHA5.3_2,AgonaWest,Central,2023,0.22006,0.15484,0.25798
GHA,GHA5.3_2,AgonaWest,Central,2024,0.20953,0.14714,0.24467
GHA,GHA5.3_2,AgonaWest,Central,2025,0.18946,0.13097,0.22258
GHA,GHA5.4_2,Ajumako-Enyan-Essiam,Central,2000,0.44717,0.40467,0.47569
GHA,GHA5.4_2,Ajumako-Enyan-Essiam,Central,2001,0.44325,0.3949,0.47284
GHA,GHA5.4_2,Ajumako-Enyan-Essiam,Central,2002,0.42763,0.37452,0.46286
GHA,GHA5.4_2,Ajumako-Enyan-Essiam,Central,2003,0.38912,0.33277,0.43363
GHA,GHA5.4_2,Ajumako-Enyan-Essiam,Central,2004,0.35076,0.2964,0.40277
GHA,GHA5.4_2,Ajumako-Enyan-Essiam,Central,2005,0.32761,0.27434,0.38271
GHA,GHA5.4_2,Ajumako-Enyan-Essiam,Central,2006,0.31441,0.25947,0.37212
GHA,GHA5.4_2,Ajumako-Enyan-Essiam,Central,2007,0.31832,0.26042,0.3765
GHA,GHA5.4_2,Ajumako-Enyan-Essiam,Central,2008,0.34731,0.28914,0.40692
GHA,GHA5.4_2,Ajumako-Enyan-Essiam,Central,2009,0.40558,0.34446,0.45987
GHA,GHA5.4_2,Ajumako-Enyan-Essiam,Central,2010,0.46277,0.40759,0.50183
GHA,GHA5.4_2,Ajumako-Enyan-Essiam,Central,2011,0.4853,0.44021,0.50368
GHA,GHA5.4_2,Ajumako-Enyan-Essiam,Central,2012,0.48551,0.4421,0.50187
GHA,GHA5.4_2,Ajumako-Enyan-Essiam,Central,2013,0.47309,0.42229,0.4997
GHA,GHA5.4_2,Ajumako-Enyan-Essiam,Central,2014,0.44361,0.38647,0.48767
GHA,GHA5.4_2,Ajumako-Enyan-Essiam,Central,2015,0.39135,0.33362,0.43272
GHA,GHA5.4_2,Ajumako-Enyan-Essiam,Central,2016,0.34848,0.29382,0.38796
GHA,GHA5.4_2,Ajumako-Enyan-Essiam,Central,2017,0.32391,0.27226,0.36482
GHA,GHA5.4_2,Ajumako-Enyan-Essiam,Central,2018,0.31175,0.26271,0.36
GHA,GHA5.4_2,Ajumako-Enyan-Essiam,Central,2019,0.31263,0.26154,0.36988
GHA,GHA5.4_2,Ajumako-Enyan-Essiam,Central,2020,0.30054,0.24985,0.36002
GHA,GHA5.4_2,Ajumako-Enyan-Essiam,Central,2021,0.26548,0.22128,0.31053
GHA,GHA5.4_2,Ajumako-Enyan-Essiam,Central,2022,0.23725,0.20131,0.26649
GHA,GHA5.4_2,Ajumako-Enyan-Essiam,Central,2023,0.20027,0.16572,0.22963
GHA,GHA5.4_2,Ajumako-Enyan-Essiam,Central,2024,0.19336,0.15987,0.22061
GHA,GHA5.4_2,Ajumako-Enyan-Essiam,Central,2025,0.17945,0.14933,0.20458
GHA,GHA5.5_2,Asikuma-Odoben-Brakwa,Central,2000,0.45425,0.41092,0.48723
GHA,GHA5.5_2,Asikuma-Odoben-Brakwa,Central,2001,0.44631,0.40029,0.48059
GHA,GHA5.5_2,Asikuma-Odoben-Brakwa,Central,2002,0.43127,0.38127,0.46886
GHA,GHA5.5_2,Asikuma-Odoben-Brakwa,Central,2003,0.39839,0.34274,0.43974
GHA,GHA5.5_2,Asikuma-Odoben-Brakwa,Central,2004,0.36398,0.30274,0.40753
GHA,GHA5.5_2,Asikuma-Odoben-Brakwa,Central,2005,0.34225,0.27904,0.38779
GHA,GHA5.5_2,Asikuma-Odoben-Brakwa,Central,2006,0.33017,0.26746,0.37402
GHA,GHA5.5_2,Asikuma-Odoben-Brakwa,Central,2007,0.3369,0.27379,0.38169
GHA,GHA5.5_2,Asikuma-Odoben-Brakwa,Central,2008,0.36695,0.30518,0.41202
GHA,GHA5.5_2,Asikuma-Odoben-Brakwa,Central,2009,0.42642,0.36214,0.46762
GHA,GHA5.5_2,Asikuma-Odoben-Brakwa,Central,2010,0.48133,0.42726,0.50312
GHA,GHA5.5_2,Asikuma-Odoben-Brakwa,Central,2011,0.49638,0.45814,0.50392
GHA,GHA5.5_2,Asikuma-Odoben-Brakwa,Central,2012,0.49663,0.46331,0.50222
GHA,GHA5.5_2,Asikuma-Odoben-Brakwa,Central,2013,0.48814,0.44468,0.50034
GHA,GHA5.5_2,Asikuma-Odoben-Brakwa,Central,2014,0.45986,0.40352,0.49168
GHA,GHA5.5_2,Asikuma-Odoben-Brakwa,Central,2015,0.40023,0.34183,0.44481
GHA,GHA5.5_2,Asikuma-Odoben-Brakwa,Central,2016,0.34914,0.29399,0.39538
GHA,GHA5.5_2,Asikuma-Odoben-Brakwa,Central,2017,0.32815,0.2742,0.37115
GHA,GHA5.5_2,Asikuma-Odoben-Brakwa,Central,2018,0.32791,0.27099,0.37001
GHA,GHA5.5_2,Asikuma-Odoben-Brakwa,Central,2019,0.34395,0.27995,0.38696
GHA,GHA5.5_2,Asikuma-Odoben-Brakwa,Central,2020,0.33461,0.26957,0.3774
GHA,GHA5.5_2,Asikuma-Odoben-Brakwa,Central,2021,0.29307,0.23666,0.32892
GHA,GHA5.5_2,Asikuma-Odoben-Brakwa,Central,2022,0.24817,0.2096,0.28154
GHA,GHA5.5_2,Asikuma-Odoben-Brakwa,Central,2023,0.21382,0.1729,0.24296
GHA,GHA5.5_2,Asikuma-Odoben-Brakwa,Central,2024,0.20502,0.16513,0.23374
GHA,GHA5.5_2,Asikuma-Odoben-Brakwa,Central,2025,0.18925,0.1526,0.21392
GHA,GHA5.6_2,AssinCentral,Central,2000,0.4328,0.37291,0.4537
GHA,GHA5.6_2,AssinCentral,Central,2001,0.42421,0.36339,0.445
GHA,GHA5.6_2,AssinCentral,Central,2002,0.41539,0.35199,0.43494
GHA,GHA5.6_2,AssinCentral,Central,2003,0.3959,0.32455,0.41457
GHA,GHA5.6_2,AssinCentral,Central,2004,0.37178,0.29895,0.39578
GHA,GHA5.6_2,AssinCentral,Central,2005,0.3561,0.28064,0.38638
GHA,GHA5.6_2,AssinCentral,Central,2006,0.34562,0.26936,0.37704
GHA,GHA5.6_2,AssinCentral,Central,2007,0.34799,0.27091,0.3743
GHA,GHA5.6_2,AssinCentral,Central,2008,0.3732,0.29414,0.39793
GHA,GHA5.6_2,AssinCentral,Central,2009,0.42696,0.34345,0.45108
GHA,GHA5.6_2,AssinCentral,Central,2010,0.48002,0.40067,0.49781
GHA,GHA5.6_2,AssinCentral,Central,2011,0.49423,0.42947,0.50347
GHA,GHA5.6_2,AssinCentral,Central,2012,0.49217,0.42826,0.50151
GHA,GHA5.6_2,AssinCentral,Central,2013,0.47833,0.4052,0.49707
GHA,GHA5.6_2,AssinCentral,Central,2014,0.44555,0.36377,0.47301
GHA,GHA5.6_2,AssinCentral,Central,2015,0.3936,0.31198,0.426
GHA,GHA5.6_2,AssinCentral,Central,2016,0.35512,0.27706,0.39482
GHA,GHA5.6_2,AssinCentral,Central,2017,0.33997,0.26278,0.38265
GHA,GHA5.6_2,AssinCentral,Central,2018,0.34264,0.26548,0.38585
GHA,GHA5.6_2,AssinCentral,Central,2019,0.3621,0.27971,0.40649
GHA,GHA5.6_2,AssinCentral,Central,2020,0.3609,0.27584,0.40881
GHA,GHA5.6_2,AssinCentral,Central,2021,0.32518,0.24406,0.37973
GHA,GHA5.6_2,AssinCentral,Central,2022,0.27965,0.22461,0.32786
GHA,GHA5.6_2,AssinCentral,Central,2023,0.24107,0.17826,0.28519
GHA,GHA5.6_2,AssinCentral,Central,2024,0.22582,0.16739,0.26461
GHA,GHA5.6_2,AssinCentral,Central,2025,0.20062,0.1502,0.22947
GHA,GHA5.7_2,AssinNorth,Central,2000,0.44602,0.41344,0.46966
GHA,GHA5.7_2,AssinNorth,Central,2001,0.43564,0.40161,0.45876
GHA,GHA5.7_2,AssinNorth,Central,2002,0.42727,0.39399,0.44819
GHA,GHA5.7_2,AssinNorth,Central,2003,0.41108,0.37516,0.43888
GHA,GHA5.7_2,AssinNorth,Central,2004,0.39227,0.35384,0.42406
GHA,GHA5.7_2,AssinNorth,Central,2005,0.37892,0.34056,0.40992
GHA,GHA5.7_2,AssinNorth,Central,2006,0.36785,0.33144,0.40113
GHA,GHA5.7_2,AssinNorth,Central,2007,0.3699,0.33744,0.40006
GHA,GHA5.7_2,AssinNorth,Central,2008,0.39273,0.35784,0.42234
GHA,GHA5.7_2,AssinNorth,Central,2009,0.44466,0.40223,0.47275
GHA,GHA5.7_2,AssinNorth,Central,2010,0.48947,0.45491,0.50407
GHA,GHA5.7_2,AssinNorth,Central,2011,0.49845,0.47249,0.50402
GHA,GHA5.7_2,AssinNorth,Central,2012,0.49438,0.45906,0.50212
GHA,GHA5.7_2,AssinNorth,Central,2013,0.47807,0.42039,0.49907
GHA,GHA5.7_2,AssinNorth,Central,2014,0.45002,0.3878,0.48927
GHA,GHA5.7_2,AssinNorth,Central,2015,0.40751,0.35704,0.44775
GHA,GHA5.7_2,AssinNorth,Central,2016,0.37687,0.34358,0.41756
GHA,GHA5.7_2,AssinNorth,Central,2017,0.36715,0.33403,0.40737
GHA,GHA5.7_2,AssinNorth,Central,2018,0.37387,0.33791,0.41483
GHA,GHA5.7_2,AssinNorth,Central,2019,0.39771,0.35387,0.4377
GHA,GHA5.7_2,AssinNorth,Central,2020,0.40001,0.35382,0.44307
GHA,GHA5.7_2,AssinNorth,Central,2021,0.36595,0.32496,0.41846
GHA,GHA5.7_2,AssinNorth,Central,2022,0.31376,0.27734,0.36666
GHA,GHA5.7_2,AssinNorth,Central,2023,0.27317,0.23875,0.32274
GHA,GHA5.7_2,AssinNorth,Central,2024,0.25439,0.22451,0.29722
GHA,GHA5.7_2,AssinNorth,Central,2025,0.22291,0.201,0.25565
GHA,GHA5.8_2,AssinSouth,Central,2000,0.44953,0.41945,0.48373
GHA,GHA5.8_2,AssinSouth,Central,2001,0.44762,0.4158,0.48145
GHA,GHA5.8_2,AssinSouth,Central,2002,0.4397,0.40556,0.47479
GHA,GHA5.8_2,AssinSouth,Central,2003,0.41673,0.37435,0.4571
GHA,GHA5.8_2,AssinSouth,Central,2004,0.38937,0.34296,0.43287
GHA,GHA5.8_2,AssinSouth,Central,2005,0.37153,0.32213,0.41822
GHA,GHA5.8_2,AssinSouth,Central,2006,0.3614,0.30742,0.40913
GHA,GHA5.8_2,AssinSouth,Central,2007,0.36227,0.30754,0.40641
GHA,GHA5.8_2,AssinSouth,Central,2008,0.38496,0.33119,0.42588
GHA,GHA5.8_2,AssinSouth,Central,2009,0.4367,0.38577,0.46907
GHA,GHA5.8_2,AssinSouth,Central,2010,0.48458,0.44386,0.50164
GHA,GHA5.8_2,AssinSouth,Central,2011,0.49826,0.47163,0.50357
GHA,GHA5.8_2,AssinSouth,Central,2012,0.49629,0.47455,0.50184
GHA,GHA5.8_2,AssinSouth,Central,2013,0.48531,0.45742,0.49883
GHA,GHA5.8_2,AssinSouth,Central,2014,0.45887,0.41797,0.48981
GHA,GHA5.8_2,AssinSouth,Central,2015,0.41023,0.36482,0.46033
GHA,GHA5.8_2,AssinSouth,Central,2016,0.36906,0.32047,0.42883
GHA,GHA5.8_2,AssinSouth,Central,2017,0.34759,0.30167,0.40475
GHA,GHA5.8_2,AssinSouth,Central,2018,0.33885,0.29455,0.38555
GHA,GHA5.8_2,AssinSouth,Central,2019,0.34685,0.29838,0.38679
GHA,GHA5.8_2,AssinSouth,Central,2020,0.33995,0.28549,0.38496
GHA,GHA5.8_2,AssinSouth,Central,2021,0.3048,0.2503,0.3555
GHA,GHA5.8_2,AssinSouth,Central,2022,0.26287,0.22217,0.30654
GHA,GHA5.8_2,AssinSouth,Central,2023,0.22982,0.18395,0.2705
GHA,GHA5.8_2,AssinSouth,Central,2024,0.21914,0.17845,0.25653
GHA,GHA5.8_2,AssinSouth,Central,2025,0.19963,0.16657,0.23329
GHA,GHA5.9_2,AwutuSenyaWest,Central,2000,0.43893,0.39708,0.4748
GHA,GHA5.9_2,AwutuSenyaWest,Central,2001,0.42044,0.36986,0.46073
GHA,GHA5.9_2,AwutuSenyaWest,Central,2002,0.37759,0.3219,0.42696
GHA,GHA5.9_2,AwutuSenyaWest,Central,2003,0.30664,0.25223,0.36234
GHA,GHA5.9_2,AwutuSenyaWest,Central,2004,0.24689,0.19808,0.2987
GHA,GHA5.9_2,AwutuSenyaWest,Central,2005,0.21485,0.16969,0.26512
GHA,GHA5.9_2,AwutuSenyaWest,Central,2006,0.20101,0.15903,0.24704
GHA,GHA5.9_2,AwutuSenyaWest,Central,2007,0.20824,0.16801,0.25204
GHA,GHA5.9_2,AwutuSenyaWest,Central,2008,0.23193,0.19337,0.27171
GHA,GHA5.9_2,AwutuSenyaWest,Central,2009,0.27532,0.23648,0.31227
GHA,GHA5.9_2,AwutuSenyaWest,Central,2010,0.32671,0.28448,0.36736
GHA,GHA5.9_2,AwutuSenyaWest,Central,2011,0.36406,0.31604,0.40622
GHA,GHA5.9_2,AwutuSenyaWest,Central,2012,0.37981,0.32536,0.42441
GHA,GHA5.9_2,AwutuSenyaWest,Central,2013,0.37854,0.31868,0.43272
GHA,GHA5.9_2,AwutuSenyaWest,Central,2014,0.359,0.29967,0.41554
GHA,GHA5.9_2,AwutuSenyaWest,Central,2015,0.32727,0.27328,0.38077
GHA,GHA5.9_2,AwutuSenyaWest,Central,2016,0.29487,0.24469,0.34617
GHA,GHA5.9_2,AwutuSenyaWest,Central,2017,0.26663,0.21467,0.32169
GHA,GHA5.9_2,AwutuSenyaWest,Central,2018,0.23806,0.18023,0.30327
GHA,GHA5.9_2,AwutuSenyaWest,Central,2019,0.22699,0.1638,0.30423
GHA,GHA5.9_2,AwutuSenyaWest,Central,2020,0.22641,0.16295,0.30317
GHA,GHA5.9_2,AwutuSenyaWest,Central,2021,0.22708,0.17133,0.29519
GHA,GHA5.9_2,AwutuSenyaWest,Central,2022,0.232,0.19151,0.28503
GHA,GHA5.9_2,AwutuSenyaWest,Central,2023,0.20662,0.17337,0.24656
GHA,GHA5.9_2,AwutuSenyaWest,Central,2024,0.1951,0.16711,0.22991
GHA,GHA5.9_2,AwutuSenyaWest,Central,2025,0.16942,0.14593,0.19794
GHA,GHA6.10_2,AtiwaWest,Eastern,2000,0.49874,0.47714,0.51689
GHA,GHA6.10_2,AtiwaWest,Eastern,2001,0.48318,0.45543,0.50539
GHA,GHA6.10_2,AtiwaWest,Eastern,2002,0.45783,0.42369,0.49008
GHA,GHA6.10_2,AtiwaWest,Eastern,2003,0.40755,0.36228,0.45056
GHA,GHA6.10_2,AtiwaWest,Eastern,2004,0.35571,0.30624,0.40423
GHA,GHA6.10_2,AtiwaWest,Eastern,2005,0.33067,0.28066,0.38347
GHA,GHA6.10_2,AtiwaWest,Eastern,2006,0.32406,0.2745,0.37932
GHA,GHA6.10_2,AtiwaWest,Eastern,2007,0.33372,0.28375,0.38656
GHA,GHA6.10_2,AtiwaWest,Eastern,2008,0.35111,0.30153,0.40189
GHA,GHA6.10_2,AtiwaWest,Eastern,2009,0.37951,0.32806,0.43014
GHA,GHA6.10_2,AtiwaWest,Eastern,2010,0.40716,0.35621,0.45516
GHA,GHA6.10_2,AtiwaWest,Eastern,2011,0.4224,0.37347,0.46804
GHA,GHA6.10_2,AtiwaWest,Eastern,2012,0.4236,0.37104,0.46734
GHA,GHA6.10_2,AtiwaWest,Eastern,2013,0.40894,0.34771,0.45656
GHA,GHA6.10_2,AtiwaWest,Eastern,2014,0.37264,0.30753,0.43736
GHA,GHA6.10_2,AtiwaWest,Eastern,2015,0.32132,0.25643,0.39505
GHA,GHA6.10_2,AtiwaWest,Eastern,2016,0.28391,0.2226,0.35634
GHA,GHA6.10_2,AtiwaWest,Eastern,2017,0.26988,0.21216,0.33867
GHA,GHA6.10_2,AtiwaWest,Eastern,2018,0.27063,0.21367,0.3356
GHA,GHA6.10_2,AtiwaWest,Eastern,2019,0.28926,0.2304,0.35431
GHA,GHA6.10_2,AtiwaWest,Eastern,2020,0.29538,0.23666,0.36244
GHA,GHA6.10_2,AtiwaWest,Eastern,2021,0.27441,0.21923,0.34369
GHA,GHA6.10_2,AtiwaWest,Eastern,2022,0.24394,0.19567,0.30625
GHA,GHA6.10_2,AtiwaWest,Eastern,2023,0.22317,0.18144,0.27502
GHA,GHA6.10_2,AtiwaWest,Eastern,2024,0.21716,0.17989,0.25643
GHA,GHA6.10_2,AtiwaWest,Eastern,2025,0.20235,0.17106,0.23385
GHA,GHA6.11_2,Ayensuano,Eastern,2000,0.50395,0.48008,0.52307
GHA,GHA6.11_2,Ayensuano,Eastern,2001,0.48967,0.46241,0.51465
GHA,GHA6.11_2,Ayensuano,Eastern,2002,0.46156,0.43086,0.49499
GHA,GHA6.11_2,Ayensuano,Eastern,2003,0.3969,0.35897,0.43403
GHA,GHA6.11_2,Ayensuano,Eastern,2004,0.32935,0.29009,0.37495
GHA,GHA6.11_2,Ayensuano,Eastern,2005,0.2914,0.25239,0.3423
GHA,GHA6.11_2,Ayensuano,Eastern,2006,0.27573,0.2369,0.32337
GHA,GHA6.11_2,Ayensuano,Eastern,2007,0.28018,0.24092,0.32667
GHA,GHA6.11_2,Ayensuano,Eastern,2008,0.29514,0.25253,0.34405
GHA,GHA6.11_2,Ayensuano,Eastern,2009,0.32163,0.27716,0.37318
GHA,GHA6.11_2,Ayensuano,Eastern,2010,0.35626,0.30948,0.40971
GHA,GHA6.11_2,Ayensuano,Eastern,2011,0.38926,0.34162,0.44399
GHA,GHA6.11_2,Ayensuano,Eastern,2012,0.41383,0.36659,0.47051
GHA,GHA6.11_2,Ayensuano,Eastern,2013,0.42385,0.38055,0.47862
GHA,GHA6.11_2,Ayensuano,Eastern,2014,0.40863,0.36752,0.46987
GHA,GHA6.11_2,Ayensuano,Eastern,2015,0.37112,0.33149,0.44363
GHA,GHA6.11_2,Ayensuano,Eastern,2016,0.33381,0.29516,0.40838
GHA,GHA6.11_2,Ayensuano,Eastern,2017,0.31042,0.26893,0.3898
GHA,GHA6.11_2,Ayensuano,Eastern,2018,0.29603,0.24085,0.38221
GHA,GHA6.11_2,Ayensuano,Eastern,2019,0.30211,0.23514,0.3967
GHA,GHA6.11_2,Ayensuano,Eastern,2020,0.30933,0.24127,0.4053
GHA,GHA6.11_2,Ayensuano,Eastern,2021,0.30306,0.2508,0.39122
GHA,GHA6.11_2,Ayensuano,Eastern,2022,0.2872,0.25866,0.35011
GHA,GHA6.11_2,Ayensuano,Eastern,2023,0.25997,0.2341,0.31392
GHA,GHA6.11_2,Ayensuano,Eastern,2024,0.24378,0.21964,0.28907
GHA,GHA6.11_2,Ayensuano,Eastern,2025,0.21334,0.19172,0.24697
GHA,GHA6.12_2,BirimCentral,Eastern,2000,0.44275,0.36896,0.47652
GHA,GHA6.12_2,BirimCentral,Eastern,2001,0.4287,0.35118,0.4663
GHA,GHA6.12_2,BirimCentral,Eastern,2002,0.41372,0.33111,0.45269
GHA,GHA6.12_2,BirimCentral,Eastern,2003,0.38503,0.29678,0.42389
GHA,GHA6.12_2,BirimCentral,Eastern,2004,0.35844,0.26886,0.39451
GHA,GHA6.12_2,BirimCentral,Eastern,2005,0.34108,0.25124,0.37528
GHA,GHA6.12_2,BirimCentral,Eastern,2006,0.33093,0.24055,0.36581
GHA,GHA6.12_2,BirimCentral,Eastern,2007,0.33706,0.24357,0.37252
GHA,GHA6.12_2,BirimCentral,Eastern,2008,0.36212,0.26612,0.39991
GHA,GHA6.12_2,BirimCentral,Eastern,2009,0.41107,0.30858,0.45431
GHA,GHA6.12_2,BirimCentral,Eastern,2010,0.4579,0.35905,0.49671
GHA,GHA6.12_2,BirimCentral,Eastern,2011,0.47693,0.39048,0.50231
GHA,GHA6.12_2,BirimCentral,Eastern,2012,0.47871,0.39705,0.50129
GHA,GHA6.12_2,BirimCentral,Eastern,2013,0.4672,0.38063,0.49443
GHA,GHA6.12_2,BirimCentral,Eastern,2014,0.42992,0.33878,0.4635
GHA,GHA6.12_2,BirimCentral,Eastern,2015,0.36875,0.28225,0.39959
GHA,GHA6.12_2,BirimCentral,Eastern,2016,0.32102,0.24187,0.34932
GHA,GHA6.12_2,BirimCentral,Eastern,2017,0.3077,0.22932,0.33527
GHA,GHA6.12_2,BirimCentral,Eastern,2018,0.31674,0.23994,0.34577
GHA,GHA6.12_2,BirimCentral,Eastern,2019,0.3436,0.26211,0.37514
GHA,GHA6.12_2,BirimCentral,Eastern,2020,0.33983,0.25779,0.37314
GHA,GHA6.12_2,BirimCentral,Eastern,2021,0.29459,0.2206,0.32659
GHA,GHA6.12_2,BirimCentral,Eastern,2022,0.24445,0.1937,0.26826
GHA,GHA6.12_2,BirimCentral,Eastern,2023,0.20838,0.14956,0.23274
GHA,GHA6.12_2,BirimCentral,Eastern,2024,0.20015,0.14353,0.22221
GHA,GHA6.12_2,BirimCentral,Eastern,2025,0.18517,0.13389,0.20637
GHA,GHA6.13_2,BirimNorth,Eastern,2000,0.444,0.40342,0.47655
GHA,GHA6.13_2,BirimNorth,Eastern,2001,0.42454,0.3812,0.4629
GHA,GHA6.13_2,BirimNorth,Eastern,2002,0.40703,0.36612,0.44217
GHA,GHA6.13_2,BirimNorth,Eastern,2003,0.38046,0.34075,0.41263
GHA,GHA6.13_2,BirimNorth,Eastern,2004,0.35956,0.32398,0.38847
GHA,GHA6.13_2,BirimNorth,Eastern,2005,0.35048,0.31548,0.38307
GHA,GHA6.13_2,BirimNorth,Eastern,2006,0.34868,0.30988,0.38611
GHA,GHA6.13_2,BirimNorth,Eastern,2007,0.35582,0.31198,0.39734
GHA,GHA6.13_2,BirimNorth,Eastern,2008,0.37001,0.32014,0.41346
GHA,GHA6.13_2,BirimNorth,Eastern,2009,0.39493,0.33803,0.43949
GHA,GHA6.13_2,BirimNorth,Eastern,2010,0.4182,0.35569,0.46484
GHA,GHA6.13_2,BirimNorth,Eastern,2011,0.42821,0.36317,0.47672
GHA,GHA6.13_2,BirimNorth,Eastern,2012,0.42239,0.35118,0.47185
GHA,GHA6.13_2,BirimNorth,Eastern,2013,0.39899,0.32769,0.44691
GHA,GHA6.13_2,BirimNorth,Eastern,2014,0.35676,0.29376,0.39834
GHA,GHA6.13_2,BirimNorth,Eastern,2015,0.30342,0.25373,0.33846
GHA,GHA6.13_2,BirimNorth,Eastern,2016,0.2667,0.22627,0.30263
GHA,GHA6.13_2,BirimNorth,Eastern,2017,0.25414,0.21633,0.29295
GHA,GHA6.13_2,BirimNorth,Eastern,2018,0.25589,0.21723,0.29579
GHA,GHA6.13_2,BirimNorth,Eastern,2019,0.27324,0.23049,0.31495
GHA,GHA6.13_2,BirimNorth,Eastern,2020,0.2736,0.22869,0.31542
GHA,GHA6.13_2,BirimNorth,Eastern,2021,0.24522,0.20343,0.28287
GHA,GHA6.13_2,BirimNorth,Eastern,2022,0.2115,0.18494,0.242
GHA,GHA6.13_2,BirimNorth,Eastern,2023,0.19061,0.15649,0.21739
GHA,GHA6.13_2,BirimNorth,Eastern,2024,0.18847,0.15546,0.21058
GHA,GHA6.13_2,BirimNorth,Eastern,2025,0.17986,0.15046,0.19838
GHA,GHA6.14_2,BirimSouth,Eastern,2000,0.44068,0.41369,0.47306
GHA,GHA6.14_2,BirimSouth,Eastern,2001,0.42789,0.3984,0.4633
GHA,GHA6.14_2,BirimSouth,Eastern,2002,0.41311,0.38266,0.44858
GHA,GHA6.14_2,BirimSouth,Eastern,2003,0.38659,0.34895,0.42539
GHA,GHA6.14_2,BirimSouth,Eastern,2004,0.36037,0.31872,0.40122
GHA,GHA6.14_2,BirimSouth,Eastern,2005,0.34286,0.29721,0.38456
GHA,GHA6.14_2,BirimSouth,Eastern,2006,0.33236,0.28555,0.37405
GHA,GHA6.14_2,BirimSouth,Eastern,2007,0.33959,0.29101,0.38005
GHA,GHA6.14_2,BirimSouth,Eastern,2008,0.36806,0.31782,0.40898
GHA,GHA6.14_2,BirimSouth,Eastern,2009,0.42408,0.36884,0.46657
GHA,GHA6.14_2,BirimSouth,Eastern,2010,0.47491,0.42544,0.50132
GHA,GHA6.14_2,BirimSouth,Eastern,2011,0.49059,0.45484,0.50367
GHA,GHA6.14_2,BirimSouth,Eastern,2012,0.49151,0.45962,0.50223
GHA,GHA6.14_2,BirimSouth,Eastern,2013,0.48029,0.44414,0.49879
GHA,GHA6.14_2,BirimSouth,Eastern,2014,0.44428,0.4012,0.48658
GHA,GHA6.14_2,BirimSouth,Eastern,2015,0.38241,0.33652,0.43432
GHA,GHA6.14_2,BirimSouth,Eastern,2016,0.33415,0.28963,0.38471
GHA,GHA6.14_2,BirimSouth,Eastern,2017,0.32015,0.27596,0.36879
GHA,GHA6.14_2,BirimSouth,Eastern,2018,0.33132,0.2876,0.3813
GHA,GHA6.14_2,BirimSouth,Eastern,2019,0.35968,0.31389,0.41252
GHA,GHA6.14_2,BirimSouth,Eastern,2020,0.35772,0.30921,0.40871
GHA,GHA6.14_2,BirimSouth,Eastern,2021,0.31282,0.26661,0.36044
GHA,GHA6.14_2,BirimSouth,Eastern,2022,0.25766,0.21878,0.29332
GHA,GHA6.14_2,BirimSouth,Eastern,2023,0.22188,0.18292,0.25181
GHA,GHA6.14_2,BirimSouth,Eastern,2024,0.20954,0.1746,0.23993
GHA,GHA6.14_2,BirimSouth,Eastern,2025,0.19092,0.16215,0.21939
GHA,GHA6.15_2,Denkyembour,Eastern,2000,0.46891,0.42248,0.50355
GHA,GHA6.15_2,Denkyembour,Eastern,2001,0.45385,0.40193,0.49354
GHA,GHA6.15_2,Denkyembour,Eastern,2002,0.43221,0.37719,0.47426
GHA,GHA6.15_2,Denkyembour,Eastern,2003,0.39239,0.33009,0.44501
GHA,GHA6.15_2,Denkyembour,Eastern,2004,0.35213,0.28867,0.41003
GHA,GHA6.15_2,Denkyembour,Eastern,2005,0.32979,0.26603,0.38912
GHA,GHA6.15_2,Denkyembour,Eastern,2006,0.31815,0.25372,0.37761
GHA,GHA6.15_2,Denkyembour,Eastern,2007,0.32184,0.25513,0.38603
GHA,GHA6.15_2,Denkyembour,Eastern,2008,0.33738,0.2695,0.4056
GHA,GHA6.15_2,Denkyembour,Eastern,2009,0.36971,0.29789,0.44817
GHA,GHA6.15_2,Denkyembour,Eastern,2010,0.40563,0.33057,0.48475
GHA,GHA6.15_2,Denkyembour,Eastern,2011,0.4287,0.35501,0.50025
GHA,GHA6.15_2,Denkyembour,Eastern,2012,0.43949,0.36952,0.49997
GHA,GHA6.15_2,Denkyembour,Eastern,2013,0.43536,0.36547,0.49488
GHA,GHA6.15_2,Denkyembour,Eastern,2014,0.4055,0.33635,0.47054
GHA,GHA6.15_2,Denkyembour,Eastern,2015,0.35533,0.29142,0.4162
GHA,GHA6.15_2,Denkyembour,Eastern,2016,0.3136,0.25589,0.36693
GHA,GHA6.15_2,Denkyembour,Eastern,2017,0.29882,0.2427,0.35105
GHA,GHA6.15_2,Denkyembour,Eastern,2018,0.30082,0.24407,0.35926
GHA,GHA6.15_2,Denkyembour,Eastern,2019,0.3195,0.25777,0.38491
GHA,GHA6.15_2,Denkyembour,Eastern,2020,0.32046,0.25758,0.38472
GHA,GHA6.15_2,Denkyembour,Eastern,2021,0.28971,0.23389,0.33824
GHA,GHA6.15_2,Denkyembour,Eastern,2022,0.25087,0.21411,0.29924
GHA,GHA6.15_2,Denkyembour,Eastern,2023,0.22237,0.181,0.27241
GHA,GHA6.15_2,Denkyembour,Eastern,2024,0.21215,0.1728,0.258
GHA,GHA6.15_2,Denkyembour,Eastern,2025,0.19315,0.15848,0.22923
GHA,GHA6.16_2,FanteakwaNorth,Eastern,2000,0.49248,0.44497,0.51188
GHA,GHA6.16_2,FanteakwaNorth,Eastern,2001,0.46908,0.405,0.49542
GHA,GHA6.16_2,FanteakwaNorth,Eastern,2002,0.43229,0.34835,0.47109
GHA,GHA6.16_2,FanteakwaNorth,Eastern,2003,0.37101,0.27532,0.42286
GHA,GHA6.16_2,FanteakwaNorth,Eastern,2004,0.30855,0.22294,0.35833
GHA,GHA6.16_2,FanteakwaNorth,Eastern,2005,0.28466,0.20373,0.32988
GHA,GHA6.16_2,FanteakwaNorth,Eastern,2006,0.2918,0.21323,0.33536
GHA,GHA6.16_2,FanteakwaNorth,Eastern,2007,0.31862,0.243,0.36576
GHA,GHA6.16_2,FanteakwaNorth,Eastern,2008,0.3533,0.27717,0.40382
GHA,GHA6.16_2,FanteakwaNorth,Eastern,2009,0.39695,0.32124,0.44863
GHA,GHA6.16_2,FanteakwaNorth,Eastern,2010,0.43062,0.36042,0.48099
GHA,GHA6.16_2,FanteakwaNorth,Eastern,2011,0.44092,0.37688,0.48621
GHA,GHA6.16_2,FanteakwaNorth,Eastern,2012,0.42766,0.36048,0.48173
GHA,GHA6.16_2,FanteakwaNorth,Eastern,2013,0.39196,0.32326,0.45375
GHA,GHA6.16_2,FanteakwaNorth,Eastern,2014,0.33567,0.26963,0.39324
GHA,GHA6.16_2,FanteakwaNorth,Eastern,2015,0.27092,0.21006,0.31426
GHA,GHA6.16_2,FanteakwaNorth,Eastern,2016,0.22859,0.16946,0.26328
GHA,GHA6.16_2,FanteakwaNorth,Eastern,2017,0.21457,0.1573,0.2472
GHA,GHA6.16_2,FanteakwaNorth,Eastern,2018,0.22109,0.16944,0.25129
GHA,GHA6.16_2,FanteakwaNorth,Eastern,2019,0.24463,0.19542,0.27486
GHA,GHA6.16_2,FanteakwaNorth,Eastern,2020,0.25672,0.2075,0.28877
GHA,GHA6.16_2,FanteakwaNorth,Eastern,2021,0.24061,0.19558,0.27138
GHA,GHA6.16_2,FanteakwaNorth,Eastern,2022,0.21556,0.17329,0.24513
GHA,GHA6.16_2,FanteakwaNorth,Eastern,2023,0.19949,0.15812,0.2281
GHA,GHA6.16_2,FanteakwaNorth,Eastern,2024,0.19697,0.15407,0.22724
GHA,GHA6.16_2,FanteakwaNorth,Eastern,2025,0.18808,0.14426,0.21907
GHA,GHA6.17_2,FanteakwaSouth,Eastern,2000,0.50373,0.48479,0.51912
GHA,GHA6.17_2,FanteakwaSouth,Eastern,2001,0.48571,0.4617,0.50665
GHA,GHA6.17_2,FanteakwaSouth,Eastern,2002,0.45711,0.42739,0.48523
GHA,GHA6.17_2,FanteakwaSouth,Eastern,2003,0.39989,0.3619,0.43478
GHA,GHA6.17_2,FanteakwaSouth,Eastern,2004,0.3337,0.30221,0.3661
GHA,GHA6.17_2,FanteakwaSouth,Eastern,2005,0.3043,0.27413,0.33127
GHA,GHA6.17_2,FanteakwaSouth,Eastern,2006,0.30307,0.27053,0.32849
GHA,GHA6.17_2,FanteakwaSouth,Eastern,2007,0.31892,0.28394,0.34333
GHA,GHA6.17_2,FanteakwaSouth,Eastern,2008,0.34404,0.30414,0.37204
GHA,GHA6.17_2,FanteakwaSouth,Eastern,2009,0.3787,0.33152,0.41148
GHA,GHA6.17_2,FanteakwaSouth,Eastern,2010,0.40774,0.36158,0.44124
GHA,GHA6.17_2,FanteakwaSouth,Eastern,2011,0.41677,0.37476,0.44691
GHA,GHA6.17_2,FanteakwaSouth,Eastern,2012,0.40642,0.37227,0.43889
GHA,GHA6.17_2,FanteakwaSouth,Eastern,2013,0.37858,0.35205,0.4156
GHA,GHA6.17_2,FanteakwaSouth,Eastern,2014,0.33402,0.31177,0.37446
GHA,GHA6.17_2,FanteakwaSouth,Eastern,2015,0.28042,0.26132,0.31595
GHA,GHA6.17_2,FanteakwaSouth,Eastern,2016,0.24454,0.22648,0.27791
GHA,GHA6.17_2,FanteakwaSouth,Eastern,2017,0.23051,0.21444,0.25884
GHA,GHA6.17_2,FanteakwaSouth,Eastern,2018,0.2305,0.21534,0.25159
GHA,GHA6.17_2,FanteakwaSouth,Eastern,2019,0.24725,0.22981,0.26544
GHA,GHA6.17_2,FanteakwaSouth,Eastern,2020,0.2563,0.23914,0.27444
GHA,GHA6.17_2,FanteakwaSouth,Eastern,2021,0.24157,0.22561,0.26042
GHA,GHA6.17_2,FanteakwaSouth,Eastern,2022,0.21974,0.20459,0.24109
GHA,GHA6.17_2,FanteakwaSouth,Eastern,2023,0.20556,0.18753,0.23111
GHA,GHA6.17_2,FanteakwaSouth,Eastern,2024,0.20475,0.1831,0.2314
GHA,GHA6.17_2,FanteakwaSouth,Eastern,2025,0.19659,0.1719,0.22281
GHA,GHA6.18_2,Kwaebibirem,Eastern,2000,0.47638,0.42447,0.51159
GHA,GHA6.18_2,Kwaebibirem,Eastern,2001,0.46142,0.40272,0.50288
GHA,GHA6.18_2,Kwaebibirem,Eastern,2002,0.44078,0.38027,0.48454
GHA,GHA6.18_2,Kwaebibirem,Eastern,2003,0.40365,0.3424,0.44574
GHA,GHA6.18_2,Kwaebibirem,Eastern,2004,0.36761,0.30564,0.4044
GHA,GHA6.18_2,Kwaebibirem,Eastern,2005,0.34837,0.27747,0.39292
GHA,GHA6.18_2,Kwaebibirem,Eastern,2006,0.33943,0.26738,0.38478
GHA,GHA6.18_2,Kwaebibirem,Eastern,2007,0.34302,0.27477,0.38877
GHA,GHA6.18_2,Kwaebibirem,Eastern,2008,0.35528,0.28899,0.40743
GHA,GHA6.18_2,Kwaebibirem,Eastern,2009,0.38025,0.31352,0.44079
GHA,GHA6.18_2,Kwaebibirem,Eastern,2010,0.40596,0.33747,0.47017
GHA,GHA6.18_2,Kwaebibirem,Eastern,2011,0.42315,0.35073,0.48737
GHA,GHA6.18_2,Kwaebibirem,Eastern,2012,0.42868,0.35363,0.48886
GHA,GHA6.18_2,Kwaebibirem,Eastern,2013,0.41948,0.34424,0.47704
GHA,GHA6.18_2,Kwaebibirem,Eastern,2014,0.38721,0.31329,0.45022
GHA,GHA6.18_2,Kwaebibirem,Eastern,2015,0.33825,0.27233,0.40627
GHA,GHA6.18_2,Kwaebibirem,Eastern,2016,0.30162,0.24228,0.36729
GHA,GHA6.18_2,Kwaebibirem,Eastern,2017,0.28767,0.23197,0.34999
GHA,GHA6.18_2,Kwaebibirem,Eastern,2018,0.28771,0.23284,0.34795
GHA,GHA6.18_2,Kwaebibirem,Eastern,2019,0.30417,0.24664,0.36369
GHA,GHA6.18_2,Kwaebibirem,Eastern,2020,0.30572,0.24563,0.37047
GHA,GHA6.18_2,Kwaebibirem,Eastern,2021,0.27806,0.22205,0.34378
GHA,GHA6.18_2,Kwaebibirem,Eastern,2022,0.24328,0.20093,0.30483
GHA,GHA6.18_2,Kwaebibirem,Eastern,2023,0.22044,0.17573,0.27697
GHA,GHA6.18_2,Kwaebibirem,Eastern,2024,0.21414,0.17202,0.26599
GHA,GHA6.18_2,Kwaebibirem,Eastern,2025,0.19908,0.16306,0.23852
GHA,GHA6.19_2,KwahuAframPlainsNorth,Eastern,2000,0.47084,0.43532,0.50384
GHA,GHA6.19_2,KwahuAframPlainsNorth,Eastern,2001,0.43034,0.38799,0.47603
GHA,GHA6.19_2,KwahuAframPlainsNorth,Eastern,2002,0.3775,0.32603,0.44159
GHA,GHA6.19_2,KwahuAframPlainsNorth,Eastern,2003,0.30137,0.24098,0.3818
GHA,GHA6.19_2,KwahuAframPlainsNorth,Eastern,2004,0.24261,0.18504,0.32018
GHA,GHA6.19_2,KwahuAframPlainsNorth,Eastern,2005,0.2265,0.17094,0.3083
GHA,GHA6.19_2,KwahuAframPlainsNorth,Eastern,2006,0.24803,0.19654,0.34264
GHA,GHA6.19_2,KwahuAframPlainsNorth,Eastern,2007,0.29604,0.24254,0.39414
GHA,GHA6.19_2,KwahuAframPlainsNorth,Eastern,2008,0.34496,0.28403,0.43937
GHA,GHA6.19_2,KwahuAframPlainsNorth,Eastern,2009,0.3961,0.33252,0.48325
GHA,GHA6.19_2,KwahuAframPlainsNorth,Eastern,2010,0.4353,0.37385,0.50225
GHA,GHA6.19_2,KwahuAframPlainsNorth,Eastern,2011,0.45298,0.39327,0.50468
GHA,GHA6.19_2,KwahuAframPlainsNorth,Eastern,2012,0.45276,0.37958,0.5035
GHA,GHA6.19_2,KwahuAframPlainsNorth,Eastern,2013,0.43133,0.34132,0.50143
GHA,GHA6.19_2,KwahuAframPlainsNorth,Eastern,2014,0.37828,0.28295,0.48902
GHA,GHA6.19_2,KwahuAframPlainsNorth,Eastern,2015,0.29671,0.22221,0.42107
GHA,GHA6.19_2,KwahuAframPlainsNorth,Eastern,2016,0.23843,0.18047,0.3583
GHA,GHA6.19_2,KwahuAframPlainsNorth,Eastern,2017,0.22663,0.17281,0.34371
GHA,GHA6.19_2,KwahuAframPlainsNorth,Eastern,2018,0.25117,0.18817,0.38075
GHA,GHA6.19_2,KwahuAframPlainsNorth,Eastern,2019,0.29807,0.21797,0.43749
GHA,GHA6.19_2,KwahuAframPlainsNorth,Eastern,2020,0.3226,0.23551,0.44759
GHA,GHA6.19_2,KwahuAframPlainsNorth,Eastern,2021,0.303,0.22576,0.43433
GHA,GHA6.19_2,KwahuAframPlainsNorth,Eastern,2022,0.26675,0.20117,0.38506
GHA,GHA6.19_2,KwahuAframPlainsNorth,Eastern,2023,0.24128,0.18505,0.35469
GHA,GHA6.19_2,KwahuAframPlainsNorth,Eastern,2024,0.23105,0.17978,0.3604
GHA,GHA6.19_2,KwahuAframPlainsNorth,Eastern,2025,0.21105,0.16814,0.3274
GHA,GHA6.1_2,AbuakwaNorth,Eastern,2000,0.50841,0.50198,0.51681
GHA,GHA6.1_2,AbuakwaNorth,Eastern,2001,0.49214,0.48301,0.50266
GHA,GHA6.1_2,AbuakwaNorth,Eastern,2002,0.46135,0.4458,0.47548
GHA,GHA6.1_2,AbuakwaNorth,Eastern,2003,0.39707,0.37358,0.42192
GHA,GHA6.1_2,AbuakwaNorth,Eastern,2004,0.32666,0.30212,0.35496
GHA,GHA6.1_2,AbuakwaNorth,Eastern,2005,0.2928,0.26765,0.32273
GHA,GHA6.1_2,AbuakwaNorth,Eastern,2006,0.28762,0.26137,0.31833
GHA,GHA6.1_2,AbuakwaNorth,Eastern,2007,0.30201,0.27399,0.33352
GHA,GHA6.1_2,AbuakwaNorth,Eastern,2008,0.32521,0.29461,0.35719
GHA,GHA6.1_2,AbuakwaNorth,Eastern,2009,0.35731,0.32343,0.39329
GHA,GHA6.1_2,AbuakwaNorth,Eastern,2010,0.38851,0.35496,0.42482
GHA,GHA6.1_2,AbuakwaNorth,Eastern,2011,0.40414,0.37128,0.44023
GHA,GHA6.1_2,AbuakwaNorth,Eastern,2012,0.40139,0.36721,0.4411
GHA,GHA6.1_2,AbuakwaNorth,Eastern,2013,0.38161,0.34832,0.42255
GHA,GHA6.1_2,AbuakwaNorth,Eastern,2014,0.34278,0.31233,0.38375
GHA,GHA6.1_2,AbuakwaNorth,Eastern,2015,0.29214,0.26667,0.32811
GHA,GHA6.1_2,AbuakwaNorth,Eastern,2016,0.25539,0.23239,0.28787
GHA,GHA6.1_2,AbuakwaNorth,Eastern,2017,0.23851,0.21464,0.27326
GHA,GHA6.1_2,AbuakwaNorth,Eastern,2018,0.23386,0.20678,0.27384
GHA,GHA6.1_2,AbuakwaNorth,Eastern,2019,0.24665,0.21614,0.2938
GHA,GHA6.1_2,AbuakwaNorth,Eastern,2020,0.25604,0.22352,0.30334
GHA,GHA6.1_2,AbuakwaNorth,Eastern,2021,0.24517,0.21603,0.28762
GHA,GHA6.1_2,AbuakwaNorth,Eastern,2022,0.22594,0.20444,0.25982
GHA,GHA6.1_2,AbuakwaNorth,Eastern,2023,0.21039,0.18769,0.2399
GHA,GHA6.1_2,AbuakwaNorth,Eastern,2024,0.20703,0.18474,0.23354
GHA,GHA6.1_2,AbuakwaNorth,Eastern,2025,0.19464,0.17429,0.2161
GHA,GHA6.20_2,KwahuAframPlainsSouth,Eastern,2000,0.49324,0.44951,0.51632
GHA,GHA6.20_2,KwahuAframPlainsSouth,Eastern,2001,0.46709,0.41282,0.50452
GHA,GHA6.20_2,KwahuAframPlainsSouth,Eastern,2002,0.42787,0.35834,0.47704
GHA,GHA6.20_2,KwahuAframPlainsSouth,Eastern,2003,0.36965,0.28623,0.44221
GHA,GHA6.20_2,KwahuAframPlainsSouth,Eastern,2004,0.3163,0.23206,0.39801
GHA,GHA6.20_2,KwahuAframPlainsSouth,Eastern,2005,0.304,0.21068,0.3908
GHA,GHA6.20_2,KwahuAframPlainsSouth,Eastern,2006,0.32705,0.2226,0.42141
GHA,GHA6.20_2,KwahuAframPlainsSouth,Eastern,2007,0.37003,0.25119,0.45547
GHA,GHA6.20_2,KwahuAframPlainsSouth,Eastern,2008,0.41265,0.2867,0.4823
GHA,GHA6.20_2,KwahuAframPlainsSouth,Eastern,2009,0.45657,0.33048,0.50426
GHA,GHA6.20_2,KwahuAframPlainsSouth,Eastern,2010,0.48146,0.36981,0.50828
GHA,GHA6.20_2,KwahuAframPlainsSouth,Eastern,2011,0.48813,0.38658,0.50634
GHA,GHA6.20_2,KwahuAframPlainsSouth,Eastern,2012,0.48568,0.37203,0.5045
GHA,GHA6.20_2,KwahuAframPlainsSouth,Eastern,2013,0.47264,0.33349,0.50289
GHA,GHA6.20_2,KwahuAframPlainsSouth,Eastern,2014,0.43728,0.27777,0.49974
GHA,GHA6.20_2,KwahuAframPlainsSouth,Eastern,2015,0.35212,0.22045,0.45111
GHA,GHA6.20_2,KwahuAframPlainsSouth,Eastern,2016,0.27371,0.18184,0.35464
GHA,GHA6.20_2,KwahuAframPlainsSouth,Eastern,2017,0.25006,0.17288,0.32039
GHA,GHA6.20_2,KwahuAframPlainsSouth,Eastern,2018,0.2672,0.18335,0.34864
GHA,GHA6.20_2,KwahuAframPlainsSouth,Eastern,2019,0.30763,0.2039,0.40324
GHA,GHA6.20_2,KwahuAframPlainsSouth,Eastern,2020,0.32704,0.21288,0.42518
GHA,GHA6.20_2,KwahuAframPlainsSouth,Eastern,2021,0.30493,0.19529,0.40182
GHA,GHA6.20_2,KwahuAframPlainsSouth,Eastern,2022,0.26706,0.17168,0.35505
GHA,GHA6.20_2,KwahuAframPlainsSouth,Eastern,2023,0.23996,0.15612,0.31843
GHA,GHA6.20_2,KwahuAframPlainsSouth,Eastern,2024,0.22949,0.1532,0.30287
GHA,GHA6.20_2,KwahuAframPlainsSouth,Eastern,2025,0.20947,0.1468,0.26961
GHA,GHA6.21_2,KwahuEast,Eastern,2000,0.46635,0.44114,0.48914
GHA,GHA6.21_2,KwahuEast,Eastern,2001,0.44644,0.42124,0.47607
GHA,GHA6.21_2,KwahuEast,Eastern,2002,0.42007,0.38907,0.4553
GHA,GHA6.21_2,KwahuEast,Eastern,2003,0.37353,0.33402,0.41567
GHA,GHA6.21_2,KwahuEast,Eastern,2004,0.33633,0.28913,0.38082
GHA,GHA6.21_2,KwahuEast,Eastern,2005,0.32772,0.28,0.37364
GHA,GHA6.21_2,KwahuEast,Eastern,2006,0.34213,0.294,0.3869
GHA,GHA6.21_2,KwahuEast,Eastern,2007,0.37223,0.32843,0.41063
GHA,GHA6.21_2,KwahuEast,Eastern,2008,0.40681,0.36673,0.43854
GHA,GHA6.21_2,KwahuEast,Eastern,2009,0.44817,0.40982,0.47621
GHA,GHA6.21_2,KwahuEast,Eastern,2010,0.4775,0.44871,0.49686
GHA,GHA6.21_2,KwahuEast,Eastern,2011,0.48695,0.46619,0.49976
GHA,GHA6.21_2,KwahuEast,Eastern,2012,0.48345,0.4632,0.49728
GHA,GHA6.21_2,KwahuEast,Eastern,2013,0.45754,0.43131,0.48099
GHA,GHA6.21_2,KwahuEast,Eastern,2014,0.39313,0.36157,0.42417
GHA,GHA6.21_2,KwahuEast,Eastern,2015,0.3003,0.2702,0.33259
GHA,GHA6.21_2,KwahuEast,Eastern,2016,0.23696,0.20755,0.26935
GHA,GHA6.21_2,KwahuEast,Eastern,2017,0.21527,0.18507,0.24848
GHA,GHA6.21_2,KwahuEast,Eastern,2018,0.22178,0.19177,0.25252
GHA,GHA6.21_2,KwahuEast,Eastern,2019,0.24716,0.21157,0.2808
GHA,GHA6.21_2,KwahuEast,Eastern,2020,0.25638,0.22051,0.28853
GHA,GHA6.21_2,KwahuEast,Eastern,2021,0.23348,0.20002,0.26296
GHA,GHA6.21_2,KwahuEast,Eastern,2022,0.20406,0.17501,0.2284
GHA,GHA6.21_2,KwahuEast,Eastern,2023,0.18369,0.15828,0.20664
GHA,GHA6.21_2,KwahuEast,Eastern,2024,0.17932,0.15421,0.20417
GHA,GHA6.21_2,KwahuEast,Eastern,2025,0.1709,0.14656,0.19443
GHA,GHA6.22_2,KwahuSouth,Eastern,2000,0.47763,0.4389,0.51119
GHA,GHA6.22_2,KwahuSouth,Eastern,2001,0.45291,0.40798,0.49666
GHA,GHA6.22_2,KwahuSouth,Eastern,2002,0.418,0.35719,0.47735
GHA,GHA6.22_2,KwahuSouth,Eastern,2003,0.36233,0.28957,0.43704
GHA,GHA6.22_2,KwahuSouth,Eastern,2004,0.31387,0.23982,0.39002
GHA,GHA6.22_2,KwahuSouth,Eastern,2005,0.29732,0.22253,0.37791
GHA,GHA6.22_2,KwahuSouth,Eastern,2006,0.30856,0.23324,0.38676
GHA,GHA6.22_2,KwahuSouth,Eastern,2007,0.33862,0.26375,0.41192
GHA,GHA6.22_2,KwahuSouth,Eastern,2008,0.37509,0.30029,0.44328
GHA,GHA6.22_2,KwahuSouth,Eastern,2009,0.41904,0.34698,0.47788
GHA,GHA6.22_2,KwahuSouth,Eastern,2010,0.45496,0.38873,0.49774
GHA,GHA6.22_2,KwahuSouth,Eastern,2011,0.467,0.40717,0.49961
GHA,GHA6.22_2,KwahuSouth,Eastern,2012,0.46071,0.39532,0.49872
GHA,GHA6.22_2,KwahuSouth,Eastern,2013,0.42959,0.355,0.48555
GHA,GHA6.22_2,KwahuSouth,Eastern,2014,0.36908,0.29391,0.44067
GHA,GHA6.22_2,KwahuSouth,Eastern,2015,0.28905,0.2267,0.35995
GHA,GHA6.22_2,KwahuSouth,Eastern,2016,0.23473,0.18039,0.30483
GHA,GHA6.22_2,KwahuSouth,Eastern,2017,0.21462,0.16436,0.28493
GHA,GHA6.22_2,KwahuSouth,Eastern,2018,0.2179,0.17245,0.28441
GHA,GHA6.22_2,KwahuSouth,Eastern,2019,0.23895,0.19426,0.31003
GHA,GHA6.22_2,KwahuSouth,Eastern,2020,0.24807,0.20163,0.31788
GHA,GHA6.22_2,KwahuSouth,Eastern,2021,0.22866,0.18508,0.29411
GHA,GHA6.22_2,KwahuSouth,Eastern,2022,0.2027,0.163,0.25752
GHA,GHA6.22_2,KwahuSouth,Eastern,2023,0.1848,0.14839,0.23615
GHA,GHA6.22_2,KwahuSouth,Eastern,2024,0.18156,0.14581,0.23327
GHA,GHA6.22_2,KwahuSouth,Eastern,2025,0.17377,0.14085,0.22219
GHA,GHA6.23_2,KwahuWest,Eastern,2000,0.47611,0.39696,0.50509
GHA,GHA6.23_2,KwahuWest,Eastern,2001,0.45768,0.36661,0.4918
GHA,GHA6.23_2,KwahuWest,Eastern,2002,0.43088,0.33647,0.47185
GHA,GHA6.23_2,KwahuWest,Eastern,2003,0.38664,0.28937,0.43243
GHA,GHA6.23_2,KwahuWest,Eastern,2004,0.3488,0.25776,0.39914
GHA,GHA6.23_2,KwahuWest,Eastern,2005,0.33488,0.24633,0.39118
GHA,GHA6.23_2,KwahuWest,Eastern,2006,0.34047,0.25162,0.40021
GHA,GHA6.23_2,KwahuWest,Eastern,2007,0.35989,0.27264,0.41482
GHA,GHA6.23_2,KwahuWest,Eastern,2008,0.38454,0.29912,0.4336
GHA,GHA6.23_2,KwahuWest,Eastern,2009,0.41792,0.33216,0.46321
GHA,GHA6.23_2,KwahuWest,Eastern,2010,0.44576,0.36397,0.48495
GHA,GHA6.23_2,KwahuWest,Eastern,2011,0.45749,0.37772,0.4929
GHA,GHA6.23_2,KwahuWest,Eastern,2012,0.45175,0.36951,0.49257
GHA,GHA6.23_2,KwahuWest,Eastern,2013,0.42487,0.3388,0.47523
GHA,GHA6.23_2,KwahuWest,Eastern,2014,0.37079,0.28855,0.42612
GHA,GHA6.23_2,KwahuWest,Eastern,2015,0.30062,0.23006,0.35109
GHA,GHA6.23_2,KwahuWest,Eastern,2016,0.25348,0.18865,0.29685
GHA,GHA6.23_2,KwahuWest,Eastern,2017,0.23682,0.17297,0.27878
GHA,GHA6.23_2,KwahuWest,Eastern,2018,0.23911,0.17595,0.2796
GHA,GHA6.23_2,KwahuWest,Eastern,2019,0.25947,0.19162,0.30223
GHA,GHA6.23_2,KwahuWest,Eastern,2020,0.2644,0.19532,0.3056
GHA,GHA6.23_2,KwahuWest,Eastern,2021,0.24072,0.17615,0.27766
GHA,GHA6.23_2,KwahuWest,Eastern,2022,0.21001,0.16324,0.24136
GHA,GHA6.23_2,KwahuWest,Eastern,2023,0.19057,0.13494,0.21955
GHA,GHA6.23_2,KwahuWest,Eastern,2024,0.18926,0.13352,0.21891
GHA,GHA6.23_2,KwahuWest,Eastern,2025,0.18197,0.12883,0.20947
GHA,GHA6.24_2,LowerManya-Krobo,Eastern,2000,0.51271,0.49572,0.52474
GHA,GHA6.24_2,LowerManya-Krobo,Eastern,2001,0.49256,0.46159,0.51517
GHA,GHA6.24_2,LowerManya-Krobo,Eastern,2002,0.45165,0.40493,0.493
GHA,GHA6.24_2,LowerManya-Krobo,Eastern,2003,0.37254,0.31029,0.43764
GHA,GHA6.24_2,LowerManya-Krobo,Eastern,2004,0.28658,0.22936,0.34712
GHA,GHA6.24_2,LowerManya-Krobo,Eastern,2005,0.23741,0.1805,0.29038
GHA,GHA6.24_2,LowerManya-Krobo,Eastern,2006,0.21349,0.15294,0.26484
GHA,GHA6.24_2,LowerManya-Krobo,Eastern,2007,0.20849,0.13985,0.25828
GHA,GHA6.24_2,LowerManya-Krobo,Eastern,2008,0.21349,0.1389,0.26398
GHA,GHA6.24_2,LowerManya-Krobo,Eastern,2009,0.22848,0.14707,0.28493
GHA,GHA6.24_2,LowerManya-Krobo,Eastern,2010,0.25044,0.1638,0.30956
GHA,GHA6.24_2,LowerManya-Krobo,Eastern,2011,0.27181,0.18567,0.33393
GHA,GHA6.24_2,LowerManya-Krobo,Eastern,2012,0.29051,0.20978,0.3561
GHA,GHA6.24_2,LowerManya-Krobo,Eastern,2013,0.30077,0.23001,0.3702
GHA,GHA6.24_2,LowerManya-Krobo,Eastern,2014,0.29062,0.2315,0.35658
GHA,GHA6.24_2,LowerManya-Krobo,Eastern,2015,0.26653,0.21813,0.32994
GHA,GHA6.24_2,LowerManya-Krobo,Eastern,2016,0.23881,0.19607,0.2951
GHA,GHA6.24_2,LowerManya-Krobo,Eastern,2017,0.21267,0.168,0.26642
GHA,GHA6.24_2,LowerManya-Krobo,Eastern,2018,0.18386,0.13187,0.23229
GHA,GHA6.24_2,LowerManya-Krobo,Eastern,2019,0.17113,0.11182,0.21908
GHA,GHA6.24_2,LowerManya-Krobo,Eastern,2020,0.17291,0.11157,0.2209
GHA,GHA6.24_2,LowerManya-Krobo,Eastern,2021,0.1771,0.12296,0.22385
GHA,GHA6.24_2,LowerManya-Krobo,Eastern,2022,0.18031,0.1356,0.22551
GHA,GHA6.24_2,LowerManya-Krobo,Eastern,2023,0.18057,0.14274,0.22366
GHA,GHA6.24_2,LowerManya-Krobo,Eastern,2024,0.18577,0.15084,0.22711
GHA,GHA6.24_2,LowerManya-Krobo,Eastern,2025,0.18181,0.15021,0.22108
GHA,GHA6.25_2,NewJuabenNorth,Eastern,2000,0.50927,0.46719,0.52418
GHA,GHA6.25_2,NewJuabenNorth,Eastern,2001,0.49179,0.43162,0.51642
GHA,GHA6.25_2,NewJuabenNorth,Eastern,2002,0.45979,0.38113,0.50071
GHA,GHA6.25_2,NewJuabenNorth,Eastern,2003,0.38993,0.29788,0.45242
GHA,GHA6.25_2,NewJuabenNorth,Eastern,2004,0.31517,0.22994,0.38092
GHA,GHA6.25_2,NewJuabenNorth,Eastern,2005,0.27689,0.19683,0.34056
GHA,GHA6.25_2,NewJuabenNorth,Eastern,2006,0.26663,0.18597,0.33223
GHA,GHA6.25_2,NewJuabenNorth,Eastern,2007,0.27677,0.19,0.34471
GHA,GHA6.25_2,NewJuabenNorth,Eastern,2008,0.29459,0.20393,0.36842
GHA,GHA6.25_2,NewJuabenNorth,Eastern,2009,0.32293,0.22508,0.40391
GHA,GHA6.25_2,NewJuabenNorth,Eastern,2010,0.35361,0.2507,0.43514
GHA,GHA6.25_2,NewJuabenNorth,Eastern,2011,0.37415,0.27004,0.45385
GHA,GHA6.25_2,NewJuabenNorth,Eastern,2012,0.3807,0.27987,0.46136
GHA,GHA6.25_2,NewJuabenNorth,Eastern,2013,0.3729,0.2778,0.45215
GHA,GHA6.25_2,NewJuabenNorth,Eastern,2014,0.34383,0.25842,0.4214
GHA,GHA6.25_2,NewJuabenNorth,Eastern,2015,0.30012,0.22635,0.37026
GHA,GHA6.25_2,NewJuabenNorth,Eastern,2016,0.26271,0.19668,0.32594
GHA,GHA6.25_2,NewJuabenNorth,Eastern,2017,0.24045,0.1752,0.3041
GHA,GHA6.25_2,NewJuabenNorth,Eastern,2018,0.2258,0.15951,0.29312
GHA,GHA6.25_2,NewJuabenNorth,Eastern,2019,0.22803,0.15707,0.29916
GHA,GHA6.25_2,NewJuabenNorth,Eastern,2020,0.23636,0.16278,0.31136
GHA,GHA6.25_2,NewJuabenNorth,Eastern,2021,0.23271,0.16408,0.30156
GHA,GHA6.25_2,NewJuabenNorth,Eastern,2022,0.22588,0.1824,0.2833
GHA,GHA6.25_2,NewJuabenNorth,Eastern,2023,0.2093,0.15238,0.26179
GHA,GHA6.25_2,NewJuabenNorth,Eastern,2024,0.20596,0.15043,0.2552
GHA,GHA6.25_2,NewJuabenNorth,Eastern,2025,0.19226,0.14072,0.2358
GHA,GHA6.26_2,NewJuabenSouth,Eastern,2000,0.49101,0.49101,0.49101
GHA,GHA6.26_2,NewJuabenSouth,Eastern,2001,0.46417,0.46417,0.46417
GHA,GHA6.26_2,NewJuabenSouth,Eastern,2002,0.42131,0.42131,0.42131
GHA,GHA6.26_2,NewJuabenSouth,Eastern,2003,0.33843,0.33843,0.33843
GHA,GHA6.26_2,NewJuabenSouth,Eastern,2004,0.26389,0.26389,0.26389
GHA,GHA6.26_2,NewJuabenSouth,Eastern,2005,0.22565,0.22565,0.22565
GHA,GHA6.26_2,NewJuabenSouth,Eastern,2006,0.21289,0.21289,0.21289
GHA,GHA6.26_2,NewJuabenSouth,Eastern,2007,0.21739,0.21739,0.21739
GHA,GHA6.26_2,NewJuabenSouth,Eastern,2008,0.23163,0.23163,0.23163
GHA,GHA6.26_2,NewJuabenSouth,Eastern,2009,0.25372,0.25372,0.25372
GHA,GHA6.26_2,NewJuabenSouth,Eastern,2010,0.2802,0.2802,0.2802
GHA,GHA6.26_2,NewJuabenSouth,Eastern,2011,0.30386,0.30386,0.30386
GHA,GHA6.26_2,NewJuabenSouth,Eastern,2012,0.31974,0.31974,0.31974
GHA,GHA6.26_2,NewJuabenSouth,Eastern,2013,0.32226,0.32226,0.32226
GHA,GHA6.26_2,NewJuabenSouth,Eastern,2014,0.30276,0.30276,0.30276
GHA,GHA6.26_2,NewJuabenSouth,Eastern,2015,0.26791,0.26791,0.26791
GHA,GHA6.26_2,NewJuabenSouth,Eastern,2016,0.2353,0.2353,0.2353
GHA,GHA6.26_2,NewJuabenSouth,Eastern,2017,0.21147,0.21147,0.21147
GHA,GHA6.26_2,NewJuabenSouth,Eastern,2018,0.1923,0.1923,0.1923
GHA,GHA6.26_2,NewJuabenSouth,Eastern,2019,0.18812,0.18812,0.18812
GHA,GHA6.26_2,NewJuabenSouth,Eastern,2020,0.19288,0.19288,0.19288
GHA,GHA6.26_2,NewJuabenSouth,Eastern,2021,0.1941,0.1941,0.1941
GHA,GHA6.26_2,NewJuabenSouth,Eastern,2022,0.20472,0.20472,0.20472
GHA,GHA6.26_2,NewJuabenSouth,Eastern,2023,0.1794,0.1794,0.1794
GHA,GHA6.26_2,NewJuabenSouth,Eastern,2024,0.17529,0.17529,0.17529
GHA,GHA6.26_2,NewJuabenSouth,Eastern,2025,0.16205,0.16205,0.16205
GHA,GHA6.27_2,NsawamAdoagyiri,Eastern,2000,0.48443,0.44895,0.50562
GHA,GHA6.27_2,NsawamAdoagyiri,Eastern,2001,0.46333,0.41953,0.48968
GHA,GHA6.27_2,NsawamAdoagyiri,Eastern,2002,0.41362,0.36259,0.44663
GHA,GHA6.27_2,NsawamAdoagyiri,Eastern,2003,0.32954,0.28238,0.36529
GHA,GHA6.27_2,NsawamAdoagyiri,Eastern,2004,0.25918,0.2208,0.28972
GHA,GHA6.27_2,NsawamAdoagyiri,Eastern,2005,0.22259,0.18784,0.25057
GHA,GHA6.27_2,NsawamAdoagyiri,Eastern,2006,0.21064,0.17627,0.23639
GHA,GHA6.27_2,NsawamAdoagyiri,Eastern,2007,0.21455,0.17835,0.24107
GHA,GHA6.27_2,NsawamAdoagyiri,Eastern,2008,0.22687,0.18963,0.25389
GHA,GHA6.27_2,NsawamAdoagyiri,Eastern,2009,0.25023,0.21073,0.27819
GHA,GHA6.27_2,NsawamAdoagyiri,Eastern,2010,0.2796,0.23852,0.30876
GHA,GHA6.27_2,NsawamAdoagyiri,Eastern,2011,0.30655,0.26414,0.33864
GHA,GHA6.27_2,NsawamAdoagyiri,Eastern,2012,0.32421,0.28392,0.35832
GHA,GHA6.27_2,NsawamAdoagyiri,Eastern,2013,0.33327,0.2944,0.36674
GHA,GHA6.27_2,NsawamAdoagyiri,Eastern,2014,0.32133,0.28467,0.35522
GHA,GHA6.27_2,NsawamAdoagyiri,Eastern,2015,0.29338,0.25943,0.3222
GHA,GHA6.27_2,NsawamAdoagyiri,Eastern,2016,0.26209,0.23231,0.28825
GHA,GHA6.27_2,NsawamAdoagyiri,Eastern,2017,0.23085,0.2046,0.25651
GHA,GHA6.27_2,NsawamAdoagyiri,Eastern,2018,0.1977,0.17477,0.22639
GHA,GHA6.27_2,NsawamAdoagyiri,Eastern,2019,0.18402,0.16149,0.21663
GHA,GHA6.27_2,NsawamAdoagyiri,Eastern,2020,0.19149,0.16975,0.22378
GHA,GHA6.27_2,NsawamAdoagyiri,Eastern,2021,0.21012,0.1871,0.23738
GHA,GHA6.27_2,NsawamAdoagyiri,Eastern,2022,0.23376,0.21954,0.25474
GHA,GHA6.27_2,NsawamAdoagyiri,Eastern,2023,0.22185,0.19811,0.23818
GHA,GHA6.27_2,NsawamAdoagyiri,Eastern,2024,0.21485,0.18926,0.22855
GHA,GHA6.27_2,NsawamAdoagyiri,Eastern,2025,0.18858,0.16455,0.20093
GHA,GHA6.28_2,Okere,Eastern,2000,0.51988,0.49659,0.52557
GHA,GHA6.28_2,Okere,Eastern,2001,0.50659,0.47172,0.51785
GHA,GHA6.28_2,Okere,Eastern,2002,0.47072,0.42567,0.49493
GHA,GHA6.28_2,Okere,Eastern,2003,0.39644,0.34356,0.43308
GHA,GHA6.28_2,Okere,Eastern,2004,0.30886,0.26382,0.35047
GHA,GHA6.28_2,Okere,Eastern,2005,0.26063,0.21587,0.30047
GHA,GHA6.28_2,Okere,Eastern,2006,0.24034,0.1921,0.28097
GHA,GHA6.28_2,Okere,Eastern,2007,0.24027,0.18796,0.28418
GHA,GHA6.28_2,Okere,Eastern,2008,0.25084,0.19309,0.29859
GHA,GHA6.28_2,Okere,Eastern,2009,0.27097,0.20521,0.32444
GHA,GHA6.28_2,Okere,Eastern,2010,0.29751,0.22469,0.35414
GHA,GHA6.28_2,Okere,Eastern,2011,0.32285,0.24799,0.38161
GHA,GHA6.28_2,Okere,Eastern,2012,0.34209,0.2676,0.4002
GHA,GHA6.28_2,Okere,Eastern,2013,0.35134,0.28076,0.4045
GHA,GHA6.28_2,Okere,Eastern,2014,0.33819,0.27681,0.38454
GHA,GHA6.28_2,Okere,Eastern,2015,0.30886,0.25794,0.34878
GHA,GHA6.28_2,Okere,Eastern,2016,0.27542,0.2327,0.3092
GHA,GHA6.28_2,Okere,Eastern,2017,0.24323,0.20155,0.27403
GHA,GHA6.28_2,Okere,Eastern,2018,0.20896,0.16226,0.24282
GHA,GHA6.28_2,Okere,Eastern,2019,0.1944,0.14241,0.23301
GHA,GHA6.28_2,Okere,Eastern,2020,0.19801,0.14527,0.23666
GHA,GHA6.28_2,Okere,Eastern,2021,0.20715,0.16014,0.24148
GHA,GHA6.28_2,Okere,Eastern,2022,0.21535,0.1842,0.24145
GHA,GHA6.28_2,Okere,Eastern,2023,0.21139,0.17667,0.23868
GHA,GHA6.28_2,Okere,Eastern,2024,0.21234,0.17421,0.23678
GHA,GHA6.28_2,Okere,Eastern,2025,0.19996,0.16252,0.22124
GHA,GHA6.29_2,Suhum,Eastern,2000,0.51453,0.48131,0.52498
GHA,GHA6.29_2,Suhum,Eastern,2001,0.50209,0.45942,0.51736
GHA,GHA6.29_2,Suhum,Eastern,2002,0.47809,0.42186,0.4998
GHA,GHA6.29_2,Suhum,Eastern,2003,0.41721,0.34795,0.4468
GHA,GHA6.29_2,Suhum,Eastern,2004,0.34571,0.28079,0.38011
GHA,GHA6.29_2,Suhum,Eastern,2005,0.30679,0.24519,0.34596
GHA,GHA6.29_2,Suhum,Eastern,2006,0.29263,0.23357,0.33023
GHA,GHA6.29_2,Suhum,Eastern,2007,0.30211,0.23855,0.34292
GHA,GHA6.29_2,Suhum,Eastern,2008,0.3204,0.25271,0.36345
GHA,GHA6.29_2,Suhum,Eastern,2009,0.35034,0.27729,0.3965
GHA,GHA6.29_2,Suhum,Eastern,2010,0.38447,0.30889,0.43068
GHA,GHA6.29_2,Suhum,Eastern,2011,0.4113,0.33759,0.45574
GHA,GHA6.29_2,Suhum,Eastern,2012,0.42772,0.35885,0.47029
GHA,GHA6.29_2,Suhum,Eastern,2013,0.4292,0.3638,0.47038
GHA,GHA6.29_2,Suhum,Eastern,2014,0.40645,0.3429,0.45073
GHA,GHA6.29_2,Suhum,Eastern,2015,0.36265,0.30275,0.40617
GHA,GHA6.29_2,Suhum,Eastern,2016,0.32256,0.2679,0.36373
GHA,GHA6.29_2,Suhum,Eastern,2017,0.30007,0.24218,0.34459
GHA,GHA6.29_2,Suhum,Eastern,2018,0.28802,0.21568,0.34155
GHA,GHA6.29_2,Suhum,Eastern,2019,0.29623,0.20927,0.36097
GHA,GHA6.29_2,Suhum,Eastern,2020,0.30569,0.21453,0.37219
GHA,GHA6.29_2,Suhum,Eastern,2021,0.29715,0.21728,0.35635
GHA,GHA6.29_2,Suhum,Eastern,2022,0.27741,0.21972,0.32113
GHA,GHA6.29_2,Suhum,Eastern,2023,0.25471,0.20879,0.28952
GHA,GHA6.29_2,Suhum,Eastern,2024,0.24214,0.19727,0.26997
GHA,GHA6.29_2,Suhum,Eastern,2025,0.21754,0.1752,0.23896
GHA,GHA6.2_2,AbuakwaSouth,Eastern,2000,0.50158,0.47633,0.52308
GHA,GHA6.2_2,AbuakwaSouth,Eastern,2001,0.48589,0.45478,0.51539
GHA,GHA6.2_2,AbuakwaSouth,Eastern,2002,0.45746,0.41834,0.49935
GHA,GHA6.2_2,AbuakwaSouth,Eastern,2003,0.39872,0.35236,0.45605
GHA,GHA6.2_2,AbuakwaSouth,Eastern,2004,0.33492,0.29338,0.38855
GHA,GHA6.2_2,AbuakwaSouth,Eastern,2005,0.30303,0.26368,0.35544
GHA,GHA6.2_2,AbuakwaSouth,Eastern,2006,0.29529,0.25534,0.34651
GHA,GHA6.2_2,AbuakwaSouth,Eastern,2007,0.30709,0.26384,0.36303
GHA,GHA6.2_2,AbuakwaSouth,Eastern,2008,0.32681,0.27942,0.38254
GHA,GHA6.2_2,AbuakwaSouth,Eastern,2009,0.35739,0.30619,0.41913
GHA,GHA6.2_2,AbuakwaSouth,Eastern,2010,0.38982,0.33734,0.45106
GHA,GHA6.2_2,AbuakwaSouth,Eastern,2011,0.40951,0.35958,0.46833
GHA,GHA6.2_2,AbuakwaSouth,Eastern,2012,0.41661,0.37114,0.4747
GHA,GHA6.2_2,AbuakwaSouth,Eastern,2013,0.40793,0.36644,0.46987
GHA,GHA6.2_2,AbuakwaSouth,Eastern,2014,0.37549,0.3354,0.44152
GHA,GHA6.2_2,AbuakwaSouth,Eastern,2015,0.32556,0.289,0.39091
GHA,GHA6.2_2,AbuakwaSouth,Eastern,2016,0.2874,0.25583,0.34692
GHA,GHA6.2_2,AbuakwaSouth,Eastern,2017,0.2716,0.24112,0.33097
GHA,GHA6.2_2,AbuakwaSouth,Eastern,2018,0.27,0.24055,0.32582
GHA,GHA6.2_2,AbuakwaSouth,Eastern,2019,0.28698,0.25697,0.34546
GHA,GHA6.2_2,AbuakwaSouth,Eastern,2020,0.29622,0.26391,0.35667
GHA,GHA6.2_2,AbuakwaSouth,Eastern,2021,0.27987,0.2482,0.33626
GHA,GHA6.2_2,AbuakwaSouth,Eastern,2022,0.25343,0.22173,0.30533
GHA,GHA6.2_2,AbuakwaSouth,Eastern,2023,0.23134,0.2015,0.27985
GHA,GHA6.2_2,AbuakwaSouth,Eastern,2024,0.22211,0.19289,0.26988
GHA,GHA6.2_2,AbuakwaSouth,Eastern,2025,0.20251,0.17568,0.24467
GHA,GHA6.30_2,UpperManya,Eastern,2000,0.50615,0.46514,0.52239
GHA,GHA6.30_2,UpperManya,Eastern,2001,0.48629,0.42757,0.51282
GHA,GHA6.30_2,UpperManya,Eastern,2002,0.45007,0.37297,0.49261
GHA,GHA6.30_2,UpperManya,Eastern,2003,0.3826,0.29712,0.44349
GHA,GHA6.30_2,UpperManya,Eastern,2004,0.3094,0.23714,0.36178
GHA,GHA6.30_2,UpperManya,Eastern,2005,0.27306,0.21397,0.32302
GHA,GHA6.30_2,UpperManya,Eastern,2006,0.26608,0.20966,0.32449
GHA,GHA6.30_2,UpperManya,Eastern,2007,0.27851,0.21587,0.34274
GHA,GHA6.30_2,UpperManya,Eastern,2008,0.30129,0.23335,0.37329
GHA,GHA6.30_2,UpperManya,Eastern,2009,0.33109,0.25727,0.41179
GHA,GHA6.30_2,UpperManya,Eastern,2010,0.36108,0.28414,0.44135
GHA,GHA6.30_2,UpperManya,Eastern,2011,0.37608,0.30312,0.45071
GHA,GHA6.30_2,UpperManya,Eastern,2012,0.37108,0.30541,0.43979
GHA,GHA6.30_2,UpperManya,Eastern,2013,0.3487,0.28827,0.40507
GHA,GHA6.30_2,UpperManya,Eastern,2014,0.31175,0.25582,0.36388
GHA,GHA6.30_2,UpperManya,Eastern,2015,0.26546,0.20806,0.32057
GHA,GHA6.30_2,UpperManya,Eastern,2016,0.23066,0.17173,0.28173
GHA,GHA6.30_2,UpperManya,Eastern,2017,0.21443,0.16209,0.25839
GHA,GHA6.30_2,UpperManya,Eastern,2018,0.21018,0.16997,0.24833
GHA,GHA6.30_2,UpperManya,Eastern,2019,0.22062,0.17944,0.26654
GHA,GHA6.30_2,UpperManya,Eastern,2020,0.23023,0.18789,0.27904
GHA,GHA6.30_2,UpperManya,Eastern,2021,0.22237,0.18579,0.26332
GHA,GHA6.30_2,UpperManya,Eastern,2022,0.20851,0.17437,0.24119
GHA,GHA6.30_2,UpperManya,Eastern,2023,0.19862,0.16421,0.22917
GHA,GHA6.30_2,UpperManya,Eastern,2024,0.19948,0.16106,0.23303
GHA,GHA6.30_2,UpperManya,Eastern,2025,0.19333,0.15317,0.22708
GHA,GHA6.31_2,UpperWestAkim,Eastern,2000,0.48208,0.46073,0.50145
GHA,GHA6.31_2,UpperWestAkim,Eastern,2001,0.46725,0.44438,0.48731
GHA,GHA6.31_2,UpperWestAkim,Eastern,2002,0.4363,0.40415,0.463
GHA,GHA6.31_2,UpperWestAkim,Eastern,2003,0.37338,0.33303,0.40836
GHA,GHA6.31_2,UpperWestAkim,Eastern,2004,0.31149,0.2672,0.35029
GHA,GHA6.31_2,UpperWestAkim,Eastern,2005,0.27621,0.232,0.31648
GHA,GHA6.31_2,UpperWestAkim,Eastern,2006,0.25937,0.21657,0.29851
GHA,GHA6.31_2,UpperWestAkim,Eastern,2007,0.26212,0.21751,0.30514
GHA,GHA6.31_2,UpperWestAkim,Eastern,2008,0.27966,0.22975,0.33022
GHA,GHA6.31_2,UpperWestAkim,Eastern,2009,0.31355,0.25422,0.37382
GHA,GHA6.31_2,UpperWestAkim,Eastern,2010,0.35624,0.28746,0.42953
GHA,GHA6.31_2,UpperWestAkim,Eastern,2011,0.39397,0.3212,0.46416
GHA,GHA6.31_2,UpperWestAkim,Eastern,2012,0.41971,0.34804,0.47963
GHA,GHA6.31_2,UpperWestAkim,Eastern,2013,0.43071,0.36526,0.48045
GHA,GHA6.31_2,UpperWestAkim,Eastern,2014,0.41789,0.35491,0.4656
GHA,GHA6.31_2,UpperWestAkim,Eastern,2015,0.38368,0.32268,0.42628
GHA,GHA6.31_2,UpperWestAkim,Eastern,2016,0.34737,0.29079,0.38931
GHA,GHA6.31_2,UpperWestAkim,Eastern,2017,0.3248,0.2677,0.37088
GHA,GHA6.31_2,UpperWestAkim,Eastern,2018,0.30981,0.24711,0.3629
GHA,GHA6.31_2,UpperWestAkim,Eastern,2019,0.31504,0.24547,0.37977
GHA,GHA6.31_2,UpperWestAkim,Eastern,2020,0.31958,0.25265,0.38577
GHA,GHA6.31_2,UpperWestAkim,Eastern,2021,0.31056,0.25656,0.36755
GHA,GHA6.31_2,UpperWestAkim,Eastern,2022,0.29322,0.26345,0.33131
GHA,GHA6.31_2,UpperWestAkim,Eastern,2023,0.26025,0.23351,0.29563
GHA,GHA6.31_2,UpperWestAkim,Eastern,2024,0.24109,0.21606,0.27118
GHA,GHA6.31_2,UpperWestAkim,Eastern,2025,0.2073,0.1846,0.2312
GHA,GHA6.32_2,WestAkim,Eastern,2000,0.48291,0.43145,0.50928
GHA,GHA6.32_2,WestAkim,Eastern,2001,0.46861,0.41318,0.49907
GHA,GHA6.32_2,WestAkim,Eastern,2002,0.44476,0.38625,0.47968
GHA,GHA6.32_2,WestAkim,Eastern,2003,0.39269,0.32569,0.43904
GHA,GHA6.32_2,WestAkim,Eastern,2004,0.34006,0.27238,0.39289
GHA,GHA6.32_2,WestAkim,Eastern,2005,0.30897,0.24104,0.36254
GHA,GHA6.32_2,WestAkim,Eastern,2006,0.29359,0.22444,0.35006
GHA,GHA6.32_2,WestAkim,Eastern,2007,0.29582,0.22374,0.35108
GHA,GHA6.32_2,WestAkim,Eastern,2008,0.31224,0.23929,0.36577
GHA,GHA6.32_2,WestAkim,Eastern,2009,0.34641,0.2687,0.40264
GHA,GHA6.32_2,WestAkim,Eastern,2010,0.38704,0.30855,0.45188
GHA,GHA6.32_2,WestAkim,Eastern,2011,0.41986,0.34504,0.4812
GHA,GHA6.32_2,WestAkim,Eastern,2012,0.44114,0.37488,0.49156
GHA,GHA6.32_2,WestAkim,Eastern,2013,0.44723,0.38882,0.49221
GHA,GHA6.32_2,WestAkim,Eastern,2014,0.42931,0.37271,0.48089
GHA,GHA6.32_2,WestAkim,Eastern,2015,0.38737,0.32983,0.44322
GHA,GHA6.32_2,WestAkim,Eastern,2016,0.34651,0.29321,0.3988
GHA,GHA6.32_2,WestAkim,Eastern,2017,0.32884,0.27563,0.38135
GHA,GHA6.32_2,WestAkim,Eastern,2018,0.3267,0.2747,0.38244
GHA,GHA6.32_2,WestAkim,Eastern,2019,0.34323,0.28771,0.40768
GHA,GHA6.32_2,WestAkim,Eastern,2020,0.3485,0.29205,0.4099
GHA,GHA6.32_2,WestAkim,Eastern,2021,0.32564,0.2748,0.37668
GHA,GHA6.32_2,WestAkim,Eastern,2022,0.28731,0.25259,0.33121
GHA,GHA6.32_2,WestAkim,Eastern,2023,0.25578,0.21538,0.29579
GHA,GHA6.32_2,WestAkim,Eastern,2024,0.23758,0.19837,0.27262
GHA,GHA6.32_2,WestAkim,Eastern,2025,0.20792,0.17159,0.23547
GHA,GHA6.33_2,Yilo-Krobo,Eastern,2000,0.51644,0.49691,0.52492
GHA,GHA6.33_2,Yilo-Krobo,Eastern,2001,0.49994,0.46402,0.516
GHA,GHA6.33_2,Yilo-Krobo,Eastern,2002,0.46545,0.40553,0.49753
GHA,GHA6.33_2,Yilo-Krobo,Eastern,2003,0.39205,0.31213,0.45264
GHA,GHA6.33_2,Yilo-Krobo,Eastern,2004,0.30986,0.23383,0.37996
GHA,GHA6.33_2,Yilo-Krobo,Eastern,2005,0.26518,0.18911,0.34197
GHA,GHA6.33_2,Yilo-Krobo,Eastern,2006,0.24852,0.16603,0.3324
GHA,GHA6.33_2,Yilo-Krobo,Eastern,2007,0.25153,0.16131,0.34984
GHA,GHA6.33_2,Yilo-Krobo,Eastern,2008,0.26493,0.16414,0.37553
GHA,GHA6.33_2,Yilo-Krobo,Eastern,2009,0.2866,0.17543,0.40883
GHA,GHA6.33_2,Yilo-Krobo,Eastern,2010,0.31234,0.19501,0.43711
GHA,GHA6.33_2,Yilo-Krobo,Eastern,2011,0.33328,0.21758,0.44837
GHA,GHA6.33_2,Yilo-Krobo,Eastern,2012,0.34481,0.23878,0.44653
GHA,GHA6.33_2,Yilo-Krobo,Eastern,2013,0.34491,0.25309,0.43082
GHA,GHA6.33_2,Yilo-Krobo,Eastern,2014,0.32435,0.24857,0.39601
GHA,GHA6.33_2,Yilo-Krobo,Eastern,2015,0.28964,0.22938,0.3424
GHA,GHA6.33_2,Yilo-Krobo,Eastern,2016,0.25664,0.20524,0.3037
GHA,GHA6.33_2,Yilo-Krobo,Eastern,2017,0.23097,0.1783,0.27982
GHA,GHA6.33_2,Yilo-Krobo,Eastern,2018,0.20816,0.14799,0.26978
GHA,GHA6.33_2,Yilo-Krobo,Eastern,2019,0.20201,0.13097,0.27635
GHA,GHA6.33_2,Yilo-Krobo,Eastern,2020,0.20658,0.13212,0.28554
GHA,GHA6.33_2,Yilo-Krobo,Eastern,2021,0.20717,0.13965,0.27594
GHA,GHA6.33_2,Yilo-Krobo,Eastern,2022,0.20608,0.15978,0.25848
GHA,GHA6.33_2,Yilo-Krobo,Eastern,2023,0.19902,0.14616,0.24655
GHA,GHA6.33_2,Yilo-Krobo,Eastern,2024,0.20065,0.14977,0.2454
GHA,GHA6.33_2,Yilo-Krobo,Eastern,2025,0.19204,0.14515,0.23496
GHA,GHA6.3_2,Achiase,Eastern,2000,0.45556,0.43016,0.47827
GHA,GHA6.3_2,Achiase,Eastern,2001,0.44497,0.41805,0.46623
GHA,GHA6.3_2,Achiase,Eastern,2002,0.42989,0.40291,0.44796
GHA,GHA6.3_2,Achiase,Eastern,2003,0.40057,0.37127,0.41866
GHA,GHA6.3_2,Achiase,Eastern,2004,0.36983,0.34177,0.39463
GHA,GHA6.3_2,Achiase,Eastern,2005,0.3485,0.31958,0.3769
GHA,GHA6.3_2,Achiase,Eastern,2006,0.33577,0.30726,0.36551
GHA,GHA6.3_2,Achiase,Eastern,2007,0.34263,0.31469,0.3719
GHA,GHA6.3_2,Achiase,Eastern,2008,0.37154,0.34398,0.39722
GHA,GHA6.3_2,Achiase,Eastern,2009,0.43006,0.40221,0.45662
GHA,GHA6.3_2,Achiase,Eastern,2010,0.48319,0.46191,0.49859
GHA,GHA6.3_2,Achiase,Eastern,2011,0.49781,0.48581,0.50347
GHA,GHA6.3_2,Achiase,Eastern,2012,0.49852,0.48927,0.50193
GHA,GHA6.3_2,Achiase,Eastern,2013,0.49144,0.47628,0.49764
GHA,GHA6.3_2,Achiase,Eastern,2014,0.46231,0.43462,0.47977
GHA,GHA6.3_2,Achiase,Eastern,2015,0.40138,0.36832,0.42602
GHA,GHA6.3_2,Achiase,Eastern,2016,0.34951,0.31671,0.37869
GHA,GHA6.3_2,Achiase,Eastern,2017,0.333,0.30194,0.36425
GHA,GHA6.3_2,Achiase,Eastern,2018,0.34237,0.3154,0.37456
GHA,GHA6.3_2,Achiase,Eastern,2019,0.36818,0.34164,0.40192
GHA,GHA6.3_2,Achiase,Eastern,2020,0.36425,0.33752,0.40288
GHA,GHA6.3_2,Achiase,Eastern,2021,0.31766,0.29054,0.35683
GHA,GHA6.3_2,Achiase,Eastern,2022,0.26028,0.23459,0.29477
GHA,GHA6.3_2,Achiase,Eastern,2023,0.22525,0.19847,0.2537
GHA,GHA6.3_2,Achiase,Eastern,2024,0.21374,0.18966,0.24112
GHA,GHA6.3_2,Achiase,Eastern,2025,0.19613,0.17611,0.21798
GHA,GHA6.4_2,AkwapemNorth,Eastern,2000,0.51689,0.50092,0.52388
GHA,GHA6.4_2,AkwapemNorth,Eastern,2001,0.50228,0.47385,0.51567
GHA,GHA6.4_2,AkwapemNorth,Eastern,2002,0.4642,0.41884,0.49465
GHA,GHA6.4_2,AkwapemNorth,Eastern,2003,0.38037,0.32293,0.42554
GHA,GHA6.4_2,AkwapemNorth,Eastern,2004,0.29643,0.24283,0.34714
GHA,GHA6.4_2,AkwapemNorth,Eastern,2005,0.25193,0.20102,0.30027
GHA,GHA6.4_2,AkwapemNorth,Eastern,2006,0.23608,0.18256,0.28599
GHA,GHA6.4_2,AkwapemNorth,Eastern,2007,0.23908,0.1808,0.29471
GHA,GHA6.4_2,AkwapemNorth,Eastern,2008,0.25173,0.18989,0.31326
GHA,GHA6.4_2,AkwapemNorth,Eastern,2009,0.27315,0.20658,0.34047
GHA,GHA6.4_2,AkwapemNorth,Eastern,2010,0.30045,0.22686,0.37258
GHA,GHA6.4_2,AkwapemNorth,Eastern,2011,0.32406,0.24656,0.39876
GHA,GHA6.4_2,AkwapemNorth,Eastern,2012,0.33962,0.26141,0.41621
GHA,GHA6.4_2,AkwapemNorth,Eastern,2013,0.34507,0.27118,0.41749
GHA,GHA6.4_2,AkwapemNorth,Eastern,2014,0.33126,0.26329,0.39967
GHA,GHA6.4_2,AkwapemNorth,Eastern,2015,0.30265,0.24753,0.36009
GHA,GHA6.4_2,AkwapemNorth,Eastern,2016,0.26934,0.22177,0.31741
GHA,GHA6.4_2,AkwapemNorth,Eastern,2017,0.23386,0.18697,0.28489
GHA,GHA6.4_2,AkwapemNorth,Eastern,2018,0.19585,0.14505,0.25279
GHA,GHA6.4_2,AkwapemNorth,Eastern,2019,0.17894,0.12323,0.24306
GHA,GHA6.4_2,AkwapemNorth,Eastern,2020,0.18382,0.12666,0.25008
GHA,GHA6.4_2,AkwapemNorth,Eastern,2021,0.19978,0.14764,0.25692
GHA,GHA6.4_2,AkwapemNorth,Eastern,2022,0.21664,0.17643,0.26263
GHA,GHA6.4_2,AkwapemNorth,Eastern,2023,0.21493,0.17655,0.25587
GHA,GHA6.4_2,AkwapemNorth,Eastern,2024,0.21465,0.17957,0.25012
GHA,GHA6.4_2,AkwapemNorth,Eastern,2025,0.19842,0.16748,0.22708
GHA,GHA6.5_2,AkwapemSouth,Eastern,2000,0.50846,0.49313,0.51994
GHA,GHA6.5_2,AkwapemSouth,Eastern,2001,0.49296,0.4695,0.51283
GHA,GHA6.5_2,AkwapemSouth,Eastern,2002,0.44858,0.40954,0.48482
GHA,GHA6.5_2,AkwapemSouth,Eastern,2003,0.35986,0.31683,0.4045
GHA,GHA6.5_2,AkwapemSouth,Eastern,2004,0.2806,0.24341,0.32108
GHA,GHA6.5_2,AkwapemSouth,Eastern,2005,0.24045,0.20756,0.27663
GHA,GHA6.5_2,AkwapemSouth,Eastern,2006,0.22852,0.19728,0.26207
GHA,GHA6.5_2,AkwapemSouth,Eastern,2007,0.23404,0.20125,0.26901
GHA,GHA6.5_2,AkwapemSouth,Eastern,2008,0.24893,0.21349,0.28625
GHA,GHA6.5_2,AkwapemSouth,Eastern,2009,0.27306,0.234,0.31199
GHA,GHA6.5_2,AkwapemSouth,Eastern,2010,0.29987,0.25807,0.34114
GHA,GHA6.5_2,AkwapemSouth,Eastern,2011,0.32294,0.27758,0.36838
GHA,GHA6.5_2,AkwapemSouth,Eastern,2012,0.33495,0.28648,0.38657
GHA,GHA6.5_2,AkwapemSouth,Eastern,2013,0.33613,0.28772,0.38869
GHA,GHA6.5_2,AkwapemSouth,Eastern,2014,0.32242,0.27672,0.37122
GHA,GHA6.5_2,AkwapemSouth,Eastern,2015,0.29463,0.25696,0.33735
GHA,GHA6.5_2,AkwapemSouth,Eastern,2016,0.26208,0.22883,0.29888
GHA,GHA6.5_2,AkwapemSouth,Eastern,2017,0.22511,0.19194,0.26548
GHA,GHA6.5_2,AkwapemSouth,Eastern,2018,0.18302,0.14618,0.23243
GHA,GHA6.5_2,AkwapemSouth,Eastern,2019,0.16399,0.12308,0.22098
GHA,GHA6.5_2,AkwapemSouth,Eastern,2020,0.1708,0.13102,0.22873
GHA,GHA6.5_2,AkwapemSouth,Eastern,2021,0.19432,0.15828,0.24199
GHA,GHA6.5_2,AkwapemSouth,Eastern,2022,0.22277,0.19027,0.25719
GHA,GHA6.5_2,AkwapemSouth,Eastern,2023,0.22155,0.19479,0.24789
GHA,GHA6.5_2,AkwapemSouth,Eastern,2024,0.21996,0.19694,0.24263
GHA,GHA6.5_2,AkwapemSouth,Eastern,2025,0.19882,0.17949,0.21882
GHA,GHA6.6_2,Akyemansa,Eastern,2000,0.43969,0.38594,0.47658
GHA,GHA6.6_2,Akyemansa,Eastern,2001,0.42266,0.36326,0.46386
GHA,GHA6.6_2,Akyemansa,Eastern,2002,0.40946,0.34973,0.45181
GHA,GHA6.6_2,Akyemansa,Eastern,2003,0.38871,0.33371,0.43218
GHA,GHA6.6_2,Akyemansa,Eastern,2004,0.37294,0.32555,0.41108
GHA,GHA6.6_2,Akyemansa,Eastern,2005,0.36399,0.32269,0.40001
GHA,GHA6.6_2,Akyemansa,Eastern,2006,0.3584,0.31889,0.3949
GHA,GHA6.6_2,Akyemansa,Eastern,2007,0.36578,0.32466,0.40223
GHA,GHA6.6_2,Akyemansa,Eastern,2008,0.39079,0.34816,0.43205
GHA,GHA6.6_2,Akyemansa,Eastern,2009,0.43641,0.38399,0.48109
GHA,GHA6.6_2,Akyemansa,Eastern,2010,0.47324,0.42374,0.50327
GHA,GHA6.6_2,Akyemansa,Eastern,2011,0.48392,0.44228,0.5041
GHA,GHA6.6_2,Akyemansa,Eastern,2012,0.48062,0.42861,0.50222
GHA,GHA6.6_2,Akyemansa,Eastern,2013,0.46239,0.39421,0.49829
GHA,GHA6.6_2,Akyemansa,Eastern,2014,0.42087,0.34571,0.47635
GHA,GHA6.6_2,Akyemansa,Eastern,2015,0.36123,0.29504,0.41731
GHA,GHA6.6_2,Akyemansa,Eastern,2016,0.31902,0.26247,0.37021
GHA,GHA6.6_2,Akyemansa,Eastern,2017,0.30699,0.25204,0.3566
GHA,GHA6.6_2,Akyemansa,Eastern,2018,0.31407,0.25767,0.36492
GHA,GHA6.6_2,Akyemansa,Eastern,2019,0.3375,0.27534,0.39573
GHA,GHA6.6_2,Akyemansa,Eastern,2020,0.33782,0.27589,0.39641
GHA,GHA6.6_2,Akyemansa,Eastern,2021,0.29969,0.24766,0.35434
GHA,GHA6.6_2,Akyemansa,Eastern,2022,0.2523,0.21861,0.29592
GHA,GHA6.6_2,Akyemansa,Eastern,2023,0.22192,0.1887,0.25944
GHA,GHA6.6_2,Akyemansa,Eastern,2024,0.21199,0.17994,0.24473
GHA,GHA6.6_2,Akyemansa,Eastern,2025,0.19367,0.16372,0.22016
GHA,GHA6.7_2,Asene-Manso-Akroso,Eastern,2000,0.48007,0.43817,0.50561
GHA,GHA6.7_2,Asene-Manso-Akroso,Eastern,2001,0.46742,0.42305,0.4955
GHA,GHA6.7_2,Asene-Manso-Akroso,Eastern,2002,0.44868,0.40167,0.4767
GHA,GHA6.7_2,Asene-Manso-Akroso,Eastern,2003,0.40713,0.35155,0.43592
GHA,GHA6.7_2,Asene-Manso-Akroso,Eastern,2004,0.36219,0.30277,0.39273
GHA,GHA6.7_2,Asene-Manso-Akroso,Eastern,2005,0.33452,0.27402,0.36463
GHA,GHA6.7_2,Asene-Manso-Akroso,Eastern,2006,0.32076,0.2592,0.35255
GHA,GHA6.7_2,Asene-Manso-Akroso,Eastern,2007,0.32704,0.26372,0.35936
GHA,GHA6.7_2,Asene-Manso-Akroso,Eastern,2008,0.35224,0.29032,0.3796
GHA,GHA6.7_2,Asene-Manso-Akroso,Eastern,2009,0.40192,0.34155,0.43627
GHA,GHA6.7_2,Asene-Manso-Akroso,Eastern,2010,0.45368,0.40043,0.49007
GHA,GHA6.7_2,Asene-Manso-Akroso,Eastern,2011,0.48038,0.43618,0.50159
GHA,GHA6.7_2,Asene-Manso-Akroso,Eastern,2012,0.48809,0.44884,0.50182
GHA,GHA6.7_2,Asene-Manso-Akroso,Eastern,2013,0.48353,0.44248,0.49797
GHA,GHA6.7_2,Asene-Manso-Akroso,Eastern,2014,0.45909,0.40959,0.48188
GHA,GHA6.7_2,Asene-Manso-Akroso,Eastern,2015,0.40778,0.35359,0.44099
GHA,GHA6.7_2,Asene-Manso-Akroso,Eastern,2016,0.36091,0.30652,0.39754
GHA,GHA6.7_2,Asene-Manso-Akroso,Eastern,2017,0.34241,0.29142,0.38092
GHA,GHA6.7_2,Asene-Manso-Akroso,Eastern,2018,0.34506,0.29084,0.38319
GHA,GHA6.7_2,Asene-Manso-Akroso,Eastern,2019,0.36658,0.30406,0.40906
GHA,GHA6.7_2,Asene-Manso-Akroso,Eastern,2020,0.36621,0.30358,0.41227
GHA,GHA6.7_2,Asene-Manso-Akroso,Eastern,2021,0.32949,0.27788,0.3755
GHA,GHA6.7_2,Asene-Manso-Akroso,Eastern,2022,0.28061,0.23309,0.32049
GHA,GHA6.7_2,Asene-Manso-Akroso,Eastern,2023,0.24693,0.1994,0.28321
GHA,GHA6.7_2,Asene-Manso-Akroso,Eastern,2024,0.23224,0.19073,0.26648
GHA,GHA6.7_2,Asene-Manso-Akroso,Eastern,2025,0.20818,0.17559,0.23583
GHA,GHA6.8_2,Asuogyaman,Eastern,2000,0.50112,0.48779,0.51779
GHA,GHA6.8_2,Asuogyaman,Eastern,2001,0.47612,0.45476,0.50306
GHA,GHA6.8_2,Asuogyaman,Eastern,2002,0.42676,0.39992,0.46811
GHA,GHA6.8_2,Asuogyaman,Eastern,2003,0.3477,0.32056,0.39588
GHA,GHA6.8_2,Asuogyaman,Eastern,2004,0.27383,0.2507,0.31505
GHA,GHA6.8_2,Asuogyaman,Eastern,2005,0.23473,0.20324,0.28146
GHA,GHA6.8_2,Asuogyaman,Eastern,2006,0.22218,0.17531,0.28101
GHA,GHA6.8_2,Asuogyaman,Eastern,2007,0.23005,0.16566,0.30582
GHA,GHA6.8_2,Asuogyaman,Eastern,2008,0.2475,0.16784,0.3342
GHA,GHA6.8_2,Asuogyaman,Eastern,2009,0.2744,0.17588,0.37635
GHA,GHA6.8_2,Asuogyaman,Eastern,2010,0.30498,0.19342,0.41832
GHA,GHA6.8_2,Asuogyaman,Eastern,2011,0.32475,0.21513,0.43566
GHA,GHA6.8_2,Asuogyaman,Eastern,2012,0.32756,0.23743,0.42922
GHA,GHA6.8_2,Asuogyaman,Eastern,2013,0.31448,0.2537,0.39695
GHA,GHA6.8_2,Asuogyaman,Eastern,2014,0.28364,0.24878,0.33739
GHA,GHA6.8_2,Asuogyaman,Eastern,2015,0.24205,0.21931,0.28358
GHA,GHA6.8_2,Asuogyaman,Eastern,2016,0.21025,0.18782,0.25524
GHA,GHA6.8_2,Asuogyaman,Eastern,2017,0.19462,0.17625,0.22757
GHA,GHA6.8_2,Asuogyaman,Eastern,2018,0.18836,0.15117,0.23269
GHA,GHA6.8_2,Asuogyaman,Eastern,2019,0.1971,0.13562,0.26388
GHA,GHA6.8_2,Asuogyaman,Eastern,2020,0.20781,0.13745,0.28401
GHA,GHA6.8_2,Asuogyaman,Eastern,2021,0.20579,0.14363,0.27559
GHA,GHA6.8_2,Asuogyaman,Eastern,2022,0.19825,0.15316,0.25743
GHA,GHA6.8_2,Asuogyaman,Eastern,2023,0.19188,0.15752,0.24186
GHA,GHA6.8_2,Asuogyaman,Eastern,2024,0.1938,0.165,0.24173
GHA,GHA6.8_2,Asuogyaman,Eastern,2025,0.18806,0.16386,0.23099
GHA,GHA6.9_2,AtiwaEast,Eastern,2000,0.49413,0.46647,0.51257
GHA,GHA6.9_2,AtiwaEast,Eastern,2001,0.4777,0.44582,0.50196
GHA,GHA6.9_2,AtiwaEast,Eastern,2002,0.45199,0.41933,0.48198
GHA,GHA6.9_2,AtiwaEast,Eastern,2003,0.40803,0.36163,0.45542
GHA,GHA6.9_2,AtiwaEast,Eastern,2004,0.36318,0.30547,0.42077
GHA,GHA6.9_2,AtiwaEast,Eastern,2005,0.34455,0.28095,0.40717
GHA,GHA6.9_2,AtiwaEast,Eastern,2006,0.34396,0.27832,0.41047
GHA,GHA6.9_2,AtiwaEast,Eastern,2007,0.35746,0.29355,0.41572
GHA,GHA6.9_2,AtiwaEast,Eastern,2008,0.37775,0.31415,0.43234
GHA,GHA6.9_2,AtiwaEast,Eastern,2009,0.40726,0.34249,0.46122
GHA,GHA6.9_2,AtiwaEast,Eastern,2010,0.43128,0.37086,0.48607
GHA,GHA6.9_2,AtiwaEast,Eastern,2011,0.44007,0.37903,0.48992
GHA,GHA6.9_2,AtiwaEast,Eastern,2012,0.43106,0.36655,0.48459
GHA,GHA6.9_2,AtiwaEast,Eastern,2013,0.40391,0.33806,0.45949
GHA,GHA6.9_2,AtiwaEast,Eastern,2014,0.35602,0.29485,0.42067
GHA,GHA6.9_2,AtiwaEast,Eastern,2015,0.29833,0.24598,0.36494
GHA,GHA6.9_2,AtiwaEast,Eastern,2016,0.26002,0.21406,0.32558
GHA,GHA6.9_2,AtiwaEast,Eastern,2017,0.24694,0.20191,0.30963
GHA,GHA6.9_2,AtiwaEast,Eastern,2018,0.24904,0.20461,0.31323
GHA,GHA6.9_2,AtiwaEast,Eastern,2019,0.2682,0.22099,0.33512
GHA,GHA6.9_2,AtiwaEast,Eastern,2020,0.27319,0.22764,0.34001
GHA,GHA6.9_2,AtiwaEast,Eastern,2021,0.24989,0.21166,0.3054
GHA,GHA6.9_2,AtiwaEast,Eastern,2022,0.22,0.18924,0.26936
GHA,GHA6.9_2,AtiwaEast,Eastern,2023,0.20235,0.1744,0.24514
GHA,GHA6.9_2,AtiwaEast,Eastern,2024,0.20203,0.17384,0.24342
GHA,GHA6.9_2,AtiwaEast,Eastern,2025,0.19489,0.16773,0.23222
GHA,GHA7.10_2,AyawasoEast,GreaterAccra,2000,0.3417,0.3417,0.3417
GHA,GHA7.10_2,AyawasoEast,GreaterAccra,2001,0.29962,0.29962,0.29962
GHA,GHA7.10_2,AyawasoEast,GreaterAccra,2002,0.24535,0.24535,0.24535
GHA,GHA7.10_2,AyawasoEast,GreaterAccra,2003,0.17818,0.17818,0.17818
GHA,GHA7.10_2,AyawasoEast,GreaterAccra,2004,0.12779,0.12779,0.12779
GHA,GHA7.10_2,AyawasoEast,GreaterAccra,2005,0.10361,0.10361,0.10361
GHA,GHA7.10_2,AyawasoEast,GreaterAccra,2006,0.09588,0.09588,0.09588
GHA,GHA7.10_2,AyawasoEast,GreaterAccra,2007,0.10225,0.10225,0.10225
GHA,GHA7.10_2,AyawasoEast,GreaterAccra,2008,0.11548,0.11548,0.11548
GHA,GHA7.10_2,AyawasoEast,GreaterAccra,2009,0.13436,0.13436,0.13436
GHA,GHA7.10_2,AyawasoEast,GreaterAccra,2010,0.15377,0.15377,0.15377
GHA,GHA7.10_2,AyawasoEast,GreaterAccra,2011,0.16947,0.16947,0.16947
GHA,GHA7.10_2,AyawasoEast,GreaterAccra,2012,0.17627,0.17627,0.17627
GHA,GHA7.10_2,AyawasoEast,GreaterAccra,2013,0.1765,0.1765,0.1765
GHA,GHA7.10_2,AyawasoEast,GreaterAccra,2014,0.17187,0.17187,0.17187
GHA,GHA7.10_2,AyawasoEast,GreaterAccra,2015,0.16192,0.16192,0.16192
GHA,GHA7.10_2,AyawasoEast,GreaterAccra,2016,0.1418,0.1418,0.1418
GHA,GHA7.10_2,AyawasoEast,GreaterAccra,2017,0.10802,0.10802,0.10802
GHA,GHA7.10_2,AyawasoEast,GreaterAccra,2018,0.06896,0.06896,0.06896
GHA,GHA7.10_2,AyawasoEast,GreaterAccra,2019,0.05001,0.05001,0.05001
GHA,GHA7.10_2,AyawasoEast,GreaterAccra,2020,0.05359,0.05359,0.05359
GHA,GHA7.10_2,AyawasoEast,GreaterAccra,2021,0.08038,0.08038,0.08038
GHA,GHA7.10_2,AyawasoEast,GreaterAccra,2022,0.14049,0.14049,0.14049
GHA,GHA7.10_2,AyawasoEast,GreaterAccra,2023,0.13625,0.13625,0.13625
GHA,GHA7.10_2,AyawasoEast,GreaterAccra,2024,0.14033,0.14033,0.14033
GHA,GHA7.10_2,AyawasoEast,GreaterAccra,2025,0.12517,0.12517,0.12517
GHA,GHA7.11_2,AyawasoNorth,GreaterAccra,2000,,,
GHA,GHA7.11_2,AyawasoNorth,GreaterAccra,2001,,,
GHA,GHA7.11_2,AyawasoNorth,GreaterAccra,2002,,,
GHA,GHA7.11_2,AyawasoNorth,GreaterAccra,2003,,,
GHA,GHA7.11_2,AyawasoNorth,GreaterAccra,2004,,,
GHA,GHA7.11_2,AyawasoNorth,GreaterAccra,2005,,,
GHA,GHA7.11_2,AyawasoNorth,GreaterAccra,2006,,,
GHA,GHA7.11_2,AyawasoNorth,GreaterAccra,2007,,,
GHA,GHA7.11_2,AyawasoNorth,GreaterAccra,2008,,,
GHA,GHA7.11_2,AyawasoNorth,GreaterAccra,2009,,,
GHA,GHA7.11_2,AyawasoNorth,GreaterAccra,2010,,,
GHA,GHA7.11_2,AyawasoNorth,GreaterAccra,2011,,,
GHA,GHA7.11_2,AyawasoNorth,GreaterAccra,2012,,,
GHA,GHA7.11_2,AyawasoNorth,GreaterAccra,2013,,,
GHA,GHA7.11_2,AyawasoNorth,GreaterAccra,2014,,,
GHA,GHA7.11_2,AyawasoNorth,GreaterAccra,2015,,,
GHA,GHA7.11_2,AyawasoNorth,GreaterAccra,2016,,,
GHA,GHA7.11_2,AyawasoNorth,GreaterAccra,2017,,,
GHA,GHA7.11_2,AyawasoNorth,GreaterAccra,2018,,,
GHA,GHA7.11_2,AyawasoNorth,GreaterAccra,2019,,,
GHA,GHA7.11_2,AyawasoNorth,GreaterAccra,2020,,,
GHA,GHA7.11_2,AyawasoNorth,GreaterAccra,2021,,,
GHA,GHA7.11_2,AyawasoNorth,GreaterAccra,2022,,,
GHA,GHA7.11_2,AyawasoNorth,GreaterAccra,2023,,,
GHA,GHA7.11_2,AyawasoNorth,GreaterAccra,2024,,,
GHA,GHA7.11_2,AyawasoNorth,GreaterAccra,2025,,,
GHA,GHA7.12_2,AyawasoWest,GreaterAccra,2000,0.39632,0.39632,0.39632
GHA,GHA7.12_2,AyawasoWest,GreaterAccra,2001,0.35393,0.35393,0.35393
GHA,GHA7.12_2,AyawasoWest,GreaterAccra,2002,0.29165,0.29165,0.29165
GHA,GHA7.12_2,AyawasoWest,GreaterAccra,2003,0.21454,0.21454,0.21454
GHA,GHA7.12_2,AyawasoWest,GreaterAccra,2004,0.15736,0.15736,0.15736
GHA,GHA7.12_2,AyawasoWest,GreaterAccra,2005,0.12971,0.12971,0.12971
GHA,GHA7.12_2,AyawasoWest,GreaterAccra,2006,0.12156,0.12156,0.12156
GHA,GHA7.12_2,AyawasoWest,GreaterAccra,2007,0.12765,0.12765,0.12765
GHA,GHA7.12_2,AyawasoWest,GreaterAccra,2008,0.14101,0.14101,0.14101
GHA,GHA7.12_2,AyawasoWest,GreaterAccra,2009,0.16142,0.16142,0.16142
GHA,GHA7.12_2,AyawasoWest,GreaterAccra,2010,0.18255,0.18255,0.18255
GHA,GHA7.12_2,AyawasoWest,GreaterAccra,2011,0.19811,0.19811,0.19811
GHA,GHA7.12_2,AyawasoWest,GreaterAccra,2012,0.20404,0.20404,0.20404
GHA,GHA7.12_2,AyawasoWest,GreaterAccra,2013,0.20282,0.20282,0.20282
GHA,GHA7.12_2,AyawasoWest,GreaterAccra,2014,0.19538,0.19538,0.19538
GHA,GHA7.12_2,AyawasoWest,GreaterAccra,2015,0.18422,0.18422,0.18422
GHA,GHA7.12_2,AyawasoWest,GreaterAccra,2016,0.16201,0.16201,0.16201
GHA,GHA7.12_2,AyawasoWest,GreaterAccra,2017,0.12656,0.12656,0.12656
GHA,GHA7.12_2,AyawasoWest,GreaterAccra,2018,0.08335,0.08335,0.08335
GHA,GHA7.12_2,AyawasoWest,GreaterAccra,2019,0.06172,0.06172,0.06172
GHA,GHA7.12_2,AyawasoWest,GreaterAccra,2020,0.06681,0.06681,0.06681
GHA,GHA7.12_2,AyawasoWest,GreaterAccra,2021,0.0987,0.0987,0.0987
GHA,GHA7.12_2,AyawasoWest,GreaterAccra,2022,0.15778,0.15778,0.15778
GHA,GHA7.12_2,AyawasoWest,GreaterAccra,2023,0.15877,0.15877,0.15877
GHA,GHA7.12_2,AyawasoWest,GreaterAccra,2024,0.16227,0.16227,0.16227
GHA,GHA7.12_2,AyawasoWest,GreaterAccra,2025,0.14438,0.14438,0.14438
GHA,GHA7.13_2,GaCentral,GreaterAccra,2000,0.38116,0.33448,0.42312
GHA,GHA7.13_2,GaCentral,GreaterAccra,2001,0.34491,0.29696,0.39023
GHA,GHA7.13_2,GaCentral,GreaterAccra,2002,0.28944,0.24583,0.33252
GHA,GHA7.13_2,GaCentral,GreaterAccra,2003,0.21626,0.17915,0.25471
GHA,GHA7.13_2,GaCentral,GreaterAccra,2004,0.16199,0.12899,0.19662
GHA,GHA7.13_2,GaCentral,GreaterAccra,2005,0.13593,0.1061,0.16789
GHA,GHA7.13_2,GaCentral,GreaterAccra,2006,0.12692,0.09793,0.15711
GHA,GHA7.13_2,GaCentral,GreaterAccra,2007,0.13372,0.10482,0.16464
GHA,GHA7.13_2,GaCentral,GreaterAccra,2008,0.15191,0.12142,0.18562
GHA,GHA7.13_2,GaCentral,GreaterAccra,2009,0.1809,0.14635,0.2193
GHA,GHA7.13_2,GaCentral,GreaterAccra,2010,0.21161,0.17179,0.25537
GHA,GHA7.13_2,GaCentral,GreaterAccra,2011,0.2322,0.19015,0.27837
GHA,GHA7.13_2,GaCentral,GreaterAccra,2012,0.23875,0.19643,0.28471
GHA,GHA7.13_2,GaCentral,GreaterAccra,2013,0.2352,0.19398,0.27921
GHA,GHA7.13_2,GaCentral,GreaterAccra,2014,0.22439,0.18634,0.26382
GHA,GHA7.13_2,GaCentral,GreaterAccra,2015,0.20835,0.17474,0.24266
GHA,GHA7.13_2,GaCentral,GreaterAccra,2016,0.18469,0.15239,0.21665
GHA,GHA7.13_2,GaCentral,GreaterAccra,2017,0.15211,0.12088,0.18256
GHA,GHA7.13_2,GaCentral,GreaterAccra,2018,0.1132,0.08364,0.1428
GHA,GHA7.13_2,GaCentral,GreaterAccra,2019,0.09157,0.06375,0.11946
GHA,GHA7.13_2,GaCentral,GreaterAccra,2020,0.09522,0.06659,0.12324
GHA,GHA7.13_2,GaCentral,GreaterAccra,2021,0.11969,0.09152,0.14627
GHA,GHA7.13_2,GaCentral,GreaterAccra,2022,0.16586,0.14822,0.18066
GHA,GHA7.13_2,GaCentral,GreaterAccra,2023,0.15488,0.13414,0.17481
GHA,GHA7.13_2,GaCentral,GreaterAccra,2024,0.15365,0.13634,0.17111
GHA,GHA7.13_2,GaCentral,GreaterAccra,2025,0.13436,0.11986,0.14977
GHA,GHA7.14_2,GaEast,GreaterAccra,2000,0.4131,0.346,0.46701
GHA,GHA7.14_2,GaEast,GreaterAccra,2001,0.3748,0.30553,0.43337
GHA,GHA7.14_2,GaEast,GreaterAccra,2002,0.31618,0.24998,0.37586
GHA,GHA7.14_2,GaEast,GreaterAccra,2003,0.23632,0.18077,0.28459
GHA,GHA7.14_2,GaEast,GreaterAccra,2004,0.17643,0.1294,0.21608
GHA,GHA7.14_2,GaEast,GreaterAccra,2005,0.14722,0.10509,0.18269
GHA,GHA7.14_2,GaEast,GreaterAccra,2006,0.13777,0.09758,0.17148
GHA,GHA7.14_2,GaEast,GreaterAccra,2007,0.1436,0.10444,0.17654
GHA,GHA7.14_2,GaEast,GreaterAccra,2008,0.15755,0.1191,0.19044
GHA,GHA7.14_2,GaEast,GreaterAccra,2009,0.17903,0.14175,0.21128
GHA,GHA7.14_2,GaEast,GreaterAccra,2010,0.20207,0.16493,0.23381
GHA,GHA7.14_2,GaEast,GreaterAccra,2011,0.21898,0.18162,0.25053
GHA,GHA7.14_2,GaEast,GreaterAccra,2012,0.22636,0.18715,0.25598
GHA,GHA7.14_2,GaEast,GreaterAccra,2013,0.22612,0.18564,0.25526
GHA,GHA7.14_2,GaEast,GreaterAccra,2014,0.21799,0.17833,0.24474
GHA,GHA7.14_2,GaEast,GreaterAccra,2015,0.20305,0.16687,0.2264
GHA,GHA7.14_2,GaEast,GreaterAccra,2016,0.17925,0.14481,0.20174
GHA,GHA7.14_2,GaEast,GreaterAccra,2017,0.14489,0.11257,0.1661
GHA,GHA7.14_2,GaEast,GreaterAccra,2018,0.10349,0.07498,0.12332
GHA,GHA7.14_2,GaEast,GreaterAccra,2019,0.08196,0.05614,0.10036
GHA,GHA7.14_2,GaEast,GreaterAccra,2020,0.08763,0.06045,0.10746
GHA,GHA7.14_2,GaEast,GreaterAccra,2021,0.11856,0.0879,0.13987
GHA,GHA7.14_2,GaEast,GreaterAccra,2022,0.17041,0.14547,0.18358
GHA,GHA7.14_2,GaEast,GreaterAccra,2023,0.16738,0.13912,0.18781
GHA,GHA7.14_2,GaEast,GreaterAccra,2024,0.16833,0.1414,0.18778
GHA,GHA7.14_2,GaEast,GreaterAccra,2025,0.14904,0.12466,0.16594
GHA,GHA7.15_2,GaNorth,GreaterAccra,2000,0.4448,0.40896,0.4846
GHA,GHA7.15_2,GaNorth,GreaterAccra,2001,0.41216,0.36987,0.46098
GHA,GHA7.15_2,GaNorth,GreaterAccra,2002,0.35398,0.31054,0.40127
GHA,GHA7.15_2,GaNorth,GreaterAccra,2003,0.27038,0.23161,0.31078
GHA,GHA7.15_2,GaNorth,GreaterAccra,2004,0.2074,0.17371,0.24051
GHA,GHA7.15_2,GaNorth,GreaterAccra,2005,0.17672,0.14543,0.20659
GHA,GHA7.15_2,GaNorth,GreaterAccra,2006,0.16643,0.1363,0.19573
GHA,GHA7.15_2,GaNorth,GreaterAccra,2007,0.17159,0.14166,0.20261
GHA,GHA7.15_2,GaNorth,GreaterAccra,2008,0.18497,0.15595,0.21577
GHA,GHA7.15_2,GaNorth,GreaterAccra,2009,0.2071,0.17913,0.23822
GHA,GHA7.15_2,GaNorth,GreaterAccra,2010,0.23256,0.20438,0.26609
GHA,GHA7.15_2,GaNorth,GreaterAccra,2011,0.25352,0.22351,0.28587
GHA,GHA7.15_2,GaNorth,GreaterAccra,2012,0.26588,0.23252,0.29866
GHA,GHA7.15_2,GaNorth,GreaterAccra,2013,0.27078,0.23357,0.30292
GHA,GHA7.15_2,GaNorth,GreaterAccra,2014,0.26242,0.22565,0.29412
GHA,GHA7.15_2,GaNorth,GreaterAccra,2015,0.24305,0.21121,0.2705
GHA,GHA7.15_2,GaNorth,GreaterAccra,2016,0.21621,0.18787,0.24187
GHA,GHA7.15_2,GaNorth,GreaterAccra,2017,0.18372,0.15561,0.20701
GHA,GHA7.15_2,GaNorth,GreaterAccra,2018,0.14434,0.11523,0.16527
GHA,GHA7.15_2,GaNorth,GreaterAccra,2019,0.12446,0.09354,0.14529
GHA,GHA7.15_2,GaNorth,GreaterAccra,2020,0.13173,0.09962,0.15315
GHA,GHA7.15_2,GaNorth,GreaterAccra,2021,0.15962,0.12893,0.18099
GHA,GHA7.15_2,GaNorth,GreaterAccra,2022,0.20368,0.18776,0.21567
GHA,GHA7.15_2,GaNorth,GreaterAccra,2023,0.19253,0.1694,0.21317
GHA,GHA7.15_2,GaNorth,GreaterAccra,2024,0.18957,0.16857,0.21052
GHA,GHA7.15_2,GaNorth,GreaterAccra,2025,0.1657,0.14698,0.1859
GHA,GHA7.16_2,GaSouth,GreaterAccra,2000,0.45409,0.42498,0.46907
GHA,GHA7.16_2,GaSouth,GreaterAccra,2001,0.43044,0.39207,0.45183
GHA,GHA7.16_2,GaSouth,GreaterAccra,2002,0.38081,0.33861,0.40593
GHA,GHA7.16_2,GaSouth,GreaterAccra,2003,0.30247,0.26017,0.32951
GHA,GHA7.16_2,GaSouth,GreaterAccra,2004,0.23927,0.20144,0.26438
GHA,GHA7.16_2,GaSouth,GreaterAccra,2005,0.20578,0.17169,0.22944
GHA,GHA7.16_2,GaSouth,GreaterAccra,2006,0.19191,0.16238,0.21387
GHA,GHA7.16_2,GaSouth,GreaterAccra,2007,0.19662,0.16772,0.21781
GHA,GHA7.16_2,GaSouth,GreaterAccra,2008,0.21506,0.18432,0.23442
GHA,GHA7.16_2,GaSouth,GreaterAccra,2009,0.25,0.21791,0.26929
GHA,GHA7.16_2,GaSouth,GreaterAccra,2010,0.28809,0.25157,0.30754
GHA,GHA7.16_2,GaSouth,GreaterAccra,2011,0.31886,0.27217,0.34455
GHA,GHA7.16_2,GaSouth,GreaterAccra,2012,0.33483,0.28304,0.3669
GHA,GHA7.16_2,GaSouth,GreaterAccra,2013,0.33891,0.28529,0.37393
GHA,GHA7.16_2,GaSouth,GreaterAccra,2014,0.32513,0.27103,0.36198
GHA,GHA7.16_2,GaSouth,GreaterAccra,2015,0.29762,0.24827,0.33186
GHA,GHA7.16_2,GaSouth,GreaterAccra,2016,0.26757,0.22305,0.30006
GHA,GHA7.16_2,GaSouth,GreaterAccra,2017,0.2376,0.19072,0.27187
GHA,GHA7.16_2,GaSouth,GreaterAccra,2018,0.20379,0.15183,0.24322
GHA,GHA7.16_2,GaSouth,GreaterAccra,2019,0.18819,0.13027,0.23528
GHA,GHA7.16_2,GaSouth,GreaterAccra,2020,0.1917,0.13464,0.23795
GHA,GHA7.16_2,GaSouth,GreaterAccra,2021,0.20565,0.15786,0.24317
GHA,GHA7.16_2,GaSouth,GreaterAccra,2022,0.22332,0.19006,0.25325
GHA,GHA7.16_2,GaSouth,GreaterAccra,2023,0.21074,0.18449,0.22876
GHA,GHA7.16_2,GaSouth,GreaterAccra,2024,0.20275,0.18031,0.21717
GHA,GHA7.16_2,GaSouth,GreaterAccra,2025,0.17584,0.15714,0.18723
GHA,GHA7.17_2,GaWest,GreaterAccra,2000,0.44397,0.36351,0.48474
GHA,GHA7.17_2,GaWest,GreaterAccra,2001,0.41595,0.32359,0.46792
GHA,GHA7.17_2,GaWest,GreaterAccra,2002,0.36369,0.2674,0.42564
GHA,GHA7.17_2,GaWest,GreaterAccra,2003,0.2844,0.19596,0.34928
GHA,GHA7.17_2,GaWest,GreaterAccra,2004,0.22101,0.14327,0.27877
GHA,GHA7.17_2,GaWest,GreaterAccra,2005,0.18968,0.1184,0.24424
GHA,GHA7.17_2,GaWest,GreaterAccra,2006,0.17818,0.11046,0.22756
GHA,GHA7.17_2,GaWest,GreaterAccra,2007,0.18287,0.11656,0.23257
GHA,GHA7.17_2,GaWest,GreaterAccra,2008,0.19925,0.1326,0.24889
GHA,GHA7.17_2,GaWest,GreaterAccra,2009,0.22675,0.15734,0.27717
GHA,GHA7.17_2,GaWest,GreaterAccra,2010,0.25781,0.18341,0.31132
GHA,GHA7.17_2,GaWest,GreaterAccra,2011,0.28329,0.20186,0.34416
GHA,GHA7.17_2,GaWest,GreaterAccra,2012,0.2987,0.20787,0.36771
GHA,GHA7.17_2,GaWest,GreaterAccra,2013,0.30392,0.20685,0.37827
GHA,GHA7.17_2,GaWest,GreaterAccra,2014,0.29308,0.19868,0.36747
GHA,GHA7.17_2,GaWest,GreaterAccra,2015,0.27006,0.18499,0.33354
GHA,GHA7.17_2,GaWest,GreaterAccra,2016,0.24192,0.16269,0.30027
GHA,GHA7.17_2,GaWest,GreaterAccra,2017,0.21049,0.13062,0.27198
GHA,GHA7.17_2,GaWest,GreaterAccra,2018,0.17429,0.09223,0.24248
GHA,GHA7.17_2,GaWest,GreaterAccra,2019,0.15691,0.0718,0.23257
GHA,GHA7.17_2,GaWest,GreaterAccra,2020,0.16258,0.07615,0.23954
GHA,GHA7.17_2,GaWest,GreaterAccra,2021,0.18439,0.10292,0.25011
GHA,GHA7.17_2,GaWest,GreaterAccra,2022,0.21534,0.15941,0.26401
GHA,GHA7.17_2,GaWest,GreaterAccra,2023,0.20398,0.14525,0.24202
GHA,GHA7.17_2,GaWest,GreaterAccra,2024,0.19827,0.14583,0.23041
GHA,GHA7.17_2,GaWest,GreaterAccra,2025,0.17211,0.12748,0.19831
GHA,GHA7.18_2,Korle-Klottey,GreaterAccra,2000,0.32561,0.32561,0.32561
GHA,GHA7.18_2,Korle-Klottey,GreaterAccra,2001,0.28482,0.28482,0.28482
GHA,GHA7.18_2,Korle-Klottey,GreaterAccra,2002,0.23325,0.23325,0.23325
GHA,GHA7.18_2,Korle-Klottey,GreaterAccra,2003,0.16894,0.16894,0.16894
GHA,GHA7.18_2,Korle-Klottey,GreaterAccra,2004,0.12161,0.12161,0.12161
GHA,GHA7.18_2,Korle-Klottey,GreaterAccra,2005,0.09875,0.09875,0.09875
GHA,GHA7.18_2,Korle-Klottey,GreaterAccra,2006,0.09146,0.09146,0.09146
GHA,GHA7.18_2,Korle-Klottey,GreaterAccra,2007,0.09741,0.09741,0.09741
GHA,GHA7.18_2,Korle-Klottey,GreaterAccra,2008,0.10969,0.10969,0.10969
GHA,GHA7.18_2,Korle-Klottey,GreaterAccra,2009,0.1276,0.1276,0.1276
GHA,GHA7.18_2,Korle-Klottey,GreaterAccra,2010,0.14769,0.14769,0.14769
GHA,GHA7.18_2,Korle-Klottey,GreaterAccra,2011,0.16355,0.16355,0.16355
GHA,GHA7.18_2,Korle-Klottey,GreaterAccra,2012,0.17152,0.17152,0.17152
GHA,GHA7.18_2,Korle-Klottey,GreaterAccra,2013,0.17348,0.17348,0.17348
GHA,GHA7.18_2,Korle-Klottey,GreaterAccra,2014,0.16941,0.16941,0.16941
GHA,GHA7.18_2,Korle-Klottey,GreaterAccra,2015,0.15944,0.15944,0.15944
GHA,GHA7.18_2,Korle-Klottey,GreaterAccra,2016,0.13944,0.13944,0.13944
GHA,GHA7.18_2,Korle-Klottey,GreaterAccra,2017,0.10599,0.10599,0.10599
GHA,GHA7.18_2,Korle-Klottey,GreaterAccra,2018,0.06772,0.06772,0.06772
GHA,GHA7.18_2,Korle-Klottey,GreaterAccra,2019,0.04831,0.04831,0.04831
GHA,GHA7.18_2,Korle-Klottey,GreaterAccra,2020,0.05119,0.05119,0.05119
GHA,GHA7.18_2,Korle-Klottey,GreaterAccra,2021,0.07628,0.07628,0.07628
GHA,GHA7.18_2,Korle-Klottey,GreaterAccra,2022,0.13282,0.13282,0.13282
GHA,GHA7.18_2,Korle-Klottey,GreaterAccra,2023,0.12899,0.12899,0.12899
GHA,GHA7.18_2,Korle-Klottey,GreaterAccra,2024,0.13354,0.13354,0.13354
GHA,GHA7.18_2,Korle-Klottey,GreaterAccra,2025,0.11964,0.11964,0.11964
GHA,GHA7.19_2,Kpone-Katamanso,GreaterAccra,2000,0.45732,0.39179,0.49982
GHA,GHA7.19_2,Kpone-Katamanso,GreaterAccra,2001,0.42213,0.34941,0.47252
GHA,GHA7.19_2,Kpone-Katamanso,GreaterAccra,2002,0.36281,0.29514,0.41427
GHA,GHA7.19_2,Kpone-Katamanso,GreaterAccra,2003,0.27714,0.22689,0.31887
GHA,GHA7.19_2,Kpone-Katamanso,GreaterAccra,2004,0.2117,0.17525,0.23959
GHA,GHA7.19_2,Kpone-Katamanso,GreaterAccra,2005,0.17798,0.14717,0.20329
GHA,GHA7.19_2,Kpone-Katamanso,GreaterAccra,2006,0.16299,0.13235,0.18675
GHA,GHA7.19_2,Kpone-Katamanso,GreaterAccra,2007,0.1632,0.13094,0.18778
GHA,GHA7.19_2,Kpone-Katamanso,GreaterAccra,2008,0.17111,0.13577,0.19733
GHA,GHA7.19_2,Kpone-Katamanso,GreaterAccra,2009,0.18544,0.14467,0.21589
GHA,GHA7.19_2,Kpone-Katamanso,GreaterAccra,2010,0.20165,0.15577,0.23751
GHA,GHA7.19_2,Kpone-Katamanso,GreaterAccra,2011,0.21872,0.17073,0.25772
GHA,GHA7.19_2,Kpone-Katamanso,GreaterAccra,2012,0.2287,0.18141,0.26733
GHA,GHA7.19_2,Kpone-Katamanso,GreaterAccra,2013,0.23451,0.18834,0.27538
GHA,GHA7.19_2,Kpone-Katamanso,GreaterAccra,2014,0.23292,0.19136,0.26691
GHA,GHA7.19_2,Kpone-Katamanso,GreaterAccra,2015,0.22556,0.19236,0.25053
GHA,GHA7.19_2,Kpone-Katamanso,GreaterAccra,2016,0.20449,0.17614,0.22462
GHA,GHA7.19_2,Kpone-Katamanso,GreaterAccra,2017,0.16767,0.14094,0.18844
GHA,GHA7.19_2,Kpone-Katamanso,GreaterAccra,2018,0.11784,0.09212,0.14222
GHA,GHA7.19_2,Kpone-Katamanso,GreaterAccra,2019,0.08993,0.06359,0.11825
GHA,GHA7.19_2,Kpone-Katamanso,GreaterAccra,2020,0.09415,0.06553,0.12392
GHA,GHA7.19_2,Kpone-Katamanso,GreaterAccra,2021,0.1252,0.09326,0.15189
GHA,GHA7.19_2,Kpone-Katamanso,GreaterAccra,2022,0.1665,0.13004,0.18594
GHA,GHA7.19_2,Kpone-Katamanso,GreaterAccra,2023,0.17788,0.1485,0.19784
GHA,GHA7.19_2,Kpone-Katamanso,GreaterAccra,2024,0.18183,0.15313,0.20608
GHA,GHA7.19_2,Kpone-Katamanso,GreaterAccra,2025,0.16461,0.13756,0.18759
GHA,GHA7.1_2,AblekumaCentral,GreaterAccra,2000,0.33087,0.33087,0.33087
GHA,GHA7.1_2,AblekumaCentral,GreaterAccra,2001,0.2913,0.2913,0.2913
GHA,GHA7.1_2,AblekumaCentral,GreaterAccra,2002,0.2401,0.2401,0.2401
GHA,GHA7.1_2,AblekumaCentral,GreaterAccra,2003,0.17625,0.17625,0.17625
GHA,GHA7.1_2,AblekumaCentral,GreaterAccra,2004,0.12796,0.12796,0.12796
GHA,GHA7.1_2,AblekumaCentral,GreaterAccra,2005,0.10461,0.10461,0.10461
GHA,GHA7.1_2,AblekumaCentral,GreaterAccra,2006,0.09668,0.09668,0.09668
GHA,GHA7.1_2,AblekumaCentral,GreaterAccra,2007,0.10289,0.10289,0.10289
GHA,GHA7.1_2,AblekumaCentral,GreaterAccra,2008,0.11679,0.11679,0.11679
GHA,GHA7.1_2,AblekumaCentral,GreaterAccra,2009,0.13797,0.13797,0.13797
GHA,GHA7.1_2,AblekumaCentral,GreaterAccra,2010,0.16011,0.16011,0.16011
GHA,GHA7.1_2,AblekumaCentral,GreaterAccra,2011,0.17757,0.17757,0.17757
GHA,GHA7.1_2,AblekumaCentral,GreaterAccra,2012,0.18608,0.18608,0.18608
GHA,GHA7.1_2,AblekumaCentral,GreaterAccra,2013,0.18536,0.18536,0.18536
GHA,GHA7.1_2,AblekumaCentral,GreaterAccra,2014,0.18006,0.18006,0.18006
GHA,GHA7.1_2,AblekumaCentral,GreaterAccra,2015,0.17054,0.17054,0.17054
GHA,GHA7.1_2,AblekumaCentral,GreaterAccra,2016,0.14929,0.14929,0.14929
GHA,GHA7.1_2,AblekumaCentral,GreaterAccra,2017,0.11651,0.11651,0.11651
GHA,GHA7.1_2,AblekumaCentral,GreaterAccra,2018,0.07683,0.07683,0.07683
GHA,GHA7.1_2,AblekumaCentral,GreaterAccra,2019,0.05612,0.05612,0.05612
GHA,GHA7.1_2,AblekumaCentral,GreaterAccra,2020,0.05885,0.05885,0.05885
GHA,GHA7.1_2,AblekumaCentral,GreaterAccra,2021,0.08355,0.08355,0.08355
GHA,GHA7.1_2,AblekumaCentral,GreaterAccra,2022,0.13867,0.13867,0.13867
GHA,GHA7.1_2,AblekumaCentral,GreaterAccra,2023,0.13177,0.13177,0.13177
GHA,GHA7.1_2,AblekumaCentral,GreaterAccra,2024,0.13537,0.13537,0.13537
GHA,GHA7.1_2,AblekumaCentral,GreaterAccra,2025,0.12034,0.12034,0.12034
GHA,GHA7.20_2,Krowor,GreaterAccra,2000,0.36607,0.36607,0.36607
GHA,GHA7.20_2,Krowor,GreaterAccra,2001,0.32268,0.32268,0.32268
GHA,GHA7.20_2,Krowor,GreaterAccra,2002,0.26873,0.26873,0.26873
GHA,GHA7.20_2,Krowor,GreaterAccra,2003,0.20325,0.20325,0.20325
GHA,GHA7.20_2,Krowor,GreaterAccra,2004,0.15416,0.15416,0.15416
GHA,GHA7.20_2,Krowor,GreaterAccra,2005,0.12797,0.12797,0.12797
GHA,GHA7.20_2,Krowor,GreaterAccra,2006,0.11634,0.11634,0.11634
GHA,GHA7.20_2,Krowor,GreaterAccra,2007,0.11922,0.11922,0.11922
GHA,GHA7.20_2,Krowor,GreaterAccra,2008,0.12818,0.12818,0.12818
GHA,GHA7.20_2,Krowor,GreaterAccra,2009,0.144,0.144,0.144
GHA,GHA7.20_2,Krowor,GreaterAccra,2010,0.16161,0.16161,0.16161
GHA,GHA7.20_2,Krowor,GreaterAccra,2011,0.17688,0.17688,0.17688
GHA,GHA7.20_2,Krowor,GreaterAccra,2012,0.18475,0.18475,0.18475
GHA,GHA7.20_2,Krowor,GreaterAccra,2013,0.18756,0.18756,0.18756
GHA,GHA7.20_2,Krowor,GreaterAccra,2014,0.18525,0.18525,0.18525
GHA,GHA7.20_2,Krowor,GreaterAccra,2015,0.17832,0.17832,0.17832
GHA,GHA7.20_2,Krowor,GreaterAccra,2016,0.15897,0.15897,0.15897
GHA,GHA7.20_2,Krowor,GreaterAccra,2017,0.12397,0.12397,0.12397
GHA,GHA7.20_2,Krowor,GreaterAccra,2018,0.07993,0.07993,0.07993
GHA,GHA7.20_2,Krowor,GreaterAccra,2019,0.05656,0.05656,0.05656
GHA,GHA7.20_2,Krowor,GreaterAccra,2020,0.05953,0.05953,0.05953
GHA,GHA7.20_2,Krowor,GreaterAccra,2021,0.08697,0.08697,0.08697
GHA,GHA7.20_2,Krowor,GreaterAccra,2022,0.13929,0.13929,0.13929
GHA,GHA7.20_2,Krowor,GreaterAccra,2023,0.14333,0.14333,0.14333
GHA,GHA7.20_2,Krowor,GreaterAccra,2024,0.14797,0.14797,0.14797
GHA,GHA7.20_2,Krowor,GreaterAccra,2025,0.13277,0.13277,0.13277
GHA,GHA7.21_2,La-Dade-Kotopon,GreaterAccra,2000,0.36051,0.35833,0.36269
GHA,GHA7.21_2,La-Dade-Kotopon,GreaterAccra,2001,0.31785,0.31559,0.3201
GHA,GHA7.21_2,La-Dade-Kotopon,GreaterAccra,2002,0.26258,0.26134,0.26381
GHA,GHA7.21_2,La-Dade-Kotopon,GreaterAccra,2003,0.19439,0.19429,0.19448
GHA,GHA7.21_2,La-Dade-Kotopon,GreaterAccra,2004,0.14413,0.14326,0.145
GHA,GHA7.21_2,La-Dade-Kotopon,GreaterAccra,2005,0.11886,0.11768,0.12005
GHA,GHA7.21_2,La-Dade-Kotopon,GreaterAccra,2006,0.10944,0.10854,0.11034
GHA,GHA7.21_2,La-Dade-Kotopon,GreaterAccra,2007,0.11474,0.11419,0.1153
GHA,GHA7.21_2,La-Dade-Kotopon,GreaterAccra,2008,0.12742,0.12715,0.12769
GHA,GHA7.21_2,La-Dade-Kotopon,GreaterAccra,2009,0.14647,0.14612,0.14681
GHA,GHA7.21_2,La-Dade-Kotopon,GreaterAccra,2010,0.16564,0.16455,0.16673
GHA,GHA7.21_2,La-Dade-Kotopon,GreaterAccra,2011,0.18181,0.18131,0.1823
GHA,GHA7.21_2,La-Dade-Kotopon,GreaterAccra,2012,0.18922,0.18845,0.19
GHA,GHA7.21_2,La-Dade-Kotopon,GreaterAccra,2013,0.18908,0.18776,0.19039
GHA,GHA7.21_2,La-Dade-Kotopon,GreaterAccra,2014,0.1841,0.18254,0.18566
GHA,GHA7.21_2,La-Dade-Kotopon,GreaterAccra,2015,0.17462,0.17286,0.17638
GHA,GHA7.21_2,La-Dade-Kotopon,GreaterAccra,2016,0.15321,0.15098,0.15544
GHA,GHA7.21_2,La-Dade-Kotopon,GreaterAccra,2017,0.11774,0.11535,0.12014
GHA,GHA7.21_2,La-Dade-Kotopon,GreaterAccra,2018,0.0755,0.07371,0.07728
GHA,GHA7.21_2,La-Dade-Kotopon,GreaterAccra,2019,0.05414,0.05283,0.05546
GHA,GHA7.21_2,La-Dade-Kotopon,GreaterAccra,2020,0.0578,0.05671,0.05888
GHA,GHA7.21_2,La-Dade-Kotopon,GreaterAccra,2021,0.08608,0.08553,0.08663
GHA,GHA7.21_2,La-Dade-Kotopon,GreaterAccra,2022,0.14316,0.13763,0.14869
GHA,GHA7.21_2,La-Dade-Kotopon,GreaterAccra,2023,0.14449,0.14323,0.14574
GHA,GHA7.21_2,La-Dade-Kotopon,GreaterAccra,2024,0.14911,0.14725,0.15098
GHA,GHA7.21_2,La-Dade-Kotopon,GreaterAccra,2025,0.13365,0.13207,0.13523
GHA,GHA7.22_2,La-Nkwantanang-Madina,GreaterAccra,2000,0.43696,0.3922,0.48325
GHA,GHA7.22_2,La-Nkwantanang-Madina,GreaterAccra,2001,0.39976,0.34947,0.45515
GHA,GHA7.22_2,La-Nkwantanang-Madina,GreaterAccra,2002,0.33617,0.28685,0.39035
GHA,GHA7.22_2,La-Nkwantanang-Madina,GreaterAccra,2003,0.25011,0.20928,0.29509
GHA,GHA7.22_2,La-Nkwantanang-Madina,GreaterAccra,2004,0.18653,0.15205,0.22394
GHA,GHA7.22_2,La-Nkwantanang-Madina,GreaterAccra,2005,0.15577,0.1254,0.18864
GHA,GHA7.22_2,La-Nkwantanang-Madina,GreaterAccra,2006,0.14546,0.11683,0.17527
GHA,GHA7.22_2,La-Nkwantanang-Madina,GreaterAccra,2007,0.15066,0.12244,0.17976
GHA,GHA7.22_2,La-Nkwantanang-Madina,GreaterAccra,2008,0.16397,0.13608,0.19251
GHA,GHA7.22_2,La-Nkwantanang-Madina,GreaterAccra,2009,0.1839,0.15496,0.2134
GHA,GHA7.22_2,La-Nkwantanang-Madina,GreaterAccra,2010,0.20534,0.1744,0.23658
GHA,GHA7.22_2,La-Nkwantanang-Madina,GreaterAccra,2011,0.22199,0.19044,0.2542
GHA,GHA7.22_2,La-Nkwantanang-Madina,GreaterAccra,2012,0.2285,0.19583,0.26283
GHA,GHA7.22_2,La-Nkwantanang-Madina,GreaterAccra,2013,0.22896,0.19591,0.26415
GHA,GHA7.22_2,La-Nkwantanang-Madina,GreaterAccra,2014,0.22107,0.18899,0.25638
GHA,GHA7.22_2,La-Nkwantanang-Madina,GreaterAccra,2015,0.20772,0.17779,0.24162
GHA,GHA7.22_2,La-Nkwantanang-Madina,GreaterAccra,2016,0.1842,0.15542,0.21705
GHA,GHA7.22_2,La-Nkwantanang-Madina,GreaterAccra,2017,0.14845,0.12215,0.17894
GHA,GHA7.22_2,La-Nkwantanang-Madina,GreaterAccra,2018,0.1041,0.08082,0.13085
GHA,GHA7.22_2,La-Nkwantanang-Madina,GreaterAccra,2019,0.08133,0.06052,0.10535
GHA,GHA7.22_2,La-Nkwantanang-Madina,GreaterAccra,2020,0.08761,0.06576,0.11221
GHA,GHA7.22_2,La-Nkwantanang-Madina,GreaterAccra,2021,0.12023,0.09742,0.14594
GHA,GHA7.22_2,La-Nkwantanang-Madina,GreaterAccra,2022,0.17726,0.16426,0.18583
GHA,GHA7.22_2,La-Nkwantanang-Madina,GreaterAccra,2023,0.17378,0.15409,0.19718
GHA,GHA7.22_2,La-Nkwantanang-Madina,GreaterAccra,2024,0.17601,0.15689,0.2001
GHA,GHA7.22_2,La-Nkwantanang-Madina,GreaterAccra,2025,0.15731,0.13877,0.1809
GHA,GHA7.23_2,Ledzokuku,GreaterAccra,2000,0.35099,0.35099,0.35099
GHA,GHA7.23_2,Ledzokuku,GreaterAccra,2001,0.30804,0.30804,0.30804
GHA,GHA7.23_2,Ledzokuku,GreaterAccra,2002,0.25441,0.25441,0.25441
GHA,GHA7.23_2,Ledzokuku,GreaterAccra,2003,0.18809,0.18809,0.18809
GHA,GHA7.23_2,Ledzokuku,GreaterAccra,2004,0.13981,0.13981,0.13981
GHA,GHA7.23_2,Ledzokuku,GreaterAccra,2005,0.11495,0.11495,0.11495
GHA,GHA7.23_2,Ledzokuku,GreaterAccra,2006,0.10483,0.10483,0.10483
GHA,GHA7.23_2,Ledzokuku,GreaterAccra,2007,0.10948,0.10948,0.10948
GHA,GHA7.23_2,Ledzokuku,GreaterAccra,2008,0.1208,0.1208,0.1208
GHA,GHA7.23_2,Ledzokuku,GreaterAccra,2009,0.1383,0.1383,0.1383
GHA,GHA7.23_2,Ledzokuku,GreaterAccra,2010,0.15684,0.15684,0.15684
GHA,GHA7.23_2,Ledzokuku,GreaterAccra,2011,0.1717,0.1717,0.1717
GHA,GHA7.23_2,Ledzokuku,GreaterAccra,2012,0.17886,0.17886,0.17886
GHA,GHA7.23_2,Ledzokuku,GreaterAccra,2013,0.17837,0.17837,0.17837
GHA,GHA7.23_2,Ledzokuku,GreaterAccra,2014,0.17367,0.17367,0.17367
GHA,GHA7.23_2,Ledzokuku,GreaterAccra,2015,0.16568,0.16568,0.16568
GHA,GHA7.23_2,Ledzokuku,GreaterAccra,2016,0.14543,0.14543,0.14543
GHA,GHA7.23_2,Ledzokuku,GreaterAccra,2017,0.11117,0.11117,0.11117
GHA,GHA7.23_2,Ledzokuku,GreaterAccra,2018,0.07031,0.07031,0.07031
GHA,GHA7.23_2,Ledzokuku,GreaterAccra,2019,0.05034,0.05034,0.05034
GHA,GHA7.23_2,Ledzokuku,GreaterAccra,2020,0.05347,0.05347,0.05347
GHA,GHA7.23_2,Ledzokuku,GreaterAccra,2021,0.08131,0.08131,0.08131
GHA,GHA7.23_2,Ledzokuku,GreaterAccra,2022,0.14259,0.14259,0.14259
GHA,GHA7.23_2,Ledzokuku,GreaterAccra,2023,0.13902,0.13902,0.13902
GHA,GHA7.23_2,Ledzokuku,GreaterAccra,2024,0.14389,0.14389,0.14389
GHA,GHA7.23_2,Ledzokuku,GreaterAccra,2025,0.12893,0.12893,0.12893
GHA,GHA7.24_2,Ningo-Prampram,GreaterAccra,2000,0.47157,0.41934,0.50096
GHA,GHA7.24_2,Ningo-Prampram,GreaterAccra,2001,0.44022,0.37748,0.47828
GHA,GHA7.24_2,Ningo-Prampram,GreaterAccra,2002,0.39187,0.32367,0.42942
GHA,GHA7.24_2,Ningo-Prampram,GreaterAccra,2003,0.31836,0.25153,0.36211
GHA,GHA7.24_2,Ningo-Prampram,GreaterAccra,2004,0.25719,0.19589,0.30459
GHA,GHA7.24_2,Ningo-Prampram,GreaterAccra,2005,0.22003,0.1654,0.2659
GHA,GHA7.24_2,Ningo-Prampram,GreaterAccra,2006,0.19458,0.14834,0.23546
GHA,GHA7.24_2,Ningo-Prampram,GreaterAccra,2007,0.18413,0.14423,0.21607
GHA,GHA7.24_2,Ningo-Prampram,GreaterAccra,2008,0.1799,0.14531,0.20291
GHA,GHA7.24_2,Ningo-Prampram,GreaterAccra,2009,0.1798,0.14979,0.20842
GHA,GHA7.24_2,Ningo-Prampram,GreaterAccra,2010,0.18537,0.15322,0.22772
GHA,GHA7.24_2,Ningo-Prampram,GreaterAccra,2011,0.20151,0.16696,0.24797
GHA,GHA7.24_2,Ningo-Prampram,GreaterAccra,2012,0.2189,0.18361,0.25821
GHA,GHA7.24_2,Ningo-Prampram,GreaterAccra,2013,0.23553,0.19481,0.26696
GHA,GHA7.24_2,Ningo-Prampram,GreaterAccra,2014,0.24569,0.20059,0.27177
GHA,GHA7.24_2,Ningo-Prampram,GreaterAccra,2015,0.2523,0.20517,0.2847
GHA,GHA7.24_2,Ningo-Prampram,GreaterAccra,2016,0.23787,0.1908,0.27937
GHA,GHA7.24_2,Ningo-Prampram,GreaterAccra,2017,0.19931,0.15414,0.23652
GHA,GHA7.24_2,Ningo-Prampram,GreaterAccra,2018,0.14105,0.10147,0.17015
GHA,GHA7.24_2,Ningo-Prampram,GreaterAccra,2019,0.10406,0.07037,0.12929
GHA,GHA7.24_2,Ningo-Prampram,GreaterAccra,2020,0.10321,0.07119,0.12573
GHA,GHA7.24_2,Ningo-Prampram,GreaterAccra,2021,0.13021,0.09853,0.149
GHA,GHA7.24_2,Ningo-Prampram,GreaterAccra,2022,0.1645,0.13499,0.18388
GHA,GHA7.24_2,Ningo-Prampram,GreaterAccra,2023,0.17904,0.15256,0.19863
GHA,GHA7.24_2,Ningo-Prampram,GreaterAccra,2024,0.18459,0.15627,0.20634
GHA,GHA7.24_2,Ningo-Prampram,GreaterAccra,2025,0.17055,0.14087,0.19063
GHA,GHA7.25_2,OkaikweiNorth,GreaterAccra,2000,0.32452,0.32452,0.32452
GHA,GHA7.25_2,OkaikweiNorth,GreaterAccra,2001,0.28541,0.28541,0.28541
GHA,GHA7.25_2,OkaikweiNorth,GreaterAccra,2002,0.23391,0.23391,0.23391
GHA,GHA7.25_2,OkaikweiNorth,GreaterAccra,2003,0.16917,0.16917,0.16917
GHA,GHA7.25_2,OkaikweiNorth,GreaterAccra,2004,0.12051,0.12051,0.12051
GHA,GHA7.25_2,OkaikweiNorth,GreaterAccra,2005,0.09791,0.09791,0.09791
GHA,GHA7.25_2,OkaikweiNorth,GreaterAccra,2006,0.09021,0.09021,0.09021
GHA,GHA7.25_2,OkaikweiNorth,GreaterAccra,2007,0.09728,0.09728,0.09728
GHA,GHA7.25_2,OkaikweiNorth,GreaterAccra,2008,0.11149,0.11149,0.11149
GHA,GHA7.25_2,OkaikweiNorth,GreaterAccra,2009,0.13238,0.13238,0.13238
GHA,GHA7.25_2,OkaikweiNorth,GreaterAccra,2010,0.15431,0.15431,0.15431
GHA,GHA7.25_2,OkaikweiNorth,GreaterAccra,2011,0.17117,0.17117,0.17117
GHA,GHA7.25_2,OkaikweiNorth,GreaterAccra,2012,0.17807,0.17807,0.17807
GHA,GHA7.25_2,OkaikweiNorth,GreaterAccra,2013,0.17734,0.17734,0.17734
GHA,GHA7.25_2,OkaikweiNorth,GreaterAccra,2014,0.17148,0.17148,0.17148
GHA,GHA7.25_2,OkaikweiNorth,GreaterAccra,2015,0.16117,0.16117,0.16117
GHA,GHA7.25_2,OkaikweiNorth,GreaterAccra,2016,0.1402,0.1402,0.1402
GHA,GHA7.25_2,OkaikweiNorth,GreaterAccra,2017,0.10772,0.10772,0.10772
GHA,GHA7.25_2,OkaikweiNorth,GreaterAccra,2018,0.07073,0.07073,0.07073
GHA,GHA7.25_2,OkaikweiNorth,GreaterAccra,2019,0.05218,0.05218,0.05218
GHA,GHA7.25_2,OkaikweiNorth,GreaterAccra,2020,0.05553,0.05553,0.05553
GHA,GHA7.25_2,OkaikweiNorth,GreaterAccra,2021,0.08014,0.08014,0.08014
GHA,GHA7.25_2,OkaikweiNorth,GreaterAccra,2022,0.13521,0.13521,0.13521
GHA,GHA7.25_2,OkaikweiNorth,GreaterAccra,2023,0.12938,0.12938,0.12938
GHA,GHA7.25_2,OkaikweiNorth,GreaterAccra,2024,0.13298,0.13298,0.13298
GHA,GHA7.25_2,OkaikweiNorth,GreaterAccra,2025,0.11771,0.11771,0.11771
GHA,GHA7.26_2,ShaiOsudoku,GreaterAccra,2000,0.50379,0.48075,0.51725
GHA,GHA7.26_2,ShaiOsudoku,GreaterAccra,2001,0.47983,0.44938,0.49972
GHA,GHA7.26_2,ShaiOsudoku,GreaterAccra,2002,0.43289,0.39978,0.45934
GHA,GHA7.26_2,ShaiOsudoku,GreaterAccra,2003,0.34935,0.32097,0.37636
GHA,GHA7.26_2,ShaiOsudoku,GreaterAccra,2004,0.2713,0.24534,0.30359
GHA,GHA7.26_2,ShaiOsudoku,GreaterAccra,2005,0.2234,0.19724,0.25936
GHA,GHA7.26_2,ShaiOsudoku,GreaterAccra,2006,0.19553,0.16736,0.22492
GHA,GHA7.26_2,ShaiOsudoku,GreaterAccra,2007,0.18292,0.15362,0.2045
GHA,GHA7.26_2,ShaiOsudoku,GreaterAccra,2008,0.18068,0.1497,0.20118
GHA,GHA7.26_2,ShaiOsudoku,GreaterAccra,2009,0.18563,0.15325,0.21186
GHA,GHA7.26_2,ShaiOsudoku,GreaterAccra,2010,0.19824,0.16497,0.23238
GHA,GHA7.26_2,ShaiOsudoku,GreaterAccra,2011,0.21849,0.18209,0.25247
GHA,GHA7.26_2,ShaiOsudoku,GreaterAccra,2012,0.24014,0.20587,0.27187
GHA,GHA7.26_2,ShaiOsudoku,GreaterAccra,2013,0.25899,0.2286,0.28767
GHA,GHA7.26_2,ShaiOsudoku,GreaterAccra,2014,0.26267,0.23898,0.2859
GHA,GHA7.26_2,ShaiOsudoku,GreaterAccra,2015,0.2559,0.23008,0.28632
GHA,GHA7.26_2,ShaiOsudoku,GreaterAccra,2016,0.23499,0.20981,0.26386
GHA,GHA7.26_2,ShaiOsudoku,GreaterAccra,2017,0.20116,0.1795,0.22662
GHA,GHA7.26_2,ShaiOsudoku,GreaterAccra,2018,0.15251,0.13804,0.16824
GHA,GHA7.26_2,ShaiOsudoku,GreaterAccra,2019,0.12261,0.10642,0.14176
GHA,GHA7.26_2,ShaiOsudoku,GreaterAccra,2020,0.12317,0.1045,0.1439
GHA,GHA7.26_2,ShaiOsudoku,GreaterAccra,2021,0.14369,0.12688,0.16083
GHA,GHA7.26_2,ShaiOsudoku,GreaterAccra,2022,0.16789,0.14475,0.18558
GHA,GHA7.26_2,ShaiOsudoku,GreaterAccra,2023,0.1794,0.15492,0.19976
GHA,GHA7.26_2,ShaiOsudoku,GreaterAccra,2024,0.18649,0.16409,0.20575
GHA,GHA7.26_2,ShaiOsudoku,GreaterAccra,2025,0.1783,0.16228,0.19706
GHA,GHA7.27_2,Tema,GreaterAccra,2000,0.36695,0.36387,0.37003
GHA,GHA7.27_2,Tema,GreaterAccra,2001,0.32325,0.3196,0.32691
GHA,GHA7.27_2,Tema,GreaterAccra,2002,0.27084,0.26618,0.2755
GHA,GHA7.27_2,Tema,GreaterAccra,2003,0.20754,0.20265,0.21244
GHA,GHA7.27_2,Tema,GreaterAccra,2004,0.15965,0.15518,0.16412
GHA,GHA7.27_2,Tema,GreaterAccra,2005,0.13323,0.12865,0.13781
GHA,GHA7.27_2,Tema,GreaterAccra,2006,0.11983,0.11609,0.12356
GHA,GHA7.27_2,Tema,GreaterAccra,2007,0.11916,0.11616,0.12217
GHA,GHA7.27_2,Tema,GreaterAccra,2008,0.12527,0.12294,0.1276
GHA,GHA7.27_2,Tema,GreaterAccra,2009,0.13643,0.13513,0.13772
GHA,GHA7.27_2,Tema,GreaterAccra,2010,0.15005,0.14931,0.15079
GHA,GHA7.27_2,Tema,GreaterAccra,2011,0.16318,0.16182,0.16454
GHA,GHA7.27_2,Tema,GreaterAccra,2012,0.17359,0.17229,0.17489
GHA,GHA7.27_2,Tema,GreaterAccra,2013,0.1801,0.17797,0.18223
GHA,GHA7.27_2,Tema,GreaterAccra,2014,0.18109,0.1777,0.18448
GHA,GHA7.27_2,Tema,GreaterAccra,2015,0.17965,0.17476,0.18453
GHA,GHA7.27_2,Tema,GreaterAccra,2016,0.164,0.15818,0.16981
GHA,GHA7.27_2,Tema,GreaterAccra,2017,0.12913,0.12373,0.13454
GHA,GHA7.27_2,Tema,GreaterAccra,2018,0.08326,0.07976,0.08675
GHA,GHA7.27_2,Tema,GreaterAccra,2019,0.0576,0.05559,0.05961
GHA,GHA7.27_2,Tema,GreaterAccra,2020,0.05912,0.05745,0.06078
GHA,GHA7.27_2,Tema,GreaterAccra,2021,0.08507,0.08385,0.08628
GHA,GHA7.27_2,Tema,GreaterAccra,2022,0.13127,0.12159,0.14094
GHA,GHA7.27_2,Tema,GreaterAccra,2023,0.13845,0.13748,0.13942
GHA,GHA7.27_2,Tema,GreaterAccra,2024,0.1428,0.14207,0.14354
GHA,GHA7.27_2,Tema,GreaterAccra,2025,0.12828,0.12748,0.12909
GHA,GHA7.28_2,TemaWest,GreaterAccra,2000,0.38272,0.36844,0.40165
GHA,GHA7.28_2,TemaWest,GreaterAccra,2001,0.33887,0.3254,0.35759
GHA,GHA7.28_2,TemaWest,GreaterAccra,2002,0.28167,0.26851,0.29848
GHA,GHA7.28_2,TemaWest,GreaterAccra,2003,0.21126,0.19902,0.225
GHA,GHA7.28_2,TemaWest,GreaterAccra,2004,0.15876,0.14721,0.17072
GHA,GHA7.28_2,TemaWest,GreaterAccra,2005,0.13158,0.12125,0.14148
GHA,GHA7.28_2,TemaWest,GreaterAccra,2006,0.12023,0.11128,0.12955
GHA,GHA7.28_2,TemaWest,GreaterAccra,2007,0.12312,0.11593,0.13127
GHA,GHA7.28_2,TemaWest,GreaterAccra,2008,0.13276,0.12729,0.13951
GHA,GHA7.28_2,TemaWest,GreaterAccra,2009,0.14753,0.14375,0.15256
GHA,GHA7.28_2,TemaWest,GreaterAccra,2010,0.16334,0.1607,0.16727
GHA,GHA7.28_2,TemaWest,GreaterAccra,2011,0.17817,0.17635,0.18153
GHA,GHA7.28_2,TemaWest,GreaterAccra,2012,0.18642,0.1834,0.18989
GHA,GHA7.28_2,TemaWest,GreaterAccra,2013,0.18939,0.18428,0.19476
GHA,GHA7.28_2,TemaWest,GreaterAccra,2014,0.18781,0.18203,0.19422
GHA,GHA7.28_2,TemaWest,GreaterAccra,2015,0.18195,0.17403,0.1897
GHA,GHA7.28_2,TemaWest,GreaterAccra,2016,0.16286,0.15441,0.17124
GHA,GHA7.28_2,TemaWest,GreaterAccra,2017,0.12753,0.11961,0.13527
GHA,GHA7.28_2,TemaWest,GreaterAccra,2018,0.08242,0.07697,0.08789
GHA,GHA7.28_2,TemaWest,GreaterAccra,2019,0.0585,0.05493,0.06257
GHA,GHA7.28_2,TemaWest,GreaterAccra,2020,0.06206,0.05902,0.0659
GHA,GHA7.28_2,TemaWest,GreaterAccra,2021,0.09176,0.08868,0.09634
GHA,GHA7.28_2,TemaWest,GreaterAccra,2022,0.15398,0.15243,0.15568
GHA,GHA7.28_2,TemaWest,GreaterAccra,2023,0.15044,0.14817,0.15487
GHA,GHA7.28_2,TemaWest,GreaterAccra,2024,0.15458,0.15258,0.15848
GHA,GHA7.28_2,TemaWest,GreaterAccra,2025,0.13812,0.13638,0.14142
GHA,GHA7.29_2,WeijaGbawe,GreaterAccra,2000,0.38246,0.35361,0.42026
GHA,GHA7.29_2,WeijaGbawe,GreaterAccra,2001,0.34908,0.31677,0.38807
GHA,GHA7.29_2,WeijaGbawe,GreaterAccra,2002,0.29831,0.26401,0.33861
GHA,GHA7.29_2,WeijaGbawe,GreaterAccra,2003,0.22745,0.19676,0.26101
GHA,GHA7.29_2,WeijaGbawe,GreaterAccra,2004,0.17347,0.14619,0.20305
GHA,GHA7.29_2,WeijaGbawe,GreaterAccra,2005,0.1474,0.12193,0.17354
GHA,GHA7.29_2,WeijaGbawe,GreaterAccra,2006,0.1375,0.11367,0.16265
GHA,GHA7.29_2,WeijaGbawe,GreaterAccra,2007,0.145,0.11986,0.17039
GHA,GHA7.29_2,WeijaGbawe,GreaterAccra,2008,0.16525,0.13698,0.19255
GHA,GHA7.29_2,WeijaGbawe,GreaterAccra,2009,0.19908,0.16503,0.22811
GHA,GHA7.29_2,WeijaGbawe,GreaterAccra,2010,0.23452,0.19485,0.26699
GHA,GHA7.29_2,WeijaGbawe,GreaterAccra,2011,0.25998,0.215,0.29491
GHA,GHA7.29_2,WeijaGbawe,GreaterAccra,2012,0.26639,0.22116,0.30276
GHA,GHA7.29_2,WeijaGbawe,GreaterAccra,2013,0.26254,0.21872,0.29796
GHA,GHA7.29_2,WeijaGbawe,GreaterAccra,2014,0.24975,0.20869,0.28211
GHA,GHA7.29_2,WeijaGbawe,GreaterAccra,2015,0.23151,0.19488,0.26302
GHA,GHA7.29_2,WeijaGbawe,GreaterAccra,2016,0.20601,0.17213,0.23423
GHA,GHA7.29_2,WeijaGbawe,GreaterAccra,2017,0.17223,0.13979,0.19746
GHA,GHA7.29_2,WeijaGbawe,GreaterAccra,2018,0.13263,0.10065,0.15862
GHA,GHA7.29_2,WeijaGbawe,GreaterAccra,2019,0.10942,0.07907,0.13755
GHA,GHA7.29_2,WeijaGbawe,GreaterAccra,2020,0.11095,0.08149,0.13963
GHA,GHA7.29_2,WeijaGbawe,GreaterAccra,2021,0.13074,0.10379,0.16022
GHA,GHA7.29_2,WeijaGbawe,GreaterAccra,2022,0.16397,0.14839,0.18746
GHA,GHA7.29_2,WeijaGbawe,GreaterAccra,2023,0.1557,0.13787,0.17954
GHA,GHA7.29_2,WeijaGbawe,GreaterAccra,2024,0.15337,0.13748,0.17415
GHA,GHA7.29_2,WeijaGbawe,GreaterAccra,2025,0.13475,0.12065,0.15358
GHA,GHA7.2_2,AblekumaNorth,GreaterAccra,2000,0.33349,0.33349,0.33349
GHA,GHA7.2_2,AblekumaNorth,GreaterAccra,2001,0.29534,0.29534,0.29534
GHA,GHA7.2_2,AblekumaNorth,GreaterAccra,2002,0.24428,0.24428,0.24428
GHA,GHA7.2_2,AblekumaNorth,GreaterAccra,2003,0.1797,0.1797,0.1797
GHA,GHA7.2_2,AblekumaNorth,GreaterAccra,2004,0.13174,0.13174,0.13174
GHA,GHA7.2_2,AblekumaNorth,GreaterAccra,2005,0.10802,0.10802,0.10802
GHA,GHA7.2_2,AblekumaNorth,GreaterAccra,2006,0.10044,0.10044,0.10044
GHA,GHA7.2_2,AblekumaNorth,GreaterAccra,2007,0.10667,0.10667,0.10667
GHA,GHA7.2_2,AblekumaNorth,GreaterAccra,2008,0.12161,0.12161,0.12161
GHA,GHA7.2_2,AblekumaNorth,GreaterAccra,2009,0.14571,0.14571,0.14571
GHA,GHA7.2_2,AblekumaNorth,GreaterAccra,2010,0.17214,0.17214,0.17214
GHA,GHA7.2_2,AblekumaNorth,GreaterAccra,2011,0.19001,0.19001,0.19001
GHA,GHA7.2_2,AblekumaNorth,GreaterAccra,2012,0.19785,0.19785,0.19785
GHA,GHA7.2_2,AblekumaNorth,GreaterAccra,2013,0.19749,0.19749,0.19749
GHA,GHA7.2_2,AblekumaNorth,GreaterAccra,2014,0.19017,0.19017,0.19017
GHA,GHA7.2_2,AblekumaNorth,GreaterAccra,2015,0.17758,0.17758,0.17758
GHA,GHA7.2_2,AblekumaNorth,GreaterAccra,2016,0.15548,0.15548,0.15548
GHA,GHA7.2_2,AblekumaNorth,GreaterAccra,2017,0.12345,0.12345,0.12345
GHA,GHA7.2_2,AblekumaNorth,GreaterAccra,2018,0.08491,0.08491,0.08491
GHA,GHA7.2_2,AblekumaNorth,GreaterAccra,2019,0.0643,0.0643,0.0643
GHA,GHA7.2_2,AblekumaNorth,GreaterAccra,2020,0.06685,0.06685,0.06685
GHA,GHA7.2_2,AblekumaNorth,GreaterAccra,2021,0.0906,0.0906,0.0906
GHA,GHA7.2_2,AblekumaNorth,GreaterAccra,2022,0.13576,0.13576,0.13576
GHA,GHA7.2_2,AblekumaNorth,GreaterAccra,2023,0.13129,0.13129,0.13129
GHA,GHA7.2_2,AblekumaNorth,GreaterAccra,2024,0.13233,0.13233,0.13233
GHA,GHA7.2_2,AblekumaNorth,GreaterAccra,2025,0.1168,0.1168,0.1168
GHA,GHA7.3_2,AblekumaWest,GreaterAccra,2000,0.35077,0.35077,0.35077
GHA,GHA7.3_2,AblekumaWest,GreaterAccra,2001,0.31213,0.31213,0.31213
GHA,GHA7.3_2,AblekumaWest,GreaterAccra,2002,0.25969,0.25969,0.25969
GHA,GHA7.3_2,AblekumaWest,GreaterAccra,2003,0.19467,0.19467,0.19467
GHA,GHA7.3_2,AblekumaWest,GreaterAccra,2004,0.14564,0.14564,0.14564
GHA,GHA7.3_2,AblekumaWest,GreaterAccra,2005,0.12146,0.12146,0.12146
GHA,GHA7.3_2,AblekumaWest,GreaterAccra,2006,0.11301,0.11301,0.11301
GHA,GHA7.3_2,AblekumaWest,GreaterAccra,2007,0.11895,0.11895,0.11895
GHA,GHA7.3_2,AblekumaWest,GreaterAccra,2008,0.13419,0.13419,0.13419
GHA,GHA7.3_2,AblekumaWest,GreaterAccra,2009,0.15861,0.15861,0.15861
GHA,GHA7.3_2,AblekumaWest,GreaterAccra,2010,0.18517,0.18517,0.18517
GHA,GHA7.3_2,AblekumaWest,GreaterAccra,2011,0.20401,0.20401,0.20401
GHA,GHA7.3_2,AblekumaWest,GreaterAccra,2012,0.21164,0.21164,0.21164
GHA,GHA7.3_2,AblekumaWest,GreaterAccra,2013,0.21144,0.21144,0.21144
GHA,GHA7.3_2,AblekumaWest,GreaterAccra,2014,0.20452,0.20452,0.20452
GHA,GHA7.3_2,AblekumaWest,GreaterAccra,2015,0.19244,0.19244,0.19244
GHA,GHA7.3_2,AblekumaWest,GreaterAccra,2016,0.17157,0.17157,0.17157
GHA,GHA7.3_2,AblekumaWest,GreaterAccra,2017,0.13794,0.13794,0.13794
GHA,GHA7.3_2,AblekumaWest,GreaterAccra,2018,0.09601,0.09601,0.09601
GHA,GHA7.3_2,AblekumaWest,GreaterAccra,2019,0.0726,0.0726,0.0726
GHA,GHA7.3_2,AblekumaWest,GreaterAccra,2020,0.07461,0.07461,0.07461
GHA,GHA7.3_2,AblekumaWest,GreaterAccra,2021,0.09793,0.09793,0.09793
GHA,GHA7.3_2,AblekumaWest,GreaterAccra,2022,0.13454,0.13454,0.13454
GHA,GHA7.3_2,AblekumaWest,GreaterAccra,2023,0.13699,0.13699,0.13699
GHA,GHA7.3_2,AblekumaWest,GreaterAccra,2024,0.13819,0.13819,0.13819
GHA,GHA7.3_2,AblekumaWest,GreaterAccra,2025,0.12241,0.12241,0.12241
GHA,GHA7.4_2,Accra,GreaterAccra,2000,,,
GHA,GHA7.4_2,Accra,GreaterAccra,2001,,,
GHA,GHA7.4_2,Accra,GreaterAccra,2002,,,
GHA,GHA7.4_2,Accra,GreaterAccra,2003,,,
GHA,GHA7.4_2,Accra,GreaterAccra,2004,,,
GHA,GHA7.4_2,Accra,GreaterAccra,2005,,,
GHA,GHA7.4_2,Accra,GreaterAccra,2006,,,
GHA,GHA7.4_2,Accra,GreaterAccra,2007,,,
GHA,GHA7.4_2,Accra,GreaterAccra,2008,,,
GHA,GHA7.4_2,Accra,GreaterAccra,2009,,,
GHA,GHA7.4_2,Accra,GreaterAccra,2010,,,
GHA,GHA7.4_2,Accra,GreaterAccra,2011,,,
GHA,GHA7.4_2,Accra,GreaterAccra,2012,,,
GHA,GHA7.4_2,Accra,GreaterAccra,2013,,,
GHA,GHA7.4_2,Accra,GreaterAccra,2014,,,
GHA,GHA7.4_2,Accra,GreaterAccra,2015,,,
GHA,GHA7.4_2,Accra,GreaterAccra,2016,,,
GHA,GHA7.4_2,Accra,GreaterAccra,2017,,,
GHA,GHA7.4_2,Accra,GreaterAccra,2018,,,
GHA,GHA7.4_2,Accra,GreaterAccra,2019,,,
GHA,GHA7.4_2,Accra,GreaterAccra,2020,,,
GHA,GHA7.4_2,Accra,GreaterAccra,2021,,,
GHA,GHA7.4_2,Accra,GreaterAccra,2022,,,
GHA,GHA7.4_2,Accra,GreaterAccra,2023,,,
GHA,GHA7.4_2,Accra,GreaterAccra,2024,,,
GHA,GHA7.4_2,Accra,GreaterAccra,2025,,,
GHA,GHA7.5_2,AdaEast,GreaterAccra,2000,0.46095,0.43212,0.48146
GHA,GHA7.5_2,AdaEast,GreaterAccra,2001,0.42952,0.39617,0.45453
GHA,GHA7.5_2,AdaEast,GreaterAccra,2002,0.39897,0.36306,0.42913
GHA,GHA7.5_2,AdaEast,GreaterAccra,2003,0.36547,0.32534,0.40884
GHA,GHA7.5_2,AdaEast,GreaterAccra,2004,0.33484,0.29225,0.3875
GHA,GHA7.5_2,AdaEast,GreaterAccra,2005,0.30367,0.26208,0.36299
GHA,GHA7.5_2,AdaEast,GreaterAccra,2006,0.26582,0.22803,0.32213
GHA,GHA7.5_2,AdaEast,GreaterAccra,2007,0.23596,0.20444,0.28385
GHA,GHA7.5_2,AdaEast,GreaterAccra,2008,0.21046,0.18362,0.2506
GHA,GHA7.5_2,AdaEast,GreaterAccra,2009,0.19022,0.1661,0.22304
GHA,GHA7.5_2,AdaEast,GreaterAccra,2010,0.18038,0.1592,0.21014
GHA,GHA7.5_2,AdaEast,GreaterAccra,2011,0.18967,0.16827,0.21906
GHA,GHA7.5_2,AdaEast,GreaterAccra,2012,0.21195,0.1892,0.24374
GHA,GHA7.5_2,AdaEast,GreaterAccra,2013,0.23495,0.20973,0.26926
GHA,GHA7.5_2,AdaEast,GreaterAccra,2014,0.2402,0.21666,0.26873
GHA,GHA7.5_2,AdaEast,GreaterAccra,2015,0.23361,0.21086,0.25875
GHA,GHA7.5_2,AdaEast,GreaterAccra,2016,0.21454,0.19369,0.24097
GHA,GHA7.5_2,AdaEast,GreaterAccra,2017,0.18441,0.16357,0.20845
GHA,GHA7.5_2,AdaEast,GreaterAccra,2018,0.14542,0.12493,0.1651
GHA,GHA7.5_2,AdaEast,GreaterAccra,2019,0.12149,0.10029,0.14132
GHA,GHA7.5_2,AdaEast,GreaterAccra,2020,0.12167,0.10016,0.14434
GHA,GHA7.5_2,AdaEast,GreaterAccra,2021,0.13999,0.11939,0.16302
GHA,GHA7.5_2,AdaEast,GreaterAccra,2022,0.16132,0.14289,0.18335
GHA,GHA7.5_2,AdaEast,GreaterAccra,2023,0.1702,0.15242,0.191
GHA,GHA7.5_2,AdaEast,GreaterAccra,2024,0.17573,0.157,0.19522
GHA,GHA7.5_2,AdaEast,GreaterAccra,2025,0.16541,0.14614,0.18273
GHA,GHA7.6_2,AdaWest,GreaterAccra,2000,0.4634,0.42609,0.48536
GHA,GHA7.6_2,AdaWest,GreaterAccra,2001,0.43062,0.38702,0.45972
GHA,GHA7.6_2,AdaWest,GreaterAccra,2002,0.39383,0.3496,0.4255
GHA,GHA7.6_2,AdaWest,GreaterAccra,2003,0.34624,0.30156,0.38604
GHA,GHA7.6_2,AdaWest,GreaterAccra,2004,0.30296,0.26094,0.34822
GHA,GHA7.6_2,AdaWest,GreaterAccra,2005,0.26639,0.22834,0.31044
GHA,GHA7.6_2,AdaWest,GreaterAccra,2006,0.23328,0.19847,0.27522
GHA,GHA7.6_2,AdaWest,GreaterAccra,2007,0.21072,0.17886,0.24614
GHA,GHA7.6_2,AdaWest,GreaterAccra,2008,0.19254,0.16232,0.22446
GHA,GHA7.6_2,AdaWest,GreaterAccra,2009,0.17857,0.14925,0.2067
GHA,GHA7.6_2,AdaWest,GreaterAccra,2010,0.1729,0.14403,0.1974
GHA,GHA7.6_2,AdaWest,GreaterAccra,2011,0.18347,0.15292,0.2081
GHA,GHA7.6_2,AdaWest,GreaterAccra,2012,0.20475,0.17312,0.23211
GHA,GHA7.6_2,AdaWest,GreaterAccra,2013,0.22723,0.19417,0.25528
GHA,GHA7.6_2,AdaWest,GreaterAccra,2014,0.23827,0.20345,0.26419
GHA,GHA7.6_2,AdaWest,GreaterAccra,2015,0.24284,0.2058,0.2698
GHA,GHA7.6_2,AdaWest,GreaterAccra,2016,0.23058,0.19213,0.25653
GHA,GHA7.6_2,AdaWest,GreaterAccra,2017,0.19786,0.16228,0.22388
GHA,GHA7.6_2,AdaWest,GreaterAccra,2018,0.14816,0.11847,0.17039
GHA,GHA7.6_2,AdaWest,GreaterAccra,2019,0.11621,0.09104,0.14027
GHA,GHA7.6_2,AdaWest,GreaterAccra,2020,0.11349,0.08886,0.13752
GHA,GHA7.6_2,AdaWest,GreaterAccra,2021,0.13364,0.1081,0.15541
GHA,GHA7.6_2,AdaWest,GreaterAccra,2022,0.15832,0.13196,0.1776
GHA,GHA7.6_2,AdaWest,GreaterAccra,2023,0.16987,0.14318,0.18823
GHA,GHA7.6_2,AdaWest,GreaterAccra,2024,0.1756,0.14887,0.19465
GHA,GHA7.6_2,AdaWest,GreaterAccra,2025,0.16536,0.13937,0.18453
GHA,GHA7.7_2,Adenta,GreaterAccra,2000,0.40159,0.36331,0.43653
GHA,GHA7.7_2,Adenta,GreaterAccra,2001,0.35919,0.32034,0.39448
GHA,GHA7.7_2,Adenta,GreaterAccra,2002,0.29717,0.26307,0.32739
GHA,GHA7.7_2,Adenta,GreaterAccra,2003,0.21842,0.19142,0.24098
GHA,GHA7.7_2,Adenta,GreaterAccra,2004,0.1608,0.13883,0.18125
GHA,GHA7.7_2,Adenta,GreaterAccra,2005,0.13249,0.11324,0.15053
GHA,GHA7.7_2,Adenta,GreaterAccra,2006,0.12284,0.10477,0.13935
GHA,GHA7.7_2,Adenta,GreaterAccra,2007,0.12764,0.11055,0.14312
GHA,GHA7.7_2,Adenta,GreaterAccra,2008,0.13994,0.12363,0.15466
GHA,GHA7.7_2,Adenta,GreaterAccra,2009,0.15778,0.14209,0.17307
GHA,GHA7.7_2,Adenta,GreaterAccra,2010,0.17598,0.16058,0.19367
GHA,GHA7.7_2,Adenta,GreaterAccra,2011,0.19133,0.17513,0.2096
GHA,GHA7.7_2,Adenta,GreaterAccra,2012,0.19749,0.18087,0.21669
GHA,GHA7.7_2,Adenta,GreaterAccra,2013,0.19794,0.18017,0.21685
GHA,GHA7.7_2,Adenta,GreaterAccra,2014,0.19332,0.1741,0.2107
GHA,GHA7.7_2,Adenta,GreaterAccra,2015,0.1845,0.16473,0.20153
GHA,GHA7.7_2,Adenta,GreaterAccra,2016,0.16306,0.14322,0.18102
GHA,GHA7.7_2,Adenta,GreaterAccra,2017,0.12821,0.10955,0.14451
GHA,GHA7.7_2,Adenta,GreaterAccra,2018,0.08447,0.06941,0.09706
GHA,GHA7.7_2,Adenta,GreaterAccra,2019,0.06213,0.05,0.07411
GHA,GHA7.7_2,Adenta,GreaterAccra,2020,0.06704,0.05461,0.0798
GHA,GHA7.7_2,Adenta,GreaterAccra,2021,0.09868,0.08408,0.11197
GHA,GHA7.7_2,Adenta,GreaterAccra,2022,0.16307,0.1506,0.17589
GHA,GHA7.7_2,Adenta,GreaterAccra,2023,0.15866,0.14481,0.17108
GHA,GHA7.7_2,Adenta,GreaterAccra,2024,0.16263,0.15017,0.17452
GHA,GHA7.7_2,Adenta,GreaterAccra,2025,0.14522,0.13399,0.15577
GHA,GHA7.8_2,Ashaiman,GreaterAccra,2000,0.37271,0.37271,0.37271
GHA,GHA7.8_2,Ashaiman,GreaterAccra,2001,0.32908,0.32908,0.32908
GHA,GHA7.8_2,Ashaiman,GreaterAccra,2002,0.27515,0.27515,0.27515
GHA,GHA7.8_2,Ashaiman,GreaterAccra,2003,0.20815,0.20815,0.20815
GHA,GHA7.8_2,Ashaiman,GreaterAccra,2004,0.15753,0.15753,0.15753
GHA,GHA7.8_2,Ashaiman,GreaterAccra,2005,0.1302,0.1302,0.1302
GHA,GHA7.8_2,Ashaiman,GreaterAccra,2006,0.11725,0.11725,0.11725
GHA,GHA7.8_2,Ashaiman,GreaterAccra,2007,0.11789,0.11789,0.11789
GHA,GHA7.8_2,Ashaiman,GreaterAccra,2008,0.12473,0.12473,0.12473
GHA,GHA7.8_2,Ashaiman,GreaterAccra,2009,0.13585,0.13585,0.13585
GHA,GHA7.8_2,Ashaiman,GreaterAccra,2010,0.14806,0.14806,0.14806
GHA,GHA7.8_2,Ashaiman,GreaterAccra,2011,0.16179,0.16179,0.16179
GHA,GHA7.8_2,Ashaiman,GreaterAccra,2012,0.17121,0.17121,0.17121
GHA,GHA7.8_2,Ashaiman,GreaterAccra,2013,0.1775,0.1775,0.1775
GHA,GHA7.8_2,Ashaiman,GreaterAccra,2014,0.17925,0.17925,0.17925
GHA,GHA7.8_2,Ashaiman,GreaterAccra,2015,0.17786,0.17786,0.17786
GHA,GHA7.8_2,Ashaiman,GreaterAccra,2016,0.16166,0.16166,0.16166
GHA,GHA7.8_2,Ashaiman,GreaterAccra,2017,0.12747,0.12747,0.12747
GHA,GHA7.8_2,Ashaiman,GreaterAccra,2018,0.08155,0.08155,0.08155
GHA,GHA7.8_2,Ashaiman,GreaterAccra,2019,0.05687,0.05687,0.05687
GHA,GHA7.8_2,Ashaiman,GreaterAccra,2020,0.05839,0.05839,0.05839
GHA,GHA7.8_2,Ashaiman,GreaterAccra,2021,0.08543,0.08543,0.08543
GHA,GHA7.8_2,Ashaiman,GreaterAccra,2022,0.14524,0.14524,0.14524
GHA,GHA7.8_2,Ashaiman,GreaterAccra,2023,0.14021,0.14021,0.14021
GHA,GHA7.8_2,Ashaiman,GreaterAccra,2024,0.14456,0.14456,0.14456
GHA,GHA7.8_2,Ashaiman,GreaterAccra,2025,0.12928,0.12928,0.12928
GHA,GHA7.9_2,AyawasoCentral,GreaterAccra,2000,,,
GHA,GHA7.9_2,AyawasoCentral,GreaterAccra,2001,,,
GHA,GHA7.9_2,AyawasoCentral,GreaterAccra,2002,,,
GHA,GHA7.9_2,AyawasoCentral,GreaterAccra,2003,,,
GHA,GHA7.9_2,AyawasoCentral,GreaterAccra,2004,,,
GHA,GHA7.9_2,AyawasoCentral,GreaterAccra,2005,,,
GHA,GHA7.9_2,AyawasoCentral,GreaterAccra,2006,,,
GHA,GHA7.9_2,AyawasoCentral,GreaterAccra,2007,,,
GHA,GHA7.9_2,AyawasoCentral,GreaterAccra,2008,,,
GHA,GHA7.9_2,AyawasoCentral,GreaterAccra,2009,,,
GHA,GHA7.9_2,AyawasoCentral,GreaterAccra,2010,,,
GHA,GHA7.9_2,AyawasoCentral,GreaterAccra,2011,,,
GHA,GHA7.9_2,AyawasoCentral,GreaterAccra,2012,,,
GHA,GHA7.9_2,AyawasoCentral,GreaterAccra,2013,,,
GHA,GHA7.9_2,AyawasoCentral,GreaterAccra,2014,,,
GHA,GHA7.9_2,AyawasoCentral,GreaterAccra,2015,,,
GHA,GHA7.9_2,AyawasoCentral,GreaterAccra,2016,,,
GHA,GHA7.9_2,AyawasoCentral,GreaterAccra,2017,,,
GHA,GHA7.9_2,AyawasoCentral,GreaterAccra,2018,,,
GHA,GHA7.9_2,AyawasoCentral,GreaterAccra,2019,,,
GHA,GHA7.9_2,AyawasoCentral,GreaterAccra,2020,,,
GHA,GHA7.9_2,AyawasoCentral,GreaterAccra,2021,,,
GHA,GHA7.9_2,AyawasoCentral,GreaterAccra,2022,,,
GHA,GHA7.9_2,AyawasoCentral,GreaterAccra,2023,,,
GHA,GHA7.9_2,AyawasoCentral,GreaterAccra,2024,,,
GHA,GHA7.9_2,AyawasoCentral,GreaterAccra,2025,,,
GHA,GHA8.1_2,BunkpuruguNakpanduri,NorthEast,2000,0.45377,0.4323,0.47403
GHA,GHA8.1_2,BunkpuruguNakpanduri,NorthEast,2001,0.44725,0.42169,0.47022
GHA,GHA8.1_2,BunkpuruguNakpanduri,NorthEast,2002,0.46896,0.44455,0.48757
GHA,GHA8.1_2,BunkpuruguNakpanduri,NorthEast,2003,0.51207,0.49224,0.52439
GHA,GHA8.1_2,BunkpuruguNakpanduri,NorthEast,2004,0.52519,0.51286,0.53029
GHA,GHA8.1_2,BunkpuruguNakpanduri,NorthEast,2005,0.52087,0.50487,0.52996
GHA,GHA8.1_2,BunkpuruguNakpanduri,NorthEast,2006,0.48994,0.45375,0.50901
GHA,GHA8.1_2,BunkpuruguNakpanduri,NorthEast,2007,0.4301,0.37866,0.46407
GHA,GHA8.1_2,BunkpuruguNakpanduri,NorthEast,2008,0.41573,0.36539,0.45684
GHA,GHA8.1_2,BunkpuruguNakpanduri,NorthEast,2009,0.4558,0.41329,0.49917
GHA,GHA8.1_2,BunkpuruguNakpanduri,NorthEast,2010,0.49718,0.46462,0.51662
GHA,GHA8.1_2,BunkpuruguNakpanduri,NorthEast,2011,0.48976,0.4488,0.5142
GHA,GHA8.1_2,BunkpuruguNakpanduri,NorthEast,2012,0.42852,0.35817,0.50682
GHA,GHA8.1_2,BunkpuruguNakpanduri,NorthEast,2013,0.34451,0.26336,0.4744
GHA,GHA8.1_2,BunkpuruguNakpanduri,NorthEast,2014,0.3097,0.22851,0.44145
GHA,GHA8.1_2,BunkpuruguNakpanduri,NorthEast,2015,0.30969,0.21892,0.41793
GHA,GHA8.1_2,BunkpuruguNakpanduri,NorthEast,2016,0.32855,0.23277,0.4222
GHA,GHA8.1_2,BunkpuruguNakpanduri,NorthEast,2017,0.3274,0.23694,0.41371
GHA,GHA8.1_2,BunkpuruguNakpanduri,NorthEast,2018,0.29401,0.22534,0.35507
GHA,GHA8.1_2,BunkpuruguNakpanduri,NorthEast,2019,0.27661,0.2271,0.31696
GHA,GHA8.1_2,BunkpuruguNakpanduri,NorthEast,2020,0.28406,0.23937,0.32417
GHA,GHA8.1_2,BunkpuruguNakpanduri,NorthEast,2021,0.28401,0.23387,0.33005
GHA,GHA8.1_2,BunkpuruguNakpanduri,NorthEast,2022,0.28117,0.22551,0.33504
GHA,GHA8.1_2,BunkpuruguNakpanduri,NorthEast,2023,0.27562,0.22617,0.32587
GHA,GHA8.1_2,BunkpuruguNakpanduri,NorthEast,2024,0.27813,0.23664,0.32234
GHA,GHA8.1_2,BunkpuruguNakpanduri,NorthEast,2025,0.26351,0.23466,0.29388
GHA,GHA8.2_2,Chereponi,NorthEast,2000,0.47488,0.43884,0.4884
GHA,GHA8.2_2,Chereponi,NorthEast,2001,0.47586,0.44408,0.49047
GHA,GHA8.2_2,Chereponi,NorthEast,2002,0.49152,0.46246,0.5181
GHA,GHA8.2_2,Chereponi,NorthEast,2003,0.51554,0.49607,0.55831
GHA,GHA8.2_2,Chereponi,NorthEast,2004,0.51907,0.50479,0.56338
GHA,GHA8.2_2,Chereponi,NorthEast,2005,0.51617,0.50175,0.56252
GHA,GHA8.2_2,Chereponi,NorthEast,2006,0.50257,0.4796,0.54938
GHA,GHA8.2_2,Chereponi,NorthEast,2007,0.47875,0.45382,0.50288
GHA,GHA8.2_2,Chereponi,NorthEast,2008,0.48029,0.44671,0.49624
GHA,GHA8.2_2,Chereponi,NorthEast,2009,0.50625,0.43946,0.51528
GHA,GHA8.2_2,Chereponi,NorthEast,2010,0.5137,0.46839,0.51632
GHA,GHA8.2_2,Chereponi,NorthEast,2011,0.51151,0.46746,0.51421
GHA,GHA8.2_2,Chereponi,NorthEast,2012,0.50358,0.43847,0.5118
GHA,GHA8.2_2,Chereponi,NorthEast,2013,0.48717,0.40468,0.50859
GHA,GHA8.2_2,Chereponi,NorthEast,2014,0.48286,0.40643,0.50626
GHA,GHA8.2_2,Chereponi,NorthEast,2015,0.47571,0.40148,0.4984
GHA,GHA8.2_2,Chereponi,NorthEast,2016,0.46645,0.4072,0.5001
GHA,GHA8.2_2,Chereponi,NorthEast,2017,0.43648,0.381,0.47977
GHA,GHA8.2_2,Chereponi,NorthEast,2018,0.37541,0.32566,0.42831
GHA,GHA8.2_2,Chereponi,NorthEast,2019,0.33351,0.28889,0.38159
GHA,GHA8.2_2,Chereponi,NorthEast,2020,0.32082,0.27489,0.3748
GHA,GHA8.2_2,Chereponi,NorthEast,2021,0.3171,0.26831,0.3841
GHA,GHA8.2_2,Chereponi,NorthEast,2022,0.31574,0.2649,0.39592
GHA,GHA8.2_2,Chereponi,NorthEast,2023,0.30675,0.26173,0.37572
GHA,GHA8.2_2,Chereponi,NorthEast,2024,0.30956,0.25569,0.3465
GHA,GHA8.2_2,Chereponi,NorthEast,2025,0.28685,0.23093,0.31695
GHA,GHA8.3_2,EastMamprusi,NorthEast,2000,0.48453,0.44658,0.51119
GHA,GHA8.3_2,EastMamprusi,NorthEast,2001,0.47717,0.43617,0.50942
GHA,GHA8.3_2,EastMamprusi,NorthEast,2002,0.48291,0.44848,0.5081
GHA,GHA8.3_2,EastMamprusi,NorthEast,2003,0.49637,0.47012,0.51582
GHA,GHA8.3_2,EastMamprusi,NorthEast,2004,0.49576,0.46008,0.52056
GHA,GHA8.3_2,EastMamprusi,NorthEast,2005,0.48094,0.42978,0.51509
GHA,GHA8.3_2,EastMamprusi,NorthEast,2006,0.43654,0.3824,0.49032
GHA,GHA8.3_2,EastMamprusi,NorthEast,2007,0.38775,0.34368,0.44807
GHA,GHA8.3_2,EastMamprusi,NorthEast,2008,0.3941,0.35388,0.44799
GHA,GHA8.3_2,EastMamprusi,NorthEast,2009,0.42869,0.3779,0.47641
GHA,GHA8.3_2,EastMamprusi,NorthEast,2010,0.49148,0.44321,0.51516
GHA,GHA8.3_2,EastMamprusi,NorthEast,2011,0.50471,0.46589,0.51439
GHA,GHA8.3_2,EastMamprusi,NorthEast,2012,0.44317,0.36624,0.50542
GHA,GHA8.3_2,EastMamprusi,NorthEast,2013,0.32952,0.24464,0.4471
GHA,GHA8.3_2,EastMamprusi,NorthEast,2014,0.26565,0.1808,0.3996
GHA,GHA8.3_2,EastMamprusi,NorthEast,2015,0.23859,0.15156,0.3732
GHA,GHA8.3_2,EastMamprusi,NorthEast,2016,0.23574,0.14768,0.36262
GHA,GHA8.3_2,EastMamprusi,NorthEast,2017,0.23297,0.15158,0.34363
GHA,GHA8.3_2,EastMamprusi,NorthEast,2018,0.22084,0.1544,0.30133
GHA,GHA8.3_2,EastMamprusi,NorthEast,2019,0.22145,0.1707,0.2796
GHA,GHA8.3_2,EastMamprusi,NorthEast,2020,0.23336,0.19071,0.28506
GHA,GHA8.3_2,EastMamprusi,NorthEast,2021,0.23177,0.18825,0.29177
GHA,GHA8.3_2,EastMamprusi,NorthEast,2022,0.22898,0.18421,0.29684
GHA,GHA8.3_2,EastMamprusi,NorthEast,2023,0.23219,0.1905,0.29347
GHA,GHA8.3_2,EastMamprusi,NorthEast,2024,0.24848,0.21135,0.2937
GHA,GHA8.3_2,EastMamprusi,NorthEast,2025,0.25284,0.22628,0.2779
GHA,GHA8.4_2,MampruguMoagduri,NorthEast,2000,0.52843,0.51745,0.536
GHA,GHA8.4_2,MampruguMoagduri,NorthEast,2001,0.52049,0.50814,0.52868
GHA,GHA8.4_2,MampruguMoagduri,NorthEast,2002,0.50782,0.49655,0.51906
GHA,GHA8.4_2,MampruguMoagduri,NorthEast,2003,0.48342,0.46824,0.49727
GHA,GHA8.4_2,MampruguMoagduri,NorthEast,2004,0.45139,0.43346,0.47076
GHA,GHA8.4_2,MampruguMoagduri,NorthEast,2005,0.42715,0.404,0.45481
GHA,GHA8.4_2,MampruguMoagduri,NorthEast,2006,0.40923,0.3743,0.44469
GHA,GHA8.4_2,MampruguMoagduri,NorthEast,2007,0.40212,0.35915,0.44802
GHA,GHA8.4_2,MampruguMoagduri,NorthEast,2008,0.41925,0.37051,0.46991
GHA,GHA8.4_2,MampruguMoagduri,NorthEast,2009,0.47085,0.42127,0.50868
GHA,GHA8.4_2,MampruguMoagduri,NorthEast,2010,0.50313,0.47071,0.51592
GHA,GHA8.4_2,MampruguMoagduri,NorthEast,2011,0.50276,0.46997,0.51424
GHA,GHA8.4_2,MampruguMoagduri,NorthEast,2012,0.47565,0.4063,0.51046
GHA,GHA8.4_2,MampruguMoagduri,NorthEast,2013,0.40094,0.30179,0.47207
GHA,GHA8.4_2,MampruguMoagduri,NorthEast,2014,0.32131,0.23906,0.38519
GHA,GHA8.4_2,MampruguMoagduri,NorthEast,2015,0.24207,0.19298,0.27568
GHA,GHA8.4_2,MampruguMoagduri,NorthEast,2016,0.1949,0.17131,0.2251
GHA,GHA8.4_2,MampruguMoagduri,NorthEast,2017,0.17738,0.15758,0.21054
GHA,GHA8.4_2,MampruguMoagduri,NorthEast,2018,0.17433,0.15199,0.21327
GHA,GHA8.4_2,MampruguMoagduri,NorthEast,2019,0.18762,0.16686,0.22996
GHA,GHA8.4_2,MampruguMoagduri,NorthEast,2020,0.19518,0.17534,0.24181
GHA,GHA8.4_2,MampruguMoagduri,NorthEast,2021,0.19158,0.17143,0.23772
GHA,GHA8.4_2,MampruguMoagduri,NorthEast,2022,0.19864,0.17836,0.23986
GHA,GHA8.4_2,MampruguMoagduri,NorthEast,2023,0.20919,0.18861,0.24904
GHA,GHA8.4_2,MampruguMoagduri,NorthEast,2024,0.24152,0.21798,0.28505
GHA,GHA8.4_2,MampruguMoagduri,NorthEast,2025,0.26697,0.24236,0.30208
GHA,GHA8.5_2,WestMamprusi,NorthEast,2000,0.51951,0.49642,0.53589
GHA,GHA8.5_2,WestMamprusi,NorthEast,2001,0.5134,0.4895,0.52637
GHA,GHA8.5_2,WestMamprusi,NorthEast,2002,0.50205,0.47883,0.51559
GHA,GHA8.5_2,WestMamprusi,NorthEast,2003,0.48595,0.46863,0.50047
GHA,GHA8.5_2,WestMamprusi,NorthEast,2004,0.46093,0.426,0.48505
GHA,GHA8.5_2,WestMamprusi,NorthEast,2005,0.43216,0.39602,0.46475
GHA,GHA8.5_2,WestMamprusi,NorthEast,2006,0.39285,0.36678,0.4272
GHA,GHA8.5_2,WestMamprusi,NorthEast,2007,0.36634,0.334,0.39706
GHA,GHA8.5_2,WestMamprusi,NorthEast,2008,0.34271,0.30227,0.38174
GHA,GHA8.5_2,WestMamprusi,NorthEast,2009,0.36143,0.31655,0.43592
GHA,GHA8.5_2,WestMamprusi,NorthEast,2010,0.45043,0.40283,0.51164
GHA,GHA8.5_2,WestMamprusi,NorthEast,2011,0.47114,0.42479,0.51499
GHA,GHA8.5_2,WestMamprusi,NorthEast,2012,0.38974,0.33169,0.4635
GHA,GHA8.5_2,WestMamprusi,NorthEast,2013,0.27546,0.22193,0.35099
GHA,GHA8.5_2,WestMamprusi,NorthEast,2014,0.21162,0.16193,0.27674
GHA,GHA8.5_2,WestMamprusi,NorthEast,2015,0.18043,0.13826,0.23815
GHA,GHA8.5_2,WestMamprusi,NorthEast,2016,0.16966,0.13334,0.21831
GHA,GHA8.5_2,WestMamprusi,NorthEast,2017,0.16724,0.13427,0.20862
GHA,GHA8.5_2,WestMamprusi,NorthEast,2018,0.16814,0.13849,0.20118
GHA,GHA8.5_2,WestMamprusi,NorthEast,2019,0.18308,0.15571,0.22202
GHA,GHA8.5_2,WestMamprusi,NorthEast,2020,0.20495,0.17517,0.25225
GHA,GHA8.5_2,WestMamprusi,NorthEast,2021,0.20575,0.17684,0.25058
GHA,GHA8.5_2,WestMamprusi,NorthEast,2022,0.20552,0.17439,0.24867
GHA,GHA8.5_2,WestMamprusi,NorthEast,2023,0.21369,0.18161,0.25901
GHA,GHA8.5_2,WestMamprusi,NorthEast,2024,0.23992,0.20798,0.28492
GHA,GHA8.5_2,WestMamprusi,NorthEast,2025,0.25672,0.22567,0.29455
GHA,GHA8.6_2,Yunyoo-Nasuan,NorthEast,2000,0.46802,0.44651,0.48731
GHA,GHA8.6_2,Yunyoo-Nasuan,NorthEast,2001,0.46185,0.4375,0.48037
GHA,GHA8.6_2,Yunyoo-Nasuan,NorthEast,2002,0.47879,0.45713,0.4931
GHA,GHA8.6_2,Yunyoo-Nasuan,NorthEast,2003,0.51306,0.50293,0.51968
GHA,GHA8.6_2,Yunyoo-Nasuan,NorthEast,2004,0.52092,0.51378,0.52688
GHA,GHA8.6_2,Yunyoo-Nasuan,NorthEast,2005,0.51421,0.50496,0.52336
GHA,GHA8.6_2,Yunyoo-Nasuan,NorthEast,2006,0.48142,0.46183,0.50119
GHA,GHA8.6_2,Yunyoo-Nasuan,NorthEast,2007,0.42696,0.395,0.45387
GHA,GHA8.6_2,Yunyoo-Nasuan,NorthEast,2008,0.42087,0.38533,0.44702
GHA,GHA8.6_2,Yunyoo-Nasuan,NorthEast,2009,0.47095,0.43444,0.49052
GHA,GHA8.6_2,Yunyoo-Nasuan,NorthEast,2010,0.51077,0.48965,0.51656
GHA,GHA8.6_2,Yunyoo-Nasuan,NorthEast,2011,0.50735,0.4866,0.5145
GHA,GHA8.6_2,Yunyoo-Nasuan,NorthEast,2012,0.46451,0.41091,0.49731
GHA,GHA8.6_2,Yunyoo-Nasuan,NorthEast,2013,0.37878,0.31267,0.43703
GHA,GHA8.6_2,Yunyoo-Nasuan,NorthEast,2014,0.3339,0.26821,0.39903
GHA,GHA8.6_2,Yunyoo-Nasuan,NorthEast,2015,0.321,0.26122,0.37925
GHA,GHA8.6_2,Yunyoo-Nasuan,NorthEast,2016,0.32968,0.27195,0.3821
GHA,GHA8.6_2,Yunyoo-Nasuan,NorthEast,2017,0.32396,0.27269,0.3722
GHA,GHA8.6_2,Yunyoo-Nasuan,NorthEast,2018,0.30812,0.27051,0.34779
GHA,GHA8.6_2,Yunyoo-Nasuan,NorthEast,2019,0.29204,0.26539,0.32515
GHA,GHA8.6_2,Yunyoo-Nasuan,NorthEast,2020,0.2827,0.25465,0.3142
GHA,GHA8.6_2,Yunyoo-Nasuan,NorthEast,2021,0.28412,0.25239,0.31893
GHA,GHA8.6_2,Yunyoo-Nasuan,NorthEast,2022,0.28369,0.24699,0.32451
GHA,GHA8.6_2,Yunyoo-Nasuan,NorthEast,2023,0.2823,0.24822,0.31815
GHA,GHA8.6_2,Yunyoo-Nasuan,NorthEast,2024,0.28798,0.25798,0.31732
GHA,GHA8.6_2,Yunyoo-Nasuan,NorthEast,2025,0.27283,0.24801,0.29045
GHA,GHA9.10_2,Sagnerigu,Northern,2000,0.49526,0.47302,0.5068
GHA,GHA9.10_2,Sagnerigu,Northern,2001,0.50037,0.47273,0.51459
GHA,GHA9.10_2,Sagnerigu,Northern,2002,0.47775,0.43831,0.50275
GHA,GHA9.10_2,Sagnerigu,Northern,2003,0.40435,0.35958,0.43392
GHA,GHA9.10_2,Sagnerigu,Northern,2004,0.33961,0.29776,0.36689
GHA,GHA9.10_2,Sagnerigu,Northern,2005,0.30723,0.26787,0.33391
GHA,GHA9.10_2,Sagnerigu,Northern,2006,0.30253,0.26666,0.32734
GHA,GHA9.10_2,Sagnerigu,Northern,2007,0.31758,0.28295,0.33923
GHA,GHA9.10_2,Sagnerigu,Northern,2008,0.33652,0.29955,0.3589
GHA,GHA9.10_2,Sagnerigu,Northern,2009,0.35836,0.31317,0.38729
GHA,GHA9.10_2,Sagnerigu,Northern,2010,0.38007,0.32447,0.41652
GHA,GHA9.10_2,Sagnerigu,Northern,2011,0.3796,0.32183,0.42025
GHA,GHA9.10_2,Sagnerigu,Northern,2012,0.35693,0.30351,0.39803
GHA,GHA9.10_2,Sagnerigu,Northern,2013,0.32098,0.27467,0.35543
GHA,GHA9.10_2,Sagnerigu,Northern,2014,0.28088,0.24088,0.30776
GHA,GHA9.10_2,Sagnerigu,Northern,2015,0.23838,0.20626,0.26085
GHA,GHA9.10_2,Sagnerigu,Northern,2016,0.20433,0.17718,0.22269
GHA,GHA9.10_2,Sagnerigu,Northern,2017,0.17773,0.15279,0.19655
GHA,GHA9.10_2,Sagnerigu,Northern,2018,0.15258,0.12896,0.17107
GHA,GHA9.10_2,Sagnerigu,Northern,2019,0.14333,0.11926,0.16252
GHA,GHA9.10_2,Sagnerigu,Northern,2020,0.14785,0.12213,0.16851
GHA,GHA9.10_2,Sagnerigu,Northern,2021,0.15002,0.12295,0.17292
GHA,GHA9.10_2,Sagnerigu,Northern,2022,0.16251,0.14009,0.18355
GHA,GHA9.10_2,Sagnerigu,Northern,2023,0.16502,0.13865,0.18627
GHA,GHA9.10_2,Sagnerigu,Northern,2024,0.19112,0.16466,0.21181
GHA,GHA9.10_2,Sagnerigu,Northern,2025,0.21019,0.18758,0.22778
GHA,GHA9.11_2,Savelugu,Northern,2000,0.51542,0.49229,0.52799
GHA,GHA9.11_2,Savelugu,Northern,2001,0.51652,0.49734,0.5283
GHA,GHA9.11_2,Savelugu,Northern,2002,0.50541,0.46792,0.52097
GHA,GHA9.11_2,Savelugu,Northern,2003,0.47197,0.40072,0.5025
GHA,GHA9.11_2,Savelugu,Northern,2004,0.4271,0.3372,0.47323
GHA,GHA9.11_2,Savelugu,Northern,2005,0.39646,0.30362,0.44914
GHA,GHA9.11_2,Savelugu,Northern,2006,0.36957,0.29319,0.41291
GHA,GHA9.11_2,Savelugu,Northern,2007,0.36097,0.30348,0.38853
GHA,GHA9.11_2,Savelugu,Northern,2008,0.33985,0.2874,0.36999
GHA,GHA9.11_2,Savelugu,Northern,2009,0.33981,0.27708,0.37769
GHA,GHA9.11_2,Savelugu,Northern,2010,0.41525,0.33138,0.45643
GHA,GHA9.11_2,Savelugu,Northern,2011,0.45214,0.36729,0.48795
GHA,GHA9.11_2,Savelugu,Northern,2012,0.41063,0.33477,0.45319
GHA,GHA9.11_2,Savelugu,Northern,2013,0.34647,0.2888,0.38925
GHA,GHA9.11_2,Savelugu,Northern,2014,0.2949,0.23529,0.33943
GHA,GHA9.11_2,Savelugu,Northern,2015,0.25626,0.20531,0.29562
GHA,GHA9.11_2,Savelugu,Northern,2016,0.22803,0.18981,0.26082
GHA,GHA9.11_2,Savelugu,Northern,2017,0.20909,0.16995,0.23698
GHA,GHA9.11_2,Savelugu,Northern,2018,0.1925,0.14687,0.21671
GHA,GHA9.11_2,Savelugu,Northern,2019,0.19555,0.13875,0.22327
GHA,GHA9.11_2,Savelugu,Northern,2020,0.21124,0.14634,0.24303
GHA,GHA9.11_2,Savelugu,Northern,2021,0.21804,0.14979,0.25143
GHA,GHA9.11_2,Savelugu,Northern,2022,0.22807,0.16348,0.25837
GHA,GHA9.11_2,Savelugu,Northern,2023,0.23316,0.16489,0.26563
GHA,GHA9.11_2,Savelugu,Northern,2024,0.25338,0.18777,0.28876
GHA,GHA9.11_2,Savelugu,Northern,2025,0.25874,0.20386,0.29099
GHA,GHA9.12_2,Tamale,Northern,2000,0.49709,0.43848,0.51475
GHA,GHA9.12_2,Tamale,Northern,2001,0.50089,0.4285,0.52128
GHA,GHA9.12_2,Tamale,Northern,2002,0.47894,0.37999,0.51468
GHA,GHA9.12_2,Tamale,Northern,2003,0.41289,0.30327,0.46664
GHA,GHA9.12_2,Tamale,Northern,2004,0.35085,0.24746,0.41262
GHA,GHA9.12_2,Tamale,Northern,2005,0.321,0.22421,0.3853
GHA,GHA9.12_2,Tamale,Northern,2006,0.31697,0.22435,0.37505
GHA,GHA9.12_2,Tamale,Northern,2007,0.32883,0.24203,0.38042
GHA,GHA9.12_2,Tamale,Northern,2008,0.34693,0.25739,0.39439
GHA,GHA9.12_2,Tamale,Northern,2009,0.36755,0.26681,0.42063
GHA,GHA9.12_2,Tamale,Northern,2010,0.38923,0.27229,0.45237
GHA,GHA9.12_2,Tamale,Northern,2011,0.39124,0.2679,0.4598
GHA,GHA9.12_2,Tamale,Northern,2012,0.37349,0.25295,0.44879
GHA,GHA9.12_2,Tamale,Northern,2013,0.34355,0.23124,0.42145
GHA,GHA9.12_2,Tamale,Northern,2014,0.30383,0.2033,0.38043
GHA,GHA9.12_2,Tamale,Northern,2015,0.2588,0.17235,0.32451
GHA,GHA9.12_2,Tamale,Northern,2016,0.22133,0.14635,0.27704
GHA,GHA9.12_2,Tamale,Northern,2017,0.1888,0.12156,0.23469
GHA,GHA9.12_2,Tamale,Northern,2018,0.157,0.10059,0.19496
GHA,GHA9.12_2,Tamale,Northern,2019,0.14213,0.09116,0.17719
GHA,GHA9.12_2,Tamale,Northern,2020,0.14203,0.09365,0.17692
GHA,GHA9.12_2,Tamale,Northern,2021,0.14179,0.09399,0.17633
GHA,GHA9.12_2,Tamale,Northern,2022,0.15027,0.11755,0.18275
GHA,GHA9.12_2,Tamale,Northern,2023,0.15587,0.1095,0.18939
GHA,GHA9.12_2,Tamale,Northern,2024,0.18365,0.13581,0.21616
GHA,GHA9.12_2,Tamale,Northern,2025,0.20606,0.16174,0.23398
GHA,GHA9.13_2,TataleSanguli,Northern,2000,0.50372,0.47119,0.51655
GHA,GHA9.13_2,TataleSanguli,Northern,2001,0.5044,0.478,0.53134
GHA,GHA9.13_2,TataleSanguli,Northern,2002,0.50614,0.47834,0.5396
GHA,GHA9.13_2,TataleSanguli,Northern,2003,0.50413,0.47874,0.53624
GHA,GHA9.13_2,TataleSanguli,Northern,2004,0.49346,0.46963,0.5238
GHA,GHA9.13_2,TataleSanguli,Northern,2005,0.48997,0.4683,0.52455
GHA,GHA9.13_2,TataleSanguli,Northern,2006,0.48743,0.46557,0.51933
GHA,GHA9.13_2,TataleSanguli,Northern,2007,0.47817,0.4564,0.4983
GHA,GHA9.13_2,TataleSanguli,Northern,2008,0.47465,0.44046,0.48919
GHA,GHA9.13_2,TataleSanguli,Northern,2009,0.48218,0.42098,0.50164
GHA,GHA9.13_2,TataleSanguli,Northern,2010,0.49288,0.42814,0.51295
GHA,GHA9.13_2,TataleSanguli,Northern,2011,0.49903,0.44269,0.51125
GHA,GHA9.13_2,TataleSanguli,Northern,2012,0.50637,0.48803,0.52801
GHA,GHA9.13_2,TataleSanguli,Northern,2013,0.50632,0.48725,0.53805
GHA,GHA9.13_2,TataleSanguli,Northern,2014,0.50059,0.47449,0.53137
GHA,GHA9.13_2,TataleSanguli,Northern,2015,0.48703,0.44129,0.5187
GHA,GHA9.13_2,TataleSanguli,Northern,2016,0.45569,0.39715,0.49124
GHA,GHA9.13_2,TataleSanguli,Northern,2017,0.41087,0.33829,0.47006
GHA,GHA9.13_2,TataleSanguli,Northern,2018,0.34466,0.27938,0.42164
GHA,GHA9.13_2,TataleSanguli,Northern,2019,0.299,0.2397,0.37872
GHA,GHA9.13_2,TataleSanguli,Northern,2020,0.26848,0.21928,0.3432
GHA,GHA9.13_2,TataleSanguli,Northern,2021,0.24492,0.19773,0.30593
GHA,GHA9.13_2,TataleSanguli,Northern,2022,0.24664,0.20163,0.31832
GHA,GHA9.13_2,TataleSanguli,Northern,2023,0.24986,0.20802,0.31698
GHA,GHA9.13_2,TataleSanguli,Northern,2024,0.26161,0.22481,0.30988
GHA,GHA9.13_2,TataleSanguli,Northern,2025,0.25736,0.22889,0.29829
GHA,GHA9.14_2,Tolon,Northern,2000,0.51695,0.49692,0.52389
GHA,GHA9.14_2,Tolon,Northern,2001,0.51948,0.4997,0.52622
GHA,GHA9.14_2,Tolon,Northern,2002,0.5069,0.47593,0.51663
GHA,GHA9.14_2,Tolon,Northern,2003,0.45857,0.39923,0.48097
GHA,GHA9.14_2,Tolon,Northern,2004,0.39977,0.33738,0.4323
GHA,GHA9.14_2,Tolon,Northern,2005,0.37275,0.30889,0.40222
GHA,GHA9.14_2,Tolon,Northern,2006,0.36914,0.30912,0.3961
GHA,GHA9.14_2,Tolon,Northern,2007,0.38687,0.33099,0.41343
GHA,GHA9.14_2,Tolon,Northern,2008,0.388,0.32425,0.42334
GHA,GHA9.14_2,Tolon,Northern,2009,0.41072,0.32259,0.45111
GHA,GHA9.14_2,Tolon,Northern,2010,0.48584,0.39558,0.50649
GHA,GHA9.14_2,Tolon,Northern,2011,0.50472,0.44251,0.51113
GHA,GHA9.14_2,Tolon,Northern,2012,0.47693,0.37879,0.50363
GHA,GHA9.14_2,Tolon,Northern,2013,0.42671,0.33722,0.47923
GHA,GHA9.14_2,Tolon,Northern,2014,0.39626,0.3216,0.45076
GHA,GHA9.14_2,Tolon,Northern,2015,0.30891,0.25844,0.34853
GHA,GHA9.14_2,Tolon,Northern,2016,0.24366,0.21016,0.26437
GHA,GHA9.14_2,Tolon,Northern,2017,0.20636,0.17603,0.22316
GHA,GHA9.14_2,Tolon,Northern,2018,0.18464,0.14933,0.20316
GHA,GHA9.14_2,Tolon,Northern,2019,0.18514,0.14142,0.20727
GHA,GHA9.14_2,Tolon,Northern,2020,0.19657,0.14647,0.22171
GHA,GHA9.14_2,Tolon,Northern,2021,0.20238,0.1523,0.22371
GHA,GHA9.14_2,Tolon,Northern,2022,0.21313,0.16444,0.23504
GHA,GHA9.14_2,Tolon,Northern,2023,0.21498,0.16659,0.23774
GHA,GHA9.14_2,Tolon,Northern,2024,0.2359,0.18925,0.26349
GHA,GHA9.14_2,Tolon,Northern,2025,0.2445,0.20348,0.27573
GHA,GHA9.15_2,Yendi,Northern,2000,0.51631,0.50132,0.52836
GHA,GHA9.15_2,Yendi,Northern,2001,0.52054,0.50625,0.53164
GHA,GHA9.15_2,Yendi,Northern,2002,0.51983,0.50468,0.52798
GHA,GHA9.15_2,Yendi,Northern,2003,0.51082,0.48635,0.51768
GHA,GHA9.15_2,Yendi,Northern,2004,0.49339,0.45958,0.50499
GHA,GHA9.15_2,Yendi,Northern,2005,0.48227,0.4436,0.49477
GHA,GHA9.15_2,Yendi,Northern,2006,0.47085,0.42646,0.49183
GHA,GHA9.15_2,Yendi,Northern,2007,0.46088,0.42295,0.48563
GHA,GHA9.15_2,Yendi,Northern,2008,0.47008,0.43669,0.49197
GHA,GHA9.15_2,Yendi,Northern,2009,0.4978,0.47176,0.50877
GHA,GHA9.15_2,Yendi,Northern,2010,0.51251,0.50239,0.5142
GHA,GHA9.15_2,Yendi,Northern,2011,0.51132,0.50925,0.51219
GHA,GHA9.15_2,Yendi,Northern,2012,0.50954,0.50526,0.51034
GHA,GHA9.15_2,Yendi,Northern,2013,0.50649,0.49487,0.50835
GHA,GHA9.15_2,Yendi,Northern,2014,0.50109,0.47462,0.50715
GHA,GHA9.15_2,Yendi,Northern,2015,0.48362,0.43245,0.50413
GHA,GHA9.15_2,Yendi,Northern,2016,0.44092,0.37888,0.4796
GHA,GHA9.15_2,Yendi,Northern,2017,0.38163,0.31892,0.42214
GHA,GHA9.15_2,Yendi,Northern,2018,0.30827,0.25023,0.33978
GHA,GHA9.15_2,Yendi,Northern,2019,0.26186,0.20946,0.28455
GHA,GHA9.15_2,Yendi,Northern,2020,0.24738,0.19543,0.28495
GHA,GHA9.15_2,Yendi,Northern,2021,0.23861,0.18629,0.28901
GHA,GHA9.15_2,Yendi,Northern,2022,0.24045,0.19849,0.29608
GHA,GHA9.15_2,Yendi,Northern,2023,0.24338,0.19102,0.29667
GHA,GHA9.15_2,Yendi,Northern,2024,0.26394,0.21146,0.30991
GHA,GHA9.15_2,Yendi,Northern,2025,0.26701,0.22489,0.29683
GHA,GHA9.16_2,Zabzugu,Northern,2000,0.51639,0.50636,0.52171
GHA,GHA9.16_2,Zabzugu,Northern,2001,0.51485,0.5038,0.52038
GHA,GHA9.16_2,Zabzugu,Northern,2002,0.51443,0.50343,0.52033
GHA,GHA9.16_2,Zabzugu,Northern,2003,0.51062,0.49912,0.51943
GHA,GHA9.16_2,Zabzugu,Northern,2004,0.49884,0.48598,0.50679
GHA,GHA9.16_2,Zabzugu,Northern,2005,0.49326,0.47935,0.5027
GHA,GHA9.16_2,Zabzugu,Northern,2006,0.49177,0.47327,0.50177
GHA,GHA9.16_2,Zabzugu,Northern,2007,0.48559,0.46672,0.49451
GHA,GHA9.16_2,Zabzugu,Northern,2008,0.48731,0.47272,0.49504
GHA,GHA9.16_2,Zabzugu,Northern,2009,0.50046,0.48865,0.50631
GHA,GHA9.16_2,Zabzugu,Northern,2010,0.50932,0.49471,0.51263
GHA,GHA9.16_2,Zabzugu,Northern,2011,0.51029,0.50308,0.51114
GHA,GHA9.16_2,Zabzugu,Northern,2012,0.50926,0.5069,0.50992
GHA,GHA9.16_2,Zabzugu,Northern,2013,0.50747,0.50499,0.50823
GHA,GHA9.16_2,Zabzugu,Northern,2014,0.50592,0.50204,0.50688
GHA,GHA9.16_2,Zabzugu,Northern,2015,0.50088,0.48888,0.50464
GHA,GHA9.16_2,Zabzugu,Northern,2016,0.47739,0.43812,0.49854
GHA,GHA9.16_2,Zabzugu,Northern,2017,0.43192,0.37204,0.48484
GHA,GHA9.16_2,Zabzugu,Northern,2018,0.36071,0.29373,0.44197
GHA,GHA9.16_2,Zabzugu,Northern,2019,0.30884,0.24475,0.39717
GHA,GHA9.16_2,Zabzugu,Northern,2020,0.2892,0.22817,0.37738
GHA,GHA9.16_2,Zabzugu,Northern,2021,0.27684,0.21883,0.36062
GHA,GHA9.16_2,Zabzugu,Northern,2022,0.27381,0.22062,0.34259
GHA,GHA9.16_2,Zabzugu,Northern,2023,0.27468,0.22556,0.33275
GHA,GHA9.16_2,Zabzugu,Northern,2024,0.2892,0.24316,0.33888
GHA,GHA9.16_2,Zabzugu,Northern,2025,0.28395,0.2478,0.317
GHA,GHA9.1_2,Gushegu,Northern,2000,0.49841,0.47414,0.51755
GHA,GHA9.1_2,Gushegu,Northern,2001,0.50011,0.47271,0.52359
GHA,GHA9.1_2,Gushegu,Northern,2002,0.50531,0.48738,0.52127
GHA,GHA9.1_2,Gushegu,Northern,2003,0.50805,0.48582,0.51843
GHA,GHA9.1_2,Gushegu,Northern,2004,0.49634,0.4462,0.52324
GHA,GHA9.1_2,Gushegu,Northern,2005,0.48354,0.41972,0.51824
GHA,GHA9.1_2,Gushegu,Northern,2006,0.4607,0.39753,0.49868
GHA,GHA9.1_2,Gushegu,Northern,2007,0.43599,0.38365,0.47533
GHA,GHA9.1_2,Gushegu,Northern,2008,0.42021,0.35978,0.47116
GHA,GHA9.1_2,Gushegu,Northern,2009,0.44368,0.36413,0.501
GHA,GHA9.1_2,Gushegu,Northern,2010,0.50117,0.44166,0.51582
GHA,GHA9.1_2,Gushegu,Northern,2011,0.50967,0.48356,0.51419
GHA,GHA9.1_2,Gushegu,Northern,2012,0.50378,0.46222,0.51172
GHA,GHA9.1_2,Gushegu,Northern,2013,0.49075,0.43651,0.50845
GHA,GHA9.1_2,Gushegu,Northern,2014,0.47539,0.40431,0.50569
GHA,GHA9.1_2,Gushegu,Northern,2015,0.44176,0.34797,0.49758
GHA,GHA9.1_2,Gushegu,Northern,2016,0.39764,0.29843,0.47025
GHA,GHA9.1_2,Gushegu,Northern,2017,0.34057,0.24886,0.41286
GHA,GHA9.1_2,Gushegu,Northern,2018,0.27022,0.19317,0.32988
GHA,GHA9.1_2,Gushegu,Northern,2019,0.23959,0.16851,0.29089
GHA,GHA9.1_2,Gushegu,Northern,2020,0.24661,0.1718,0.29215
GHA,GHA9.1_2,Gushegu,Northern,2021,0.25141,0.17134,0.2974
GHA,GHA9.1_2,Gushegu,Northern,2022,0.25832,0.17725,0.30152
GHA,GHA9.1_2,Gushegu,Northern,2023,0.25977,0.182,0.30183
GHA,GHA9.1_2,Gushegu,Northern,2024,0.2694,0.20134,0.30486
GHA,GHA9.1_2,Gushegu,Northern,2025,0.25904,0.21346,0.28324
GHA,GHA9.2_2,Karaga,Northern,2000,0.50335,0.48174,0.51949
GHA,GHA9.2_2,Karaga,Northern,2001,0.50363,0.47704,0.52051
GHA,GHA9.2_2,Karaga,Northern,2002,0.50128,0.48079,0.51599
GHA,GHA9.2_2,Karaga,Northern,2003,0.49387,0.47033,0.51024
GHA,GHA9.2_2,Karaga,Northern,2004,0.47417,0.43106,0.51217
GHA,GHA9.2_2,Karaga,Northern,2005,0.45345,0.39982,0.50593
GHA,GHA9.2_2,Karaga,Northern,2006,0.41948,0.36879,0.47778
GHA,GHA9.2_2,Karaga,Northern,2007,0.39381,0.35622,0.44453
GHA,GHA9.2_2,Karaga,Northern,2008,0.3756,0.33276,0.4372
GHA,GHA9.2_2,Karaga,Northern,2009,0.39315,0.32879,0.4782
GHA,GHA9.2_2,Karaga,Northern,2010,0.47237,0.39905,0.51548
GHA,GHA9.2_2,Karaga,Northern,2011,0.49444,0.44034,0.51399
GHA,GHA9.2_2,Karaga,Northern,2012,0.46984,0.40204,0.51154
GHA,GHA9.2_2,Karaga,Northern,2013,0.42141,0.30829,0.50211
GHA,GHA9.2_2,Karaga,Northern,2014,0.38113,0.24272,0.48594
GHA,GHA9.2_2,Karaga,Northern,2015,0.33005,0.2065,0.44983
GHA,GHA9.2_2,Karaga,Northern,2016,0.29301,0.1914,0.40043
GHA,GHA9.2_2,Karaga,Northern,2017,0.25775,0.18398,0.34115
GHA,GHA9.2_2,Karaga,Northern,2018,0.2191,0.1745,0.28605
GHA,GHA9.2_2,Karaga,Northern,2019,0.21308,0.17517,0.27544
GHA,GHA9.2_2,Karaga,Northern,2020,0.22956,0.17993,0.28994
GHA,GHA9.2_2,Karaga,Northern,2021,0.2388,0.18268,0.30207
GHA,GHA9.2_2,Karaga,Northern,2022,0.24934,0.19253,0.31035
GHA,GHA9.2_2,Karaga,Northern,2023,0.25399,0.19962,0.31064
GHA,GHA9.2_2,Karaga,Northern,2024,0.26892,0.21781,0.31699
GHA,GHA9.2_2,Karaga,Northern,2025,0.26367,0.22638,0.29441
GHA,GHA9.3_2,Kpandai,Northern,2000,0.52738,0.50841,0.53228
GHA,GHA9.3_2,Kpandai,Northern,2001,0.52712,0.51132,0.53051
GHA,GHA9.3_2,Kpandai,Northern,2002,0.52481,0.50065,0.52871
GHA,GHA9.3_2,Kpandai,Northern,2003,0.51331,0.46232,0.52439
GHA,GHA9.3_2,Kpandai,Northern,2004,0.4852,0.41495,0.50761
GHA,GHA9.3_2,Kpandai,Northern,2005,0.46772,0.39435,0.49453
GHA,GHA9.3_2,Kpandai,Northern,2006,0.46688,0.39486,0.49329
GHA,GHA9.3_2,Kpandai,Northern,2007,0.46594,0.40265,0.48984
GHA,GHA9.3_2,Kpandai,Northern,2008,0.46891,0.40388,0.49293
GHA,GHA9.3_2,Kpandai,Northern,2009,0.47783,0.40535,0.50373
GHA,GHA9.3_2,Kpandai,Northern,2010,0.49017,0.41153,0.51053
GHA,GHA9.3_2,Kpandai,Northern,2011,0.49991,0.44241,0.50953
GHA,GHA9.3_2,Kpandai,Northern,2012,0.50621,0.48801,0.5077
GHA,GHA9.3_2,Kpandai,Northern,2013,0.50561,0.50244,0.50604
GHA,GHA9.3_2,Kpandai,Northern,2014,0.50436,0.49645,0.50516
GHA,GHA9.3_2,Kpandai,Northern,2015,0.49781,0.45537,0.50296
GHA,GHA9.3_2,Kpandai,Northern,2016,0.46021,0.3904,0.48552
GHA,GHA9.3_2,Kpandai,Northern,2017,0.41316,0.35402,0.44754
GHA,GHA9.3_2,Kpandai,Northern,2018,0.37533,0.33632,0.41232
GHA,GHA9.3_2,Kpandai,Northern,2019,0.35827,0.31277,0.40401
GHA,GHA9.3_2,Kpandai,Northern,2020,0.34343,0.28886,0.39855
GHA,GHA9.3_2,Kpandai,Northern,2021,0.30428,0.24794,0.36932
GHA,GHA9.3_2,Kpandai,Northern,2022,0.26841,0.21468,0.32968
GHA,GHA9.3_2,Kpandai,Northern,2023,0.25329,0.19382,0.31173
GHA,GHA9.3_2,Kpandai,Northern,2024,0.26437,0.19943,0.32334
GHA,GHA9.3_2,Kpandai,Northern,2025,0.26592,0.20594,0.3127
GHA,GHA9.4_2,Kumbungu,Northern,2000,0.51877,0.48567,0.53012
GHA,GHA9.4_2,Kumbungu,Northern,2001,0.51978,0.48897,0.5273
GHA,GHA9.4_2,Kumbungu,Northern,2002,0.50674,0.46036,0.51894
GHA,GHA9.4_2,Kumbungu,Northern,2003,0.46388,0.39073,0.49255
GHA,GHA9.4_2,Kumbungu,Northern,2004,0.41012,0.32862,0.4517
GHA,GHA9.4_2,Kumbungu,Northern,2005,0.37902,0.29995,0.42115
GHA,GHA9.4_2,Kumbungu,Northern,2006,0.36386,0.29333,0.40045
GHA,GHA9.4_2,Kumbungu,Northern,2007,0.36739,0.30991,0.39749
GHA,GHA9.4_2,Kumbungu,Northern,2008,0.38731,0.33806,0.42139
GHA,GHA9.4_2,Kumbungu,Northern,2009,0.43084,0.38013,0.46815
GHA,GHA9.4_2,Kumbungu,Northern,2010,0.4736,0.41339,0.50409
GHA,GHA9.4_2,Kumbungu,Northern,2011,0.47835,0.41598,0.50949
GHA,GHA9.4_2,Kumbungu,Northern,2012,0.45179,0.389,0.49884
GHA,GHA9.4_2,Kumbungu,Northern,2013,0.39418,0.34465,0.45779
GHA,GHA9.4_2,Kumbungu,Northern,2014,0.33163,0.28196,0.39602
GHA,GHA9.4_2,Kumbungu,Northern,2015,0.25444,0.22004,0.29815
GHA,GHA9.4_2,Kumbungu,Northern,2016,0.19972,0.16764,0.22781
GHA,GHA9.4_2,Kumbungu,Northern,2017,0.17647,0.13854,0.1967
GHA,GHA9.4_2,Kumbungu,Northern,2018,0.14842,0.10861,0.16852
GHA,GHA9.4_2,Kumbungu,Northern,2019,0.13912,0.09591,0.16389
GHA,GHA9.4_2,Kumbungu,Northern,2020,0.15159,0.10292,0.1807
GHA,GHA9.4_2,Kumbungu,Northern,2021,0.15673,0.11008,0.18791
GHA,GHA9.4_2,Kumbungu,Northern,2022,0.1652,0.12163,0.19486
GHA,GHA9.4_2,Kumbungu,Northern,2023,0.1698,0.12412,0.19979
GHA,GHA9.4_2,Kumbungu,Northern,2024,0.18801,0.13921,0.21871
GHA,GHA9.4_2,Kumbungu,Northern,2025,0.2003,0.15067,0.22866
GHA,GHA9.5_2,Mion,Northern,2000,0.51958,0.50631,0.5279
GHA,GHA9.5_2,Mion,Northern,2001,0.52382,0.50886,0.52967
GHA,GHA9.5_2,Mion,Northern,2002,0.51995,0.50903,0.52759
GHA,GHA9.5_2,Mion,Northern,2003,0.49906,0.46745,0.51795
GHA,GHA9.5_2,Mion,Northern,2004,0.46809,0.41526,0.5061
GHA,GHA9.5_2,Mion,Northern,2005,0.45036,0.38786,0.49524
GHA,GHA9.5_2,Mion,Northern,2006,0.43844,0.37036,0.49154
GHA,GHA9.5_2,Mion,Northern,2007,0.43196,0.36926,0.4875
GHA,GHA9.5_2,Mion,Northern,2008,0.44431,0.36951,0.49481
GHA,GHA9.5_2,Mion,Northern,2009,0.47466,0.36815,0.50907
GHA,GHA9.5_2,Mion,Northern,2010,0.49859,0.43747,0.51432
GHA,GHA9.5_2,Mion,Northern,2011,0.50104,0.45565,0.51232
GHA,GHA9.5_2,Mion,Northern,2012,0.49457,0.44185,0.5104
GHA,GHA9.5_2,Mion,Northern,2013,0.48041,0.41218,0.50774
GHA,GHA9.5_2,Mion,Northern,2014,0.45951,0.36638,0.50685
GHA,GHA9.5_2,Mion,Northern,2015,0.42204,0.3141,0.50423
GHA,GHA9.5_2,Mion,Northern,2016,0.37363,0.27205,0.48239
GHA,GHA9.5_2,Mion,Northern,2017,0.32283,0.23557,0.4253
GHA,GHA9.5_2,Mion,Northern,2018,0.26351,0.19669,0.33934
GHA,GHA9.5_2,Mion,Northern,2019,0.22964,0.17496,0.28934
GHA,GHA9.5_2,Mion,Northern,2020,0.22087,0.17225,0.29169
GHA,GHA9.5_2,Mion,Northern,2021,0.21267,0.16659,0.2947
GHA,GHA9.5_2,Mion,Northern,2022,0.21465,0.16861,0.30484
GHA,GHA9.5_2,Mion,Northern,2023,0.21838,0.17443,0.30251
GHA,GHA9.5_2,Mion,Northern,2024,0.24207,0.20055,0.31467
GHA,GHA9.5_2,Mion,Northern,2025,0.25396,0.22287,0.29764
GHA,GHA9.6_2,Nanton,Northern,2000,0.50686,0.4966,0.51344
GHA,GHA9.6_2,Nanton,Northern,2001,0.51133,0.50161,0.51992
GHA,GHA9.6_2,Nanton,Northern,2002,0.4965,0.47892,0.51255
GHA,GHA9.6_2,Nanton,Northern,2003,0.4468,0.41455,0.46941
GHA,GHA9.6_2,Nanton,Northern,2004,0.39276,0.34916,0.42749
GHA,GHA9.6_2,Nanton,Northern,2005,0.35919,0.31672,0.39098
GHA,GHA9.6_2,Nanton,Northern,2006,0.34245,0.30738,0.37205
GHA,GHA9.6_2,Nanton,Northern,2007,0.34472,0.31945,0.37141
GHA,GHA9.6_2,Nanton,Northern,2008,0.3255,0.3029,0.35179
GHA,GHA9.6_2,Nanton,Northern,2009,0.31441,0.28762,0.34503
GHA,GHA9.6_2,Nanton,Northern,2010,0.37656,0.33512,0.41225
GHA,GHA9.6_2,Nanton,Northern,2011,0.41675,0.36832,0.45335
GHA,GHA9.6_2,Nanton,Northern,2012,0.38802,0.33513,0.42947
GHA,GHA9.6_2,Nanton,Northern,2013,0.34404,0.29589,0.39072
GHA,GHA9.6_2,Nanton,Northern,2014,0.30496,0.26409,0.34911
GHA,GHA9.6_2,Nanton,Northern,2015,0.26968,0.23229,0.30643
GHA,GHA9.6_2,Nanton,Northern,2016,0.23974,0.20746,0.27106
GHA,GHA9.6_2,Nanton,Northern,2017,0.21024,0.18138,0.23367
GHA,GHA9.6_2,Nanton,Northern,2018,0.1808,0.15511,0.20119
GHA,GHA9.6_2,Nanton,Northern,2019,0.16919,0.14352,0.19357
GHA,GHA9.6_2,Nanton,Northern,2020,0.17415,0.14718,0.20274
GHA,GHA9.6_2,Nanton,Northern,2021,0.17695,0.14942,0.2056
GHA,GHA9.6_2,Nanton,Northern,2022,0.18652,0.15992,0.21617
GHA,GHA9.6_2,Nanton,Northern,2023,0.19193,0.16498,0.22258
GHA,GHA9.6_2,Nanton,Northern,2024,0.21644,0.19182,0.24442
GHA,GHA9.6_2,Nanton,Northern,2025,0.22987,0.21203,0.25053
GHA,GHA9.7_2,NanumbaNorth,Northern,2000,0.52653,0.51475,0.53146
GHA,GHA9.7_2,NanumbaNorth,Northern,2001,0.52591,0.5129,0.53058
GHA,GHA9.7_2,NanumbaNorth,Northern,2002,0.52425,0.51284,0.52863
GHA,GHA9.7_2,NanumbaNorth,Northern,2003,0.51498,0.49861,0.5242
GHA,GHA9.7_2,NanumbaNorth,Northern,2004,0.49418,0.46226,0.50931
GHA,GHA9.7_2,NanumbaNorth,Northern,2005,0.4823,0.44299,0.49905
GHA,GHA9.7_2,NanumbaNorth,Northern,2006,0.4807,0.43907,0.49808
GHA,GHA9.7_2,NanumbaNorth,Northern,2007,0.47931,0.4442,0.49584
GHA,GHA9.7_2,NanumbaNorth,Northern,2008,0.48646,0.45268,0.49966
GHA,GHA9.7_2,NanumbaNorth,Northern,2009,0.5031,0.4715,0.51113
GHA,GHA9.7_2,NanumbaNorth,Northern,2010,0.51067,0.49502,0.51287
GHA,GHA9.7_2,NanumbaNorth,Northern,2011,0.51015,0.50304,0.51105
GHA,GHA9.7_2,NanumbaNorth,Northern,2012,0.50853,0.50426,0.50952
GHA,GHA9.7_2,NanumbaNorth,Northern,2013,0.50636,0.49847,0.50783
GHA,GHA9.7_2,NanumbaNorth,Northern,2014,0.50419,0.48763,0.50665
GHA,GHA9.7_2,NanumbaNorth,Northern,2015,0.49607,0.43833,0.50508
GHA,GHA9.7_2,NanumbaNorth,Northern,2016,0.46232,0.35789,0.49375
GHA,GHA9.7_2,NanumbaNorth,Northern,2017,0.40034,0.29086,0.44993
GHA,GHA9.7_2,NanumbaNorth,Northern,2018,0.3253,0.23897,0.37449
GHA,GHA9.7_2,NanumbaNorth,Northern,2019,0.27679,0.21335,0.32706
GHA,GHA9.7_2,NanumbaNorth,Northern,2020,0.2572,0.20151,0.30593
GHA,GHA9.7_2,NanumbaNorth,Northern,2021,0.24047,0.18863,0.28179
GHA,GHA9.7_2,NanumbaNorth,Northern,2022,0.23442,0.1817,0.26873
GHA,GHA9.7_2,NanumbaNorth,Northern,2023,0.23514,0.18248,0.26627
GHA,GHA9.7_2,NanumbaNorth,Northern,2024,0.25653,0.20457,0.28527
GHA,GHA9.7_2,NanumbaNorth,Northern,2025,0.26271,0.21944,0.28603
GHA,GHA9.8_2,NanumbaSouth,Northern,2000,0.52699,0.51629,0.53193
GHA,GHA9.8_2,NanumbaSouth,Northern,2001,0.52558,0.51275,0.5306
GHA,GHA9.8_2,NanumbaSouth,Northern,2002,0.52494,0.51395,0.52904
GHA,GHA9.8_2,NanumbaSouth,Northern,2003,0.52029,0.50877,0.52551
GHA,GHA9.8_2,NanumbaSouth,Northern,2004,0.50278,0.48827,0.51241
GHA,GHA9.8_2,NanumbaSouth,Northern,2005,0.49068,0.46867,0.50276
GHA,GHA9.8_2,NanumbaSouth,Northern,2006,0.48938,0.46553,0.50183
GHA,GHA9.8_2,NanumbaSouth,Northern,2007,0.48641,0.46877,0.49927
GHA,GHA9.8_2,NanumbaSouth,Northern,2008,0.48914,0.47111,0.50215
GHA,GHA9.8_2,NanumbaSouth,Northern,2009,0.49992,0.47921,0.51088
GHA,GHA9.8_2,NanumbaSouth,Northern,2010,0.50852,0.49449,0.51201
GHA,GHA9.8_2,NanumbaSouth,Northern,2011,0.50964,0.50462,0.51054
GHA,GHA9.8_2,NanumbaSouth,Northern,2012,0.5082,0.50753,0.50892
GHA,GHA9.8_2,NanumbaSouth,Northern,2013,0.50647,0.50459,0.50722
GHA,GHA9.8_2,NanumbaSouth,Northern,2014,0.50546,0.50123,0.50634
GHA,GHA9.8_2,NanumbaSouth,Northern,2015,0.50202,0.47462,0.50478
GHA,GHA9.8_2,NanumbaSouth,Northern,2016,0.48078,0.39218,0.49927
GHA,GHA9.8_2,NanumbaSouth,Northern,2017,0.43445,0.32631,0.48779
GHA,GHA9.8_2,NanumbaSouth,Northern,2018,0.37024,0.27451,0.44787
GHA,GHA9.8_2,NanumbaSouth,Northern,2019,0.32721,0.25489,0.40554
GHA,GHA9.8_2,NanumbaSouth,Northern,2020,0.30708,0.24437,0.38551
GHA,GHA9.8_2,NanumbaSouth,Northern,2021,0.28414,0.22325,0.37017
GHA,GHA9.8_2,NanumbaSouth,Northern,2022,0.26853,0.21469,0.34936
GHA,GHA9.8_2,NanumbaSouth,Northern,2023,0.26353,0.20863,0.33737
GHA,GHA9.8_2,NanumbaSouth,Northern,2024,0.27864,0.22493,0.33851
GHA,GHA9.8_2,NanumbaSouth,Northern,2025,0.27675,0.23349,0.3166
GHA,GHA9.9_2,Saboba,Northern,2000,0.49489,0.46546,0.51613
GHA,GHA9.9_2,Saboba,Northern,2001,0.49795,0.46447,0.53308
GHA,GHA9.9_2,Saboba,Northern,2002,0.50425,0.4759,0.54553
GHA,GHA9.9_2,Saboba,Northern,2003,0.50902,0.49427,0.54176
GHA,GHA9.9_2,Saboba,Northern,2004,0.50256,0.48312,0.52971
GHA,GHA9.9_2,Saboba,Northern,2005,0.49598,0.47317,0.52618
GHA,GHA9.9_2,Saboba,Northern,2006,0.48206,0.45991,0.51438
GHA,GHA9.9_2,Saboba,Northern,2007,0.46529,0.44493,0.48838
GHA,GHA9.9_2,Saboba,Northern,2008,0.47348,0.45224,0.49338
GHA,GHA9.9_2,Saboba,Northern,2009,0.50275,0.47287,0.51421
GHA,GHA9.9_2,Saboba,Northern,2010,0.51352,0.50779,0.51762
GHA,GHA9.9_2,Saboba,Northern,2011,0.51265,0.50837,0.54606
GHA,GHA9.9_2,Saboba,Northern,2012,0.51065,0.50507,0.54844
GHA,GHA9.9_2,Saboba,Northern,2013,0.50767,0.49507,0.54429
GHA,GHA9.9_2,Saboba,Northern,2014,0.50433,0.47908,0.53722
GHA,GHA9.9_2,Saboba,Northern,2015,0.49041,0.45169,0.52033
GHA,GHA9.9_2,Saboba,Northern,2016,0.45433,0.41795,0.4783
GHA,GHA9.9_2,Saboba,Northern,2017,0.39958,0.36022,0.4305
GHA,GHA9.9_2,Saboba,Northern,2018,0.32798,0.30019,0.36211
GHA,GHA9.9_2,Saboba,Northern,2019,0.28378,0.25211,0.319
GHA,GHA9.9_2,Saboba,Northern,2020,0.26934,0.23367,0.3067
GHA,GHA9.9_2,Saboba,Northern,2021,0.26285,0.22263,0.30655
GHA,GHA9.9_2,Saboba,Northern,2022,0.26446,0.22486,0.31176
GHA,GHA9.9_2,Saboba,Northern,2023,0.26502,0.22866,0.31002
GHA,GHA9.9_2,Saboba,Northern,2024,0.2791,0.24348,0.32037
GHA,GHA9.9_2,Saboba,Northern,2025,0.27358,0.22514,0.31426
TGO,TGO.1.1_2,Blitta,Centre,2000,0.50418,0.46491,0.54093
TGO,TGO.1.1_2,Blitta,Centre,2001,0.51426,0.47412,0.5513
TGO,TGO.1.1_2,Blitta,Centre,2002,0.51637,0.48284,0.54947
TGO,TGO.1.1_2,Blitta,Centre,2003,0.50772,0.44237,0.53861
TGO,TGO.1.1_2,Blitta,Centre,2004,0.49763,0.41054,0.5378
TGO,TGO.1.1_2,Blitta,Centre,2005,0.49621,0.40589,0.53703
TGO,TGO.1.1_2,Blitta,Centre,2006,0.49046,0.4219,0.52932
TGO,TGO.1.1_2,Blitta,Centre,2007,0.47011,0.42407,0.50076
TGO,TGO.1.1_2,Blitta,Centre,2008,0.42619,0.38226,0.45261
TGO,TGO.1.1_2,Blitta,Centre,2009,0.36965,0.32137,0.41243
TGO,TGO.1.1_2,Blitta,Centre,2010,0.34691,0.29604,0.40507
TGO,TGO.1.1_2,Blitta,Centre,2011,0.36771,0.31605,0.43711
TGO,TGO.1.1_2,Blitta,Centre,2012,0.45832,0.39838,0.5229
TGO,TGO.1.1_2,Blitta,Centre,2013,0.52878,0.48663,0.54162
TGO,TGO.1.1_2,Blitta,Centre,2014,0.52774,0.47723,0.53877
TGO,TGO.1.1_2,Blitta,Centre,2015,0.5064,0.44763,0.53357
TGO,TGO.1.1_2,Blitta,Centre,2016,0.46403,0.37776,0.51826
TGO,TGO.1.1_2,Blitta,Centre,2017,0.42014,0.32249,0.48516
TGO,TGO.1.1_2,Blitta,Centre,2018,0.38037,0.28803,0.45959
TGO,TGO.1.1_2,Blitta,Centre,2019,0.34438,0.26575,0.43454
TGO,TGO.1.1_2,Blitta,Centre,2020,0.32353,0.25509,0.41931
TGO,TGO.1.1_2,Blitta,Centre,2021,0.28494,0.22762,0.37589
TGO,TGO.1.1_2,Blitta,Centre,2022,0.2562,0.20739,0.32434
TGO,TGO.1.1_2,Blitta,Centre,2023,0.23763,0.19089,0.29246
TGO,TGO.1.1_2,Blitta,Centre,2024,0.23799,0.1913,0.28832
TGO,TGO.1.1_2,Blitta,Centre,2025,0.24846,0.20509,0.2942
TGO,TGO.1.2_2,Mô,Centre,2000,0.5224,0.4781,0.54835
TGO,TGO.1.2_2,Mô,Centre,2001,0.53754,0.49779,0.55631
TGO,TGO.1.2_2,Mô,Centre,2002,0.54235,0.50832,0.55717
TGO,TGO.1.2_2,Mô,Centre,2003,0.54042,0.50516,0.55734
TGO,TGO.1.2_2,Mô,Centre,2004,0.52491,0.49296,0.54743
TGO,TGO.1.2_2,Mô,Centre,2005,0.51774,0.48685,0.5429
TGO,TGO.1.2_2,Mô,Centre,2006,0.51275,0.4846,0.53947
TGO,TGO.1.2_2,Mô,Centre,2007,0.49049,0.46192,0.52092
TGO,TGO.1.2_2,Mô,Centre,2008,0.45155,0.41646,0.48996
TGO,TGO.1.2_2,Mô,Centre,2009,0.4076,0.36207,0.45639
TGO,TGO.1.2_2,Mô,Centre,2010,0.39495,0.33047,0.45058
TGO,TGO.1.2_2,Mô,Centre,2011,0.40915,0.33432,0.47246
TGO,TGO.1.2_2,Mô,Centre,2012,0.47798,0.40323,0.53458
TGO,TGO.1.2_2,Mô,Centre,2013,0.52426,0.46457,0.54235
TGO,TGO.1.2_2,Mô,Centre,2014,0.52021,0.45746,0.53898
TGO,TGO.1.2_2,Mô,Centre,2015,0.5038,0.43063,0.53455
TGO,TGO.1.2_2,Mô,Centre,2016,0.47408,0.39094,0.5229
TGO,TGO.1.2_2,Mô,Centre,2017,0.43831,0.34557,0.50537
TGO,TGO.1.2_2,Mô,Centre,2018,0.40137,0.30225,0.47637
TGO,TGO.1.2_2,Mô,Centre,2019,0.37016,0.27301,0.44887
TGO,TGO.1.2_2,Mô,Centre,2020,0.36908,0.27485,0.44315
TGO,TGO.1.2_2,Mô,Centre,2021,0.36486,0.28209,0.44149
TGO,TGO.1.2_2,Mô,Centre,2022,0.35862,0.29523,0.42555
TGO,TGO.1.2_2,Mô,Centre,2023,0.3395,0.28308,0.40057
TGO,TGO.1.2_2,Mô,Centre,2024,0.32634,0.27527,0.38241
TGO,TGO.1.2_2,Mô,Centre,2025,0.31509,0.27119,0.36292
TGO,TGO.1.3_2,Sotouboua,Centre,2000,0.50372,0.45569,0.53773
TGO,TGO.1.3_2,Sotouboua,Centre,2001,0.51842,0.47195,0.54998
TGO,TGO.1.3_2,Sotouboua,Centre,2002,0.52466,0.48208,0.55048
TGO,TGO.1.3_2,Sotouboua,Centre,2003,0.52381,0.48096,0.54485
TGO,TGO.1.3_2,Sotouboua,Centre,2004,0.5171,0.47803,0.53188
TGO,TGO.1.3_2,Sotouboua,Centre,2005,0.51378,0.47483,0.52866
TGO,TGO.1.3_2,Sotouboua,Centre,2006,0.50676,0.46396,0.5265
TGO,TGO.1.3_2,Sotouboua,Centre,2007,0.47706,0.42952,0.50312
TGO,TGO.1.3_2,Sotouboua,Centre,2008,0.42473,0.37251,0.45862
TGO,TGO.1.3_2,Sotouboua,Centre,2009,0.35764,0.3001,0.40665
TGO,TGO.1.3_2,Sotouboua,Centre,2010,0.32196,0.2599,0.38589
TGO,TGO.1.3_2,Sotouboua,Centre,2011,0.32875,0.26391,0.39832
TGO,TGO.1.3_2,Sotouboua,Centre,2012,0.4093,0.32427,0.48766
TGO,TGO.1.3_2,Sotouboua,Centre,2013,0.4958,0.40538,0.53931
TGO,TGO.1.3_2,Sotouboua,Centre,2014,0.49337,0.40252,0.53608
TGO,TGO.1.3_2,Sotouboua,Centre,2015,0.4558,0.36202,0.52056
TGO,TGO.1.3_2,Sotouboua,Centre,2016,0.40552,0.31944,0.48525
TGO,TGO.1.3_2,Sotouboua,Centre,2017,0.36517,0.28215,0.44812
TGO,TGO.1.3_2,Sotouboua,Centre,2018,0.33783,0.26104,0.42426
TGO,TGO.1.3_2,Sotouboua,Centre,2019,0.31863,0.24577,0.40439
TGO,TGO.1.3_2,Sotouboua,Centre,2020,0.31724,0.24371,0.39717
TGO,TGO.1.3_2,Sotouboua,Centre,2021,0.30682,0.23453,0.36902
TGO,TGO.1.3_2,Sotouboua,Centre,2022,0.30246,0.23009,0.3636
TGO,TGO.1.3_2,Sotouboua,Centre,2023,0.29327,0.22756,0.35265
TGO,TGO.1.3_2,Sotouboua,Centre,2024,0.29087,0.22871,0.34223
TGO,TGO.1.3_2,Sotouboua,Centre,2025,0.29388,0.23938,0.33143
TGO,TGO.1.4_2,Tchamba,Centre,2000,0.47704,0.45409,0.50991
TGO,TGO.1.4_2,Tchamba,Centre,2001,0.48901,0.46288,0.51947
TGO,TGO.1.4_2,Tchamba,Centre,2002,0.50112,0.47607,0.52954
TGO,TGO.1.4_2,Tchamba,Centre,2003,0.50896,0.48575,0.53269
TGO,TGO.1.4_2,Tchamba,Centre,2004,0.51516,0.49377,0.535
TGO,TGO.1.4_2,Tchamba,Centre,2005,0.51845,0.49544,0.53787
TGO,TGO.1.4_2,Tchamba,Centre,2006,0.5144,0.48978,0.5348
TGO,TGO.1.4_2,Tchamba,Centre,2007,0.4855,0.45295,0.50937
TGO,TGO.1.4_2,Tchamba,Centre,2008,0.42699,0.38827,0.46638
TGO,TGO.1.4_2,Tchamba,Centre,2009,0.34331,0.30237,0.40122
TGO,TGO.1.4_2,Tchamba,Centre,2010,0.28985,0.24939,0.3633
TGO,TGO.1.4_2,Tchamba,Centre,2011,0.28786,0.23435,0.35126
TGO,TGO.1.4_2,Tchamba,Centre,2012,0.36276,0.2821,0.41339
TGO,TGO.1.4_2,Tchamba,Centre,2013,0.46669,0.35985,0.52205
TGO,TGO.1.4_2,Tchamba,Centre,2014,0.48295,0.37889,0.53013
TGO,TGO.1.4_2,Tchamba,Centre,2015,0.47216,0.37842,0.52179
TGO,TGO.1.4_2,Tchamba,Centre,2016,0.44762,0.36563,0.51548
TGO,TGO.1.4_2,Tchamba,Centre,2017,0.41836,0.33912,0.50758
TGO,TGO.1.4_2,Tchamba,Centre,2018,0.38682,0.31295,0.49487
TGO,TGO.1.4_2,Tchamba,Centre,2019,0.35462,0.28846,0.463
TGO,TGO.1.4_2,Tchamba,Centre,2020,0.34265,0.28291,0.43041
TGO,TGO.1.4_2,Tchamba,Centre,2021,0.32195,0.27402,0.37935
TGO,TGO.1.4_2,Tchamba,Centre,2022,0.3066,0.26614,0.34496
TGO,TGO.1.4_2,Tchamba,Centre,2023,0.2895,0.2564,0.32211
TGO,TGO.1.4_2,Tchamba,Centre,2024,0.2826,0.2561,0.31904
TGO,TGO.1.4_2,Tchamba,Centre,2025,0.28192,0.259,0.31674
TGO,TGO.1.5_2,Tchaudjo,Centre,2000,0.48904,0.42021,0.5198
TGO,TGO.1.5_2,Tchaudjo,Centre,2001,0.50516,0.43949,0.5346
TGO,TGO.1.5_2,Tchaudjo,Centre,2002,0.5132,0.45151,0.53603
TGO,TGO.1.5_2,Tchaudjo,Centre,2003,0.51305,0.45211,0.53336
TGO,TGO.1.5_2,Tchaudjo,Centre,2004,0.51091,0.44986,0.52882
TGO,TGO.1.5_2,Tchaudjo,Centre,2005,0.50932,0.44605,0.5277
TGO,TGO.1.5_2,Tchaudjo,Centre,2006,0.50635,0.4361,0.52762
TGO,TGO.1.5_2,Tchaudjo,Centre,2007,0.47661,0.39976,0.5039
TGO,TGO.1.5_2,Tchaudjo,Centre,2008,0.41731,0.32778,0.46135
TGO,TGO.1.5_2,Tchaudjo,Centre,2009,0.33906,0.23728,0.40268
TGO,TGO.1.5_2,Tchaudjo,Centre,2010,0.28735,0.17786,0.37437
TGO,TGO.1.5_2,Tchaudjo,Centre,2011,0.27537,0.16242,0.37087
TGO,TGO.1.5_2,Tchaudjo,Centre,2012,0.32894,0.20039,0.41856
TGO,TGO.1.5_2,Tchaudjo,Centre,2013,0.40716,0.26322,0.47607
TGO,TGO.1.5_2,Tchaudjo,Centre,2014,0.41431,0.27783,0.48144
TGO,TGO.1.5_2,Tchaudjo,Centre,2015,0.39771,0.27302,0.45415
TGO,TGO.1.5_2,Tchaudjo,Centre,2016,0.37298,0.26106,0.42286
TGO,TGO.1.5_2,Tchaudjo,Centre,2017,0.3439,0.2441,0.39324
TGO,TGO.1.5_2,Tchaudjo,Centre,2018,0.31303,0.22397,0.35639
TGO,TGO.1.5_2,Tchaudjo,Centre,2019,0.28859,0.20549,0.32763
TGO,TGO.1.5_2,Tchaudjo,Centre,2020,0.28866,0.20721,0.32481
TGO,TGO.1.5_2,Tchaudjo,Centre,2021,0.2902,0.21025,0.32583
TGO,TGO.1.5_2,Tchaudjo,Centre,2022,0.29735,0.22032,0.33638
TGO,TGO.1.5_2,Tchaudjo,Centre,2023,0.29264,0.2196,0.33191
TGO,TGO.1.5_2,Tchaudjo,Centre,2024,0.29059,0.22238,0.33052
TGO,TGO.1.5_2,Tchaudjo,Centre,2025,0.29267,0.23389,0.32966
TGO,TGO.2.1_1,Assoli,Kara,2000,0.4715,0.4227,0.50888
TGO,TGO.2.1_1,Assoli,Kara,2001,0.49324,0.45067,0.52412
TGO,TGO.2.1_1,Assoli,Kara,2002,0.50812,0.47127,0.53164
TGO,TGO.2.1_1,Assoli,Kara,2003,0.5151,0.48641,0.53537
TGO,TGO.2.1_1,Assoli,Kara,2004,0.51535,0.48583,0.53298
TGO,TGO.2.1_1,Assoli,Kara,2005,0.51767,0.48762,0.53359
TGO,TGO.2.1_1,Assoli,Kara,2006,0.51823,0.48952,0.53273
TGO,TGO.2.1_1,Assoli,Kara,2007,0.49879,0.46618,0.52104
TGO,TGO.2.1_1,Assoli,Kara,2008,0.45873,0.42067,0.48735
TGO,TGO.2.1_1,Assoli,Kara,2009,0.41091,0.36722,0.45562
TGO,TGO.2.1_1,Assoli,Kara,2010,0.38867,0.33071,0.45392
TGO,TGO.2.1_1,Assoli,Kara,2011,0.38123,0.3186,0.4586
TGO,TGO.2.1_1,Assoli,Kara,2012,0.41889,0.35657,0.49606
TGO,TGO.2.1_1,Assoli,Kara,2013,0.46111,0.40101,0.52263
TGO,TGO.2.1_1,Assoli,Kara,2014,0.43506,0.3721,0.49565
TGO,TGO.2.1_1,Assoli,Kara,2015,0.39467,0.33122,0.44303
TGO,TGO.2.1_1,Assoli,Kara,2016,0.35654,0.29481,0.39601
TGO,TGO.2.1_1,Assoli,Kara,2017,0.31794,0.26097,0.35771
TGO,TGO.2.1_1,Assoli,Kara,2018,0.28532,0.23297,0.32428
TGO,TGO.2.1_1,Assoli,Kara,2019,0.2646,0.21385,0.30199
TGO,TGO.2.1_1,Assoli,Kara,2020,0.2688,0.21772,0.30264
TGO,TGO.2.1_1,Assoli,Kara,2021,0.27721,0.22605,0.3119
TGO,TGO.2.1_1,Assoli,Kara,2022,0.2923,0.24101,0.33241
TGO,TGO.2.1_1,Assoli,Kara,2023,0.29066,0.24327,0.33216
TGO,TGO.2.1_1,Assoli,Kara,2024,0.28399,0.23711,0.32395
TGO,TGO.2.1_1,Assoli,Kara,2025,0.28044,0.23564,0.31737
TGO,TGO.2.2_1,Bassar,Kara,2000,0.49923,0.46929,0.52575
TGO,TGO.2.2_1,Bassar,Kara,2001,0.51786,0.49392,0.53997
TGO,TGO.2.2_1,Bassar,Kara,2002,0.52714,0.50223,0.54576
TGO,TGO.2.2_1,Bassar,Kara,2003,0.52942,0.49988,0.54532
TGO,TGO.2.2_1,Bassar,Kara,2004,0.52342,0.48811,0.54324
TGO,TGO.2.2_1,Bassar,Kara,2005,0.5218,0.48508,0.54596
TGO,TGO.2.2_1,Bassar,Kara,2006,0.5194,0.48459,0.54258
TGO,TGO.2.2_1,Bassar,Kara,2007,0.50155,0.47228,0.52796
TGO,TGO.2.2_1,Bassar,Kara,2008,0.46601,0.41865,0.5028
TGO,TGO.2.2_1,Bassar,Kara,2009,0.4326,0.34828,0.48575
TGO,TGO.2.2_1,Bassar,Kara,2010,0.43036,0.30616,0.50155
TGO,TGO.2.2_1,Bassar,Kara,2011,0.4376,0.29535,0.51643
TGO,TGO.2.2_1,Bassar,Kara,2012,0.48067,0.35265,0.53675
TGO,TGO.2.2_1,Bassar,Kara,2013,0.51438,0.42449,0.54189
TGO,TGO.2.2_1,Bassar,Kara,2014,0.49798,0.42715,0.53633
TGO,TGO.2.2_1,Bassar,Kara,2015,0.46527,0.40375,0.52982
TGO,TGO.2.2_1,Bassar,Kara,2016,0.42245,0.34963,0.50886
TGO,TGO.2.2_1,Bassar,Kara,2017,0.37168,0.30254,0.47121
TGO,TGO.2.2_1,Bassar,Kara,2018,0.32109,0.25817,0.41487
TGO,TGO.2.2_1,Bassar,Kara,2019,0.28758,0.2296,0.36977
TGO,TGO.2.2_1,Bassar,Kara,2020,0.29057,0.23262,0.37216
TGO,TGO.2.2_1,Bassar,Kara,2021,0.30461,0.2462,0.38048
TGO,TGO.2.2_1,Bassar,Kara,2022,0.3255,0.26882,0.38612
TGO,TGO.2.2_1,Bassar,Kara,2023,0.32134,0.26881,0.37256
TGO,TGO.2.2_1,Bassar,Kara,2024,0.31218,0.26933,0.35585
TGO,TGO.2.2_1,Bassar,Kara,2025,0.30131,0.26773,0.33611
TGO,TGO.2.3_1,Bimah,Kara,2000,0.42798,0.37232,0.45182
TGO,TGO.2.3_1,Bimah,Kara,2001,0.45737,0.40102,0.4798
TGO,TGO.2.3_1,Bimah,Kara,2002,0.48595,0.43728,0.50618
TGO,TGO.2.3_1,Bimah,Kara,2003,0.50585,0.46156,0.52464
TGO,TGO.2.3_1,Bimah,Kara,2004,0.51678,0.48806,0.53173
TGO,TGO.2.3_1,Bimah,Kara,2005,0.52878,0.51007,0.54182
TGO,TGO.2.3_1,Bimah,Kara,2006,0.53649,0.51971,0.54932
TGO,TGO.2.3_1,Bimah,Kara,2007,0.52924,0.50637,0.54228
TGO,TGO.2.3_1,Bimah,Kara,2008,0.51088,0.47726,0.52835
TGO,TGO.2.3_1,Bimah,Kara,2009,0.50016,0.44832,0.52076
TGO,TGO.2.3_1,Bimah,Kara,2010,0.51184,0.44675,0.53428
TGO,TGO.2.3_1,Bimah,Kara,2011,0.50869,0.4386,0.53378
TGO,TGO.2.3_1,Bimah,Kara,2012,0.50782,0.45357,0.53225
TGO,TGO.2.3_1,Bimah,Kara,2013,0.49133,0.44636,0.51798
TGO,TGO.2.3_1,Bimah,Kara,2014,0.44228,0.40133,0.47054
TGO,TGO.2.3_1,Bimah,Kara,2015,0.41479,0.3501,0.46522
TGO,TGO.2.3_1,Bimah,Kara,2016,0.40091,0.31676,0.47465
TGO,TGO.2.3_1,Bimah,Kara,2017,0.37293,0.28426,0.45061
TGO,TGO.2.3_1,Bimah,Kara,2018,0.33931,0.25989,0.41198
TGO,TGO.2.3_1,Bimah,Kara,2019,0.3146,0.24357,0.38255
TGO,TGO.2.3_1,Bimah,Kara,2020,0.31301,0.24897,0.36071
TGO,TGO.2.3_1,Bimah,Kara,2021,0.30734,0.25433,0.34492
TGO,TGO.2.3_1,Bimah,Kara,2022,0.30915,0.26214,0.34244
TGO,TGO.2.3_1,Bimah,Kara,2023,0.29547,0.25996,0.32718
TGO,TGO.2.3_1,Bimah,Kara,2024,0.28107,0.25077,0.30665
TGO,TGO.2.3_1,Bimah,Kara,2025,0.27062,0.24616,0.30179
TGO,TGO.2.4_1,Doufelgou,Kara,2000,0.45655,0.41984,0.48611
TGO,TGO.2.4_1,Doufelgou,Kara,2001,0.48238,0.44917,0.50642
TGO,TGO.2.4_1,Doufelgou,Kara,2002,0.50618,0.48271,0.52204
TGO,TGO.2.4_1,Doufelgou,Kara,2003,0.52123,0.50456,0.53601
TGO,TGO.2.4_1,Doufelgou,Kara,2004,0.52702,0.51366,0.54111
TGO,TGO.2.4_1,Doufelgou,Kara,2005,0.53571,0.51872,0.54643
TGO,TGO.2.4_1,Doufelgou,Kara,2006,0.5387,0.51869,0.55013
TGO,TGO.2.4_1,Doufelgou,Kara,2007,0.52778,0.50351,0.54758
TGO,TGO.2.4_1,Doufelgou,Kara,2008,0.50697,0.47079,0.53109
TGO,TGO.2.4_1,Doufelgou,Kara,2009,0.49635,0.44845,0.52407
TGO,TGO.2.4_1,Doufelgou,Kara,2010,0.51007,0.45651,0.53761
TGO,TGO.2.4_1,Doufelgou,Kara,2011,0.5119,0.46174,0.5381
TGO,TGO.2.4_1,Doufelgou,Kara,2012,0.51954,0.48187,0.54007
TGO,TGO.2.4_1,Doufelgou,Kara,2013,0.5171,0.49032,0.53818
TGO,TGO.2.4_1,Doufelgou,Kara,2014,0.47195,0.43653,0.5111
TGO,TGO.2.4_1,Doufelgou,Kara,2015,0.43671,0.37708,0.47666
TGO,TGO.2.4_1,Doufelgou,Kara,2016,0.41078,0.32851,0.46859
TGO,TGO.2.4_1,Doufelgou,Kara,2017,0.37355,0.28393,0.44351
TGO,TGO.2.4_1,Doufelgou,Kara,2018,0.33047,0.24716,0.39521
TGO,TGO.2.4_1,Doufelgou,Kara,2019,0.30197,0.23021,0.35737
TGO,TGO.2.4_1,Doufelgou,Kara,2020,0.30689,0.23941,0.3591
TGO,TGO.2.4_1,Doufelgou,Kara,2021,0.31644,0.25861,0.36028
TGO,TGO.2.4_1,Doufelgou,Kara,2022,0.32755,0.28345,0.36429
TGO,TGO.2.4_1,Doufelgou,Kara,2023,0.31763,0.28047,0.34808
TGO,TGO.2.4_1,Doufelgou,Kara,2024,0.29988,0.26903,0.32871
TGO,TGO.2.4_1,Doufelgou,Kara,2025,0.28212,0.258,0.30602
TGO,TGO.2.5_1,Kéran,Kara,2000,0.4515,0.39251,0.48459
TGO,TGO.2.5_1,Kéran,Kara,2001,0.47792,0.4197,0.50558
TGO,TGO.2.5_1,Kéran,Kara,2002,0.50902,0.45765,0.52987
TGO,TGO.2.5_1,Kéran,Kara,2003,0.53102,0.48847,0.54946
TGO,TGO.2.5_1,Kéran,Kara,2004,0.53929,0.50534,0.55766
TGO,TGO.2.5_1,Kéran,Kara,2005,0.54529,0.51884,0.57684
TGO,TGO.2.5_1,Kéran,Kara,2006,0.54578,0.5291,0.58872
TGO,TGO.2.5_1,Kéran,Kara,2007,0.53405,0.51211,0.59331
TGO,TGO.2.5_1,Kéran,Kara,2008,0.51589,0.4852,0.59217
TGO,TGO.2.5_1,Kéran,Kara,2009,0.51464,0.4851,0.59487
TGO,TGO.2.5_1,Kéran,Kara,2010,0.53599,0.50873,0.59727
TGO,TGO.2.5_1,Kéran,Kara,2011,0.54139,0.5078,0.58952
TGO,TGO.2.5_1,Kéran,Kara,2012,0.54398,0.51316,0.57463
TGO,TGO.2.5_1,Kéran,Kara,2013,0.54001,0.49938,0.54941
TGO,TGO.2.5_1,Kéran,Kara,2014,0.51463,0.45274,0.53629
TGO,TGO.2.5_1,Kéran,Kara,2015,0.49794,0.4281,0.52914
TGO,TGO.2.5_1,Kéran,Kara,2016,0.48488,0.41647,0.5272
TGO,TGO.2.5_1,Kéran,Kara,2017,0.45499,0.38136,0.51403
TGO,TGO.2.5_1,Kéran,Kara,2018,0.40126,0.33567,0.47934
TGO,TGO.2.5_1,Kéran,Kara,2019,0.3559,0.29886,0.44525
TGO,TGO.2.5_1,Kéran,Kara,2020,0.35044,0.30358,0.40579
TGO,TGO.2.5_1,Kéran,Kara,2021,0.35093,0.30548,0.39307
TGO,TGO.2.5_1,Kéran,Kara,2022,0.35638,0.30526,0.38947
TGO,TGO.2.5_1,Kéran,Kara,2023,0.3411,0.28985,0.38097
TGO,TGO.2.5_1,Kéran,Kara,2024,0.32124,0.2707,0.38303
TGO,TGO.2.5_1,Kéran,Kara,2025,0.30354,0.26205,0.37953
TGO,TGO.2.6_1,Kozah,Kara,2000,0.45912,0.41365,0.48972
TGO,TGO.2.6_1,Kozah,Kara,2001,0.48526,0.44492,0.5093
TGO,TGO.2.6_1,Kozah,Kara,2002,0.50512,0.47013,0.52404
TGO,TGO.2.6_1,Kozah,Kara,2003,0.51534,0.48502,0.52842
TGO,TGO.2.6_1,Kozah,Kara,2004,0.51886,0.48958,0.53247
TGO,TGO.2.6_1,Kozah,Kara,2005,0.52405,0.49519,0.53745
TGO,TGO.2.6_1,Kozah,Kara,2006,0.52736,0.50273,0.53795
TGO,TGO.2.6_1,Kozah,Kara,2007,0.5137,0.4861,0.53003
TGO,TGO.2.6_1,Kozah,Kara,2008,0.48436,0.45399,0.50898
TGO,TGO.2.6_1,Kozah,Kara,2009,0.45955,0.42419,0.49816
TGO,TGO.2.6_1,Kozah,Kara,2010,0.46171,0.41495,0.51103
TGO,TGO.2.6_1,Kozah,Kara,2011,0.4605,0.41249,0.50742
TGO,TGO.2.6_1,Kozah,Kara,2012,0.48174,0.4329,0.5119
TGO,TGO.2.6_1,Kozah,Kara,2013,0.49203,0.4381,0.52187
TGO,TGO.2.6_1,Kozah,Kara,2014,0.44179,0.37911,0.47657
TGO,TGO.2.6_1,Kozah,Kara,2015,0.38619,0.32388,0.41943
TGO,TGO.2.6_1,Kozah,Kara,2016,0.3419,0.28277,0.37716
TGO,TGO.2.6_1,Kozah,Kara,2017,0.30151,0.24702,0.34313
TGO,TGO.2.6_1,Kozah,Kara,2018,0.27048,0.22108,0.31292
TGO,TGO.2.6_1,Kozah,Kara,2019,0.25271,0.20737,0.29068
TGO,TGO.2.6_1,Kozah,Kara,2020,0.26087,0.21389,0.29561
TGO,TGO.2.6_1,Kozah,Kara,2021,0.27311,0.22543,0.3011
TGO,TGO.2.6_1,Kozah,Kara,2022,0.29076,0.24386,0.31766
TGO,TGO.2.6_1,Kozah,Kara,2023,0.28866,0.24388,0.31528
TGO,TGO.2.6_1,Kozah,Kara,2024,0.27954,0.23773,0.30745
TGO,TGO.2.6_1,Kozah,Kara,2025,0.27163,0.23479,0.29991
TGO,TGO.2.7_1,Dankpen,Kara,2000,0.48574,0.44853,0.51007
TGO,TGO.2.7_1,Dankpen,Kara,2001,0.5086,0.47305,0.53523
TGO,TGO.2.7_1,Dankpen,Kara,2002,0.52929,0.49371,0.54529
TGO,TGO.2.7_1,Dankpen,Kara,2003,0.54089,0.48937,0.55533
TGO,TGO.2.7_1,Dankpen,Kara,2004,0.53956,0.47771,0.55445
TGO,TGO.2.7_1,Dankpen,Kara,2005,0.53869,0.465,0.55494
TGO,TGO.2.7_1,Dankpen,Kara,2006,0.52968,0.45194,0.54927
TGO,TGO.2.7_1,Dankpen,Kara,2007,0.50462,0.44302,0.52742
TGO,TGO.2.7_1,Dankpen,Kara,2008,0.47941,0.4388,0.50086
TGO,TGO.2.7_1,Dankpen,Kara,2009,0.47744,0.44038,0.50091
TGO,TGO.2.7_1,Dankpen,Kara,2010,0.50736,0.46548,0.53923
TGO,TGO.2.7_1,Dankpen,Kara,2011,0.52401,0.48015,0.5513
TGO,TGO.2.7_1,Dankpen,Kara,2012,0.53891,0.50007,0.55029
TGO,TGO.2.7_1,Dankpen,Kara,2013,0.53899,0.49587,0.54584
TGO,TGO.2.7_1,Dankpen,Kara,2014,0.51892,0.47542,0.53759
TGO,TGO.2.7_1,Dankpen,Kara,2015,0.49245,0.42992,0.52098
TGO,TGO.2.7_1,Dankpen,Kara,2016,0.45623,0.39079,0.49442
TGO,TGO.2.7_1,Dankpen,Kara,2017,0.4035,0.34445,0.44673
TGO,TGO.2.7_1,Dankpen,Kara,2018,0.33926,0.2795,0.38191
TGO,TGO.2.7_1,Dankpen,Kara,2019,0.29686,0.23708,0.33881
TGO,TGO.2.7_1,Dankpen,Kara,2020,0.29666,0.21845,0.34022
TGO,TGO.2.7_1,Dankpen,Kara,2021,0.30889,0.20939,0.35395
TGO,TGO.2.7_1,Dankpen,Kara,2022,0.32828,0.21171,0.37027
TGO,TGO.2.7_1,Dankpen,Kara,2023,0.3202,0.21583,0.35719
TGO,TGO.2.7_1,Dankpen,Kara,2024,0.30891,0.23325,0.3409
TGO,TGO.2.7_1,Dankpen,Kara,2025,0.29562,0.22412,0.31792
TGO,TGO.3.1_2,Agoe-Nyive,Maritime,2000,0.42647,0.37701,0.48098
TGO,TGO.3.1_2,Agoe-Nyive,Maritime,2001,0.39478,0.34377,0.45406
TGO,TGO.3.1_2,Agoe-Nyive,Maritime,2002,0.38502,0.33422,0.444
TGO,TGO.3.1_2,Agoe-Nyive,Maritime,2003,0.3901,0.33866,0.45372
TGO,TGO.3.1_2,Agoe-Nyive,Maritime,2004,0.40782,0.35433,0.47488
TGO,TGO.3.1_2,Agoe-Nyive,Maritime,2005,0.4128,0.35828,0.48279
TGO,TGO.3.1_2,Agoe-Nyive,Maritime,2006,0.40721,0.35479,0.47666
TGO,TGO.3.1_2,Agoe-Nyive,Maritime,2007,0.37967,0.33018,0.44531
TGO,TGO.3.1_2,Agoe-Nyive,Maritime,2008,0.31952,0.27443,0.37893
TGO,TGO.3.1_2,Agoe-Nyive,Maritime,2009,0.25618,0.21633,0.30714
TGO,TGO.3.1_2,Agoe-Nyive,Maritime,2010,0.21844,0.18001,0.2658
TGO,TGO.3.1_2,Agoe-Nyive,Maritime,2011,0.20298,0.16472,0.25252
TGO,TGO.3.1_2,Agoe-Nyive,Maritime,2012,0.22075,0.17699,0.28431
TGO,TGO.3.1_2,Agoe-Nyive,Maritime,2013,0.24826,0.19454,0.33322
TGO,TGO.3.1_2,Agoe-Nyive,Maritime,2014,0.24508,0.18839,0.34104
TGO,TGO.3.1_2,Agoe-Nyive,Maritime,2015,0.24396,0.18369,0.35358
TGO,TGO.3.1_2,Agoe-Nyive,Maritime,2016,0.23792,0.17505,0.35391
TGO,TGO.3.1_2,Agoe-Nyive,Maritime,2017,0.22549,0.16635,0.33336
TGO,TGO.3.1_2,Agoe-Nyive,Maritime,2018,0.21411,0.16213,0.30151
TGO,TGO.3.1_2,Agoe-Nyive,Maritime,2019,0.20513,0.16153,0.27182
TGO,TGO.3.1_2,Agoe-Nyive,Maritime,2020,0.21486,0.17451,0.27262
TGO,TGO.3.1_2,Agoe-Nyive,Maritime,2021,0.22846,0.18895,0.28417
TGO,TGO.3.1_2,Agoe-Nyive,Maritime,2022,0.24124,0.20034,0.29779
TGO,TGO.3.1_2,Agoe-Nyive,Maritime,2023,0.23594,0.19712,0.2893
TGO,TGO.3.1_2,Agoe-Nyive,Maritime,2024,0.22099,0.18564,0.26762
TGO,TGO.3.1_2,Agoe-Nyive,Maritime,2025,0.20156,0.17156,0.23973
TGO,TGO.3.2_2,Avé,Maritime,2000,0.4956,0.4619,0.51006
TGO,TGO.3.2_2,Avé,Maritime,2001,0.46609,0.42564,0.4852
TGO,TGO.3.2_2,Avé,Maritime,2002,0.44682,0.40318,0.46763
TGO,TGO.3.2_2,Avé,Maritime,2003,0.44105,0.39843,0.47596
TGO,TGO.3.2_2,Avé,Maritime,2004,0.44874,0.4066,0.49458
TGO,TGO.3.2_2,Avé,Maritime,2005,0.45836,0.41781,0.50733
TGO,TGO.3.2_2,Avé,Maritime,2006,0.46448,0.41301,0.50615
TGO,TGO.3.2_2,Avé,Maritime,2007,0.44897,0.39126,0.48251
TGO,TGO.3.2_2,Avé,Maritime,2008,0.40001,0.33961,0.43086
TGO,TGO.3.2_2,Avé,Maritime,2009,0.3442,0.28749,0.367
TGO,TGO.3.2_2,Avé,Maritime,2010,0.31642,0.25751,0.34744
TGO,TGO.3.2_2,Avé,Maritime,2011,0.30907,0.24215,0.34611
TGO,TGO.3.2_2,Avé,Maritime,2012,0.34481,0.25723,0.38263
TGO,TGO.3.2_2,Avé,Maritime,2013,0.39947,0.27573,0.4619
TGO,TGO.3.2_2,Avé,Maritime,2014,0.40559,0.26099,0.49231
TGO,TGO.3.2_2,Avé,Maritime,2015,0.41813,0.25148,0.5203
TGO,TGO.3.2_2,Avé,Maritime,2016,0.42168,0.24342,0.52286
TGO,TGO.3.2_2,Avé,Maritime,2017,0.4048,0.23513,0.51736
TGO,TGO.3.2_2,Avé,Maritime,2018,0.37142,0.23339,0.48995
TGO,TGO.3.2_2,Avé,Maritime,2019,0.34011,0.23525,0.43909
TGO,TGO.3.2_2,Avé,Maritime,2020,0.34093,0.24867,0.4174
TGO,TGO.3.2_2,Avé,Maritime,2021,0.34499,0.26143,0.40206
TGO,TGO.3.2_2,Avé,Maritime,2022,0.35109,0.27023,0.38776
TGO,TGO.3.2_2,Avé,Maritime,2023,0.32816,0.25922,0.35717
TGO,TGO.3.2_2,Avé,Maritime,2024,0.29339,0.23846,0.31727
TGO,TGO.3.2_2,Avé,Maritime,2025,0.25737,0.21681,0.27608
TGO,TGO.3.3_2,Bas-Mono,Maritime,2000,0.47841,0.45051,0.50335
TGO,TGO.3.3_2,Bas-Mono,Maritime,2001,0.45091,0.41868,0.47936
TGO,TGO.3.3_2,Bas-Mono,Maritime,2002,0.4548,0.41905,0.48248
TGO,TGO.3.3_2,Bas-Mono,Maritime,2003,0.48923,0.44314,0.52843
TGO,TGO.3.3_2,Bas-Mono,Maritime,2004,0.52333,0.47016,0.5569
TGO,TGO.3.3_2,Bas-Mono,Maritime,2005,0.52736,0.47212,0.5574
TGO,TGO.3.3_2,Bas-Mono,Maritime,2006,0.51228,0.44994,0.55118
TGO,TGO.3.3_2,Bas-Mono,Maritime,2007,0.46696,0.39809,0.52667
TGO,TGO.3.3_2,Bas-Mono,Maritime,2008,0.38555,0.32222,0.45259
TGO,TGO.3.3_2,Bas-Mono,Maritime,2009,0.30412,0.25478,0.35532
TGO,TGO.3.3_2,Bas-Mono,Maritime,2010,0.25923,0.22056,0.29663
TGO,TGO.3.3_2,Bas-Mono,Maritime,2011,0.24912,0.21339,0.28715
TGO,TGO.3.3_2,Bas-Mono,Maritime,2012,0.28831,0.24469,0.33929
TGO,TGO.3.3_2,Bas-Mono,Maritime,2013,0.35541,0.29742,0.42789
TGO,TGO.3.3_2,Bas-Mono,Maritime,2014,0.39576,0.3329,0.47059
TGO,TGO.3.3_2,Bas-Mono,Maritime,2015,0.44303,0.3858,0.50021
TGO,TGO.3.3_2,Bas-Mono,Maritime,2016,0.46483,0.4165,0.50543
TGO,TGO.3.3_2,Bas-Mono,Maritime,2017,0.44301,0.39924,0.47981
TGO,TGO.3.3_2,Bas-Mono,Maritime,2018,0.37715,0.34221,0.40274
TGO,TGO.3.3_2,Bas-Mono,Maritime,2019,0.31217,0.2863,0.34153
TGO,TGO.3.3_2,Bas-Mono,Maritime,2020,0.2995,0.27407,0.33367
TGO,TGO.3.3_2,Bas-Mono,Maritime,2021,0.30581,0.27844,0.34089
TGO,TGO.3.3_2,Bas-Mono,Maritime,2022,0.3164,0.28392,0.34658
TGO,TGO.3.3_2,Bas-Mono,Maritime,2023,0.30439,0.27253,0.33011
TGO,TGO.3.3_2,Bas-Mono,Maritime,2024,0.27682,0.24829,0.30078
TGO,TGO.3.3_2,Bas-Mono,Maritime,2025,0.24441,0.22137,0.26599
TGO,TGO.3.4_2,Golfe,Maritime,2000,0.41055,0.39842,0.42706
TGO,TGO.3.4_2,Golfe,Maritime,2001,0.3804,0.36801,0.39651
TGO,TGO.3.4_2,Golfe,Maritime,2002,0.3698,0.35911,0.38637
TGO,TGO.3.4_2,Golfe,Maritime,2003,0.37276,0.36523,0.39331
TGO,TGO.3.4_2,Golfe,Maritime,2004,0.3874,0.37289,0.41186
TGO,TGO.3.4_2,Golfe,Maritime,2005,0.38916,0.37461,0.41689
TGO,TGO.3.4_2,Golfe,Maritime,2006,0.37887,0.36712,0.40677
TGO,TGO.3.4_2,Golfe,Maritime,2007,0.34886,0.33561,0.37406
TGO,TGO.3.4_2,Golfe,Maritime,2008,0.29092,0.27558,0.31203
TGO,TGO.3.4_2,Golfe,Maritime,2009,0.23374,0.21917,0.24881
TGO,TGO.3.4_2,Golfe,Maritime,2010,0.20023,0.18636,0.21261
TGO,TGO.3.4_2,Golfe,Maritime,2011,0.18481,0.17289,0.19765
TGO,TGO.3.4_2,Golfe,Maritime,2012,0.19719,0.18761,0.21423
TGO,TGO.3.4_2,Golfe,Maritime,2013,0.21709,0.20808,0.24079
TGO,TGO.3.4_2,Golfe,Maritime,2014,0.21191,0.1959,0.23945
TGO,TGO.3.4_2,Golfe,Maritime,2015,0.20943,0.18715,0.23943
TGO,TGO.3.4_2,Golfe,Maritime,2016,0.20417,0.17813,0.23416
TGO,TGO.3.4_2,Golfe,Maritime,2017,0.19484,0.1718,0.2221
TGO,TGO.3.4_2,Golfe,Maritime,2018,0.1877,0.17395,0.21016
TGO,TGO.3.4_2,Golfe,Maritime,2019,0.18278,0.17482,0.20005
TGO,TGO.3.4_2,Golfe,Maritime,2020,0.1942,0.18391,0.20876
TGO,TGO.3.4_2,Golfe,Maritime,2021,0.20764,0.19685,0.22124
TGO,TGO.3.4_2,Golfe,Maritime,2022,0.21937,0.20762,0.2336
TGO,TGO.3.4_2,Golfe,Maritime,2023,0.21552,0.20424,0.22933
TGO,TGO.3.4_2,Golfe,Maritime,2024,0.20315,0.19229,0.21544
TGO,TGO.3.4_2,Golfe,Maritime,2025,0.18812,0.17776,0.19789
TGO,TGO.3.5_2,Lacs,Maritime,2000,0.4403,0.38102,0.49038
TGO,TGO.3.5_2,Lacs,Maritime,2001,0.41444,0.35364,0.46965
TGO,TGO.3.5_2,Lacs,Maritime,2002,0.41256,0.35152,0.47525
TGO,TGO.3.5_2,Lacs,Maritime,2003,0.42862,0.36339,0.48776
TGO,TGO.3.5_2,Lacs,Maritime,2004,0.4489,0.38246,0.50176
TGO,TGO.3.5_2,Lacs,Maritime,2005,0.4484,0.38258,0.49569
TGO,TGO.3.5_2,Lacs,Maritime,2006,0.42749,0.36531,0.47517
TGO,TGO.3.5_2,Lacs,Maritime,2007,0.3793,0.32541,0.42827
TGO,TGO.3.5_2,Lacs,Maritime,2008,0.30999,0.26509,0.35022
TGO,TGO.3.5_2,Lacs,Maritime,2009,0.2506,0.21087,0.28684
TGO,TGO.3.5_2,Lacs,Maritime,2010,0.22089,0.18008,0.25931
TGO,TGO.3.5_2,Lacs,Maritime,2011,0.21608,0.16921,0.25098
TGO,TGO.3.5_2,Lacs,Maritime,2012,0.24616,0.18614,0.27683
TGO,TGO.3.5_2,Lacs,Maritime,2013,0.29574,0.21314,0.33528
TGO,TGO.3.5_2,Lacs,Maritime,2014,0.32758,0.21918,0.37634
TGO,TGO.3.5_2,Lacs,Maritime,2015,0.3754,0.2284,0.43028
TGO,TGO.3.5_2,Lacs,Maritime,2016,0.40071,0.23118,0.45481
TGO,TGO.3.5_2,Lacs,Maritime,2017,0.38516,0.21905,0.44633
TGO,TGO.3.5_2,Lacs,Maritime,2018,0.33372,0.19911,0.40178
TGO,TGO.3.5_2,Lacs,Maritime,2019,0.28358,0.17958,0.34827
TGO,TGO.3.5_2,Lacs,Maritime,2020,0.27414,0.1833,0.34326
TGO,TGO.3.5_2,Lacs,Maritime,2021,0.27357,0.19221,0.34064
TGO,TGO.3.5_2,Lacs,Maritime,2022,0.27808,0.20218,0.3416
TGO,TGO.3.5_2,Lacs,Maritime,2023,0.26683,0.1988,0.32261
TGO,TGO.3.5_2,Lacs,Maritime,2024,0.24586,0.18637,0.29434
TGO,TGO.3.5_2,Lacs,Maritime,2025,0.22291,0.1722,0.26268
TGO,TGO.3.6_2,Lomé,Maritime,2000,0.35475,0.33216,0.37295
TGO,TGO.3.6_2,Lomé,Maritime,2001,0.32445,0.30282,0.34184
TGO,TGO.3.6_2,Lomé,Maritime,2002,0.31632,0.29546,0.33306
TGO,TGO.3.6_2,Lomé,Maritime,2003,0.32163,0.3006,0.33964
TGO,TGO.3.6_2,Lomé,Maritime,2004,0.33668,0.31416,0.35537
TGO,TGO.3.6_2,Lomé,Maritime,2005,0.33933,0.31592,0.35757
TGO,TGO.3.6_2,Lomé,Maritime,2006,0.33032,0.30636,0.34889
TGO,TGO.3.6_2,Lomé,Maritime,2007,0.30424,0.28202,0.32248
TGO,TGO.3.6_2,Lomé,Maritime,2008,0.25188,0.233,0.26776
TGO,TGO.3.6_2,Lomé,Maritime,2009,0.19886,0.1832,0.21233
TGO,TGO.3.6_2,Lomé,Maritime,2010,0.16542,0.15107,0.17652
TGO,TGO.3.6_2,Lomé,Maritime,2011,0.15087,0.13661,0.16227
TGO,TGO.3.6_2,Lomé,Maritime,2012,0.15943,0.14232,0.17169
TGO,TGO.3.6_2,Lomé,Maritime,2013,0.17293,0.1514,0.18743
TGO,TGO.3.6_2,Lomé,Maritime,2014,0.16559,0.14222,0.18006
TGO,TGO.3.6_2,Lomé,Maritime,2015,0.16005,0.13461,0.17592
TGO,TGO.3.6_2,Lomé,Maritime,2016,0.15193,0.12508,0.16944
TGO,TGO.3.6_2,Lomé,Maritime,2017,0.14458,0.11944,0.1604
TGO,TGO.3.6_2,Lomé,Maritime,2018,0.14219,0.11934,0.15662
TGO,TGO.3.6_2,Lomé,Maritime,2019,0.14241,0.12299,0.15635
TGO,TGO.3.6_2,Lomé,Maritime,2020,0.15713,0.13933,0.17022
TGO,TGO.3.6_2,Lomé,Maritime,2021,0.1722,0.15525,0.18424
TGO,TGO.3.6_2,Lomé,Maritime,2022,0.18567,0.16983,0.19803
TGO,TGO.3.6_2,Lomé,Maritime,2023,0.1847,0.17058,0.19672
TGO,TGO.3.6_2,Lomé,Maritime,2024,0.17552,0.16319,0.18631
TGO,TGO.3.6_2,Lomé,Maritime,2025,0.16531,0.15568,0.17425
TGO,TGO.3.7_2,Vo,Maritime,2000,0.45168,0.37991,0.49852
TGO,TGO.3.7_2,Vo,Maritime,2001,0.42362,0.35113,0.47439
TGO,TGO.3.7_2,Vo,Maritime,2002,0.42412,0.34845,0.48863
TGO,TGO.3.7_2,Vo,Maritime,2003,0.45046,0.36471,0.53054
TGO,TGO.3.7_2,Vo,Maritime,2004,0.48122,0.38747,0.55639
TGO,TGO.3.7_2,Vo,Maritime,2005,0.48655,0.38926,0.55676
TGO,TGO.3.7_2,Vo,Maritime,2006,0.47349,0.36626,0.55121
TGO,TGO.3.7_2,Vo,Maritime,2007,0.43428,0.32303,0.52943
TGO,TGO.3.7_2,Vo,Maritime,2008,0.35981,0.26257,0.45739
TGO,TGO.3.7_2,Vo,Maritime,2009,0.28463,0.20889,0.3662
TGO,TGO.3.7_2,Vo,Maritime,2010,0.24323,0.18029,0.31007
TGO,TGO.3.7_2,Vo,Maritime,2011,0.2369,0.17755,0.29929
TGO,TGO.3.7_2,Vo,Maritime,2012,0.27932,0.20687,0.35743
TGO,TGO.3.7_2,Vo,Maritime,2013,0.34723,0.24983,0.44884
TGO,TGO.3.7_2,Vo,Maritime,2014,0.38274,0.26906,0.48317
TGO,TGO.3.7_2,Vo,Maritime,2015,0.42015,0.29441,0.50847
TGO,TGO.3.7_2,Vo,Maritime,2016,0.43299,0.3057,0.51194
TGO,TGO.3.7_2,Vo,Maritime,2017,0.40636,0.2883,0.48849
TGO,TGO.3.7_2,Vo,Maritime,2018,0.34116,0.25155,0.41119
TGO,TGO.3.7_2,Vo,Maritime,2019,0.28069,0.21714,0.33292
TGO,TGO.3.7_2,Vo,Maritime,2020,0.26804,0.21301,0.3131
TGO,TGO.3.7_2,Vo,Maritime,2021,0.27154,0.21452,0.32111
TGO,TGO.3.7_2,Vo,Maritime,2022,0.28156,0.2198,0.34117
TGO,TGO.3.7_2,Vo,Maritime,2023,0.27294,0.21312,0.3322
TGO,TGO.3.7_2,Vo,Maritime,2024,0.25074,0.19927,0.30049
TGO,TGO.3.7_2,Vo,Maritime,2025,0.22433,0.18332,0.26265
TGO,TGO.3.8_2,Yoto,Maritime,2000,0.50026,0.44639,0.53803
TGO,TGO.3.8_2,Yoto,Maritime,2001,0.47568,0.41278,0.52027
TGO,TGO.3.8_2,Yoto,Maritime,2002,0.48517,0.42904,0.52371
TGO,TGO.3.8_2,Yoto,Maritime,2003,0.52771,0.48477,0.55096
TGO,TGO.3.8_2,Yoto,Maritime,2004,0.55452,0.52195,0.56208
TGO,TGO.3.8_2,Yoto,Maritime,2005,0.55717,0.53325,0.5898
TGO,TGO.3.8_2,Yoto,Maritime,2006,0.55263,0.52139,0.59353
TGO,TGO.3.8_2,Yoto,Maritime,2007,0.5372,0.48668,0.58772
TGO,TGO.3.8_2,Yoto,Maritime,2008,0.47975,0.41483,0.56352
TGO,TGO.3.8_2,Yoto,Maritime,2009,0.38556,0.32451,0.47549
TGO,TGO.3.8_2,Yoto,Maritime,2010,0.32343,0.26254,0.40732
TGO,TGO.3.8_2,Yoto,Maritime,2011,0.30861,0.24958,0.38697
TGO,TGO.3.8_2,Yoto,Maritime,2012,0.36238,0.30004,0.42409
TGO,TGO.3.8_2,Yoto,Maritime,2013,0.45338,0.38579,0.50942
TGO,TGO.3.8_2,Yoto,Maritime,2014,0.48912,0.42639,0.52857
TGO,TGO.3.8_2,Yoto,Maritime,2015,0.51293,0.45448,0.55008
TGO,TGO.3.8_2,Yoto,Maritime,2016,0.51571,0.45754,0.56672
TGO,TGO.3.8_2,Yoto,Maritime,2017,0.49963,0.42166,0.55852
TGO,TGO.3.8_2,Yoto,Maritime,2018,0.44195,0.33832,0.52046
TGO,TGO.3.8_2,Yoto,Maritime,2019,0.35946,0.26707,0.46846
TGO,TGO.3.8_2,Yoto,Maritime,2020,0.33264,0.25082,0.43821
TGO,TGO.3.8_2,Yoto,Maritime,2021,0.33386,0.25952,0.42782
TGO,TGO.3.8_2,Yoto,Maritime,2022,0.3466,0.27978,0.42383
TGO,TGO.3.8_2,Yoto,Maritime,2023,0.33177,0.2759,0.3914
TGO,TGO.3.8_2,Yoto,Maritime,2024,0.29905,0.25088,0.3481
TGO,TGO.3.8_2,Yoto,Maritime,2025,0.26053,0.21922,0.31593
TGO,TGO.3.9_2,Zio,Maritime,2000,0.48524,0.41418,0.51456
TGO,TGO.3.9_2,Zio,Maritime,2001,0.45606,0.38496,0.48839
TGO,TGO.3.9_2,Zio,Maritime,2002,0.4481,0.37783,0.48957
TGO,TGO.3.9_2,Zio,Maritime,2003,0.46356,0.38807,0.52649
TGO,TGO.3.9_2,Zio,Maritime,2004,0.48998,0.40857,0.55425
TGO,TGO.3.9_2,Zio,Maritime,2005,0.50263,0.41129,0.5562
TGO,TGO.3.9_2,Zio,Maritime,2006,0.50074,0.39621,0.55143
TGO,TGO.3.9_2,Zio,Maritime,2007,0.47598,0.35771,0.53481
TGO,TGO.3.9_2,Zio,Maritime,2008,0.41458,0.29531,0.47642
TGO,TGO.3.9_2,Zio,Maritime,2009,0.33878,0.23659,0.38404
TGO,TGO.3.9_2,Zio,Maritime,2010,0.29286,0.20326,0.33984
TGO,TGO.3.9_2,Zio,Maritime,2011,0.28266,0.19394,0.33667
TGO,TGO.3.9_2,Zio,Maritime,2012,0.32833,0.21574,0.40098
TGO,TGO.3.9_2,Zio,Maritime,2013,0.40269,0.25061,0.49783
TGO,TGO.3.9_2,Zio,Maritime,2014,0.42869,0.25568,0.53001
TGO,TGO.3.9_2,Zio,Maritime,2015,0.44841,0.25779,0.53203
TGO,TGO.3.9_2,Zio,Maritime,2016,0.45065,0.24939,0.52922
TGO,TGO.3.9_2,Zio,Maritime,2017,0.43485,0.23862,0.52606
TGO,TGO.3.9_2,Zio,Maritime,2018,0.39385,0.22877,0.51932
TGO,TGO.3.9_2,Zio,Maritime,2019,0.34105,0.21161,0.47521
TGO,TGO.3.9_2,Zio,Maritime,2020,0.3279,0.21593,0.44282
TGO,TGO.3.9_2,Zio,Maritime,2021,0.32501,0.22245,0.41274
TGO,TGO.3.9_2,Zio,Maritime,2022,0.33039,0.23208,0.39532
TGO,TGO.3.9_2,Zio,Maritime,2023,0.31157,0.2272,0.36241
TGO,TGO.3.9_2,Zio,Maritime,2024,0.28157,0.21223,0.32451
TGO,TGO.3.9_2,Zio,Maritime,2025,0.24767,0.19424,0.28153
TGO,TGO.4.10_2,Moyen-Mono,Plateaux,2000,0.51456,0.49052,0.5334
TGO,TGO.4.10_2,Moyen-Mono,Plateaux,2001,0.49786,0.4583,0.5254
TGO,TGO.4.10_2,Moyen-Mono,Plateaux,2002,0.50871,0.46796,0.53654
TGO,TGO.4.10_2,Moyen-Mono,Plateaux,2003,0.54025,0.50622,0.55571
TGO,TGO.4.10_2,Moyen-Mono,Plateaux,2004,0.55566,0.54707,0.55912
TGO,TGO.4.10_2,Moyen-Mono,Plateaux,2005,0.55849,0.55627,0.55932
TGO,TGO.4.10_2,Moyen-Mono,Plateaux,2006,0.5558,0.55419,0.55619
TGO,TGO.4.10_2,Moyen-Mono,Plateaux,2007,0.55405,0.54929,0.55535
TGO,TGO.4.10_2,Moyen-Mono,Plateaux,2008,0.5398,0.51788,0.54874
TGO,TGO.4.10_2,Moyen-Mono,Plateaux,2009,0.48457,0.44065,0.50665
TGO,TGO.4.10_2,Moyen-Mono,Plateaux,2010,0.43466,0.3826,0.46273
TGO,TGO.4.10_2,Moyen-Mono,Plateaux,2011,0.40989,0.35304,0.4409
TGO,TGO.4.10_2,Moyen-Mono,Plateaux,2012,0.43741,0.37309,0.47696
TGO,TGO.4.10_2,Moyen-Mono,Plateaux,2013,0.49308,0.42594,0.52628
TGO,TGO.4.10_2,Moyen-Mono,Plateaux,2014,0.51594,0.46223,0.53256
TGO,TGO.4.10_2,Moyen-Mono,Plateaux,2015,0.53037,0.51528,0.53261
TGO,TGO.4.10_2,Moyen-Mono,Plateaux,2016,0.52919,0.52772,0.53002
TGO,TGO.4.10_2,Moyen-Mono,Plateaux,2017,0.52583,0.52374,0.52684
TGO,TGO.4.10_2,Moyen-Mono,Plateaux,2018,0.51213,0.49177,0.52223
TGO,TGO.4.10_2,Moyen-Mono,Plateaux,2019,0.44205,0.41078,0.46782
TGO,TGO.4.10_2,Moyen-Mono,Plateaux,2020,0.39735,0.36554,0.42634
TGO,TGO.4.10_2,Moyen-Mono,Plateaux,2021,0.36528,0.33176,0.40413
TGO,TGO.4.10_2,Moyen-Mono,Plateaux,2022,0.34479,0.31461,0.38588
TGO,TGO.4.10_2,Moyen-Mono,Plateaux,2023,0.31576,0.29121,0.35331
TGO,TGO.4.10_2,Moyen-Mono,Plateaux,2024,0.28701,0.26499,0.3188
TGO,TGO.4.10_2,Moyen-Mono,Plateaux,2025,0.25935,0.24117,0.28436
TGO,TGO.4.11_2,Ogou,Plateaux,2000,0.49552,0.43272,0.52713
TGO,TGO.4.11_2,Ogou,Plateaux,2001,0.49724,0.43005,0.52471
TGO,TGO.4.11_2,Ogou,Plateaux,2002,0.51774,0.44441,0.54206
TGO,TGO.4.11_2,Ogou,Plateaux,2003,0.54647,0.47,0.56158
TGO,TGO.4.11_2,Ogou,Plateaux,2004,0.55613,0.49573,0.55982
TGO,TGO.4.11_2,Ogou,Plateaux,2005,0.55702,0.50877,0.55934
TGO,TGO.4.11_2,Ogou,Plateaux,2006,0.55301,0.50878,0.55661
TGO,TGO.4.11_2,Ogou,Plateaux,2007,0.54192,0.48529,0.55539
TGO,TGO.4.11_2,Ogou,Plateaux,2008,0.50551,0.41929,0.54813
TGO,TGO.4.11_2,Ogou,Plateaux,2009,0.43116,0.33903,0.50454
TGO,TGO.4.11_2,Ogou,Plateaux,2010,0.37782,0.29052,0.4591
TGO,TGO.4.11_2,Ogou,Plateaux,2011,0.36231,0.28432,0.43867
TGO,TGO.4.11_2,Ogou,Plateaux,2012,0.40947,0.32764,0.47238
TGO,TGO.4.11_2,Ogou,Plateaux,2013,0.48936,0.39719,0.52923
TGO,TGO.4.11_2,Ogou,Plateaux,2014,0.51801,0.44563,0.53693
TGO,TGO.4.11_2,Ogou,Plateaux,2015,0.53008,0.50086,0.53389
TGO,TGO.4.11_2,Ogou,Plateaux,2016,0.52881,0.51756,0.53056
TGO,TGO.4.11_2,Ogou,Plateaux,2017,0.52431,0.50575,0.52731
TGO,TGO.4.11_2,Ogou,Plateaux,2018,0.50248,0.44128,0.52425
TGO,TGO.4.11_2,Ogou,Plateaux,2019,0.42532,0.34223,0.47167
TGO,TGO.4.11_2,Ogou,Plateaux,2020,0.36977,0.28935,0.42102
TGO,TGO.4.11_2,Ogou,Plateaux,2021,0.31657,0.23453,0.38223
TGO,TGO.4.11_2,Ogou,Plateaux,2022,0.2819,0.19734,0.35451
TGO,TGO.4.11_2,Ogou,Plateaux,2023,0.25359,0.1741,0.32507
TGO,TGO.4.11_2,Ogou,Plateaux,2024,0.23462,0.16416,0.29722
TGO,TGO.4.11_2,Ogou,Plateaux,2025,0.22167,0.1638,0.2725
TGO,TGO.4.12_2,Wawa,Plateaux,2000,0.49758,0.47338,0.52368
TGO,TGO.4.12_2,Wawa,Plateaux,2001,0.49078,0.45623,0.51793
TGO,TGO.4.12_2,Wawa,Plateaux,2002,0.47507,0.41567,0.50695
TGO,TGO.4.12_2,Wawa,Plateaux,2003,0.43514,0.3423,0.50429
TGO,TGO.4.12_2,Wawa,Plateaux,2004,0.40634,0.29564,0.50457
TGO,TGO.4.12_2,Wawa,Plateaux,2005,0.40964,0.29064,0.51329
TGO,TGO.4.12_2,Wawa,Plateaux,2006,0.43368,0.33071,0.52018
TGO,TGO.4.12_2,Wawa,Plateaux,2007,0.44,0.36157,0.50464
TGO,TGO.4.12_2,Wawa,Plateaux,2008,0.40847,0.34774,0.46123
TGO,TGO.4.12_2,Wawa,Plateaux,2009,0.36341,0.3128,0.40389
TGO,TGO.4.12_2,Wawa,Plateaux,2010,0.34141,0.29848,0.37671
TGO,TGO.4.12_2,Wawa,Plateaux,2011,0.33928,0.2918,0.38288
TGO,TGO.4.12_2,Wawa,Plateaux,2012,0.37793,0.31751,0.429
TGO,TGO.4.12_2,Wawa,Plateaux,2013,0.43147,0.35602,0.50271
TGO,TGO.4.12_2,Wawa,Plateaux,2014,0.43645,0.34886,0.52155
TGO,TGO.4.12_2,Wawa,Plateaux,2015,0.44612,0.35367,0.53123
TGO,TGO.4.12_2,Wawa,Plateaux,2016,0.45305,0.35953,0.52831
TGO,TGO.4.12_2,Wawa,Plateaux,2017,0.44315,0.34889,0.52287
TGO,TGO.4.12_2,Wawa,Plateaux,2018,0.4196,0.3423,0.4936
TGO,TGO.4.12_2,Wawa,Plateaux,2019,0.38213,0.32772,0.42979
TGO,TGO.4.12_2,Wawa,Plateaux,2020,0.35251,0.30773,0.38825
TGO,TGO.4.12_2,Wawa,Plateaux,2021,0.29806,0.25722,0.33445
TGO,TGO.4.12_2,Wawa,Plateaux,2022,0.25016,0.21324,0.28061
TGO,TGO.4.12_2,Wawa,Plateaux,2023,0.22099,0.18925,0.24667
TGO,TGO.4.12_2,Wawa,Plateaux,2024,0.21348,0.18746,0.2394
TGO,TGO.4.12_2,Wawa,Plateaux,2025,0.21899,0.19469,0.25333
TGO,TGO.4.1_2,Agou,Plateaux,2000,0.49258,0.43543,0.52045
TGO,TGO.4.1_2,Agou,Plateaux,2001,0.45933,0.39341,0.49662
TGO,TGO.4.1_2,Agou,Plateaux,2002,0.4263,0.35065,0.47521
TGO,TGO.4.1_2,Agou,Plateaux,2003,0.3959,0.29917,0.46407
TGO,TGO.4.1_2,Agou,Plateaux,2004,0.3831,0.27448,0.47129
TGO,TGO.4.1_2,Agou,Plateaux,2005,0.38953,0.27739,0.48761
TGO,TGO.4.1_2,Agou,Plateaux,2006,0.41246,0.30942,0.50306
TGO,TGO.4.1_2,Agou,Plateaux,2007,0.41951,0.33789,0.49447
TGO,TGO.4.1_2,Agou,Plateaux,2008,0.38676,0.31896,0.44901
TGO,TGO.4.1_2,Agou,Plateaux,2009,0.34296,0.28003,0.38797
TGO,TGO.4.1_2,Agou,Plateaux,2010,0.32219,0.26196,0.35633
TGO,TGO.4.1_2,Agou,Plateaux,2011,0.32392,0.26057,0.36405
TGO,TGO.4.1_2,Agou,Plateaux,2012,0.37103,0.3,0.41137
TGO,TGO.4.1_2,Agou,Plateaux,2013,0.44028,0.35741,0.49501
TGO,TGO.4.1_2,Agou,Plateaux,2014,0.46161,0.37744,0.52504
TGO,TGO.4.1_2,Agou,Plateaux,2015,0.48538,0.39777,0.53243
TGO,TGO.4.1_2,Agou,Plateaux,2016,0.49339,0.39621,0.52901
TGO,TGO.4.1_2,Agou,Plateaux,2017,0.48497,0.37753,0.52514
TGO,TGO.4.1_2,Agou,Plateaux,2018,0.45987,0.36023,0.51976
TGO,TGO.4.1_2,Agou,Plateaux,2019,0.42048,0.34772,0.48241
TGO,TGO.4.1_2,Agou,Plateaux,2020,0.40516,0.34697,0.45312
TGO,TGO.4.1_2,Agou,Plateaux,2021,0.38352,0.31019,0.42204
TGO,TGO.4.1_2,Agou,Plateaux,2022,0.36106,0.2783,0.4039
TGO,TGO.4.1_2,Agou,Plateaux,2023,0.32081,0.24412,0.36716
TGO,TGO.4.1_2,Agou,Plateaux,2024,0.2806,0.21702,0.32028
TGO,TGO.4.1_2,Agou,Plateaux,2025,0.24997,0.19972,0.27677
TGO,TGO.4.2_2,Akébou,Plateaux,2000,0.50688,0.47785,0.5304
TGO,TGO.4.2_2,Akébou,Plateaux,2001,0.51176,0.48331,0.53821
TGO,TGO.4.2_2,Akébou,Plateaux,2002,0.50531,0.47403,0.53031
TGO,TGO.4.2_2,Akébou,Plateaux,2003,0.48057,0.44387,0.51441
TGO,TGO.4.2_2,Akébou,Plateaux,2004,0.45951,0.41028,0.51832
TGO,TGO.4.2_2,Akébou,Plateaux,2005,0.46182,0.40489,0.52296
TGO,TGO.4.2_2,Akébou,Plateaux,2006,0.47341,0.42275,0.52287
TGO,TGO.4.2_2,Akébou,Plateaux,2007,0.46719,0.42765,0.49941
TGO,TGO.4.2_2,Akébou,Plateaux,2008,0.43315,0.40152,0.46024
TGO,TGO.4.2_2,Akébou,Plateaux,2009,0.38653,0.34842,0.41395
TGO,TGO.4.2_2,Akébou,Plateaux,2010,0.36892,0.32797,0.4033
TGO,TGO.4.2_2,Akébou,Plateaux,2011,0.38372,0.34741,0.42515
TGO,TGO.4.2_2,Akébou,Plateaux,2012,0.45232,0.4037,0.49347
TGO,TGO.4.2_2,Akébou,Plateaux,2013,0.5138,0.46637,0.5386
TGO,TGO.4.2_2,Akébou,Plateaux,2014,0.51253,0.46173,0.53719
TGO,TGO.4.2_2,Akébou,Plateaux,2015,0.50234,0.45086,0.53279
TGO,TGO.4.2_2,Akébou,Plateaux,2016,0.48407,0.41574,0.52654
TGO,TGO.4.2_2,Akébou,Plateaux,2017,0.45451,0.38438,0.50797
TGO,TGO.4.2_2,Akébou,Plateaux,2018,0.41827,0.35849,0.4652
TGO,TGO.4.2_2,Akébou,Plateaux,2019,0.37597,0.31672,0.41341
TGO,TGO.4.2_2,Akébou,Plateaux,2020,0.34528,0.28903,0.38105
TGO,TGO.4.2_2,Akébou,Plateaux,2021,0.29247,0.24308,0.33051
TGO,TGO.4.2_2,Akébou,Plateaux,2022,0.24547,0.20893,0.27674
TGO,TGO.4.2_2,Akébou,Plateaux,2023,0.21913,0.18773,0.24853
TGO,TGO.4.2_2,Akébou,Plateaux,2024,0.21655,0.18333,0.24965
TGO,TGO.4.2_2,Akébou,Plateaux,2025,0.22666,0.19504,0.25929
TGO,TGO.4.3_2,Amou,Plateaux,2000,0.48818,0.43786,0.51577
TGO,TGO.4.3_2,Amou,Plateaux,2001,0.48736,0.43355,0.51906
TGO,TGO.4.3_2,Amou,Plateaux,2002,0.48981,0.4304,0.5335
TGO,TGO.4.3_2,Amou,Plateaux,2003,0.49011,0.40538,0.55275
TGO,TGO.4.3_2,Amou,Plateaux,2004,0.4979,0.38957,0.55942
TGO,TGO.4.3_2,Amou,Plateaux,2005,0.50557,0.40073,0.55885
TGO,TGO.4.3_2,Amou,Plateaux,2006,0.51047,0.42896,0.55354
TGO,TGO.4.3_2,Amou,Plateaux,2007,0.4937,0.42773,0.53974
TGO,TGO.4.3_2,Amou,Plateaux,2008,0.44589,0.38919,0.50178
TGO,TGO.4.3_2,Amou,Plateaux,2009,0.38106,0.32861,0.42695
TGO,TGO.4.3_2,Amou,Plateaux,2010,0.34462,0.28992,0.38496
TGO,TGO.4.3_2,Amou,Plateaux,2011,0.3445,0.27812,0.40091
TGO,TGO.4.3_2,Amou,Plateaux,2012,0.40046,0.30452,0.48516
TGO,TGO.4.3_2,Amou,Plateaux,2013,0.47607,0.3567,0.53837
TGO,TGO.4.3_2,Amou,Plateaux,2014,0.49987,0.38466,0.53703
TGO,TGO.4.3_2,Amou,Plateaux,2015,0.51703,0.43034,0.53373
TGO,TGO.4.3_2,Amou,Plateaux,2016,0.51899,0.46097,0.53021
TGO,TGO.4.3_2,Amou,Plateaux,2017,0.50829,0.45061,0.52701
TGO,TGO.4.3_2,Amou,Plateaux,2018,0.47069,0.39833,0.52226
TGO,TGO.4.3_2,Amou,Plateaux,2019,0.40029,0.33932,0.46645
TGO,TGO.4.3_2,Amou,Plateaux,2020,0.35218,0.29049,0.40923
TGO,TGO.4.3_2,Amou,Plateaux,2021,0.29518,0.23542,0.34691
TGO,TGO.4.3_2,Amou,Plateaux,2022,0.25148,0.19844,0.29933
TGO,TGO.4.3_2,Amou,Plateaux,2023,0.22177,0.17404,0.26564
TGO,TGO.4.3_2,Amou,Plateaux,2024,0.20973,0.16374,0.24257
TGO,TGO.4.3_2,Amou,Plateaux,2025,0.20891,0.16429,0.23374
TGO,TGO.4.4_2,Anié,Plateaux,2000,0.48108,0.44553,0.5084
TGO,TGO.4.4_2,Anié,Plateaux,2001,0.48921,0.44103,0.51887
TGO,TGO.4.4_2,Anié,Plateaux,2002,0.50656,0.45703,0.53377
TGO,TGO.4.4_2,Anié,Plateaux,2003,0.53395,0.46442,0.55557
TGO,TGO.4.4_2,Anié,Plateaux,2004,0.55012,0.4779,0.56017
TGO,TGO.4.4_2,Anié,Plateaux,2005,0.55237,0.49051,0.55963
TGO,TGO.4.4_2,Anié,Plateaux,2006,0.54703,0.4953,0.55723
TGO,TGO.4.4_2,Anié,Plateaux,2007,0.53034,0.47499,0.5536
TGO,TGO.4.4_2,Anié,Plateaux,2008,0.48656,0.42203,0.53026
TGO,TGO.4.4_2,Anié,Plateaux,2009,0.41961,0.35435,0.47397
TGO,TGO.4.4_2,Anié,Plateaux,2010,0.37823,0.32176,0.43387
TGO,TGO.4.4_2,Anié,Plateaux,2011,0.37148,0.31923,0.41786
TGO,TGO.4.4_2,Anié,Plateaux,2012,0.42709,0.34821,0.47054
TGO,TGO.4.4_2,Anié,Plateaux,2013,0.49856,0.41546,0.53682
TGO,TGO.4.4_2,Anié,Plateaux,2014,0.51072,0.45853,0.53692
TGO,TGO.4.4_2,Anié,Plateaux,2015,0.52103,0.48219,0.53388
TGO,TGO.4.4_2,Anié,Plateaux,2016,0.52021,0.49087,0.53059
TGO,TGO.4.4_2,Anié,Plateaux,2017,0.50707,0.46929,0.5274
TGO,TGO.4.4_2,Anié,Plateaux,2018,0.45475,0.41195,0.50866
TGO,TGO.4.4_2,Anié,Plateaux,2019,0.37565,0.34533,0.42514
TGO,TGO.4.4_2,Anié,Plateaux,2020,0.3345,0.29928,0.37283
TGO,TGO.4.4_2,Anié,Plateaux,2021,0.29487,0.24712,0.32841
TGO,TGO.4.4_2,Anié,Plateaux,2022,0.27022,0.21068,0.316
TGO,TGO.4.4_2,Anié,Plateaux,2023,0.24997,0.18608,0.29973
TGO,TGO.4.4_2,Anié,Plateaux,2024,0.23986,0.18085,0.28938
TGO,TGO.4.4_2,Anié,Plateaux,2025,0.236,0.18692,0.2752
TGO,TGO.4.5_2,Danyi,Plateaux,2000,0.47889,0.46152,0.49089
TGO,TGO.4.5_2,Danyi,Plateaux,2001,0.45458,0.42882,0.47341
TGO,TGO.4.5_2,Danyi,Plateaux,2002,0.41541,0.37801,0.44829
TGO,TGO.4.5_2,Danyi,Plateaux,2003,0.35166,0.29935,0.40415
TGO,TGO.4.5_2,Danyi,Plateaux,2004,0.31126,0.25296,0.37729
TGO,TGO.4.5_2,Danyi,Plateaux,2005,0.31362,0.2505,0.38463
TGO,TGO.4.5_2,Danyi,Plateaux,2006,0.35197,0.28988,0.41666
TGO,TGO.4.5_2,Danyi,Plateaux,2007,0.37968,0.33245,0.42834
TGO,TGO.4.5_2,Danyi,Plateaux,2008,0.36038,0.32501,0.39654
TGO,TGO.4.5_2,Danyi,Plateaux,2009,0.32188,0.29284,0.34576
TGO,TGO.4.5_2,Danyi,Plateaux,2010,0.30392,0.27644,0.32253
TGO,TGO.4.5_2,Danyi,Plateaux,2011,0.3003,0.27356,0.31789
TGO,TGO.4.5_2,Danyi,Plateaux,2012,0.32989,0.30658,0.35095
TGO,TGO.4.5_2,Danyi,Plateaux,2013,0.37526,0.35152,0.40232
TGO,TGO.4.5_2,Danyi,Plateaux,2014,0.38265,0.35604,0.41617
TGO,TGO.4.5_2,Danyi,Plateaux,2015,0.4039,0.36418,0.44773
TGO,TGO.4.5_2,Danyi,Plateaux,2016,0.42684,0.37599,0.4788
TGO,TGO.4.5_2,Danyi,Plateaux,2017,0.42593,0.37411,0.47847
TGO,TGO.4.5_2,Danyi,Plateaux,2018,0.40793,0.36414,0.45123
TGO,TGO.4.5_2,Danyi,Plateaux,2019,0.37683,0.34649,0.41323
TGO,TGO.4.5_2,Danyi,Plateaux,2020,0.3546,0.33074,0.38847
TGO,TGO.4.5_2,Danyi,Plateaux,2021,0.30677,0.28712,0.33354
TGO,TGO.4.5_2,Danyi,Plateaux,2022,0.26436,0.24409,0.29114
TGO,TGO.4.5_2,Danyi,Plateaux,2023,0.23486,0.21692,0.25717
TGO,TGO.4.5_2,Danyi,Plateaux,2024,0.2198,0.20679,0.23914
TGO,TGO.4.5_2,Danyi,Plateaux,2025,0.219,0.20554,0.23383
TGO,TGO.4.6_2,Est-Mono,Plateaux,2000,0.47877,0.44721,0.50211
TGO,TGO.4.6_2,Est-Mono,Plateaux,2001,0.49135,0.46157,0.51327
TGO,TGO.4.6_2,Est-Mono,Plateaux,2002,0.50708,0.4809,0.52675
TGO,TGO.4.6_2,Est-Mono,Plateaux,2003,0.52539,0.49786,0.55041
TGO,TGO.4.6_2,Est-Mono,Plateaux,2004,0.5372,0.51588,0.55899
TGO,TGO.4.6_2,Est-Mono,Plateaux,2005,0.54049,0.52207,0.55904
TGO,TGO.4.6_2,Est-Mono,Plateaux,2006,0.53373,0.51129,0.55624
TGO,TGO.4.6_2,Est-Mono,Plateaux,2007,0.50825,0.4808,0.54249
TGO,TGO.4.6_2,Est-Mono,Plateaux,2008,0.4506,0.41728,0.50448
TGO,TGO.4.6_2,Est-Mono,Plateaux,2009,0.37078,0.3281,0.43605
TGO,TGO.4.6_2,Est-Mono,Plateaux,2010,0.321,0.27322,0.38814
TGO,TGO.4.6_2,Est-Mono,Plateaux,2011,0.31789,0.26826,0.37849
TGO,TGO.4.6_2,Est-Mono,Plateaux,2012,0.38314,0.32646,0.44374
TGO,TGO.4.6_2,Est-Mono,Plateaux,2013,0.47583,0.42076,0.53046
TGO,TGO.4.6_2,Est-Mono,Plateaux,2014,0.49307,0.44107,0.53479
TGO,TGO.4.6_2,Est-Mono,Plateaux,2015,0.4952,0.44869,0.53159
TGO,TGO.4.6_2,Est-Mono,Plateaux,2016,0.48439,0.44272,0.52546
TGO,TGO.4.6_2,Est-Mono,Plateaux,2017,0.46072,0.40425,0.51568
TGO,TGO.4.6_2,Est-Mono,Plateaux,2018,0.41843,0.36186,0.4762
TGO,TGO.4.6_2,Est-Mono,Plateaux,2019,0.36721,0.32471,0.43266
TGO,TGO.4.6_2,Est-Mono,Plateaux,2020,0.34285,0.29811,0.41028
TGO,TGO.4.6_2,Est-Mono,Plateaux,2021,0.31075,0.26017,0.37429
TGO,TGO.4.6_2,Est-Mono,Plateaux,2022,0.29005,0.23208,0.3412
TGO,TGO.4.6_2,Est-Mono,Plateaux,2023,0.27248,0.21242,0.31492
TGO,TGO.4.6_2,Est-Mono,Plateaux,2024,0.26646,0.2089,0.3014
TGO,TGO.4.6_2,Est-Mono,Plateaux,2025,0.26515,0.21632,0.29334
TGO,TGO.4.7_2,Haho,Plateaux,2000,0.51176,0.4791,0.53359
TGO,TGO.4.7_2,Haho,Plateaux,2001,0.495,0.45505,0.52428
TGO,TGO.4.7_2,Haho,Plateaux,2002,0.5025,0.44894,0.53837
TGO,TGO.4.7_2,Haho,Plateaux,2003,0.5282,0.44662,0.56034
TGO,TGO.4.7_2,Haho,Plateaux,2004,0.54486,0.46072,0.55925
TGO,TGO.4.7_2,Haho,Plateaux,2005,0.54976,0.47706,0.55932
TGO,TGO.4.7_2,Haho,Plateaux,2006,0.5478,0.49247,0.55608
TGO,TGO.4.7_2,Haho,Plateaux,2007,0.53635,0.4777,0.55495
TGO,TGO.4.7_2,Haho,Plateaux,2008,0.49588,0.42254,0.53937
TGO,TGO.4.7_2,Haho,Plateaux,2009,0.41558,0.35108,0.47651
TGO,TGO.4.7_2,Haho,Plateaux,2010,0.35772,0.29455,0.42182
TGO,TGO.4.7_2,Haho,Plateaux,2011,0.34458,0.2825,0.40227
TGO,TGO.4.7_2,Haho,Plateaux,2012,0.39958,0.33839,0.44314
TGO,TGO.4.7_2,Haho,Plateaux,2013,0.49259,0.4141,0.52783
TGO,TGO.4.7_2,Haho,Plateaux,2014,0.52364,0.45948,0.53651
TGO,TGO.4.7_2,Haho,Plateaux,2015,0.53201,0.51339,0.53321
TGO,TGO.4.7_2,Haho,Plateaux,2016,0.52941,0.52785,0.52991
TGO,TGO.4.7_2,Haho,Plateaux,2017,0.52609,0.52314,0.52675
TGO,TGO.4.7_2,Haho,Plateaux,2018,0.51683,0.4927,0.52434
TGO,TGO.4.7_2,Haho,Plateaux,2019,0.45238,0.39996,0.49113
TGO,TGO.4.7_2,Haho,Plateaux,2020,0.40394,0.35556,0.45552
TGO,TGO.4.7_2,Haho,Plateaux,2021,0.36491,0.31234,0.42072
TGO,TGO.4.7_2,Haho,Plateaux,2022,0.34091,0.27078,0.41245
TGO,TGO.4.7_2,Haho,Plateaux,2023,0.30736,0.23551,0.38302
TGO,TGO.4.7_2,Haho,Plateaux,2024,0.27445,0.21119,0.33876
TGO,TGO.4.7_2,Haho,Plateaux,2025,0.24464,0.19692,0.29409
TGO,TGO.4.8_2,Kloto,Plateaux,2000,0.46774,0.40611,0.51681
TGO,TGO.4.8_2,Kloto,Plateaux,2001,0.43299,0.36571,0.48694
TGO,TGO.4.8_2,Kloto,Plateaux,2002,0.38747,0.31839,0.45572
TGO,TGO.4.8_2,Kloto,Plateaux,2003,0.32242,0.25916,0.41222
TGO,TGO.4.8_2,Kloto,Plateaux,2004,0.28268,0.22713,0.38311
TGO,TGO.4.8_2,Kloto,Plateaux,2005,0.2805,0.22447,0.38172
TGO,TGO.4.8_2,Kloto,Plateaux,2006,0.31451,0.25468,0.40921
TGO,TGO.4.8_2,Kloto,Plateaux,2007,0.347,0.28421,0.42512
TGO,TGO.4.8_2,Kloto,Plateaux,2008,0.33553,0.2752,0.40337
TGO,TGO.4.8_2,Kloto,Plateaux,2009,0.30862,0.25078,0.37426
TGO,TGO.4.8_2,Kloto,Plateaux,2010,0.30165,0.2406,0.37328
TGO,TGO.4.8_2,Kloto,Plateaux,2011,0.30495,0.24242,0.38001
TGO,TGO.4.8_2,Kloto,Plateaux,2012,0.34167,0.2736,0.42853
TGO,TGO.4.8_2,Kloto,Plateaux,2013,0.38977,0.31585,0.48288
TGO,TGO.4.8_2,Kloto,Plateaux,2014,0.38858,0.32003,0.47963
TGO,TGO.4.8_2,Kloto,Plateaux,2015,0.39256,0.32683,0.48205
TGO,TGO.4.8_2,Kloto,Plateaux,2016,0.39864,0.32829,0.48292
TGO,TGO.4.8_2,Kloto,Plateaux,2017,0.38996,0.31747,0.46906
TGO,TGO.4.8_2,Kloto,Plateaux,2018,0.37749,0.30897,0.45199
TGO,TGO.4.8_2,Kloto,Plateaux,2019,0.36144,0.30114,0.43479
TGO,TGO.4.8_2,Kloto,Plateaux,2020,0.35708,0.29273,0.43543
TGO,TGO.4.8_2,Kloto,Plateaux,2021,0.33163,0.27058,0.42423
TGO,TGO.4.8_2,Kloto,Plateaux,2022,0.30414,0.24523,0.40307
TGO,TGO.4.8_2,Kloto,Plateaux,2023,0.27165,0.21674,0.3632
TGO,TGO.4.8_2,Kloto,Plateaux,2024,0.24463,0.19485,0.31686
TGO,TGO.4.8_2,Kloto,Plateaux,2025,0.22858,0.18116,0.2846
TGO,TGO.4.9_2,Kpélé,Plateaux,2000,0.48273,0.4507,0.51573
TGO,TGO.4.9_2,Kpélé,Plateaux,2001,0.45668,0.41814,0.50033
TGO,TGO.4.9_2,Kpélé,Plateaux,2002,0.42932,0.37287,0.48901
TGO,TGO.4.9_2,Kpélé,Plateaux,2003,0.3997,0.30422,0.49229
TGO,TGO.4.9_2,Kpélé,Plateaux,2004,0.38891,0.2624,0.50458
TGO,TGO.4.9_2,Kpélé,Plateaux,2005,0.39812,0.26218,0.51856
TGO,TGO.4.9_2,Kpélé,Plateaux,2006,0.42557,0.30018,0.52901
TGO,TGO.4.9_2,Kpélé,Plateaux,2007,0.43204,0.33818,0.51167
TGO,TGO.4.9_2,Kpélé,Plateaux,2008,0.39248,0.32297,0.46233
TGO,TGO.4.9_2,Kpélé,Plateaux,2009,0.33574,0.28509,0.39005
TGO,TGO.4.9_2,Kpélé,Plateaux,2010,0.30475,0.26296,0.35098
TGO,TGO.4.9_2,Kpélé,Plateaux,2011,0.29905,0.25852,0.34432
TGO,TGO.4.9_2,Kpélé,Plateaux,2012,0.33867,0.28748,0.39402
TGO,TGO.4.9_2,Kpélé,Plateaux,2013,0.40597,0.33539,0.48203
TGO,TGO.4.9_2,Kpélé,Plateaux,2014,0.43774,0.351,0.51852
TGO,TGO.4.9_2,Kpélé,Plateaux,2015,0.48019,0.37802,0.53292
TGO,TGO.4.9_2,Kpélé,Plateaux,2016,0.49925,0.40213,0.5296
TGO,TGO.4.9_2,Kpélé,Plateaux,2017,0.49537,0.39814,0.52642
TGO,TGO.4.9_2,Kpélé,Plateaux,2018,0.46857,0.37809,0.51936
TGO,TGO.4.9_2,Kpélé,Plateaux,2019,0.41513,0.34343,0.47408
TGO,TGO.4.9_2,Kpélé,Plateaux,2020,0.37962,0.3163,0.43574
TGO,TGO.4.9_2,Kpélé,Plateaux,2021,0.33015,0.27347,0.38668
TGO,TGO.4.9_2,Kpélé,Plateaux,2022,0.28974,0.2399,0.35001
TGO,TGO.4.9_2,Kpélé,Plateaux,2023,0.25342,0.21211,0.30243
TGO,TGO.4.9_2,Kpélé,Plateaux,2024,0.22861,0.19588,0.26868
TGO,TGO.4.9_2,Kpélé,Plateaux,2025,0.21519,0.19002,0.24376
TGO,TGO.5.1_2,Cinkassé,Savanes,2000,0.42609,0.39782,0.44174
TGO,TGO.5.1_2,Cinkassé,Savanes,2001,0.44183,0.40856,0.45772
TGO,TGO.5.1_2,Cinkassé,Savanes,2002,0.48781,0.44434,0.50797
TGO,TGO.5.1_2,Cinkassé,Savanes,2003,0.5522,0.50323,0.57022
TGO,TGO.5.1_2,Cinkassé,Savanes,2004,0.5654,0.53191,0.57008
TGO,TGO.5.1_2,Cinkassé,Savanes,2005,0.56504,0.53241,0.56916
TGO,TGO.5.1_2,Cinkassé,Savanes,2006,0.55855,0.51973,0.56823
TGO,TGO.5.1_2,Cinkassé,Savanes,2007,0.52604,0.48015,0.54942
TGO,TGO.5.1_2,Cinkassé,Savanes,2008,0.48574,0.43671,0.51248
TGO,TGO.5.1_2,Cinkassé,Savanes,2009,0.48127,0.43466,0.50183
TGO,TGO.5.1_2,Cinkassé,Savanes,2010,0.50879,0.46487,0.52393
TGO,TGO.5.1_2,Cinkassé,Savanes,2011,0.50116,0.46109,0.51409
TGO,TGO.5.1_2,Cinkassé,Savanes,2012,0.46953,0.42799,0.48668
TGO,TGO.5.1_2,Cinkassé,Savanes,2013,0.40597,0.36265,0.43107
TGO,TGO.5.1_2,Cinkassé,Savanes,2014,0.35184,0.30489,0.3875
TGO,TGO.5.1_2,Cinkassé,Savanes,2015,0.3543,0.29608,0.40891
TGO,TGO.5.1_2,Cinkassé,Savanes,2016,0.37192,0.29745,0.44195
TGO,TGO.5.1_2,Cinkassé,Savanes,2017,0.36175,0.28426,0.43191
TGO,TGO.5.1_2,Cinkassé,Savanes,2018,0.33428,0.27104,0.39833
TGO,TGO.5.1_2,Cinkassé,Savanes,2019,0.31205,0.25702,0.36003
TGO,TGO.5.1_2,Cinkassé,Savanes,2020,0.31781,0.26395,0.36232
TGO,TGO.5.1_2,Cinkassé,Savanes,2021,0.31805,0.26397,0.36219
TGO,TGO.5.1_2,Cinkassé,Savanes,2022,0.31904,0.26648,0.36301
TGO,TGO.5.1_2,Cinkassé,Savanes,2023,0.30873,0.26118,0.34295
TGO,TGO.5.1_2,Cinkassé,Savanes,2024,0.30552,0.26409,0.32924
TGO,TGO.5.1_2,Cinkassé,Savanes,2025,0.30807,0.27156,0.32478
TGO,TGO.5.2_2,Kpendjal,Savanes,2000,0.40437,0.35393,0.50349
TGO,TGO.5.2_2,Kpendjal,Savanes,2001,0.43541,0.38132,0.51414
TGO,TGO.5.2_2,Kpendjal,Savanes,2002,0.48992,0.4382,0.54699
TGO,TGO.5.2_2,Kpendjal,Savanes,2003,0.54621,0.50109,0.59336
TGO,TGO.5.2_2,Kpendjal,Savanes,2004,0.55976,0.52979,0.60775
TGO,TGO.5.2_2,Kpendjal,Savanes,2005,0.56333,0.54097,0.60898
TGO,TGO.5.2_2,Kpendjal,Savanes,2006,0.55904,0.54354,0.60818
TGO,TGO.5.2_2,Kpendjal,Savanes,2007,0.53246,0.50544,0.59958
TGO,TGO.5.2_2,Kpendjal,Savanes,2008,0.49702,0.45301,0.59715
TGO,TGO.5.2_2,Kpendjal,Savanes,2009,0.48605,0.43211,0.60487
TGO,TGO.5.2_2,Kpendjal,Savanes,2010,0.50306,0.44289,0.60634
TGO,TGO.5.2_2,Kpendjal,Savanes,2011,0.48483,0.4121,0.6003
TGO,TGO.5.2_2,Kpendjal,Savanes,2012,0.44118,0.36315,0.56807
TGO,TGO.5.2_2,Kpendjal,Savanes,2013,0.3926,0.32062,0.46309
TGO,TGO.5.2_2,Kpendjal,Savanes,2014,0.38689,0.3173,0.46226
TGO,TGO.5.2_2,Kpendjal,Savanes,2015,0.46018,0.39642,0.53485
TGO,TGO.5.2_2,Kpendjal,Savanes,2016,0.51839,0.48037,0.57758
TGO,TGO.5.2_2,Kpendjal,Savanes,2017,0.52366,0.49205,0.58193
TGO,TGO.5.2_2,Kpendjal,Savanes,2018,0.49637,0.45509,0.56982
TGO,TGO.5.2_2,Kpendjal,Savanes,2019,0.44333,0.40114,0.52576
TGO,TGO.5.2_2,Kpendjal,Savanes,2020,0.4247,0.39049,0.48681
TGO,TGO.5.2_2,Kpendjal,Savanes,2021,0.41224,0.36574,0.46031
TGO,TGO.5.2_2,Kpendjal,Savanes,2022,0.39319,0.33536,0.44276
TGO,TGO.5.2_2,Kpendjal,Savanes,2023,0.3595,0.29539,0.41934
TGO,TGO.5.2_2,Kpendjal,Savanes,2024,0.33018,0.28474,0.41337
TGO,TGO.5.2_2,Kpendjal,Savanes,2025,0.30554,0.27862,0.39488
TGO,TGO.5.3_2,Naki-Ouest,Savanes,2000,0.40821,0.37405,0.4285
TGO,TGO.5.3_2,Naki-Ouest,Savanes,2001,0.43415,0.39681,0.45312
TGO,TGO.5.3_2,Naki-Ouest,Savanes,2002,0.48933,0.45491,0.50799
TGO,TGO.5.3_2,Naki-Ouest,Savanes,2003,0.55544,0.53983,0.56511
TGO,TGO.5.3_2,Naki-Ouest,Savanes,2004,0.56819,0.56569,0.56996
TGO,TGO.5.3_2,Naki-Ouest,Savanes,2005,0.56759,0.56615,0.56904
TGO,TGO.5.3_2,Naki-Ouest,Savanes,2006,0.56175,0.5522,0.56809
TGO,TGO.5.3_2,Naki-Ouest,Savanes,2007,0.52413,0.49715,0.55409
TGO,TGO.5.3_2,Naki-Ouest,Savanes,2008,0.47436,0.43443,0.52452
TGO,TGO.5.3_2,Naki-Ouest,Savanes,2009,0.44986,0.40461,0.51007
TGO,TGO.5.3_2,Naki-Ouest,Savanes,2010,0.46038,0.41195,0.52485
TGO,TGO.5.3_2,Naki-Ouest,Savanes,2011,0.43453,0.38022,0.5092
TGO,TGO.5.3_2,Naki-Ouest,Savanes,2012,0.39143,0.33756,0.47487
TGO,TGO.5.3_2,Naki-Ouest,Savanes,2013,0.34628,0.29915,0.42307
TGO,TGO.5.3_2,Naki-Ouest,Savanes,2014,0.33703,0.2934,0.39459
TGO,TGO.5.3_2,Naki-Ouest,Savanes,2015,0.40333,0.35162,0.44089
TGO,TGO.5.3_2,Naki-Ouest,Savanes,2016,0.47507,0.42433,0.50296
TGO,TGO.5.3_2,Naki-Ouest,Savanes,2017,0.48186,0.43135,0.51598
TGO,TGO.5.3_2,Naki-Ouest,Savanes,2018,0.44036,0.38786,0.47894
TGO,TGO.5.3_2,Naki-Ouest,Savanes,2019,0.38943,0.34232,0.4293
TGO,TGO.5.3_2,Naki-Ouest,Savanes,2020,0.38147,0.33497,0.42369
TGO,TGO.5.3_2,Naki-Ouest,Savanes,2021,0.37994,0.33031,0.42847
TGO,TGO.5.3_2,Naki-Ouest,Savanes,2022,0.37537,0.32631,0.42787
TGO,TGO.5.3_2,Naki-Ouest,Savanes,2023,0.34849,0.30642,0.39759
TGO,TGO.5.3_2,Naki-Ouest,Savanes,2024,0.32533,0.28839,0.36808
TGO,TGO.5.3_2,Naki-Ouest,Savanes,2025,0.30284,0.27369,0.33076
TGO,TGO.5.4_2,Oti,Savanes,2000,0.43511,0.4069,0.46241
TGO,TGO.5.4_2,Oti,Savanes,2001,0.45653,0.42855,0.48409
TGO,TGO.5.4_2,Oti,Savanes,2002,0.50239,0.47635,0.52783
TGO,TGO.5.4_2,Oti,Savanes,2003,0.55446,0.5378,0.56196
TGO,TGO.5.4_2,Oti,Savanes,2004,0.56446,0.55474,0.56791
TGO,TGO.5.4_2,Oti,Savanes,2005,0.56364,0.55379,0.56701
TGO,TGO.5.4_2,Oti,Savanes,2006,0.54993,0.53211,0.55893
TGO,TGO.5.4_2,Oti,Savanes,2007,0.50107,0.47285,0.52617
TGO,TGO.5.4_2,Oti,Savanes,2008,0.45055,0.41834,0.49116
TGO,TGO.5.4_2,Oti,Savanes,2009,0.43285,0.39939,0.48012
TGO,TGO.5.4_2,Oti,Savanes,2010,0.45161,0.40813,0.50831
TGO,TGO.5.4_2,Oti,Savanes,2011,0.43811,0.37854,0.51996
TGO,TGO.5.4_2,Oti,Savanes,2012,0.41427,0.33713,0.5282
TGO,TGO.5.4_2,Oti,Savanes,2013,0.38996,0.30886,0.5174
TGO,TGO.5.4_2,Oti,Savanes,2014,0.38019,0.31268,0.48586
TGO,TGO.5.4_2,Oti,Savanes,2015,0.43337,0.39233,0.49413
TGO,TGO.5.4_2,Oti,Savanes,2016,0.48724,0.44703,0.52298
TGO,TGO.5.4_2,Oti,Savanes,2017,0.48591,0.44113,0.52689
TGO,TGO.5.4_2,Oti,Savanes,2018,0.44309,0.37708,0.49253
TGO,TGO.5.4_2,Oti,Savanes,2019,0.39533,0.3308,0.44424
TGO,TGO.5.4_2,Oti,Savanes,2020,0.39371,0.32889,0.43612
TGO,TGO.5.4_2,Oti,Savanes,2021,0.40308,0.3399,0.43953
TGO,TGO.5.4_2,Oti,Savanes,2022,0.4072,0.35291,0.44892
TGO,TGO.5.4_2,Oti,Savanes,2023,0.38176,0.32926,0.42361
TGO,TGO.5.4_2,Oti,Savanes,2024,0.3517,0.3069,0.38333
TGO,TGO.5.4_2,Oti,Savanes,2025,0.31977,0.28359,0.34657
TGO,TGO.5.5_2,Oti-Sud,Savanes,2000,0.44419,0.40363,0.477
TGO,TGO.5.5_2,Oti-Sud,Savanes,2001,0.46908,0.43106,0.50084
TGO,TGO.5.5_2,Oti-Sud,Savanes,2002,0.51196,0.47024,0.53186
TGO,TGO.5.5_2,Oti-Sud,Savanes,2003,0.54776,0.50006,0.55959
TGO,TGO.5.5_2,Oti-Sud,Savanes,2004,0.55549,0.50746,0.56612
TGO,TGO.5.5_2,Oti-Sud,Savanes,2005,0.55619,0.50191,0.56576
TGO,TGO.5.5_2,Oti-Sud,Savanes,2006,0.54636,0.48264,0.55929
TGO,TGO.5.5_2,Oti-Sud,Savanes,2007,0.51854,0.45891,0.54437
TGO,TGO.5.5_2,Oti-Sud,Savanes,2008,0.48877,0.44074,0.52712
TGO,TGO.5.5_2,Oti-Sud,Savanes,2009,0.48543,0.42537,0.52656
TGO,TGO.5.5_2,Oti-Sud,Savanes,2010,0.51244,0.43709,0.54864
TGO,TGO.5.5_2,Oti-Sud,Savanes,2011,0.51515,0.41437,0.5525
TGO,TGO.5.5_2,Oti-Sud,Savanes,2012,0.50953,0.38217,0.55025
TGO,TGO.5.5_2,Oti-Sud,Savanes,2013,0.49574,0.35611,0.54693
TGO,TGO.5.5_2,Oti-Sud,Savanes,2014,0.47324,0.35335,0.53028
TGO,TGO.5.5_2,Oti-Sud,Savanes,2015,0.4901,0.41865,0.529
TGO,TGO.5.5_2,Oti-Sud,Savanes,2016,0.50123,0.42958,0.53548
TGO,TGO.5.5_2,Oti-Sud,Savanes,2017,0.48489,0.38375,0.53339
TGO,TGO.5.5_2,Oti-Sud,Savanes,2018,0.43732,0.32553,0.51064
TGO,TGO.5.5_2,Oti-Sud,Savanes,2019,0.38854,0.29246,0.46481
TGO,TGO.5.5_2,Oti-Sud,Savanes,2020,0.38237,0.27674,0.44841
TGO,TGO.5.5_2,Oti-Sud,Savanes,2021,0.38167,0.28274,0.43483
TGO,TGO.5.5_2,Oti-Sud,Savanes,2022,0.38272,0.28538,0.41984
TGO,TGO.5.5_2,Oti-Sud,Savanes,2023,0.36089,0.26623,0.39587
TGO,TGO.5.5_2,Oti-Sud,Savanes,2024,0.33598,0.26039,0.3652
TGO,TGO.5.5_2,Oti-Sud,Savanes,2025,0.31206,0.23422,0.34103
TGO,TGO.5.6_2,Tandjouaré,Savanes,2000,0.4275,0.39845,0.45355
TGO,TGO.5.6_2,Tandjouaré,Savanes,2001,0.44688,0.42042,0.47311
TGO,TGO.5.6_2,Tandjouaré,Savanes,2002,0.49689,0.4647,0.51792
TGO,TGO.5.6_2,Tandjouaré,Savanes,2003,0.55736,0.51665,0.5668
TGO,TGO.5.6_2,Tandjouaré,Savanes,2004,0.56649,0.52984,0.56884
TGO,TGO.5.6_2,Tandjouaré,Savanes,2005,0.56539,0.52772,0.56789
TGO,TGO.5.6_2,Tandjouaré,Savanes,2006,0.54936,0.49676,0.56235
TGO,TGO.5.6_2,Tandjouaré,Savanes,2007,0.47907,0.43051,0.50829
TGO,TGO.5.6_2,Tandjouaré,Savanes,2008,0.41457,0.37519,0.44385
TGO,TGO.5.6_2,Tandjouaré,Savanes,2009,0.40482,0.37462,0.45388
TGO,TGO.5.6_2,Tandjouaré,Savanes,2010,0.43576,0.39722,0.49162
TGO,TGO.5.6_2,Tandjouaré,Savanes,2011,0.42253,0.37193,0.48289
TGO,TGO.5.6_2,Tandjouaré,Savanes,2012,0.3863,0.33115,0.45541
TGO,TGO.5.6_2,Tandjouaré,Savanes,2013,0.3428,0.29074,0.42954
TGO,TGO.5.6_2,Tandjouaré,Savanes,2014,0.31876,0.27449,0.40599
TGO,TGO.5.6_2,Tandjouaré,Savanes,2015,0.352,0.28724,0.42971
TGO,TGO.5.6_2,Tandjouaré,Savanes,2016,0.39854,0.31536,0.47926
TGO,TGO.5.6_2,Tandjouaré,Savanes,2017,0.40021,0.31351,0.48977
TGO,TGO.5.6_2,Tandjouaré,Savanes,2018,0.37497,0.30458,0.45685
TGO,TGO.5.6_2,Tandjouaré,Savanes,2019,0.35328,0.29974,0.41382
TGO,TGO.5.6_2,Tandjouaré,Savanes,2020,0.36811,0.30505,0.41665
TGO,TGO.5.6_2,Tandjouaré,Savanes,2021,0.38449,0.31796,0.43158
TGO,TGO.5.6_2,Tandjouaré,Savanes,2022,0.39443,0.31456,0.44701
TGO,TGO.5.6_2,Tandjouaré,Savanes,2023,0.37446,0.29346,0.4228
TGO,TGO.5.6_2,Tandjouaré,Savanes,2024,0.34953,0.28875,0.38751
TGO,TGO.5.6_2,Tandjouaré,Savanes,2025,0.32343,0.26134,0.34848
TGO,TGO.5.7_2,Tône,Savanes,2000,0.42143,0.36642,0.44785
TGO,TGO.5.7_2,Tône,Savanes,2001,0.44422,0.38791,0.46925
TGO,TGO.5.7_2,Tône,Savanes,2002,0.49851,0.44868,0.52043
TGO,TGO.5.7_2,Tône,Savanes,2003,0.5642,0.53819,0.57273
TGO,TGO.5.7_2,Tône,Savanes,2004,0.56933,0.56851,0.5701
TGO,TGO.5.7_2,Tône,Savanes,2005,0.5684,0.56756,0.56918
TGO,TGO.5.7_2,Tône,Savanes,2006,0.56422,0.55196,0.56833
TGO,TGO.5.7_2,Tône,Savanes,2007,0.52526,0.47785,0.55925
TGO,TGO.5.7_2,Tône,Savanes,2008,0.47284,0.40469,0.53258
TGO,TGO.5.7_2,Tône,Savanes,2009,0.45677,0.38724,0.52299
TGO,TGO.5.7_2,Tône,Savanes,2010,0.47849,0.40954,0.53839
TGO,TGO.5.7_2,Tône,Savanes,2011,0.46189,0.3845,0.53015
TGO,TGO.5.7_2,Tône,Savanes,2012,0.42543,0.33986,0.51012
TGO,TGO.5.7_2,Tône,Savanes,2013,0.37505,0.29487,0.46437
TGO,TGO.5.7_2,Tône,Savanes,2014,0.34478,0.27321,0.42392
TGO,TGO.5.7_2,Tône,Savanes,2015,0.37637,0.30237,0.44565
TGO,TGO.5.7_2,Tône,Savanes,2016,0.41968,0.34501,0.49102
TGO,TGO.5.7_2,Tône,Savanes,2017,0.41792,0.34761,0.48887
TGO,TGO.5.7_2,Tône,Savanes,2018,0.38488,0.31968,0.44103
TGO,TGO.5.7_2,Tône,Savanes,2019,0.35376,0.29293,0.39501
TGO,TGO.5.7_2,Tône,Savanes,2020,0.35927,0.29689,0.39705
TGO,TGO.5.7_2,Tône,Savanes,2021,0.36324,0.29806,0.40829
TGO,TGO.5.7_2,Tône,Savanes,2022,0.36437,0.29812,0.41355
TGO,TGO.5.7_2,Tône,Savanes,2023,0.34553,0.28469,0.3903
TGO,TGO.5.7_2,Tône,Savanes,2024,0.32833,0.27378,0.36915
TGO,TGO.5.7_2,Tône,Savanes,2025,0.31388,0.26702,0.34732
